query_id,top_k,depth,native_seed_count,baseline_seed_count,native_mean_seed_ann_score,baseline_mean_seed_ann_score,seed_ann_score_difference,native_mean_pairwise_neighborhood_overlap,baseline_mean_pairwise_neighborhood_overlap,neighborhood_overlap_difference,native_row_count,baseline_row_count,row_count_difference,row_count_ratio,result_jaccard_overlap,shared_result_count,native_only_count,baseline_only_count,native_unique_label_count,baseline_unique_label_count,native_label_entropy,baseline_label_entropy,native_majority_label_fraction,baseline_majority_label_fraction
paper-93434-topk-1-depth-0,1,0,1,1,1.000000,0.999701,0.000299,,,,1,1,0,1.000000,0.000000,0,1,1,1,1,0.000000,0.000000,1.000000,1.000000
paper-93434-topk-1-depth-1,1,1,1,1,1.000000,0.999701,0.000299,,,,16,31,-15,0.516129,0.000000,0,16,31,1,2,0.000000,0.205593,1.000000,0.967742
paper-93434-topk-1-depth-2,1,2,1,1,1.000000,0.999701,0.000299,,,,699,747,-48,0.935743,0.016163,23,676,724,10,14,0.245136,0.912614,0.972818,0.817938
paper-93434-topk-3-depth-0,3,0,3,3,1.000000,0.984341,0.015659,0.000000,0.009009,-0.009009,3,3,0,1.000000,0.000000,0,3,3,2,1,0.918296,0.000000,0.666667,1.000000
paper-93434-topk-3-depth-1,3,1,3,3,1.000000,0.984341,0.015659,0.000000,0.009009,-0.009009,28,44,-16,0.636364,0.000000,0,28,44,2,3,0.491237,0.312220,0.892857,0.954545
paper-93434-topk-3-depth-2,3,2,3,3,1.000000,0.984341,0.015659,0.000000,0.009009,-0.009009,898,913,-15,0.983571,0.044406,77,821,836,11,16,0.458318,1.001840,0.932071,0.806134
paper-93434-topk-5-depth-0,5,0,5,5,1.000000,0.980506,0.019494,0.000000,0.014845,-0.014845,5,5,0,1.000000,0.111111,1,4,4,2,1,0.721928,0.000000,0.800000,1.000000
paper-93434-topk-5-depth-1,5,1,5,5,1.000000,0.980506,0.019494,0.000000,0.014845,-0.014845,47,139,-92,0.338129,0.113772,19,28,120,3,3,0.846523,0.317719,0.787234,0.949640
paper-93434-topk-5-depth-2,5,2,5,5,1.000000,0.980506,0.019494,0.000000,0.014845,-0.014845,1536,2200,-664,0.698182,0.535553,1303,233,897,13,18,0.637639,0.775795,0.890625,0.865455
paper-93434-topk-10-depth-0,10,0,10,10,1.000000,0.977314,0.022686,0.000000,0.006559,-0.006559,10,10,0,1.000000,0.000000,0,10,10,2,2,0.970951,0.468996,0.600000,0.900000
paper-93434-topk-10-depth-1,10,1,10,10,1.000000,0.977314,0.022686,0.000000,0.006559,-0.006559,95,252,-157,0.376984,0.020588,7,88,245,3,4,0.842531,0.445096,0.768421,0.920635
paper-93434-topk-10-depth-2,10,2,10,10,1.000000,0.977314,0.022686,0.000000,0.006559,-0.006559,3297,4010,-713,0.822195,0.388635,2045,1252,1965,19,20,0.899405,0.862592,0.812557,0.832419
paper-66941-topk-1-depth-0,1,0,1,1,1.000000,0.999531,0.000469,,,,1,1,0,1.000000,0.000000,0,1,1,1,1,0.000000,0.000000,1.000000,1.000000
paper-66941-topk-1-depth-1,1,1,1,1,1.000000,0.999531,0.000469,,,,14,6,8,2.333333,0.000000,0,14,6,4,2,1.788450,1.000000,0.428571,0.500000
paper-66941-topk-1-depth-2,1,2,1,1,1.000000,0.999531,0.000469,,,,2152,1069,1083,2.013096,0.039032,121,2031,948,30,26,2.651382,2.311581,0.358271,0.537886
paper-66941-topk-3-depth-0,3,0,3,3,1.000000,0.986914,0.013086,0.000000,0.000000,0.000000,3,3,0,1.000000,0.000000,0,3,3,2,2,0.918296,0.918296,0.666667,0.666667
paper-66941-topk-3-depth-1,3,1,3,3,1.000000,0.986914,0.013086,0.000000,0.000000,0.000000,54,20,34,2.700000,0.013699,1,53,19,8,4,2.062939,1.319035,0.425926,0.700000
paper-66941-topk-3-depth-2,3,2,3,3,1.000000,0.986914,0.013086,0.000000,0.000000,0.000000,21121,24425,-3304,0.864729,0.504459,15272,5849,9153,37,37,2.611144,2.387052,0.334501,0.473818
paper-66941-topk-5-depth-0,5,0,5,5,1.000000,0.982475,0.017525,0.000000,0.004762,-0.004762,5,5,0,1.000000,0.000000,0,5,5,4,3,1.921928,1.370951,0.400000,0.600000
paper-66941-topk-5-depth-1,5,1,5,5,1.000000,0.982475,0.017525,0.000000,0.004762,-0.004762,97,43,54,2.255814,0.029412,4,93,39,7,5,2.040985,1.865171,0.443299,0.511628
paper-66941-topk-5-depth-2,5,2,5,5,1.000000,0.982475,0.017525,0.000000,0.004762,-0.004762,29423,27657,1766,1.063854,0.625285,21960,7463,5697,37,38,2.462144,2.437113,0.435102,0.470695
paper-66941-topk-10-depth-0,10,0,10,10,1.000000,0.977178,0.022822,0.000000,0.014749,-0.014749,10,10,0,1.000000,0.052632,1,9,9,4,4,1.846439,1.895462,0.400000,0.300000
paper-66941-topk-10-depth-1,10,1,10,10,1.000000,0.977178,0.022822,0.000000,0.014749,-0.014749,187,127,60,1.472441,0.053691,16,171,111,10,10,2.353667,2.474752,0.331551,0.354331
paper-66941-topk-10-depth-2,10,2,10,10,1.000000,0.977178,0.022822,0.000000,0.014749,-0.014749,37174,33383,3791,1.113561,0.742191,30058,7116,3325,38,38,2.558647,2.449500,0.413703,0.474283
paper-109568-topk-1-depth-0,1,0,1,1,1.000000,0.999848,0.000152,,,,1,1,0,1.000000,0.000000,0,1,1,1,1,0.000000,0.000000,1.000000,1.000000
paper-109568-topk-1-depth-1,1,1,1,1,1.000000,0.999848,0.000152,,,,20,13,7,1.538462,0.000000,0,20,13,4,3,1.154016,1.457266,0.750000,0.538462
paper-109568-topk-1-depth-2,1,2,1,1,1.000000,0.999848,0.000152,,,,22983,2487,20496,9.241255,0.046727,1137,21846,1350,36,29,2.344007,2.256476,0.481965,0.469642
paper-109568-topk-3-depth-0,3,0,3,3,1.000000,0.983593,0.016407,0.000000,0.052998,-0.052998,3,3,0,1.000000,0.000000,0,3,3,3,2,1.584963,0.918296,0.333333,0.666667
paper-109568-topk-3-depth-1,3,1,3,3,1.000000,0.983593,0.016407,0.000000,0.052998,-0.052998,101,55,46,1.836364,0.068493,10,91,45,8,6,2.045129,2.000873,0.465347,0.472727
paper-109568-topk-3-depth-2,3,2,3,3,1.000000,0.983593,0.016407,0.000000,0.052998,-0.052998,31220,22417,8803,1.392693,0.545468,18931,12289,3486,39,38,2.402422,2.282689,0.488405,0.494045
paper-109568-topk-5-depth-0,5,0,5,5,1.000000,0.976928,0.023072,0.000000,0.025020,-0.025020,5,5,0,1.000000,0.111111,1,4,4,2,2,0.721928,0.970951,0.800000,0.600000
paper-109568-topk-5-depth-1,5,1,5,5,1.000000,0.976928,0.023072,0.000000,0.025020,-0.025020,208,161,47,1.291925,0.125000,41,167,120,9,9,1.421498,2.006840,0.687500,0.391304
paper-109568-topk-5-depth-2,5,2,5,5,1.000000,0.976928,0.023072,0.000000,0.025020,-0.025020,31640,30397,1243,1.040892,0.886541,29153,2487,1244,39,39,2.462295,2.453611,0.433249,0.442971
paper-109568-topk-10-depth-0,10,0,10,10,1.000000,0.970987,0.029013,0.000000,0.027745,-0.027745,10,10,0,1.000000,0.052632,1,9,9,4,3,1.570951,1.360964,0.600000,0.500000
paper-109568-topk-10-depth-1,10,1,10,10,1.000000,0.970987,0.029013,0.000000,0.027745,-0.027745,249,280,-31,0.889286,0.113684,54,195,226,13,11,1.702767,1.854772,0.650602,0.489286
paper-109568-topk-10-depth-2,10,2,10,10,1.000000,0.970987,0.029013,0.000000,0.027745,-0.027745,33045,36089,-3044,0.915653,0.802759,30785,2260,5304,39,39,2.536142,2.440281,0.420608,0.456760
paper-167843-topk-1-depth-0,1,0,1,1,1.000000,0.960055,0.039945,,,,1,1,0,1.000000,0.000000,0,1,1,1,1,0.000000,0.000000,1.000000,1.000000
paper-167843-topk-1-depth-1,1,1,1,1,1.000000,0.960055,0.039945,,,,2,4,-2,0.500000,0.000000,0,2,4,1,2,0.000000,1.000000,1.000000,0.500000
paper-167843-topk-1-depth-2,1,2,1,1,1.000000,0.960055,0.039945,,,,6,10,-4,0.600000,0.000000,0,6,10,2,3,0.918296,1.295462,0.666667,0.600000
paper-167843-topk-3-depth-0,3,0,3,3,1.000000,0.960466,0.039534,0.000000,0.151515,-0.151515,3,3,0,1.000000,0.000000,0,3,3,2,2,0.918296,0.918296,0.666667,0.666667
paper-167843-topk-3-depth-1,3,1,3,3,1.000000,0.960466,0.039534,0.000000,0.151515,-0.151515,8,17,-9,0.470588,0.000000,0,8,17,2,3,1.000000,1.548565,0.500000,0.411765
paper-167843-topk-3-depth-2,3,2,3,3,1.000000,0.960466,0.039534,0.000000,0.151515,-0.151515,23,129,-106,0.178295,0.027027,4,19,125,3,9,1.301574,2.275776,0.565217,0.302326
paper-167843-topk-5-depth-0,5,0,5,5,1.000000,0.958564,0.041436,0.000000,0.045455,-0.045455,5,5,0,1.000000,0.000000,0,5,5,3,3,1.521928,1.370951,0.400000,0.600000
paper-167843-topk-5-depth-1,5,1,5,5,1.000000,0.958564,0.041436,0.000000,0.045455,-0.045455,45,68,-23,0.661765,0.000000,0,45,68,4,4,1.555205,1.310886,0.444444,0.705882
paper-167843-topk-5-depth-2,5,2,5,5,1.000000,0.958564,0.041436,0.000000,0.045455,-0.045455,220,475,-255,0.463158,0.013120,9,211,466,10,12,1.784068,1.649253,0.431818,0.684211
paper-167843-topk-10-depth-0,10,0,10,10,1.000000,0.954679,0.045321,0.000000,0.010101,-0.010101,10,10,0,1.000000,0.111111,2,8,8,4,4,1.721928,1.570951,0.400000,0.600000
paper-167843-topk-10-depth-1,10,1,10,10,1.000000,0.954679,0.045321,0.000000,0.010101,-0.010101,69,90,-21,0.766667,0.025806,4,65,86,7,7,2.134410,1.827973,0.420290,0.533333
paper-167843-topk-10-depth-2,10,2,10,10,1.000000,0.954679,0.045321,0.000000,0.010101,-0.010101,441,683,-242,0.645681,0.100881,103,338,580,17,16,2.610035,2.292011,0.374150,0.475842
paper-138092-topk-1-depth-0,1,0,1,1,1.000000,0.962533,0.037467,,,,1,1,0,1.000000,0.000000,0,1,1,1,1,0.000000,0.000000,1.000000,1.000000
paper-138092-topk-1-depth-1,1,1,1,1,1.000000,0.962533,0.037467,,,,7,5,2,1.400000,0.000000,0,7,5,2,2,0.985228,0.721928,0.571429,0.800000
paper-138092-topk-1-depth-2,1,2,1,1,1.000000,0.962533,0.037467,,,,39,662,-623,0.058912,0.000000,0,39,662,4,14,1.205506,1.085412,0.641026,0.823263
paper-138092-topk-3-depth-0,3,0,3,3,1.000000,0.963486,0.036514,0.000000,0.000000,0.000000,3,3,0,1.000000,0.200000,1,2,2,2,2,0.918296,0.918296,0.666667,0.666667
paper-138092-topk-3-depth-1,3,1,3,3,1.000000,0.963486,0.036514,0.000000,0.000000,0.000000,25,44,-19,0.568182,0.189655,11,14,33,6,4,1.985046,0.814899,0.520000,0.840909
paper-138092-topk-3-depth-2,3,2,3,3,1.000000,0.963486,0.036514,0.000000,0.000000,0.000000,3380,26080,-22700,0.129601,0.106978,2847,533,23233,31,36,2.120956,2.270064,0.586391,0.527492
paper-138092-topk-5-depth-0,5,0,5,5,1.000000,0.962993,0.037007,0.000000,0.005000,-0.005000,5,5,0,1.000000,0.111111,1,4,4,2,2,0.721928,0.721928,0.800000,0.800000
paper-138092-topk-5-depth-1,5,1,5,5,1.000000,0.962993,0.037007,0.000000,0.005000,-0.005000,63,64,-1,0.984375,0.104348,12,51,52,6,4,1.338757,0.775948,0.746032,0.859375
paper-138092-topk-5-depth-2,5,2,5,5,1.000000,0.962993,0.037007,0.000000,0.005000,-0.005000,17164,29693,-12529,0.578049,0.504044,15703,1461,13990,35,36,1.923555,2.241620,0.633244,0.542350
paper-138092-topk-10-depth-0,10,0,10,10,1.000000,0.961443,0.038557,0.000000,0.003647,-0.003647,10,10,0,1.000000,0.052632,1,9,9,3,2,1.156780,0.721928,0.700000,0.800000
paper-138092-topk-10-depth-1,10,1,10,10,1.000000,0.961443,0.038557,0.000000,0.003647,-0.003647,92,163,-71,0.564417,0.085106,20,72,143,8,8,1.382628,1.135658,0.760870,0.797546
paper-138092-topk-10-depth-2,10,2,10,10,1.000000,0.961443,0.038557,0.000000,0.003647,-0.003647,30657,32807,-2150,0.934465,0.853234,29219,1438,3588,36,37,2.271394,2.281602,0.534071,0.534947
paper-23583-topk-1-depth-0,1,0,1,1,1.000000,0.952902,0.047098,,,,1,1,0,1.000000,0.000000,0,1,1,1,1,0.000000,0.000000,1.000000,1.000000
paper-23583-topk-1-depth-1,1,1,1,1,1.000000,0.952902,0.047098,,,,26,3,23,8.666667,0.000000,0,26,3,3,2,1.186720,0.918296,0.538462,0.666667
paper-23583-topk-1-depth-2,1,2,1,1,1.000000,0.952902,0.047098,,,,112,970,-858,0.115464,0.000000,0,112,970,11,21,2.204966,2.674926,0.375000,0.452577
paper-23583-topk-3-depth-0,3,0,3,3,1.000000,0.967424,0.032576,0.000000,0.000000,0.000000,3,3,0,1.000000,0.200000,1,2,2,3,2,1.584963,0.918296,0.333333,0.666667
paper-23583-topk-3-depth-1,3,1,3,3,1.000000,0.967424,0.032576,0.000000,0.000000,0.000000,18,32,-14,0.562500,0.063830,3,15,29,8,7,2.705229,2.020103,0.277778,0.437500
paper-23583-topk-3-depth-2,3,2,3,3,1.000000,0.967424,0.032576,0.000000,0.000000,0.000000,127,1116,-989,0.113799,0.028974,35,92,1081,22,25,3.766621,3.021975,0.173228,0.401434
paper-23583-topk-5-depth-0,5,0,5,5,1.000000,0.962388,0.037612,0.000000,0.000000,0.000000,5,5,0,1.000000,0.111111,1,4,4,4,2,1.921928,0.970951,0.400000,0.600000
paper-23583-topk-5-depth-1,5,1,5,5,1.000000,0.962388,0.037612,0.000000,0.000000,0.000000,42,73,-31,0.575342,0.026786,3,39,70,15,8,3.656749,1.511800,0.142857,0.684932
paper-23583-topk-5-depth-2,5,2,5,5,1.000000,0.962388,0.037612,0.000000,0.000000,0.000000,326,1538,-1212,0.211964,0.019694,36,290,1502,28,25,4.173459,2.964638,0.098160,0.291287
paper-23583-topk-10-depth-0,10,0,10,10,1.000000,0.956258,0.043742,0.000000,0.012771,-0.012771,10,10,0,1.000000,0.052632,1,9,9,6,3,2.321928,1.485475,0.400000,0.500000
paper-23583-topk-10-depth-1,10,1,10,10,1.000000,0.956258,0.043742,0.000000,0.012771,-0.012771,111,113,-2,0.982301,0.022831,5,106,108,20,10,3.676506,2.110307,0.171171,0.566372
paper-23583-topk-10-depth-2,10,2,10,10,1.000000,0.956258,0.043742,0.000000,0.012771,-0.012771,1294,1762,-468,0.734393,0.081005,229,1065,1533,32,29,3.776566,3.056044,0.251932,0.290011
paper-62108-topk-1-depth-0,1,0,1,1,1.000000,0.999018,0.000982,,,,1,1,0,1.000000,0.000000,0,1,1,1,1,0.000000,0.000000,1.000000,1.000000
paper-62108-topk-1-depth-1,1,1,1,1,1.000000,0.999018,0.000982,,,,3,43,-40,0.069767,0.000000,0,3,43,2,1,0.918296,0.000000,0.666667,1.000000
paper-62108-topk-1-depth-2,1,2,1,1,1.000000,0.999018,0.000982,,,,6,14801,-14795,0.000405,0.000000,0,6,14801,2,33,1.000000,1.740128,0.500000,0.672252
paper-62108-topk-3-depth-0,3,0,3,3,1.000000,0.978540,0.021460,0.000000,0.013072,-0.013072,3,3,0,1.000000,0.000000,0,3,3,3,2,1.584963,0.918296,0.333333,0.666667
paper-62108-topk-3-depth-1,3,1,3,3,1.000000,0.978540,0.021460,0.000000,0.013072,-0.013072,42,73,-31,0.575342,0.008772,1,41,72,9,4,2.135250,1.002997,0.547619,0.726027
paper-62108-topk-3-depth-2,3,2,3,3,1.000000,0.978540,0.021460,0.000000,0.013072,-0.013072,20350,26947,-6597,0.755186,0.569608,17164,3186,9783,38,36,2.532049,2.364765,0.428157,0.471221
paper-62108-topk-5-depth-0,5,0,5,5,1.000000,0.974320,0.025680,0.000000,0.003922,-0.003922,5,5,0,1.000000,0.000000,0,5,5,5,3,2.321928,1.370951,0.200000,0.600000
paper-62108-topk-5-depth-1,5,1,5,5,1.000000,0.974320,0.025680,0.000000,0.003922,-0.003922,53,88,-35,0.602273,0.007143,1,52,87,12,5,2.642093,1.213667,0.452830,0.715909
paper-62108-topk-5-depth-2,5,2,5,5,1.000000,0.974320,0.025680,0.000000,0.003922,-0.003922,21115,28609,-7494,0.738054,0.542834,17495,3620,11114,38,36,2.663248,2.348563,0.413734,0.484882
paper-62108-topk-10-depth-0,10,0,10,10,1.000000,0.971211,0.028789,0.000000,0.007608,-0.007608,10,10,0,1.000000,0.000000,0,10,10,7,4,2.646439,1.570951,0.300000,0.600000
paper-62108-topk-10-depth-1,10,1,10,10,1.000000,0.971211,0.028789,0.000000,0.007608,-0.007608,77,143,-66,0.538462,0.009174,2,75,141,13,7,2.935227,1.684429,0.285714,0.657343
paper-62108-topk-10-depth-2,10,2,10,10,1.000000,0.971211,0.028789,0.000000,0.007608,-0.007608,30607,31778,-1171,0.963151,0.683306,25324,5283,6454,40,36,2.531019,2.359715,0.488712,0.497955
paper-156019-topk-1-depth-0,1,0,1,1,1.000000,0.999894,0.000106,,,,1,1,0,1.000000,0.000000,0,1,1,1,1,0.000000,0.000000,1.000000,1.000000
paper-156019-topk-1-depth-1,1,1,1,1,1.000000,0.999894,0.000106,,,,10,15,-5,0.666667,0.041667,1,9,14,1,4,0.000000,1.038921,1.000000,0.800000
paper-156019-topk-1-depth-2,1,2,1,1,1.000000,0.999894,0.000106,,,,131,2707,-2576,0.048393,0.026773,74,57,2633,6,24,1.280143,1.886852,0.770992,0.652383
paper-156019-topk-3-depth-0,3,0,3,3,1.000000,0.969705,0.030295,0.000000,0.000000,0.000000,3,3,0,1.000000,0.000000,0,3,3,2,2,0.918296,0.918296,0.666667,0.666667
paper-156019-topk-3-depth-1,3,1,3,3,1.000000,0.969705,0.030295,0.000000,0.000000,0.000000,46,24,22,1.916667,0.111111,7,39,17,8,4,2.075349,1.272055,0.565217,0.666667
paper-156019-topk-3-depth-2,3,2,3,3,1.000000,0.969705,0.030295,0.000000,0.000000,0.000000,8442,5145,3297,1.640816,0.551913,4832,3610,313,34,28,2.406672,2.239378,0.513385,0.572983
paper-156019-topk-5-depth-0,5,0,5,5,1.000000,0.963011,0.036989,0.000000,0.005000,-0.005000,5,5,0,1.000000,0.000000,0,5,5,3,3,1.370951,1.370951,0.600000,0.600000
paper-156019-topk-5-depth-1,5,1,5,5,1.000000,0.963011,0.036989,0.000000,0.005000,-0.005000,81,33,48,2.454545,0.096154,10,71,23,8,5,2.068489,1.457359,0.444444,0.666667
paper-156019-topk-5-depth-2,5,2,5,5,1.000000,0.963011,0.036989,0.000000,0.005000,-0.005000,19283,5279,14004,3.652775,0.261790,5096,14187,183,36,29,2.414649,2.233429,0.454649,0.574541
paper-156019-topk-10-depth-0,10,0,10,10,1.000000,0.958164,0.041836,0.000000,0.003868,-0.003868,10,10,0,1.000000,0.000000,0,10,10,6,5,2.370951,1.770951,0.300000,0.600000
paper-156019-topk-10-depth-1,10,1,10,10,1.000000,0.958164,0.041836,0.000000,0.003868,-0.003868,113,71,42,1.591549,0.101796,17,96,54,9,7,2.411457,1.996819,0.407080,0.591549
paper-156019-topk-10-depth-2,10,2,10,10,1.000000,0.958164,0.041836,0.000000,0.003868,-0.003868,19912,18465,1447,1.078364,0.276383,8310,11602,10155,38,38,2.436832,2.685709,0.463088,0.296940
paper-52341-topk-1-depth-0,1,0,1,1,1.000000,0.998601,0.001399,,,,1,1,0,1.000000,0.000000,0,1,1,1,1,0.000000,0.000000,1.000000,1.000000
paper-52341-topk-1-depth-1,1,1,1,1,1.000000,0.998601,0.001399,,,,2,5,-3,0.400000,0.000000,0,2,5,1,2,0.000000,0.970951,1.000000,0.600000
paper-52341-topk-1-depth-2,1,2,1,1,1.000000,0.998601,0.001399,,,,6,27,-21,0.222222,0.000000,0,6,27,2,4,0.650022,1.292411,0.833333,0.629630
paper-52341-topk-3-depth-0,3,0,3,3,1.000000,0.974466,0.025534,0.000000,0.000000,0.000000,3,3,0,1.000000,0.200000,1,2,2,2,3,0.918296,1.584963,0.666667,0.333333
paper-52341-topk-3-depth-1,3,1,3,3,1.000000,0.974466,0.025534,0.000000,0.000000,0.000000,9,11,-2,0.818182,0.333333,5,4,6,4,5,1.657743,2.118078,0.555556,0.363636
paper-52341-topk-3-depth-2,3,2,3,3,1.000000,0.974466,0.025534,0.000000,0.000000,0.000000,39,124,-85,0.314516,0.198529,27,12,97,9,19,2.051877,3.333504,0.564103,0.193548
paper-52341-topk-5-depth-0,5,0,5,5,1.000000,0.970466,0.029534,0.000000,0.000000,0.000000,5,5,0,1.000000,0.000000,0,5,5,4,5,1.921928,2.321928,0.400000,0.200000
paper-52341-topk-5-depth-1,5,1,5,5,1.000000,0.970466,0.029534,0.000000,0.000000,0.000000,19,33,-14,0.575758,0.000000,0,19,33,7,9,2.352348,2.453189,0.368421,0.484848
paper-52341-topk-5-depth-2,5,2,5,5,1.000000,0.970466,0.029534,0.000000,0.000000,0.000000,89,7664,-7575,0.011613,0.000129,1,88,7663,12,37,2.516731,1.684136,0.449438,0.725992
paper-52341-topk-10-depth-0,10,0,10,10,1.000000,0.965741,0.034259,0.000000,0.000000,0.000000,10,10,0,1.000000,0.000000,0,10,10,6,7,2.160964,2.721928,0.500000,0.200000
paper-52341-topk-10-depth-1,10,1,10,10,1.000000,0.965741,0.034259,0.000000,0.000000,0.000000,61,84,-23,0.726190,0.000000,0,61,84,13,13,3.201192,3.057302,0.229508,0.226190
paper-52341-topk-10-depth-2,10,2,10,10,1.000000,0.965741,0.034259,0.000000,0.000000,0.000000,1515,8537,-7022,0.177463,0.008629,86,1429,8451,35,37,3.253332,2.081762,0.354455,0.653157
paper-136171-topk-1-depth-0,1,0,1,1,1.000000,0.999087,0.000913,,,,1,1,0,1.000000,0.000000,0,1,1,1,1,0.000000,0.000000,1.000000,1.000000
paper-136171-topk-1-depth-1,1,1,1,1,1.000000,0.999087,0.000913,,,,16,13,3,1.230769,0.000000,0,16,13,4,5,1.186278,2.199688,0.750000,0.307692
paper-136171-topk-1-depth-2,1,2,1,1,1.000000,0.999087,0.000913,,,,8099,3115,4984,2.600000,0.074035,773,7326,2342,33,35,2.327093,2.830012,0.521669,0.286677
paper-136171-topk-3-depth-0,3,0,3,3,1.000000,0.979422,0.020578,0.000000,0.000000,0.000000,3,3,0,1.000000,0.000000,0,3,3,2,3,0.918296,1.584963,0.666667,0.333333
paper-136171-topk-3-depth-1,3,1,3,3,1.000000,0.979422,0.020578,0.000000,0.000000,0.000000,27,17,10,1.588235,0.000000,0,27,17,6,6,2.074503,2.418961,0.481481,0.294118
paper-136171-topk-3-depth-2,3,2,3,3,1.000000,0.979422,0.020578,0.000000,0.000000,0.000000,10289,3138,7151,3.278840,0.074848,935,9354,2203,38,35,2.569675,2.847038,0.421518,0.287126
paper-136171-topk-5-depth-0,5,0,5,5,1.000000,0.974180,0.025820,0.000000,0.004762,-0.004762,5,5,0,1.000000,0.000000,0,5,5,2,5,0.721928,2.321928,0.800000,0.200000
paper-136171-topk-5-depth-1,5,1,5,5,1.000000,0.974180,0.025820,0.000000,0.004762,-0.004762,55,40,15,1.375000,0.000000,0,55,40,8,12,2.277820,3.000413,0.400000,0.325000
paper-136171-topk-5-depth-2,5,2,5,5,1.000000,0.974180,0.025820,0.000000,0.004762,-0.004762,11669,17442,-5773,0.669017,0.126805,3276,8393,14166,38,36,2.634413,2.037372,0.377839,0.624298
paper-136171-topk-10-depth-0,10,0,10,10,1.000000,0.969065,0.030935,0.000000,0.001058,-0.001058,10,10,0,1.000000,0.176471,3,7,7,5,7,1.770951,2.721928,0.600000,0.200000
paper-136171-topk-10-depth-1,10,1,10,10,1.000000,0.969065,0.030935,0.000000,0.001058,-0.001058,106,116,-10,0.913793,0.138462,27,79,89,13,17,2.543483,3.240101,0.367925,0.224138
paper-136171-topk-10-depth-2,10,2,10,10,1.000000,0.969065,0.030935,0.000000,0.001058,-0.001058,23185,32309,-9124,0.717602,0.572959,20214,2971,12095,37,39,2.695612,2.541428,0.332154,0.433780
paper-107857-topk-1-depth-0,1,0,1,1,1.000000,0.960392,0.039608,,,,1,1,0,1.000000,0.000000,0,1,1,1,1,0.000000,0.000000,1.000000,1.000000
paper-107857-topk-1-depth-1,1,1,1,1,1.000000,0.960392,0.039608,,,,3,27,-24,0.111111,0.000000,0,3,27,1,2,0.000000,0.228538,1.000000,0.962963
paper-107857-topk-1-depth-2,1,2,1,1,1.000000,0.960392,0.039608,,,,219,451,-232,0.485588,0.000000,0,219,451,2,17,0.927159,1.575925,0.657534,0.707317
paper-107857-topk-3-depth-0,3,0,3,3,1.000000,0.959947,0.040053,0.000000,0.000000,0.000000,3,3,0,1.000000,0.200000,1,2,2,2,2,0.918296,0.918296,0.666667,0.666667
paper-107857-topk-3-depth-1,3,1,3,3,1.000000,0.959947,0.040053,0.000000,0.000000,0.000000,32,54,-22,0.592593,0.457627,27,5,27,3,3,0.818091,1.253726,0.812500,0.481481
paper-107857-topk-3-depth-2,3,2,3,3,1.000000,0.959947,0.040053,0.000000,0.000000,0.000000,688,9005,-8317,0.076402,0.049935,461,227,8544,18,34,2.126037,2.017661,0.463663,0.580122
paper-107857-topk-5-depth-0,5,0,5,5,1.000000,0.959729,0.040271,0.000000,0.000000,0.000000,5,5,0,1.000000,0.250000,2,3,3,2,3,0.970951,1.370951,0.600000,0.600000
paper-107857-topk-5-depth-1,5,1,5,5,1.000000,0.959729,0.040271,0.000000,0.000000,0.000000,42,60,-18,0.700000,0.416667,30,12,30,3,4,0.684533,1.433107,0.857143,0.466667
paper-107857-topk-5-depth-2,5,2,5,5,1.000000,0.959729,0.040271,0.000000,0.000000,0.000000,803,9249,-8446,0.086820,0.071528,671,132,8578,19,34,2.008160,2.037804,0.531756,0.579846
paper-107857-topk-10-depth-0,10,0,10,10,1.000000,0.965712,0.034288,0.000000,0.011111,-0.011111,10,10,0,1.000000,0.176471,3,7,7,5,6,2.170951,2.321928,0.300000,0.400000
paper-107857-topk-10-depth-1,10,1,10,10,1.000000,0.965712,0.034288,0.000000,0.011111,-0.011111,56,82,-26,0.682927,0.301887,32,24,50,8,9,1.704341,2.207211,0.642857,0.402439
paper-107857-topk-10-depth-2,10,2,10,10,1.000000,0.965712,0.034288,0.000000,0.011111,-0.011111,1926,9439,-7513,0.204047,0.079297,835,1091,8604,37,34,2.842338,2.061971,0.320353,0.575485
paper-130806-topk-1-depth-0,1,0,1,1,1.000000,0.999390,0.000610,,,,1,1,0,1.000000,0.000000,0,1,1,1,1,0.000000,0.000000,1.000000,1.000000
paper-130806-topk-1-depth-1,1,1,1,1,1.000000,0.999390,0.000610,,,,5,8,-3,0.625000,0.000000,0,5,8,1,1,0.000000,0.000000,1.000000,1.000000
paper-130806-topk-1-depth-2,1,2,1,1,1.000000,0.999390,0.000610,,,,7,56,-49,0.125000,0.000000,0,7,56,2,8,0.591673,1.905864,0.857143,0.607143
paper-130806-topk-3-depth-0,3,0,3,3,1.000000,0.983114,0.016886,0.000000,0.200000,-0.200000,3,3,0,1.000000,0.000000,0,3,3,3,2,1.584963,0.918296,0.333333,0.666667
paper-130806-topk-3-depth-1,3,1,3,3,1.000000,0.983114,0.016886,0.000000,0.200000,-0.200000,26,26,0,1.000000,0.000000,0,26,26,7,8,2.668558,2.541249,0.192308,0.346154
paper-130806-topk-3-depth-2,3,2,3,3,1.000000,0.983114,0.016886,0.000000,0.200000,-0.200000,332,669,-337,0.496263,0.000000,0,332,669,16,21,2.932041,3.013455,0.352410,0.409567
paper-130806-topk-5-depth-0,5,0,5,5,1.000000,0.978837,0.021163,0.000000,0.077647,-0.077647,5,5,0,1.000000,0.000000,0,5,5,4,4,1.921928,1.921928,0.400000,0.400000
paper-130806-topk-5-depth-1,5,1,5,5,1.000000,0.978837,0.021163,0.000000,0.077647,-0.077647,30,31,-1,0.967742,0.000000,0,30,31,9,10,2.895601,2.836495,0.200000,0.290323
paper-130806-topk-5-depth-2,5,2,5,5,1.000000,0.978837,0.021163,0.000000,0.077647,-0.077647,370,707,-337,0.523338,0.001860,2,368,705,17,23,3.173001,3.067175,0.316216,0.407355
paper-130806-topk-10-depth-0,10,0,10,10,1.000000,0.975370,0.024630,0.000000,0.023555,-0.023555,10,10,0,1.000000,0.111111,2,8,8,8,6,2.921928,2.370951,0.200000,0.300000
paper-130806-topk-10-depth-1,10,1,10,10,1.000000,0.975370,0.024630,0.000000,0.023555,-0.023555,80,146,-66,0.547945,0.107843,22,58,124,19,15,3.777455,2.998304,0.175000,0.390411
paper-130806-topk-10-depth-2,10,2,10,10,1.000000,0.975370,0.024630,0.000000,0.023555,-0.023555,1451,3054,-1603,0.475115,0.210696,784,667,2270,28,33,3.871656,3.279569,0.230875,0.356254
paper-68953-topk-1-depth-0,1,0,1,1,1.000000,0.999903,0.000097,,,,1,1,0,1.000000,0.000000,0,1,1,1,1,0.000000,0.000000,1.000000,1.000000
paper-68953-topk-1-depth-1,1,1,1,1,1.000000,0.999903,0.000097,,,,5,2,3,2.500000,0.000000,0,5,2,1,1,0.000000,0.000000,1.000000,1.000000
paper-68953-topk-1-depth-2,1,2,1,1,1.000000,0.999903,0.000097,,,,293,6,287,48.833333,0.000000,0,293,6,6,1,0.275139,0.000000,0.965870,1.000000
paper-68953-topk-3-depth-0,3,0,3,3,1.000000,0.976998,0.023002,0.000000,0.000000,0.000000,3,3,0,1.000000,0.000000,0,3,3,1,1,0.000000,0.000000,1.000000,1.000000
paper-68953-topk-3-depth-1,3,1,3,3,1.000000,0.976998,0.023002,0.000000,0.000000,0.000000,30,16,14,1.875000,0.000000,0,30,16,2,1,0.210842,0.000000,0.966667,1.000000
paper-68953-topk-3-depth-2,3,2,3,3,1.000000,0.976998,0.023002,0.000000,0.000000,0.000000,742,228,514,3.254386,0.036325,34,708,194,12,2,0.610100,0.072537,0.894879,0.991228
paper-68953-topk-5-depth-0,5,0,5,5,1.000000,0.971533,0.028467,0.000000,0.000000,0.000000,5,5,0,1.000000,0.111111,1,4,4,1,1,0.000000,0.000000,1.000000,1.000000
paper-68953-topk-5-depth-1,5,1,5,5,1.000000,0.971533,0.028467,0.000000,0.000000,0.000000,55,40,15,1.375000,0.144578,12,43,28,3,2,0.355489,0.168661,0.945455,0.975000
paper-68953-topk-5-depth-2,5,2,5,5,1.000000,0.971533,0.028467,0.000000,0.000000,0.000000,2226,1358,868,1.639175,0.235010,682,1544,676,15,7,0.770970,0.388984,0.858940,0.936672
paper-68953-topk-10-depth-0,10,0,10,10,1.000000,0.966803,0.033197,0.000000,0.000000,0.000000,10,10,0,1.000000,0.176471,3,7,7,2,1,0.468996,0.000000,0.900000,1.000000
paper-68953-topk-10-depth-1,10,1,10,10,1.000000,0.966803,0.033197,0.000000,0.000000,0.000000,82,93,-11,0.881720,0.258993,36,46,57,3,4,0.320768,0.256720,0.951220,0.967742
paper-68953-topk-10-depth-2,10,2,10,10,1.000000,0.966803,0.033197,0.000000,0.000000,0.000000,2657,2146,511,1.238117,0.367986,1292,1365,854,15,13,0.697239,0.490416,0.876929,0.927307
paper-38214-topk-1-depth-0,1,0,1,1,1.000000,0.999892,0.000108,,,,1,1,0,1.000000,0.000000,0,1,1,1,1,0.000000,0.000000,1.000000,1.000000
paper-38214-topk-1-depth-1,1,1,1,1,1.000000,0.999892,0.000108,,,,6,47,-41,0.127660,0.000000,0,6,47,4,3,1.792481,0.565709,0.500000,0.893617
paper-38214-topk-1-depth-2,1,2,1,1,1.000000,0.999892,0.000108,,,,409,22640,-22231,0.018065,0.007166,164,245,22476,21,35,3.004334,1.845778,0.300733,0.657995
paper-38214-topk-3-depth-0,3,0,3,3,1.000000,0.971106,0.028894,0.000000,0.000000,0.000000,3,3,0,1.000000,0.200000,1,2,2,3,3,1.584963,1.584963,0.333333,0.333333
paper-38214-topk-3-depth-1,3,1,3,3,1.000000,0.971106,0.028894,0.000000,0.000000,0.000000,57,76,-19,0.750000,0.564706,48,9,28,6,4,1.191994,1.368628,0.736842,0.592105
paper-38214-topk-3-depth-2,3,2,3,3,1.000000,0.971106,0.028894,0.000000,0.000000,0.000000,31056,34507,-3451,0.899991,0.859996,30314,742,4193,37,37,2.274569,2.356922,0.530944,0.487814
paper-38214-topk-5-depth-0,5,0,5,5,1.000000,0.966251,0.033749,0.000000,0.010409,-0.010409,5,5,0,1.000000,0.250000,2,3,3,4,4,1.921928,1.921928,0.400000,0.400000
paper-38214-topk-5-depth-1,5,1,5,5,1.000000,0.966251,0.033749,0.000000,0.010409,-0.010409,73,100,-27,0.730000,0.453782,54,19,46,7,8,1.595183,1.875660,0.630137,0.510000
paper-38214-topk-5-depth-2,5,2,5,5,1.000000,0.966251,0.033749,0.000000,0.010409,-0.010409,31124,35033,-3909,0.888419,0.854176,30477,647,4556,37,37,2.279927,2.374564,0.530202,0.482716
paper-38214-topk-10-depth-0,10,0,10,10,1.000000,0.960572,0.039428,0.000000,0.006004,-0.006004,10,10,0,1.000000,0.176471,3,7,7,4,7,1.760964,2.521928,0.500000,0.400000
paper-38214-topk-10-depth-1,10,1,10,10,1.000000,0.960572,0.039428,0.000000,0.006004,-0.006004,81,126,-45,0.642857,0.095238,18,63,108,11,9,2.414945,2.081911,0.370370,0.492063
paper-38214-topk-10-depth-2,10,2,10,10,1.000000,0.960572,0.039428,0.000000,0.006004,-0.006004,33555,35910,-2355,0.934419,0.782708,30499,3056,5411,37,37,2.454444,2.384367,0.475369,0.481537
paper-42286-topk-1-depth-0,1,0,1,1,1.000000,0.991894,0.008106,,,,1,1,0,1.000000,0.000000,0,1,1,1,1,0.000000,0.000000,1.000000,1.000000
paper-42286-topk-1-depth-1,1,1,1,1,1.000000,0.991894,0.008106,,,,2,2,0,1.000000,0.000000,0,2,2,2,2,1.000000,1.000000,0.500000,0.500000
paper-42286-topk-1-depth-2,1,2,1,1,1.000000,0.991894,0.008106,,,,3,8,-5,0.375000,0.000000,0,3,8,2,3,0.918296,1.405639,0.666667,0.500000
paper-42286-topk-3-depth-0,3,0,3,3,1.000000,0.979340,0.020660,0.000000,0.000000,0.000000,3,3,0,1.000000,0.500000,2,1,1,2,2,0.918296,0.918296,0.666667,0.666667
paper-42286-topk-3-depth-1,3,1,3,3,1.000000,0.979340,0.020660,0.000000,0.000000,0.000000,23,9,14,2.555556,0.142857,4,19,5,5,3,1.931142,1.224394,0.434783,0.666667
paper-42286-topk-3-depth-2,3,2,3,3,1.000000,0.979340,0.020660,0.000000,0.000000,0.000000,102,26,76,3.923077,0.094017,11,91,15,12,7,2.771304,2.049955,0.343137,0.538462
paper-42286-topk-5-depth-0,5,0,5,5,1.000000,0.974437,0.025563,0.000000,0.000000,0.000000,5,5,0,1.000000,0.428571,3,2,2,4,3,1.921928,1.521928,0.400000,0.400000
paper-42286-topk-5-depth-1,5,1,5,5,1.000000,0.974437,0.025563,0.000000,0.000000,0.000000,33,30,3,1.100000,0.575000,23,10,7,7,5,2.476847,1.797653,0.303030,0.466667
paper-42286-topk-5-depth-2,5,2,5,5,1.000000,0.974437,0.025563,0.000000,0.000000,0.000000,213,121,92,1.760331,0.445887,103,110,18,16,12,3.195973,2.656609,0.192488,0.338843
paper-42286-topk-10-depth-0,10,0,10,10,1.000000,0.973359,0.026641,0.000000,0.022222,-0.022222,10,10,0,1.000000,0.250000,4,6,6,5,6,2.170951,2.321928,0.300000,0.400000
paper-42286-topk-10-depth-1,10,1,10,10,1.000000,0.973359,0.026641,0.000000,0.022222,-0.022222,52,48,4,1.083333,0.369863,27,25,21,7,9,2.305659,2.634485,0.384615,0.312500
paper-42286-topk-10-depth-2,10,2,10,10,1.000000,0.973359,0.026641,0.000000,0.022222,-0.022222,256,362,-106,0.707182,0.379464,170,86,192,17,22,3.109841,3.424765,0.269531,0.209945
paper-43210-topk-1-depth-0,1,0,1,1,1.000000,0.949984,0.050016,,,,1,1,0,1.000000,0.000000,0,1,1,1,1,0.000000,0.000000,1.000000,1.000000
paper-43210-topk-1-depth-1,1,1,1,1,1.000000,0.949984,0.050016,,,,8,2,6,4.000000,0.000000,0,8,2,2,2,0.543564,1.000000,0.875000,0.500000
paper-43210-topk-1-depth-2,1,2,1,1,1.000000,0.949984,0.050016,,,,146,47,99,3.106383,0.000000,0,146,47,11,3,2.048530,0.401078,0.561644,0.936170
paper-43210-topk-3-depth-0,3,0,3,3,1.000000,0.951380,0.048620,0.000000,0.000000,0.000000,3,3,0,1.000000,0.000000,0,3,3,2,3,0.918296,1.584963,0.666667,0.333333
paper-43210-topk-3-depth-1,3,1,3,3,1.000000,0.951380,0.048620,0.000000,0.000000,0.000000,7,16,-9,0.437500,0.000000,0,7,16,4,9,1.664498,2.952820,0.571429,0.250000
paper-43210-topk-3-depth-2,3,2,3,3,1.000000,0.951380,0.048620,0.000000,0.000000,0.000000,56,4461,-4405,0.012553,0.000000,0,56,4461,5,28,1.097984,1.216197,0.785714,0.823806
paper-43210-topk-5-depth-0,5,0,5,5,1.000000,0.950803,0.049197,0.000000,0.000000,0.000000,5,5,0,1.000000,0.111111,1,4,4,4,5,1.921928,2.321928,0.400000,0.200000
paper-43210-topk-5-depth-1,5,1,5,5,1.000000,0.950803,0.049197,0.000000,0.000000,0.000000,23,20,3,1.150000,0.194444,7,16,13,11,10,3.027633,3.008695,0.304348,0.300000
paper-43210-topk-5-depth-2,5,2,5,5,1.000000,0.950803,0.049197,0.000000,0.000000,0.000000,4595,4523,72,1.015919,0.964240,4476,119,47,29,28,1.368129,1.305026,0.800435,0.812514
paper-43210-topk-10-depth-0,10,0,10,10,1.000000,0.957243,0.042757,0.000000,0.001661,-0.001661,10,10,0,1.000000,0.111111,2,8,8,8,6,2.921928,2.321928,0.200000,0.400000
paper-43210-topk-10-depth-1,10,1,10,10,1.000000,0.957243,0.042757,0.000000,0.001661,-0.001661,74,74,0,1.000000,0.129771,17,57,57,15,13,2.985384,2.445895,0.391892,0.432432
paper-43210-topk-10-depth-2,10,2,10,10,1.000000,0.957243,0.042757,0.000000,0.001661,-0.001661,26412,22819,3593,1.157457,0.436605,14962,11450,7857,37,37,2.424566,2.131503,0.488187,0.562075
paper-83873-topk-1-depth-0,1,0,1,1,1.000000,0.998729,0.001271,,,,1,1,0,1.000000,0.000000,0,1,1,1,1,0.000000,0.000000,1.000000,1.000000
paper-83873-topk-1-depth-1,1,1,1,1,1.000000,0.998729,0.001271,,,,2,2,0,1.000000,0.000000,0,2,2,1,1,0.000000,0.000000,1.000000,1.000000
paper-83873-topk-1-depth-2,1,2,1,1,1.000000,0.998729,0.001271,,,,16,4,12,4.000000,0.000000,0,16,4,4,3,1.324460,1.500000,0.687500,0.500000
paper-83873-topk-3-depth-0,3,0,3,3,1.000000,0.975356,0.024644,0.000000,0.000000,0.000000,3,3,0,1.000000,0.000000,0,3,3,2,2,0.918296,0.918296,0.666667,0.666667
paper-83873-topk-3-depth-1,3,1,3,3,1.000000,0.975356,0.024644,0.000000,0.000000,0.000000,8,15,-7,0.533333,0.000000,0,8,15,4,4,1.750000,1.562807,0.500000,0.466667
paper-83873-topk-3-depth-2,3,2,3,3,1.000000,0.975356,0.024644,0.000000,0.000000,0.000000,421,282,139,1.492908,0.018841,13,408,269,21,15,2.492586,2.512782,0.401425,0.464539
paper-83873-topk-5-depth-0,5,0,5,5,1.000000,0.969133,0.030867,0.000000,0.000000,0.000000,5,5,0,1.000000,0.000000,0,5,5,3,3,1.370951,1.370951,0.600000,0.600000
paper-83873-topk-5-depth-1,5,1,5,5,1.000000,0.969133,0.030867,0.000000,0.000000,0.000000,49,23,26,2.130435,0.043478,3,46,20,7,7,2.262039,2.014639,0.346939,0.478261
paper-83873-topk-5-depth-2,5,2,5,5,1.000000,0.969133,0.030867,0.000000,0.000000,0.000000,954,497,457,1.919517,0.049928,69,885,428,21,23,2.091727,2.993270,0.536688,0.354125
paper-83873-topk-10-depth-0,10,0,10,10,1.000000,0.962540,0.037460,0.000000,0.000823,-0.000823,10,10,0,1.000000,0.052632,1,9,9,5,5,2.170951,1.770951,0.300000,0.600000
paper-83873-topk-10-depth-1,10,1,10,10,1.000000,0.962540,0.037460,0.000000,0.000823,-0.000823,65,64,1,1.015625,0.048780,6,59,58,10,10,2.622502,2.417576,0.292308,0.343750
paper-83873-topk-10-depth-2,10,2,10,10,1.000000,0.962540,0.037460,0.000000,0.000823,-0.000823,1027,30355,-29328,0.033833,0.003485,109,918,30246,23,37,2.305498,2.308542,0.501461,0.530259
paper-13672-topk-1-depth-0,1,0,1,1,1.000000,0.957323,0.042677,,,,1,1,0,1.000000,0.000000,0,1,1,1,1,0.000000,0.000000,1.000000,1.000000
paper-13672-topk-1-depth-1,1,1,1,1,1.000000,0.957323,0.042677,,,,5,6,-1,0.833333,0.000000,0,5,6,1,1,0.000000,0.000000,1.000000,1.000000
paper-13672-topk-1-depth-2,1,2,1,1,1.000000,0.957323,0.042677,,,,46,18,28,2.555556,0.000000,0,46,18,5,2,0.895615,0.309543,0.847826,0.944444
paper-13672-topk-3-depth-0,3,0,3,3,1.000000,0.971910,0.028090,0.000000,0.000000,0.000000,3,3,0,1.000000,0.200000,1,2,2,1,1,0.000000,0.000000,1.000000,1.000000
paper-13672-topk-3-depth-1,3,1,3,3,1.000000,0.971910,0.028090,0.000000,0.000000,0.000000,12,13,-1,0.923077,0.250000,5,7,8,2,1,0.413817,0.000000,0.916667,1.000000
paper-13672-topk-3-depth-2,3,2,3,3,1.000000,0.971910,0.028090,0.000000,0.000000,0.000000,692,92,600,7.521739,0.062331,46,646,46,13,7,1.032807,0.761886,0.760116,0.891304
paper-13672-topk-5-depth-0,5,0,5,5,1.000000,0.966039,0.033961,0.000000,0.000000,0.000000,5,5,0,1.000000,0.250000,2,3,3,1,1,0.000000,0.000000,1.000000,1.000000
paper-13672-topk-5-depth-1,5,1,5,5,1.000000,0.966039,0.033961,0.000000,0.000000,0.000000,24,27,-3,0.888889,0.275000,11,13,16,2,1,0.249882,0.000000,0.958333,1.000000
paper-13672-topk-5-depth-2,5,2,5,5,1.000000,0.966039,0.033961,0.000000,0.000000,0.000000,937,165,772,5.678788,0.080392,82,855,83,23,10,1.854433,0.929518,0.658485,0.860606
paper-13672-topk-10-depth-0,10,0,10,10,1.000000,0.961685,0.038315,0.000000,0.000000,0.000000,10,10,0,1.000000,0.176471,3,7,7,3,1,0.921928,0.000000,0.800000,1.000000
paper-13672-topk-10-depth-1,10,1,10,10,1.000000,0.961685,0.038315,0.000000,0.000000,0.000000,41,56,-15,0.732143,0.168675,14,27,42,5,3,0.862923,0.257999,0.853659,0.964286
paper-13672-topk-10-depth-2,10,2,10,10,1.000000,0.961685,0.038315,0.000000,0.000000,0.000000,1155,1438,-283,0.803199,0.138279,315,840,1123,25,22,1.755751,1.398737,0.695238,0.758693
paper-23305-topk-1-depth-0,1,0,1,1,1.000000,0.999567,0.000433,,,,1,1,0,1.000000,1.000000,1,0,0,1,1,0.000000,0.000000,1.000000,1.000000
paper-23305-topk-1-depth-1,1,1,1,1,1.000000,0.999567,0.000433,,,,4,4,0,1.000000,1.000000,4,0,0,3,3,1.500000,1.500000,0.500000,0.500000
paper-23305-topk-1-depth-2,1,2,1,1,1.000000,0.999567,0.000433,,,,397,397,0,1.000000,1.000000,397,0,0,11,11,2.064420,2.064420,0.347607,0.347607
paper-23305-topk-3-depth-0,3,0,3,3,1.000000,0.984448,0.015552,0.000000,0.000000,0.000000,3,3,0,1.000000,0.200000,1,2,2,3,2,1.584963,0.918296,0.333333,0.666667
paper-23305-topk-3-depth-1,3,1,3,3,1.000000,0.984448,0.015552,0.000000,0.000000,0.000000,27,16,11,1.687500,0.102564,4,23,12,9,8,2.842826,2.608459,0.259259,0.375000
paper-23305-topk-3-depth-2,3,2,3,3,1.000000,0.984448,0.015552,0.000000,0.000000,0.000000,632,7775,-7143,0.081286,0.049694,398,234,7377,28,32,3.075971,1.484379,0.226266,0.772090
paper-23305-topk-5-depth-0,5,0,5,5,1.000000,0.977810,0.022190,0.000000,0.000000,0.000000,5,5,0,1.000000,0.111111,1,4,4,5,4,2.321928,1.921928,0.200000,0.400000
paper-23305-topk-5-depth-1,5,1,5,5,1.000000,0.977810,0.022190,0.000000,0.000000,0.000000,32,23,9,1.391304,0.078431,4,28,19,10,10,2.986800,3.000973,0.218750,0.260870
paper-23305-topk-5-depth-2,5,2,5,5,1.000000,0.977810,0.022190,0.000000,0.000000,0.000000,782,7818,-7036,0.100026,0.050061,410,372,7408,31,35,3.292083,1.517332,0.216113,0.767971
paper-23305-topk-10-depth-0,10,0,10,10,1.000000,0.971718,0.028282,0.000000,0.000000,0.000000,10,10,0,1.000000,0.052632,1,9,9,7,8,2.646439,2.921928,0.300000,0.200000
paper-23305-topk-10-depth-1,10,1,10,10,1.000000,0.971718,0.028282,0.000000,0.000000,0.000000,76,64,12,1.187500,0.029412,4,72,60,14,15,3.296034,3.293176,0.250000,0.281250
paper-23305-topk-10-depth-2,10,2,10,10,1.000000,0.971718,0.028282,0.000000,0.000000,0.000000,1173,8061,-6888,0.145515,0.050392,443,730,7618,31,38,3.486918,1.648267,0.248934,0.745689
paper-12790-topk-1-depth-0,1,0,1,1,1.000000,0.999781,0.000219,,,,1,1,0,1.000000,1.000000,1,0,0,1,1,0.000000,0.000000,1.000000,1.000000
paper-12790-topk-1-depth-1,1,1,1,1,1.000000,0.999781,0.000219,,,,3,3,0,1.000000,1.000000,3,0,0,1,1,0.000000,0.000000,1.000000,1.000000
paper-12790-topk-1-depth-2,1,2,1,1,1.000000,0.999781,0.000219,,,,10,10,0,1.000000,1.000000,10,0,0,1,1,0.000000,0.000000,1.000000,1.000000
paper-12790-topk-3-depth-0,3,0,3,3,1.000000,0.983058,0.016942,0.000000,0.083333,-0.083333,3,3,0,1.000000,0.200000,1,2,2,1,1,0.000000,0.000000,1.000000,1.000000
paper-12790-topk-3-depth-1,3,1,3,3,1.000000,0.983058,0.016942,0.000000,0.083333,-0.083333,14,11,3,1.272727,0.136364,3,11,8,1,1,0.000000,0.000000,1.000000,1.000000
paper-12790-topk-3-depth-2,3,2,3,3,1.000000,0.983058,0.016942,0.000000,0.083333,-0.083333,165,268,-103,0.615672,0.026066,11,154,257,7,5,0.401138,0.416651,0.951515,0.932836
paper-12790-topk-5-depth-0,5,0,5,5,1.000000,0.979419,0.020581,0.000000,0.053571,-0.053571,5,5,0,1.000000,0.111111,1,4,4,1,1,0.000000,0.000000,1.000000,1.000000
paper-12790-topk-5-depth-1,5,1,5,5,1.000000,0.979419,0.020581,0.000000,0.053571,-0.053571,25,20,5,1.250000,0.071429,3,22,17,2,1,0.242292,0.000000,0.960000,1.000000
paper-12790-topk-5-depth-2,5,2,5,5,1.000000,0.979419,0.020581,0.000000,0.053571,-0.053571,826,310,516,2.664516,0.012478,14,812,296,18,5,1.309408,0.425644,0.773608,0.929032
paper-12790-topk-10-depth-0,10,0,10,10,1.000000,0.976020,0.023980,0.000000,0.013294,-0.013294,10,10,0,1.000000,0.111111,2,8,8,1,2,0.000000,0.468996,1.000000,0.900000
paper-12790-topk-10-depth-1,10,1,10,10,1.000000,0.976020,0.023980,0.000000,0.013294,-0.013294,52,49,3,1.061224,0.122222,11,41,38,3,3,0.273655,0.286839,0.961538,0.959184
paper-12790-topk-10-depth-2,10,2,10,10,1.000000,0.976020,0.023980,0.000000,0.013294,-0.013294,1174,1624,-450,0.722906,0.152864,371,803,1253,19,15,1.090782,0.722463,0.825383,0.868842
paper-169312-topk-1-depth-0,1,0,1,1,1.000000,0.999296,0.000704,,,,1,1,0,1.000000,0.000000,0,1,1,1,1,0.000000,0.000000,1.000000,1.000000
paper-169312-topk-1-depth-1,1,1,1,1,1.000000,0.999296,0.000704,,,,22,30,-8,0.733333,0.106383,5,17,25,3,3,0.530406,0.851933,0.909091,0.800000
paper-169312-topk-1-depth-2,1,2,1,1,1.000000,0.999296,0.000704,,,,9548,28947,-19399,0.329844,0.326728,9480,68,19467,32,36,1.588513,2.248339,0.728948,0.529519
paper-169312-topk-3-depth-0,3,0,3,3,1.000000,0.978582,0.021418,0.000000,0.035599,-0.035599,3,3,0,1.000000,0.000000,0,3,3,1,1,0.000000,0.000000,1.000000,1.000000
paper-169312-topk-3-depth-1,3,1,3,3,1.000000,0.978582,0.021418,0.000000,0.035599,-0.035599,32,60,-28,0.533333,0.069767,6,26,54,5,3,1.055893,0.796904,0.812500,0.833333
paper-169312-topk-3-depth-2,3,2,3,3,1.000000,0.978582,0.021418,0.000000,0.035599,-0.035599,11035,31114,-20079,0.354663,0.328364,10419,616,20695,33,36,1.696907,2.258544,0.701314,0.532140
paper-169312-topk-5-depth-0,5,0,5,5,1.000000,0.974445,0.025555,0.000000,0.045871,-0.045871,5,5,0,1.000000,0.111111,1,4,4,1,1,0.000000,0.000000,1.000000,1.000000
paper-169312-topk-5-depth-1,5,1,5,5,1.000000,0.974445,0.025555,0.000000,0.045871,-0.045871,53,79,-26,0.670886,0.233645,25,28,54,3,3,0.583103,0.659546,0.886792,0.873418
paper-169312-topk-5-depth-2,5,2,5,5,1.000000,0.974445,0.025555,0.000000,0.045871,-0.045871,23331,31447,-8116,0.741915,0.706480,22678,653,8769,36,36,2.321620,2.262287,0.518709,0.530098
paper-169312-topk-10-depth-0,10,0,10,10,1.000000,0.969172,0.030828,0.000000,0.021918,-0.021918,10,10,0,1.000000,0.176471,3,7,7,3,3,0.921928,0.921928,0.800000,0.800000
paper-169312-topk-10-depth-1,10,1,10,10,1.000000,0.969172,0.030828,0.000000,0.021918,-0.021918,84,156,-72,0.538462,0.297297,55,29,101,4,7,0.992803,0.906152,0.785714,0.846154
paper-169312-topk-10-depth-2,10,2,10,10,1.000000,0.969172,0.030828,0.000000,0.021918,-0.021918,29736,32797,-3061,0.906668,0.713327,26035,3701,6762,38,38,2.466981,2.267076,0.463008,0.531268
paper-99217-topk-1-depth-0,1,0,1,1,1.000000,0.957294,0.042706,,,,1,1,0,1.000000,0.000000,0,1,1,1,1,0.000000,0.000000,1.000000,1.000000
paper-99217-topk-1-depth-1,1,1,1,1,1.000000,0.957294,0.042706,,,,7,9,-2,0.777778,0.000000,0,7,9,3,1,1.148835,0.000000,0.714286,1.000000
paper-99217-topk-1-depth-2,1,2,1,1,1.000000,0.957294,0.042706,,,,34,2755,-2721,0.012341,0.000000,0,34,2755,6,24,2.159555,0.918453,0.352941,0.873321
paper-99217-topk-3-depth-0,3,0,3,3,1.000000,0.958552,0.041448,0.000000,0.020833,-0.020833,3,3,0,1.000000,0.000000,0,3,3,3,3,1.584963,1.584963,0.333333,0.333333
paper-99217-topk-3-depth-1,3,1,3,3,1.000000,0.958552,0.041448,0.000000,0.020833,-0.020833,15,43,-28,0.348837,0.000000,0,15,43,7,3,2.498930,1.431202,0.333333,0.558140
paper-99217-topk-3-depth-2,3,2,3,3,1.000000,0.958552,0.041448,0.000000,0.020833,-0.020833,205,6939,-6734,0.029543,0.003935,28,177,6911,24,33,3.514311,2.432491,0.273171,0.406110
paper-99217-topk-5-depth-0,5,0,5,5,1.000000,0.967273,0.032727,0.000000,0.009524,-0.009524,5,5,0,1.000000,0.000000,0,5,5,5,3,2.321928,1.521928,0.200000,0.400000
paper-99217-topk-5-depth-1,5,1,5,5,1.000000,0.967273,0.032727,0.000000,0.009524,-0.009524,31,44,-13,0.704545,0.013514,1,30,43,8,5,2.602782,1.817926,0.290323,0.340909
paper-99217-topk-5-depth-2,5,2,5,5,1.000000,0.967273,0.032727,0.000000,0.009524,-0.009524,4178,4213,-35,0.991692,0.189032,1334,2844,2879,34,33,2.064167,2.720734,0.600527,0.440541
paper-99217-topk-10-depth-0,10,0,10,10,1.000000,0.962336,0.037664,0.000000,0.007061,-0.007061,10,10,0,1.000000,0.052632,1,9,9,8,6,2.921928,2.446439,0.200000,0.300000
paper-99217-topk-10-depth-1,10,1,10,10,1.000000,0.962336,0.037664,0.000000,0.007061,-0.007061,59,86,-27,0.686047,0.066176,9,50,77,13,13,3.090914,2.597673,0.288136,0.348837
paper-99217-topk-10-depth-2,10,2,10,10,1.000000,0.962336,0.037664,0.000000,0.007061,-0.007061,17994,7634,10360,2.357087,0.185219,4005,13989,3629,36,35,2.442653,2.562563,0.463655,0.394551
paper-51178-topk-1-depth-0,1,0,1,1,1.000000,0.999891,0.000109,,,,1,1,0,1.000000,0.000000,0,1,1,1,1,0.000000,0.000000,1.000000,1.000000
paper-51178-topk-1-depth-1,1,1,1,1,1.000000,0.999891,0.000109,,,,2,9,-7,0.222222,0.000000,0,2,9,2,3,1.000000,1.224394,0.500000,0.666667
paper-51178-topk-1-depth-2,1,2,1,1,1.000000,0.999891,0.000109,,,,41,444,-403,0.092342,0.010417,5,36,439,9,20,1.848700,2.410149,0.634146,0.563063
paper-51178-topk-3-depth-0,3,0,3,3,1.000000,0.981355,0.018645,0.000000,0.000000,0.000000,3,3,0,1.000000,0.000000,0,3,3,3,2,1.584963,0.918296,0.333333,0.666667
paper-51178-topk-3-depth-1,3,1,3,3,1.000000,0.981355,0.018645,0.000000,0.000000,0.000000,31,24,7,1.291667,0.057692,3,28,21,5,5,1.890716,1.522055,0.322581,0.666667
paper-51178-topk-3-depth-2,3,2,3,3,1.000000,0.981355,0.018645,0.000000,0.000000,0.000000,614,860,-246,0.713953,0.249153,294,320,566,24,24,2.311206,2.158447,0.513029,0.650000
paper-51178-topk-5-depth-0,5,0,5,5,1.000000,0.978423,0.021577,0.000000,0.000000,0.000000,5,5,0,1.000000,0.000000,0,5,5,4,3,1.921928,1.521928,0.400000,0.400000
paper-51178-topk-5-depth-1,5,1,5,5,1.000000,0.978423,0.021577,0.000000,0.000000,0.000000,46,34,12,1.352941,0.095890,7,39,27,8,7,2.297108,2.106252,0.391304,0.500000
paper-51178-topk-5-depth-2,5,2,5,5,1.000000,0.978423,0.021577,0.000000,0.000000,0.000000,1066,985,81,1.082234,0.185549,321,745,664,32,24,2.948514,2.430495,0.470919,0.576650
paper-51178-topk-10-depth-0,10,0,10,10,1.000000,0.974520,0.025480,0.000000,0.007556,-0.007556,10,10,0,1.000000,0.052632,1,9,9,7,4,2.521928,1.721928,0.400000,0.400000
paper-51178-topk-10-depth-1,10,1,10,10,1.000000,0.974520,0.025480,0.000000,0.007556,-0.007556,95,72,23,1.319444,0.063694,10,85,62,12,10,2.506830,2.572888,0.484211,0.291667
paper-51178-topk-10-depth-2,10,2,10,10,1.000000,0.974520,0.025480,0.000000,0.007556,-0.007556,26258,1467,24791,17.899114,0.022912,621,25637,846,39,28,2.602433,2.781368,0.426384,0.436946
paper-111819-topk-1-depth-0,1,0,1,1,1.000000,0.944124,0.055876,,,,1,1,0,1.000000,0.000000,0,1,1,1,1,0.000000,0.000000,1.000000,1.000000
paper-111819-topk-1-depth-1,1,1,1,1,1.000000,0.944124,0.055876,,,,20,3,17,6.666667,0.000000,0,20,3,2,2,0.609840,0.918296,0.850000,0.666667
paper-111819-topk-1-depth-2,1,2,1,1,1.000000,0.944124,0.055876,,,,1688,4118,-2430,0.409908,0.005368,31,1657,4087,23,30,2.218856,2.094857,0.524882,0.571880
paper-111819-topk-3-depth-0,3,0,3,3,1.000000,0.947925,0.052075,0.000000,0.000000,0.000000,3,3,0,1.000000,0.000000,0,3,3,2,2,0.918296,0.918296,0.666667,0.666667
paper-111819-topk-3-depth-1,3,1,3,3,1.000000,0.947925,0.052075,0.000000,0.000000,0.000000,876,36,840,24.333333,0.000000,0,876,36,20,7,2.111156,2.302511,0.402968,0.305556
paper-111819-topk-3-depth-2,3,2,3,3,1.000000,0.947925,0.052075,0.000000,0.000000,0.000000,21118,14282,6836,1.478644,0.164206,4993,16125,9289,38,36,2.409562,2.608936,0.502889,0.339868
paper-111819-topk-5-depth-0,5,0,5,5,1.000000,0.947805,0.052195,0.000000,0.002941,-0.002941,5,5,0,1.000000,0.000000,0,5,5,2,3,0.721928,1.370951,0.800000,0.600000
paper-111819-topk-5-depth-1,5,1,5,5,1.000000,0.947805,0.052195,0.000000,0.002941,-0.002941,884,55,829,16.072727,0.002134,2,882,53,20,10,2.109792,2.431639,0.406109,0.418182
paper-111819-topk-5-depth-2,5,2,5,5,1.000000,0.947805,0.052195,0.000000,0.002941,-0.002941,21193,15550,5643,1.362894,0.186138,5766,15427,9784,38,36,2.413223,2.668214,0.501628,0.320707
paper-111819-topk-10-depth-0,10,0,10,10,1.000000,0.947237,0.052763,0.000026,0.001485,-0.001459,10,10,0,1.000000,0.052632,1,9,9,3,4,1.295462,1.760964,0.600000,0.500000
paper-111819-topk-10-depth-1,10,1,10,10,1.000000,0.947237,0.052763,0.000026,0.001485,-0.001459,938,131,807,7.160305,0.005644,6,932,125,21,12,2.125489,2.540127,0.404051,0.297710
paper-111819-topk-10-depth-2,10,2,10,10,1.000000,0.947237,0.052763,0.000026,0.001485,-0.001459,24366,36364,-11998,0.670058,0.429345,18242,6124,18122,38,38,2.383102,2.568470,0.513502,0.413843
paper-123676-topk-1-depth-0,1,0,1,1,1.000000,0.999338,0.000662,,,,1,1,0,1.000000,0.000000,0,1,1,1,1,0.000000,0.000000,1.000000,1.000000
paper-123676-topk-1-depth-1,1,1,1,1,1.000000,0.999338,0.000662,,,,14,22,-8,0.636364,0.000000,0,14,22,5,6,1.626689,2.062656,0.642857,0.454545
paper-123676-topk-1-depth-2,1,2,1,1,1.000000,0.999338,0.000662,,,,290,1548,-1258,0.187339,0.000544,1,289,1547,20,28,3.393642,2.689251,0.224138,0.529070
paper-123676-topk-3-depth-0,3,0,3,3,1.000000,0.975122,0.024878,0.000000,0.048929,-0.048929,3,3,0,1.000000,0.000000,0,3,3,3,2,1.584963,0.918296,0.333333,0.666667
paper-123676-topk-3-depth-1,3,1,3,3,1.000000,0.975122,0.024878,0.000000,0.048929,-0.048929,38,77,-39,0.493506,0.000000,0,38,77,9,10,2.471685,2.213773,0.394737,0.532468
paper-123676-topk-3-depth-2,3,2,3,3,1.000000,0.975122,0.024878,0.000000,0.048929,-0.048929,1094,2082,-988,0.525456,0.013725,43,1051,2039,26,30,2.925574,2.925491,0.440585,0.463497
paper-123676-topk-5-depth-0,5,0,5,5,1.000000,0.970262,0.029738,0.000000,0.027763,-0.027763,5,5,0,1.000000,0.000000,0,5,5,4,3,1.921928,1.370951,0.400000,0.600000
paper-123676-topk-5-depth-1,5,1,5,5,1.000000,0.970262,0.029738,0.000000,0.027763,-0.027763,125,160,-35,0.781250,0.153846,38,87,122,13,11,2.449843,1.786905,0.504000,0.668750
paper-123676-topk-5-depth-2,5,2,5,5,1.000000,0.970262,0.029738,0.000000,0.027763,-0.027763,2416,16161,-13745,0.149496,0.062636,1095,1321,15066,31,39,3.100751,2.766888,0.375000,0.317616
paper-123676-topk-10-depth-0,10,0,10,10,1.000000,0.965022,0.034978,0.000000,0.007180,-0.007180,10,10,0,1.000000,0.111111,2,8,8,6,6,2.160964,2.321928,0.500000,0.400000
paper-123676-topk-10-depth-1,10,1,10,10,1.000000,0.965022,0.034978,0.000000,0.007180,-0.007180,124,249,-125,0.497992,0.074928,26,98,223,15,16,2.991675,2.560663,0.362903,0.526104
paper-123676-topk-10-depth-2,10,2,10,10,1.000000,0.965022,0.034978,0.000000,0.007180,-0.007180,30733,18268,12465,1.682341,0.503929,16419,14314,1849,40,39,2.610858,2.864265,0.408258,0.315032
paper-155556-topk-1-depth-0,1,0,1,1,1.000000,0.967964,0.032036,,,,1,1,0,1.000000,1.000000,1,0,0,1,1,0.000000,0.000000,1.000000,1.000000
paper-155556-topk-1-depth-1,1,1,1,1,1.000000,0.967964,0.032036,,,,2,2,0,1.000000,1.000000,2,0,0,1,1,0.000000,0.000000,1.000000,1.000000
paper-155556-topk-1-depth-2,1,2,1,1,1.000000,0.967964,0.032036,,,,12,12,0,1.000000,1.000000,12,0,0,7,7,2.688722,2.688722,0.250000,0.250000
paper-155556-topk-3-depth-0,3,0,3,3,1.000000,0.978059,0.021941,0.000000,0.000000,0.000000,3,3,0,1.000000,0.200000,1,2,2,2,3,0.918296,1.584963,0.666667,0.333333
paper-155556-topk-3-depth-1,3,1,3,3,1.000000,0.978059,0.021941,0.000000,0.000000,0.000000,17,186,-169,0.091398,0.009950,2,15,184,7,17,2.374556,2.602362,0.352941,0.494624
paper-155556-topk-3-depth-2,3,2,3,3,1.000000,0.978059,0.021941,0.000000,0.000000,0.000000,17199,5916,11283,2.907201,0.087509,1860,15339,4056,37,37,1.831902,2.845594,0.660155,0.317613
paper-155556-topk-5-depth-0,5,0,5,5,1.000000,0.973225,0.026775,0.000000,0.000581,-0.000581,5,5,0,1.000000,0.111111,1,4,4,4,4,1.921928,1.921928,0.400000,0.400000
paper-155556-topk-5-depth-1,5,1,5,5,1.000000,0.973225,0.026775,0.000000,0.000581,-0.000581,33,200,-167,0.165000,0.008658,2,31,198,9,17,2.350073,2.723634,0.424242,0.460000
paper-155556-topk-5-depth-2,5,2,5,5,1.000000,0.973225,0.026775,0.000000,0.000581,-0.000581,4216,5943,-1727,0.709406,0.043340,422,3794,5521,34,37,2.809759,2.859928,0.439753,0.316170
paper-155556-topk-10-depth-0,10,0,10,10,1.000000,0.969168,0.030832,0.000000,0.000129,-0.000129,10,10,0,1.000000,0.052632,1,9,9,8,7,2.846439,2.646439,0.300000,0.300000
paper-155556-topk-10-depth-1,10,1,10,10,1.000000,0.969168,0.030832,0.000000,0.000129,-0.000129,64,276,-212,0.231884,0.008902,3,61,273,13,18,3.014978,2.964702,0.250000,0.351449
paper-155556-topk-10-depth-2,10,2,10,10,1.000000,0.969168,0.030832,0.000000,0.000129,-0.000129,23059,20804,2255,1.108393,0.311418,10416,12643,10388,37,38,2.336538,2.804034,0.533501,0.302778
paper-75618-topk-1-depth-0,1,0,1,1,1.000000,0.999876,0.000124,,,,1,1,0,1.000000,0.000000,0,1,1,1,1,0.000000,0.000000,1.000000,1.000000
paper-75618-topk-1-depth-1,1,1,1,1,1.000000,0.999876,0.000124,,,,2,8,-6,0.250000,0.000000,0,2,8,1,4,0.000000,1.811278,1.000000,0.375000
paper-75618-topk-1-depth-2,1,2,1,1,1.000000,0.999876,0.000124,,,,15,787,-772,0.019060,0.000000,0,15,787,3,27,1.052982,2.757800,0.733333,0.310038
paper-75618-topk-3-depth-0,3,0,3,3,1.000000,0.984490,0.015510,0.000000,0.000000,0.000000,3,3,0,1.000000,0.200000,1,2,2,3,3,1.584963,1.584963,0.333333,0.333333
paper-75618-topk-3-depth-1,3,1,3,3,1.000000,0.984490,0.015510,0.000000,0.000000,0.000000,13,19,-6,0.684211,0.280000,7,6,12,6,6,2.199688,2.404793,0.461538,0.315789
paper-75618-topk-3-depth-2,3,2,3,3,1.000000,0.984490,0.015510,0.000000,0.000000,0.000000,10127,1039,9088,9.746872,0.022434,245,9882,794,36,29,1.793947,3.027250,0.691320,0.334937
paper-75618-topk-5-depth-0,5,0,5,5,1.000000,0.980672,0.019328,0.000000,0.000000,0.000000,5,5,0,1.000000,0.250000,2,3,3,4,4,1.921928,1.921928,0.400000,0.400000
paper-75618-topk-5-depth-1,5,1,5,5,1.000000,0.980672,0.019328,0.000000,0.000000,0.000000,31,32,-1,0.968750,0.211538,11,20,21,10,8,2.661509,2.498192,0.354839,0.437500
paper-75618-topk-5-depth-2,5,2,5,5,1.000000,0.980672,0.019328,0.000000,0.000000,0.000000,10526,11161,-635,0.943105,0.875227,10122,404,1039,37,36,1.991308,1.979804,0.665115,0.659350
paper-75618-topk-10-depth-0,10,0,10,10,1.000000,0.977200,0.022800,0.000000,0.005247,-0.005247,10,10,0,1.000000,0.176471,3,7,7,8,5,2.846439,2.121928,0.300000,0.400000
paper-75618-topk-10-depth-1,10,1,10,10,1.000000,0.977200,0.022800,0.000000,0.005247,-0.005247,126,141,-15,0.893617,0.608434,101,25,40,19,15,2.848239,2.761192,0.325397,0.290780
paper-75618-topk-10-depth-2,10,2,10,10,1.000000,0.977200,0.022800,0.000000,0.005247,-0.005247,25987,26770,-783,0.970751,0.934901,25491,496,1279,38,38,2.544466,2.581616,0.416093,0.414979
paper-78149-topk-1-depth-0,1,0,1,1,1.000000,0.999714,0.000286,,,,1,1,0,1.000000,0.000000,0,1,1,1,1,0.000000,0.000000,1.000000,1.000000
paper-78149-topk-1-depth-1,1,1,1,1,1.000000,0.999714,0.000286,,,,10,13,-3,0.769231,0.095238,2,8,11,4,3,1.570951,0.991264,0.600000,0.769231
paper-78149-topk-1-depth-2,1,2,1,1,1.000000,0.999714,0.000286,,,,1729,262,1467,6.599237,0.055114,104,1625,158,24,16,2.595194,2.430381,0.432620,0.431298
paper-78149-topk-3-depth-0,3,0,3,3,1.000000,0.978426,0.021574,0.000000,0.035088,-0.035088,3,3,0,1.000000,0.000000,0,3,3,3,2,1.584963,0.918296,0.333333,0.666667
paper-78149-topk-3-depth-1,3,1,3,3,1.000000,0.978426,0.021574,0.000000,0.035088,-0.035088,38,26,12,1.461538,0.015873,1,37,25,8,5,2.620762,1.838040,0.315789,0.538462
paper-78149-topk-3-depth-2,3,2,3,3,1.000000,0.978426,0.021574,0.000000,0.035088,-0.035088,719,1915,-1196,0.375457,0.017774,46,673,1869,23,26,3.259449,2.720825,0.375522,0.412533
paper-78149-topk-5-depth-0,5,0,5,5,1.000000,0.973645,0.026355,0.000000,0.029971,-0.029971,5,5,0,1.000000,0.111111,1,4,4,4,2,1.921928,0.970951,0.400000,0.600000
paper-78149-topk-5-depth-1,5,1,5,5,1.000000,0.973645,0.026355,0.000000,0.029971,-0.029971,83,43,40,1.930233,0.155963,17,66,26,8,7,2.173263,2.304488,0.481928,0.441860
paper-78149-topk-5-depth-2,5,2,5,5,1.000000,0.973645,0.026355,0.000000,0.029971,-0.029971,2400,2519,-119,0.952759,0.159595,677,1723,1842,31,27,2.498296,2.926610,0.596667,0.418817
paper-78149-topk-10-depth-0,10,0,10,10,1.000000,0.968105,0.031895,0.000000,0.013003,-0.013003,10,10,0,1.000000,0.176471,3,7,7,5,4,2.170951,1.760964,0.300000,0.500000
paper-78149-topk-10-depth-1,10,1,10,10,1.000000,0.968105,0.031895,0.000000,0.013003,-0.013003,134,67,67,2.000000,0.122905,22,112,45,10,8,2.461171,2.251044,0.380597,0.462687
paper-78149-topk-10-depth-2,10,2,10,10,1.000000,0.968105,0.031895,0.000000,0.013003,-0.013003,2800,2790,10,1.003584,0.151390,735,2065,2055,32,29,2.785032,2.970297,0.530000,0.391039
paper-111707-topk-1-depth-0,1,0,1,1,1.000000,0.905597,0.094403,,,,1,1,0,1.000000,0.000000,0,1,1,1,1,0.000000,0.000000,1.000000,1.000000
paper-111707-topk-1-depth-1,1,1,1,1,1.000000,0.905597,0.094403,,,,4,5,-1,0.800000,0.000000,0,4,5,2,2,0.811278,0.721928,0.750000,0.800000
paper-111707-topk-1-depth-2,1,2,1,1,1.000000,0.905597,0.094403,,,,23,25,-2,0.920000,0.000000,0,23,25,4,4,1.687941,1.095431,0.434783,0.760000
paper-111707-topk-3-depth-0,3,0,3,3,1.000000,0.905443,0.094557,0.000000,0.000000,0.000000,3,3,0,1.000000,0.200000,1,2,2,3,3,1.584963,1.584963,0.333333,0.333333
paper-111707-topk-3-depth-1,3,1,3,3,1.000000,0.905443,0.094557,0.000000,0.000000,0.000000,13,16,-3,0.812500,0.160000,4,9,12,5,4,2.103910,1.748999,0.307692,0.437500
paper-111707-topk-3-depth-2,3,2,3,3,1.000000,0.905443,0.094557,0.000000,0.000000,0.000000,85,9537,-9452,0.008913,0.005854,56,29,9481,15,34,3.213754,1.632655,0.317647,0.721506
paper-111707-topk-5-depth-0,5,0,5,5,1.000000,0.904850,0.095150,0.000000,0.000000,0.000000,5,5,0,1.000000,0.250000,2,3,3,4,4,1.921928,1.921928,0.400000,0.400000
paper-111707-topk-5-depth-1,5,1,5,5,1.000000,0.904850,0.095150,0.000000,0.000000,0.000000,29,39,-10,0.743590,0.152542,9,20,30,6,6,1.935399,1.819727,0.551724,0.589744
paper-111707-topk-5-depth-2,5,2,5,5,1.000000,0.904850,0.095150,0.000000,0.000000,0.000000,202,25811,-25609,0.007826,0.003124,81,121,25730,17,37,2.448071,2.287171,0.559406,0.521289
paper-111707-topk-10-depth-0,10,0,10,10,1.000000,0.914779,0.085221,0.000000,0.022222,-0.022222,10,10,0,1.000000,0.111111,2,8,8,6,7,2.370951,2.721928,0.300000,0.200000
paper-111707-topk-10-depth-1,10,1,10,10,1.000000,0.914779,0.085221,0.000000,0.022222,-0.022222,59,64,-5,0.921875,0.138889,15,44,49,13,12,2.755115,2.810941,0.322034,0.359375
paper-111707-topk-10-depth-2,10,2,10,10,1.000000,0.914779,0.085221,0.000000,0.022222,-0.022222,18894,25910,-7016,0.729217,0.479510,14521,4373,11389,38,39,2.744405,2.313351,0.306976,0.519336
paper-165264-topk-1-depth-0,1,0,1,1,1.000000,0.999820,0.000180,,,,1,1,0,1.000000,0.000000,0,1,1,1,1,0.000000,0.000000,1.000000,1.000000
paper-165264-topk-1-depth-1,1,1,1,1,1.000000,0.999820,0.000180,,,,7,15,-8,0.466667,0.000000,0,7,15,4,3,1.664498,1.103307,0.571429,0.733333
paper-165264-topk-1-depth-2,1,2,1,1,1.000000,0.999820,0.000180,,,,469,13405,-12936,0.034987,0.000505,7,462,13398,20,33,2.221236,1.875836,0.620469,0.634390
paper-165264-topk-3-depth-0,3,0,3,3,1.000000,0.978904,0.021096,0.000000,0.000000,0.000000,3,3,0,1.000000,0.000000,0,3,3,3,2,1.584963,0.918296,0.333333,0.666667
paper-165264-topk-3-depth-1,3,1,3,3,1.000000,0.978904,0.021096,0.000000,0.000000,0.000000,14,25,-11,0.560000,0.000000,0,14,25,6,3,2.128085,1.217797,0.428571,0.640000
paper-165264-topk-3-depth-2,3,2,3,3,1.000000,0.978904,0.021096,0.000000,0.000000,0.000000,517,15340,-14823,0.033703,0.000442,7,510,15333,21,33,2.456292,1.849677,0.562863,0.645567
paper-165264-topk-5-depth-0,5,0,5,5,1.000000,0.973796,0.026204,0.000000,0.000000,0.000000,5,5,0,1.000000,0.111111,1,4,4,4,2,1.921928,0.721928,0.400000,0.800000
paper-165264-topk-5-depth-1,5,1,5,5,1.000000,0.973796,0.026204,0.000000,0.000000,0.000000,20,30,-10,0.666667,0.063830,3,17,27,9,5,2.701609,1.616553,0.350000,0.600000
paper-165264-topk-5-depth-2,5,2,5,5,1.000000,0.973796,0.026204,0.000000,0.000000,0.000000,529,15349,-14820,0.034465,0.000883,14,515,15335,22,33,2.552353,1.853000,0.550095,0.645189
paper-165264-topk-10-depth-0,10,0,10,10,1.000000,0.969698,0.030302,0.000000,0.000000,0.000000,10,10,0,1.000000,0.000000,0,10,10,7,5,2.646439,1.770951,0.300000,0.600000
paper-165264-topk-10-depth-1,10,1,10,10,1.000000,0.969698,0.030302,0.000000,0.000000,0.000000,83,51,32,1.627451,0.022901,3,80,48,12,6,2.845498,1.922504,0.325301,0.568627
paper-165264-topk-10-depth-2,10,2,10,10,1.000000,0.969698,0.030302,0.000000,0.000000,0.000000,25348,16875,8473,1.502104,0.584234,15571,9777,1304,38,35,2.296297,1.912763,0.562332,0.643793
paper-166270-topk-1-depth-0,1,0,1,1,1.000000,0.999890,0.000110,,,,1,1,0,1.000000,0.000000,0,1,1,1,1,0.000000,0.000000,1.000000,1.000000
paper-166270-topk-1-depth-1,1,1,1,1,1.000000,0.999890,0.000110,,,,2,4,-2,0.500000,0.000000,0,2,4,2,2,1.000000,0.811278,0.500000,0.750000
paper-166270-topk-1-depth-2,1,2,1,1,1.000000,0.999890,0.000110,,,,6,24,-18,0.250000,0.000000,0,6,24,3,3,1.459148,1.308502,0.500000,0.541667
paper-166270-topk-3-depth-0,3,0,3,3,1.000000,0.975611,0.024389,0.000000,0.000000,0.000000,3,3,0,1.000000,0.200000,1,2,2,2,3,0.918296,1.584963,0.666667,0.333333
paper-166270-topk-3-depth-1,3,1,3,3,1.000000,0.975611,0.024389,0.000000,0.000000,0.000000,18,10,8,1.800000,0.076923,2,16,8,7,4,2.504693,1.760964,0.277778,0.500000
paper-166270-topk-3-depth-2,3,2,3,3,1.000000,0.975611,0.024389,0.000000,0.000000,0.000000,77,44,33,1.750000,0.052174,6,71,38,14,6,3.103016,2.068202,0.246753,0.431818
paper-166270-topk-5-depth-0,5,0,5,5,1.000000,0.967729,0.032271,0.000000,0.000000,0.000000,5,5,0,1.000000,0.111111,1,4,4,4,5,1.921928,2.321928,0.400000,0.200000
paper-166270-topk-5-depth-1,5,1,5,5,1.000000,0.967729,0.032271,0.000000,0.000000,0.000000,42,23,19,1.826087,0.031746,2,40,21,12,8,3.240465,2.715570,0.214286,0.217391
paper-166270-topk-5-depth-2,5,2,5,5,1.000000,0.967729,0.032271,0.000000,0.000000,0.000000,5780,293,5487,19.726962,0.001319,8,5772,285,36,19,2.058518,2.988646,0.677336,0.385666
paper-166270-topk-10-depth-0,10,0,10,10,1.000000,0.961392,0.038608,0.000000,0.005926,-0.005926,10,10,0,1.000000,0.052632,1,9,9,8,7,2.846439,2.721928,0.300000,0.200000
paper-166270-topk-10-depth-1,10,1,10,10,1.000000,0.961392,0.038608,0.000000,0.005926,-0.005926,71,53,18,1.339623,0.024793,3,68,50,11,11,2.937702,2.916608,0.323944,0.245283
paper-166270-topk-10-depth-2,10,2,10,10,1.000000,0.961392,0.038608,0.000000,0.005926,-0.005926,990,457,533,2.166302,0.020451,29,961,428,24,21,2.627841,3.345875,0.533333,0.295405
paper-104952-topk-1-depth-0,1,0,1,1,1.000000,0.953767,0.046233,,,,1,1,0,1.000000,0.000000,0,1,1,1,1,0.000000,0.000000,1.000000,1.000000
paper-104952-topk-1-depth-1,1,1,1,1,1.000000,0.953767,0.046233,,,,4,8,-4,0.500000,0.000000,0,4,8,2,5,0.811278,2.000000,0.750000,0.500000
paper-104952-topk-1-depth-2,1,2,1,1,1.000000,0.953767,0.046233,,,,122,67,55,1.820896,0.000000,0,122,67,12,7,2.039986,2.239424,0.631148,0.313433
paper-104952-topk-3-depth-0,3,0,3,3,1.000000,0.952725,0.047275,0.000000,0.000000,0.000000,3,3,0,1.000000,0.000000,0,3,3,2,3,0.918296,1.584963,0.666667,0.333333
paper-104952-topk-3-depth-1,3,1,3,3,1.000000,0.952725,0.047275,0.000000,0.000000,0.000000,33,16,17,2.062500,0.000000,0,33,16,5,8,1.592687,2.780639,0.454545,0.250000
paper-104952-topk-3-depth-2,3,2,3,3,1.000000,0.952725,0.047275,0.000000,0.000000,0.000000,3937,177,3760,22.242938,0.004395,18,3919,159,35,16,2.767481,3.278502,0.442215,0.180791
paper-104952-topk-5-depth-0,5,0,5,5,1.000000,0.952099,0.047901,0.000000,0.000000,0.000000,5,5,0,1.000000,0.000000,0,5,5,4,3,1.921928,1.370951,0.400000,0.600000
paper-104952-topk-5-depth-1,5,1,5,5,1.000000,0.952099,0.047901,0.000000,0.000000,0.000000,38,69,-31,0.550725,0.000000,0,38,69,7,10,2.052767,1.667112,0.394737,0.724638
paper-104952-topk-5-depth-2,5,2,5,5,1.000000,0.952099,0.047901,0.000000,0.000000,0.000000,3947,24775,-20828,0.159314,0.056772,1543,2404,23232,36,37,2.782219,2.416882,0.441095,0.464823
paper-104952-topk-10-depth-0,10,0,10,10,1.000000,0.951268,0.048732,0.000000,0.000000,0.000000,10,10,0,1.000000,0.052632,1,9,9,8,6,2.921928,2.446439,0.200000,0.300000
paper-104952-topk-10-depth-1,10,1,10,10,1.000000,0.951268,0.048732,0.000000,0.000000,0.000000,60,98,-38,0.612245,0.032680,5,55,93,13,15,3.034788,2.936071,0.250000,0.428571
paper-104952-topk-10-depth-2,10,2,10,10,1.000000,0.951268,0.048732,0.000000,0.000000,0.000000,4104,26256,-22152,0.156307,0.060537,1733,2371,24523,35,38,2.967752,2.597123,0.414961,0.442756
paper-118903-topk-1-depth-0,1,0,1,1,1.000000,0.971594,0.028406,,,,1,1,0,1.000000,0.000000,0,1,1,1,1,0.000000,0.000000,1.000000,1.000000
paper-118903-topk-1-depth-1,1,1,1,1,1.000000,0.971594,0.028406,,,,9,9,0,1.000000,0.000000,0,9,9,1,4,0.000000,1.891061,1.000000,0.333333
paper-118903-topk-1-depth-2,1,2,1,1,1.000000,0.971594,0.028406,,,,311,334,-23,0.931138,0.000000,0,311,334,13,14,0.891473,1.782532,0.884244,0.655689
paper-118903-topk-3-depth-0,3,0,3,3,1.000000,0.966127,0.033873,0.000000,0.000000,0.000000,3,3,0,1.000000,0.200000,1,2,2,2,3,0.918296,1.584963,0.666667,0.333333
paper-118903-topk-3-depth-1,3,1,3,3,1.000000,0.966127,0.033873,0.000000,0.000000,0.000000,13,14,-1,0.928571,0.080000,2,11,12,3,6,1.295738,2.413800,0.538462,0.285714
paper-118903-topk-3-depth-2,3,2,3,3,1.000000,0.966127,0.033873,0.000000,0.000000,0.000000,106,354,-248,0.299435,0.024499,11,95,343,7,16,1.339084,2.006295,0.698113,0.618644
paper-118903-topk-5-depth-0,5,0,5,5,1.000000,0.964983,0.035017,0.000000,0.000000,0.000000,5,5,0,1.000000,0.111111,1,4,4,2,3,0.970951,1.370951,0.600000,0.600000
paper-118903-topk-5-depth-1,5,1,5,5,1.000000,0.964983,0.035017,0.000000,0.000000,0.000000,19,29,-10,0.655172,0.043478,2,17,27,4,6,1.428795,1.884127,0.578947,0.586207
paper-118903-topk-5-depth-2,5,2,5,5,1.000000,0.964983,0.035017,0.000000,0.000000,0.000000,285,723,-438,0.394191,0.035971,35,250,688,15,22,2.281624,2.018493,0.424561,0.533887
paper-118903-topk-10-depth-0,10,0,10,10,1.000000,0.963571,0.036429,0.000000,0.000000,0.000000,10,10,0,1.000000,0.111111,2,8,8,2,4,0.970951,1.721928,0.600000,0.400000
paper-118903-topk-10-depth-1,10,1,10,10,1.000000,0.963571,0.036429,0.000000,0.000000,0.000000,75,57,18,1.315789,0.073171,9,66,48,7,10,1.520327,2.344911,0.640000,0.456140
paper-118903-topk-10-depth-2,10,2,10,10,1.000000,0.963571,0.036429,0.000000,0.000000,0.000000,1902,1186,716,1.603710,0.148382,399,1503,787,27,25,2.098090,2.415183,0.608307,0.516863
paper-77502-topk-1-depth-0,1,0,1,1,1.000000,0.999894,0.000106,,,,1,1,0,1.000000,0.000000,0,1,1,1,1,0.000000,0.000000,1.000000,1.000000
paper-77502-topk-1-depth-1,1,1,1,1,1.000000,0.999894,0.000106,,,,18,3,15,6.000000,0.000000,0,18,3,1,1,0.000000,0.000000,1.000000,1.000000
paper-77502-topk-1-depth-2,1,2,1,1,1.000000,0.999894,0.000106,,,,219,281,-62,0.779359,0.000000,0,219,281,5,10,0.542661,0.938138,0.917808,0.854093
paper-77502-topk-3-depth-0,3,0,3,3,1.000000,0.962871,0.037129,0.000000,0.000000,0.000000,3,3,0,1.000000,0.000000,0,3,3,2,2,0.918296,0.918296,0.666667,0.666667
paper-77502-topk-3-depth-1,3,1,3,3,1.000000,0.962871,0.037129,0.000000,0.000000,0.000000,47,13,34,3.615385,0.000000,0,47,13,5,2,1.579735,0.890492,0.468085,0.692308
paper-77502-topk-3-depth-2,3,2,3,3,1.000000,0.962871,0.037129,0.000000,0.000000,0.000000,19620,1279,18341,15.340109,0.055345,1096,18524,183,36,15,2.676079,0.734324,0.298114,0.892103
paper-77502-topk-5-depth-0,5,0,5,5,1.000000,0.954952,0.045048,0.000000,0.000000,0.000000,5,5,0,1.000000,0.250000,2,3,3,2,2,0.970951,0.970951,0.600000,0.600000
paper-77502-topk-5-depth-1,5,1,5,5,1.000000,0.954952,0.045048,0.000000,0.000000,0.000000,56,43,13,1.302326,0.164706,14,42,29,5,5,1.518198,1.434722,0.446429,0.674419
paper-77502-topk-5-depth-2,5,2,5,5,1.000000,0.954952,0.045048,0.000000,0.000000,0.000000,19778,15669,4109,1.262238,0.701647,14616,5162,1053,36,37,2.673185,2.624344,0.302407,0.323569
paper-77502-topk-10-depth-0,10,0,10,10,1.000000,0.947099,0.052901,0.000000,0.001886,-0.001886,10,10,0,1.000000,0.250000,4,6,6,3,2,1.485475,0.881291,0.500000,0.700000
paper-77502-topk-10-depth-1,10,1,10,10,1.000000,0.947099,0.052901,0.000000,0.001886,-0.001886,96,97,-1,0.989691,0.269737,41,55,56,7,7,1.737119,1.513323,0.468750,0.597938
paper-77502-topk-10-depth-2,10,2,10,10,1.000000,0.947099,0.052901,0.000000,0.001886,-0.001886,20937,16047,4890,1.304730,0.675531,14911,6026,1136,36,37,2.686601,2.701926,0.318384,0.316009
paper-118396-topk-1-depth-0,1,0,1,1,1.000000,0.952947,0.047053,,,,1,1,0,1.000000,0.000000,0,1,1,1,1,0.000000,0.000000,1.000000,1.000000
paper-118396-topk-1-depth-1,1,1,1,1,1.000000,0.952947,0.047053,,,,5,5,0,1.000000,0.000000,0,5,5,3,2,1.370951,0.721928,0.600000,0.800000
paper-118396-topk-1-depth-2,1,2,1,1,1.000000,0.952947,0.047053,,,,15,21,-6,0.714286,0.000000,0,15,21,4,5,1.796792,1.625379,0.466667,0.619048
paper-118396-topk-3-depth-0,3,0,3,3,1.000000,0.951341,0.048659,0.000000,0.000000,0.000000,3,3,0,1.000000,0.000000,0,3,3,3,3,1.584963,1.584963,0.333333,0.333333
paper-118396-topk-3-depth-1,3,1,3,3,1.000000,0.951341,0.048659,0.000000,0.000000,0.000000,28,10,18,2.800000,0.000000,0,28,10,5,3,1.862204,1.570951,0.500000,0.400000
paper-118396-topk-3-depth-2,3,2,3,3,1.000000,0.951341,0.048659,0.000000,0.000000,0.000000,565,43,522,13.139535,0.001647,1,564,42,17,8,2.568328,2.378389,0.453097,0.372093
paper-118396-topk-5-depth-0,5,0,5,5,1.000000,0.951464,0.048536,0.000000,0.000000,0.000000,5,5,0,1.000000,0.000000,0,5,5,4,4,1.921928,1.921928,0.400000,0.400000
paper-118396-topk-5-depth-1,5,1,5,5,1.000000,0.951464,0.048536,0.000000,0.000000,0.000000,71,19,52,3.736842,0.000000,0,71,19,6,4,1.562958,1.748773,0.676056,0.526316
paper-118396-topk-5-depth-2,5,2,5,5,1.000000,0.951464,0.048536,0.000000,0.000000,0.000000,872,103,769,8.466019,0.002055,2,870,101,17,10,2.319122,2.218098,0.548165,0.504854
paper-118396-topk-10-depth-0,10,0,10,10,1.000000,0.949943,0.050057,0.000000,0.000000,0.000000,10,10,0,1.000000,0.052632,1,9,9,5,5,2.170951,2.170951,0.300000,0.300000
paper-118396-topk-10-depth-1,10,1,10,10,1.000000,0.949943,0.050057,0.000000,0.000000,0.000000,111,45,66,2.466667,0.033113,5,106,40,7,7,1.769560,2.145686,0.621622,0.444444
paper-118396-topk-10-depth-2,10,2,10,10,1.000000,0.949943,0.050057,0.000000,0.000000,0.000000,1299,226,1073,5.747788,0.022118,33,1266,193,22,14,2.598100,2.531603,0.501155,0.411504
paper-164770-topk-1-depth-0,1,0,1,1,1.000000,0.997969,0.002031,,,,1,1,0,1.000000,0.000000,0,1,1,1,1,0.000000,0.000000,1.000000,1.000000
paper-164770-topk-1-depth-1,1,1,1,1,1.000000,0.997969,0.002031,,,,17,13,4,1.307692,0.071429,2,15,11,1,1,0.000000,0.000000,1.000000,1.000000
paper-164770-topk-1-depth-2,1,2,1,1,1.000000,0.997969,0.002031,,,,5939,637,5302,9.323391,0.101692,607,5332,30,29,11,1.005111,0.579509,0.850648,0.912088
paper-164770-topk-3-depth-0,3,0,3,3,1.000000,0.986922,0.013078,0.011905,0.156019,-0.144114,3,3,0,1.000000,0.200000,1,2,2,1,1,0.000000,0.000000,1.000000,1.000000
paper-164770-topk-3-depth-1,3,1,3,3,1.000000,0.986922,0.013078,0.011905,0.156019,-0.144114,37,25,12,1.480000,0.377778,17,20,8,3,1,0.480433,0.000000,0.918919,1.000000
paper-164770-topk-3-depth-2,3,2,3,3,1.000000,0.986922,0.013078,0.011905,0.156019,-0.144114,29383,4540,24843,6.472026,0.153922,4525,24858,15,36,26,2.264870,0.904493,0.531702,0.868062
paper-164770-topk-5-depth-0,5,0,5,5,1.000000,0.978696,0.021304,0.000000,0.072194,-0.072194,5,5,0,1.000000,0.000000,0,5,5,2,1,0.721928,0.000000,0.800000,1.000000
paper-164770-topk-5-depth-1,5,1,5,5,1.000000,0.978696,0.021304,0.000000,0.072194,-0.072194,59,71,-12,0.830986,0.092437,11,48,60,4,1,0.931158,0.000000,0.779661,1.000000
paper-164770-topk-5-depth-2,5,2,5,5,1.000000,0.978696,0.021304,0.000000,0.072194,-0.072194,29828,15738,14090,1.895285,0.493771,15062,14766,676,36,35,2.259941,1.638180,0.531078,0.717372
paper-164770-topk-10-depth-0,10,0,10,10,1.000000,0.971255,0.028745,0.000000,0.056336,-0.056336,10,10,0,1.000000,0.111111,2,8,8,2,1,0.468996,0.000000,0.900000,1.000000
paper-164770-topk-10-depth-1,10,1,10,10,1.000000,0.971255,0.028745,0.000000,0.056336,-0.056336,101,104,-3,0.971154,0.164773,29,72,75,4,3,0.900510,0.266396,0.801980,0.961538
paper-164770-topk-10-depth-2,10,2,10,10,1.000000,0.971255,0.028745,0.000000,0.056336,-0.056336,29593,30640,-1047,0.965829,0.801172,26792,2801,3848,39,36,2.338566,2.257189,0.510932,0.537467
paper-155393-topk-1-depth-0,1,0,1,1,1.000000,0.941923,0.058077,,,,1,1,0,1.000000,0.000000,0,1,1,1,1,0.000000,0.000000,1.000000,1.000000
paper-155393-topk-1-depth-1,1,1,1,1,1.000000,0.941923,0.058077,,,,18,6,12,3.000000,0.000000,0,18,6,4,1,1.633731,0.000000,0.444444,1.000000
paper-155393-topk-1-depth-2,1,2,1,1,1.000000,0.941923,0.058077,,,,600,25,575,24.000000,0.000000,0,600,25,22,3,2.171043,0.482179,0.590000,0.920000
paper-155393-topk-3-depth-0,3,0,3,3,1.000000,0.941372,0.058628,0.000000,0.000000,0.000000,3,3,0,1.000000,0.000000,0,3,3,3,3,1.584963,1.584963,0.333333,0.333333
paper-155393-topk-3-depth-1,3,1,3,3,1.000000,0.941372,0.058628,0.000000,0.000000,0.000000,54,17,37,3.176471,0.000000,0,54,17,7,6,1.937687,2.225611,0.388889,0.411765
paper-155393-topk-3-depth-2,3,2,3,3,1.000000,0.941372,0.058628,0.000000,0.000000,0.000000,1941,14799,-12858,0.131158,0.006736,112,1829,14687,36,37,3.124143,2.603299,0.331788,0.348672
paper-155393-topk-5-depth-0,5,0,5,5,1.000000,0.940530,0.059470,0.000000,0.000000,0.000000,5,5,0,1.000000,0.000000,0,5,5,4,5,1.921928,2.321928,0.400000,0.200000
paper-155393-topk-5-depth-1,5,1,5,5,1.000000,0.940530,0.059470,0.000000,0.000000,0.000000,68,24,44,2.833333,0.000000,0,68,24,7,7,2.083325,2.505123,0.426471,0.291667
paper-155393-topk-5-depth-2,5,2,5,5,1.000000,0.940530,0.059470,0.000000,0.000000,0.000000,2088,14887,-12799,0.140257,0.006821,115,1973,14772,36,37,3.165570,2.602663,0.311303,0.351448
paper-155393-topk-10-depth-0,10,0,10,10,1.000000,0.939742,0.060258,0.000000,0.000000,0.000000,10,10,0,1.000000,0.000000,0,10,10,7,7,2.521928,2.721928,0.400000,0.200000
paper-155393-topk-10-depth-1,10,1,10,10,1.000000,0.939742,0.060258,0.000000,0.000000,0.000000,88,70,18,1.257143,0.000000,0,88,70,12,10,2.595768,2.917906,0.397727,0.271429
paper-155393-topk-10-depth-2,10,2,10,10,1.000000,0.939742,0.060258,0.000000,0.000000,0.000000,2210,15971,-13761,0.138376,0.010673,192,2018,15779,37,37,3.240424,2.743135,0.299095,0.339929
paper-130256-topk-1-depth-0,1,0,1,1,1.000000,0.973086,0.026914,,,,1,1,0,1.000000,0.000000,0,1,1,1,1,0.000000,0.000000,1.000000,1.000000
paper-130256-topk-1-depth-1,1,1,1,1,1.000000,0.973086,0.026914,,,,2,25,-23,0.080000,0.000000,0,2,25,1,2,0.000000,0.970951,1.000000,0.600000
paper-130256-topk-1-depth-2,1,2,1,1,1.000000,0.973086,0.026914,,,,61,18378,-18317,0.003319,0.000108,2,59,18376,13,36,2.774751,1.845034,0.426230,0.645500
paper-130256-topk-3-depth-0,3,0,3,3,1.000000,0.975046,0.024954,0.000000,0.010417,-0.010417,3,3,0,1.000000,0.000000,0,3,3,3,2,1.584963,0.918296,0.333333,0.666667
paper-130256-topk-3-depth-1,3,1,3,3,1.000000,0.975046,0.024954,0.000000,0.010417,-0.010417,24,37,-13,0.648649,0.000000,0,24,37,5,5,1.830558,1.559526,0.541667,0.567568
paper-130256-topk-3-depth-2,3,2,3,3,1.000000,0.975046,0.024954,0.000000,0.010417,-0.010417,346,20014,-19668,0.017288,0.000442,9,337,20005,19,39,2.776750,1.993735,0.312139,0.613021
paper-130256-topk-5-depth-0,5,0,5,5,1.000000,0.974267,0.025733,0.000000,0.003125,-0.003125,5,5,0,1.000000,0.000000,0,5,5,4,4,1.921928,1.921928,0.400000,0.400000
paper-130256-topk-5-depth-1,5,1,5,5,1.000000,0.974267,0.025733,0.000000,0.003125,-0.003125,49,52,-3,0.942308,0.020202,2,47,50,7,7,1.941529,2.263925,0.530612,0.403846
paper-130256-topk-5-depth-2,5,2,5,5,1.000000,0.974267,0.025733,0.000000,0.003125,-0.003125,30887,20190,10697,1.529817,0.554004,18209,12678,1981,39,39,2.337500,2.036295,0.508402,0.607677
paper-130256-topk-10-depth-0,10,0,10,10,1.000000,0.973377,0.026623,0.000000,0.000694,-0.000694,10,10,0,1.000000,0.000000,0,10,10,8,9,2.846439,3.121928,0.300000,0.200000
paper-130256-topk-10-depth-1,10,1,10,10,1.000000,0.973377,0.026623,0.000000,0.000694,-0.000694,79,70,9,1.128571,0.020548,3,76,67,13,15,2.894325,3.024617,0.329114,0.314286
paper-130256-topk-10-depth-2,10,2,10,10,1.000000,0.973377,0.026623,0.000000,0.000694,-0.000694,32309,21661,10648,1.491575,0.547039,19084,13225,2577,40,40,2.452777,2.196918,0.492959,0.576982
paper-133058-topk-1-depth-0,1,0,1,1,1.000000,0.975453,0.024547,,,,1,1,0,1.000000,0.000000,0,1,1,1,1,0.000000,0.000000,1.000000,1.000000
paper-133058-topk-1-depth-1,1,1,1,1,1.000000,0.975453,0.024547,,,,2,5,-3,0.400000,0.000000,0,2,5,2,1,1.000000,0.000000,0.500000,1.000000
paper-133058-topk-1-depth-2,1,2,1,1,1.000000,0.975453,0.024547,,,,4,88,-84,0.045455,0.000000,0,4,88,3,11,1.500000,2.137958,0.500000,0.613636
paper-133058-topk-3-depth-0,3,0,3,3,1.000000,0.974609,0.025391,0.000000,0.000000,0.000000,3,3,0,1.000000,0.000000,0,3,3,3,2,1.584963,0.918296,0.333333,0.666667
paper-133058-topk-3-depth-1,3,1,3,3,1.000000,0.974609,0.025391,0.000000,0.000000,0.000000,10,39,-29,0.256410,0.088889,4,6,35,4,4,1.685475,1.284545,0.500000,0.692308
paper-133058-topk-3-depth-2,3,2,3,3,1.000000,0.974609,0.025391,0.000000,0.000000,0.000000,87,1112,-1025,0.078237,0.052678,60,27,1052,5,29,1.098797,2.554747,0.747126,0.545863
paper-133058-topk-5-depth-0,5,0,5,5,1.000000,0.974079,0.025921,0.000000,0.000000,0.000000,5,5,0,1.000000,0.000000,0,5,5,4,2,1.921928,0.970951,0.400000,0.600000
paper-133058-topk-5-depth-1,5,1,5,5,1.000000,0.974079,0.025921,0.000000,0.000000,0.000000,45,46,-1,0.978261,0.045977,4,41,42,7,4,2.180817,1.351801,0.377778,0.630435
paper-133058-topk-5-depth-2,5,2,5,5,1.000000,0.974079,0.025921,0.000000,0.000000,0.000000,548,1184,-636,0.462838,0.039616,66,482,1118,25,29,2.618082,2.579168,0.394161,0.527872
paper-133058-topk-10-depth-0,10,0,10,10,1.000000,0.972844,0.027156,0.000000,0.003175,-0.003175,10,10,0,1.000000,0.111111,2,8,8,4,5,1.846439,2.046439,0.400000,0.400000
paper-133058-topk-10-depth-1,10,1,10,10,1.000000,0.972844,0.027156,0.000000,0.003175,-0.003175,84,74,10,1.135135,0.053333,8,76,66,11,9,2.076574,2.219214,0.547619,0.445946
paper-133058-topk-10-depth-2,10,2,10,10,1.000000,0.972844,0.027156,0.000000,0.003175,-0.003175,1261,2679,-1418,0.470698,0.158824,540,721,2139,30,33,2.710608,2.732655,0.475020,0.460993
paper-102555-topk-1-depth-0,1,0,1,1,1.000000,0.998233,0.001767,,,,1,1,0,1.000000,0.000000,0,1,1,1,1,0.000000,0.000000,1.000000,1.000000
paper-102555-topk-1-depth-1,1,1,1,1,1.000000,0.998233,0.001767,,,,3,19,-16,0.157895,0.000000,0,3,19,2,2,0.918296,0.831474,0.666667,0.736842
paper-102555-topk-1-depth-2,1,2,1,1,1.000000,0.998233,0.001767,,,,164,1682,-1518,0.097503,0.000000,0,164,1682,5,26,0.961003,2.278820,0.817073,0.492271
paper-102555-topk-3-depth-0,3,0,3,3,1.000000,0.980827,0.019173,0.000000,0.000000,0.000000,3,3,0,1.000000,0.000000,0,3,3,3,3,1.584963,1.584963,0.333333,0.333333
paper-102555-topk-3-depth-1,3,1,3,3,1.000000,0.980827,0.019173,0.000000,0.000000,0.000000,11,31,-20,0.354839,0.000000,0,11,31,4,4,1.980826,1.704444,0.272727,0.483871
paper-102555-topk-3-depth-2,3,2,3,3,1.000000,0.980827,0.019173,0.000000,0.000000,0.000000,198,2209,-2011,0.089633,0.000832,2,196,2207,7,26,1.594914,2.548815,0.676768,0.377094
paper-102555-topk-5-depth-0,5,0,5,5,1.000000,0.975751,0.024249,0.000000,0.000000,0.000000,5,5,0,1.000000,0.000000,0,5,5,4,5,1.921928,2.321928,0.400000,0.200000
paper-102555-topk-5-depth-1,5,1,5,5,1.000000,0.975751,0.024249,0.000000,0.000000,0.000000,27,34,-7,0.794118,0.000000,0,27,34,8,6,2.730034,2.162700,0.259259,0.411765
paper-102555-topk-5-depth-2,5,2,5,5,1.000000,0.975751,0.024249,0.000000,0.000000,0.000000,1375,2221,-846,0.619090,0.006719,24,1351,2197,21,27,2.212643,2.580287,0.485091,0.375056
paper-102555-topk-10-depth-0,10,0,10,10,1.000000,0.971858,0.028142,0.000000,0.001587,-0.001587,10,10,0,1.000000,0.052632,1,9,9,5,6,2.121928,2.446439,0.400000,0.300000
paper-102555-topk-10-depth-1,10,1,10,10,1.000000,0.971858,0.028142,0.000000,0.001587,-0.001587,59,80,-21,0.737500,0.014599,2,57,78,11,14,2.967674,2.794466,0.203390,0.312500
paper-102555-topk-10-depth-2,10,2,10,10,1.000000,0.971858,0.028142,0.000000,0.001587,-0.001587,23015,3699,19316,6.221952,0.023172,605,22410,3094,35,31,2.193869,2.759339,0.589138,0.351717
paper-3710-topk-1-depth-0,1,0,1,1,1.000000,0.999875,0.000125,,,,1,1,0,1.000000,0.000000,0,1,1,1,1,0.000000,0.000000,1.000000,1.000000
paper-3710-topk-1-depth-1,1,1,1,1,1.000000,0.999875,0.000125,,,,28,19,9,1.473684,0.021739,1,27,18,4,6,1.355315,1.930080,0.535714,0.473684
paper-3710-topk-1-depth-2,1,2,1,1,1.000000,0.999875,0.000125,,,,5001,9451,-4450,0.529150,0.128269,1643,3358,7808,30,37,1.806237,2.814552,0.565887,0.303672
paper-3710-topk-3-depth-0,3,0,3,3,1.000000,0.981722,0.018278,0.000000,0.003509,-0.003509,3,3,0,1.000000,0.000000,0,3,3,3,1,1.584963,0.000000,0.333333,1.000000
paper-3710-topk-3-depth-1,3,1,3,3,1.000000,0.981722,0.018278,0.000000,0.003509,-0.003509,94,132,-38,0.712121,0.071090,15,79,117,6,13,1.671158,1.827356,0.585106,0.659091
paper-3710-topk-3-depth-2,3,2,3,3,1.000000,0.981722,0.018278,0.000000,0.003509,-0.003509,8550,14855,-6305,0.575564,0.231842,4405,4145,10450,35,39,2.336962,2.678039,0.414737,0.363649
paper-3710-topk-5-depth-0,5,0,5,5,1.000000,0.977242,0.022758,0.000000,0.015685,-0.015685,5,5,0,1.000000,0.111111,1,4,4,4,2,1.921928,0.721928,0.400000,0.800000
paper-3710-topk-5-depth-1,5,1,5,5,1.000000,0.977242,0.022758,0.000000,0.015685,-0.015685,80,198,-118,0.404040,0.139344,34,46,164,8,13,2.416501,1.668429,0.325000,0.671717
paper-3710-topk-5-depth-2,5,2,5,5,1.000000,0.977242,0.022758,0.000000,0.015685,-0.015685,30131,18728,11403,1.608874,0.399731,13953,16178,4775,39,39,2.408021,2.635930,0.482526,0.383917
paper-3710-topk-10-depth-0,10,0,10,10,1.000000,0.972090,0.027910,0.000000,0.011569,-0.011569,10,10,0,1.000000,0.111111,2,8,8,5,4,2.121928,1.570951,0.400000,0.600000
paper-3710-topk-10-depth-1,10,1,10,10,1.000000,0.972090,0.027910,0.000000,0.011569,-0.011569,135,360,-225,0.375000,0.112360,50,85,310,9,15,2.364760,1.883958,0.407407,0.613889
paper-3710-topk-10-depth-2,10,2,10,10,1.000000,0.972090,0.027910,0.000000,0.011569,-0.011569,37416,36847,569,1.015442,0.759245,32050,5366,4797,39,40,2.560524,2.658569,0.433585,0.393655
paper-81589-topk-1-depth-0,1,0,1,1,1.000000,0.967453,0.032547,,,,1,1,0,1.000000,0.000000,0,1,1,1,1,0.000000,0.000000,1.000000,1.000000
paper-81589-topk-1-depth-1,1,1,1,1,1.000000,0.967453,0.032547,,,,49,7,42,7.000000,0.018182,1,48,6,4,1,1.523561,0.000000,0.530612,1.000000
paper-81589-topk-1-depth-2,1,2,1,1,1.000000,0.967453,0.032547,,,,19271,14969,4302,1.287394,0.315102,8204,11067,6765,38,33,2.485277,1.781512,0.428675,0.659429
paper-81589-topk-3-depth-0,3,0,3,3,1.000000,0.970536,0.029464,0.000000,0.047619,-0.047619,3,3,0,1.000000,0.000000,0,3,3,2,1,0.918296,0.000000,0.666667,1.000000
paper-81589-topk-3-depth-1,3,1,3,3,1.000000,0.970536,0.029464,0.000000,0.047619,-0.047619,49,22,27,2.227273,0.044118,3,46,19,8,2,1.938049,0.439497,0.551020,0.909091
paper-81589-topk-3-depth-2,3,2,3,3,1.000000,0.970536,0.029464,0.000000,0.047619,-0.047619,23294,19068,4226,1.221628,0.460255,13352,9942,5716,36,35,2.229326,1.802174,0.549884,0.670915
paper-81589-topk-5-depth-0,5,0,5,5,1.000000,0.970079,0.029921,0.000000,0.023377,-0.023377,5,5,0,1.000000,0.000000,0,5,5,2,2,0.970951,0.970951,0.600000,0.600000
paper-81589-topk-5-depth-1,5,1,5,5,1.000000,0.970079,0.029921,0.000000,0.023377,-0.023377,77,30,47,2.566667,0.028846,3,74,27,10,3,2.137084,1.032268,0.545455,0.700000
paper-81589-topk-5-depth-2,5,2,5,5,1.000000,0.970079,0.029921,0.000000,0.023377,-0.023377,25582,19265,6317,1.327900,0.475279,14448,11134,4817,36,35,2.220031,1.812365,0.555781,0.666182
paper-81589-topk-10-depth-0,10,0,10,10,1.000000,0.971976,0.028024,0.000000,0.020335,-0.020335,10,10,0,1.000000,0.176471,3,7,7,3,2,1.360964,0.881291,0.500000,0.700000
paper-81589-topk-10-depth-1,10,1,10,10,1.000000,0.971976,0.028024,0.000000,0.020335,-0.020335,113,79,34,1.430380,0.324138,47,66,32,10,7,2.010012,1.293237,0.566372,0.721519
paper-81589-topk-10-depth-2,10,2,10,10,1.000000,0.971976,0.028024,0.000000,0.020335,-0.020335,35701,34472,1229,1.035652,0.901656,33272,2429,1200,36,36,2.390772,2.312137,0.492843,0.516390
paper-85244-topk-1-depth-0,1,0,1,1,1.000000,0.970827,0.029173,,,,1,1,0,1.000000,0.000000,0,1,1,1,1,0.000000,0.000000,1.000000,1.000000
paper-85244-topk-1-depth-1,1,1,1,1,1.000000,0.970827,0.029173,,,,5,2,3,2.500000,0.000000,0,5,2,3,1,1.521928,0.000000,0.400000,1.000000
paper-85244-topk-1-depth-2,1,2,1,1,1.000000,0.970827,0.029173,,,,2070,135,1935,15.333333,0.000908,2,2068,133,26,17,1.964634,2.585221,0.635266,0.474074
paper-85244-topk-3-depth-0,3,0,3,3,1.000000,0.969732,0.030268,0.000000,0.000000,0.000000,3,3,0,1.000000,0.000000,0,3,3,3,2,1.584963,0.918296,0.333333,0.666667
paper-85244-topk-3-depth-1,3,1,3,3,1.000000,0.969732,0.030268,0.000000,0.000000,0.000000,16,10,6,1.600000,0.000000,0,16,10,6,3,2.311278,1.295462,0.375000,0.600000
paper-85244-topk-3-depth-2,3,2,3,3,1.000000,0.969732,0.030268,0.000000,0.000000,0.000000,633,975,-342,0.649231,0.001245,2,631,973,25,24,2.735977,2.578806,0.516588,0.379487
paper-85244-topk-5-depth-0,5,0,5,5,1.000000,0.977274,0.022726,0.000000,0.000000,0.000000,5,5,0,1.000000,0.111111,1,4,4,4,2,1.921928,0.721928,0.400000,0.800000
paper-85244-topk-5-depth-1,5,1,5,5,1.000000,0.977274,0.022726,0.000000,0.000000,0.000000,24,22,2,1.090909,0.121951,5,19,17,8,4,2.756867,1.669246,0.250000,0.545455
paper-85244-topk-5-depth-2,5,2,5,5,1.000000,0.977274,0.022726,0.000000,0.000000,0.000000,2738,3229,-491,0.847941,0.538283,2088,650,1141,30,30,2.502212,2.533862,0.486121,0.423041
paper-85244-topk-10-depth-0,10,0,10,10,1.000000,0.971605,0.028395,0.000000,0.003175,-0.003175,10,10,0,1.000000,0.176471,3,7,7,6,4,2.521928,1.356780,0.200000,0.700000
paper-85244-topk-10-depth-1,10,1,10,10,1.000000,0.971605,0.028395,0.000000,0.003175,-0.003175,69,44,25,1.568182,0.177083,17,52,27,10,9,2.746894,2.434150,0.347826,0.409091
paper-85244-topk-10-depth-2,10,2,10,10,1.000000,0.971605,0.028395,0.000000,0.003175,-0.003175,3344,3561,-217,0.939062,0.514587,2346,998,1215,33,30,2.813607,2.616194,0.419258,0.386408
paper-151451-topk-1-depth-0,1,0,1,1,1.000000,0.956309,0.043691,,,,1,1,0,1.000000,0.000000,0,1,1,1,1,0.000000,0.000000,1.000000,1.000000
paper-151451-topk-1-depth-1,1,1,1,1,1.000000,0.956309,0.043691,,,,2,2,0,1.000000,0.000000,0,2,2,2,2,1.000000,1.000000,0.500000,0.500000
paper-151451-topk-1-depth-2,1,2,1,1,1.000000,0.956309,0.043691,,,,6,12,-6,0.500000,0.000000,0,6,12,3,4,1.459148,1.855389,0.500000,0.333333
paper-151451-topk-3-depth-0,3,0,3,3,1.000000,0.970876,0.029124,0.000000,0.000000,0.000000,3,3,0,1.000000,0.500000,2,1,1,3,2,1.584963,0.918296,0.333333,0.666667
paper-151451-topk-3-depth-1,3,1,3,3,1.000000,0.970876,0.029124,0.000000,0.000000,0.000000,13,36,-23,0.361111,0.139535,6,7,30,6,7,2.199688,1.935521,0.461538,0.555556
paper-151451-topk-3-depth-2,3,2,3,3,1.000000,0.970876,0.029124,0.000000,0.000000,0.000000,140,15088,-14948,0.009279,0.004353,66,74,15022,11,34,2.438316,1.862097,0.478571,0.636201
paper-151451-topk-5-depth-0,5,0,5,5,1.000000,0.964767,0.035233,0.000000,0.001639,-0.001639,5,5,0,1.000000,0.250000,2,3,3,4,4,1.921928,1.921928,0.400000,0.400000
paper-151451-topk-5-depth-1,5,1,5,5,1.000000,0.964767,0.035233,0.000000,0.001639,-0.001639,50,73,-23,0.684932,0.413793,36,14,37,6,9,1.756548,1.941107,0.580000,0.493151
paper-151451-topk-5-depth-2,5,2,5,5,1.000000,0.964767,0.035233,0.000000,0.001639,-0.001639,26400,27585,-1185,0.957042,0.911582,25744,656,1841,38,39,2.392110,2.367672,0.473712,0.489686
paper-151451-topk-10-depth-0,10,0,10,10,1.000000,0.958096,0.041904,0.000000,0.001273,-0.001273,10,10,0,1.000000,0.052632,1,9,9,7,6,2.721928,2.321928,0.200000,0.400000
paper-151451-topk-10-depth-1,10,1,10,10,1.000000,0.958096,0.041904,0.000000,0.001273,-0.001273,70,126,-56,0.555556,0.026178,5,65,121,13,11,3.200029,2.399152,0.214286,0.365079
paper-151451-topk-10-depth-2,10,2,10,10,1.000000,0.958096,0.041904,0.000000,0.001273,-0.001273,24327,31968,-7641,0.760980,0.630747,21774,2553,10194,39,39,2.532907,2.401917,0.436223,0.498217
paper-132246-topk-1-depth-0,1,0,1,1,1.000000,0.999397,0.000603,,,,1,1,0,1.000000,0.000000,0,1,1,1,1,0.000000,0.000000,1.000000,1.000000
paper-132246-topk-1-depth-1,1,1,1,1,1.000000,0.999397,0.000603,,,,29,34,-5,0.852941,0.105263,6,23,28,4,2,0.899568,0.322757,0.827586,0.941176
paper-132246-topk-1-depth-2,1,2,1,1,1.000000,0.999397,0.000603,,,,23079,30233,-7154,0.763371,0.650220,21006,2073,9227,36,36,1.964385,2.232668,0.627757,0.543281
paper-132246-topk-3-depth-0,3,0,3,3,1.000000,0.984009,0.015991,0.000000,0.053724,-0.053724,3,3,0,1.000000,0.200000,1,2,2,3,1,1.584963,0.000000,0.333333,1.000000
paper-132246-topk-3-depth-1,3,1,3,3,1.000000,0.984009,0.015991,0.000000,0.053724,-0.053724,47,84,-37,0.559524,0.297030,30,17,54,5,4,1.801082,0.509553,0.531915,0.916667
paper-132246-topk-3-depth-2,3,2,3,3,1.000000,0.984009,0.015991,0.000000,0.053724,-0.053724,31496,32616,-1120,0.965661,0.893667,30256,1240,2360,37,37,2.347281,2.263092,0.506826,0.538386
paper-132246-topk-5-depth-0,5,0,5,5,1.000000,0.977783,0.022217,0.000000,0.080337,-0.080337,5,5,0,1.000000,0.111111,1,4,4,3,1,1.521928,0.000000,0.400000,1.000000
paper-132246-topk-5-depth-1,5,1,5,5,1.000000,0.977783,0.022217,0.000000,0.080337,-0.080337,73,140,-67,0.521429,0.163934,30,43,110,6,5,2.167386,0.450797,0.342466,0.935714
paper-132246-topk-5-depth-2,5,2,5,5,1.000000,0.977783,0.022217,0.000000,0.080337,-0.080337,34474,33479,995,1.029720,0.816100,30536,3938,2943,37,37,2.416680,2.260398,0.467628,0.538099
paper-132246-topk-10-depth-0,10,0,10,10,1.000000,0.972707,0.027293,0.000000,0.033857,-0.033857,10,10,0,1.000000,0.000000,0,10,10,4,3,1.846439,0.921928,0.400000,0.800000
paper-132246-topk-10-depth-1,10,1,10,10,1.000000,0.972707,0.027293,0.000000,0.033857,-0.033857,115,235,-120,0.489362,0.029412,10,105,225,8,6,2.379770,0.974226,0.356522,0.817021
paper-132246-topk-10-depth-2,10,2,10,10,1.000000,0.972707,0.027293,0.000000,0.033857,-0.033857,36161,39566,-3405,0.913941,0.766392,32856,3305,6710,39,38,2.545334,2.431910,0.433699,0.478744
paper-93320-topk-1-depth-0,1,0,1,1,1.000000,0.955504,0.044496,,,,1,1,0,1.000000,0.000000,0,1,1,1,1,0.000000,0.000000,1.000000,1.000000
paper-93320-topk-1-depth-1,1,1,1,1,1.000000,0.955504,0.044496,,,,3,5,-2,0.600000,0.000000,0,3,5,3,2,1.584963,0.970951,0.333333,0.600000
paper-93320-topk-1-depth-2,1,2,1,1,1.000000,0.955504,0.044496,,,,7,36,-29,0.194444,0.000000,0,7,36,5,7,2.128085,2.149147,0.428571,0.472222
paper-93320-topk-3-depth-0,3,0,3,3,1.000000,0.954116,0.045884,0.000000,0.000000,0.000000,3,3,0,1.000000,0.000000,0,3,3,2,3,0.918296,1.584963,0.666667,0.333333
paper-93320-topk-3-depth-1,3,1,3,3,1.000000,0.954116,0.045884,0.000000,0.000000,0.000000,32,15,17,2.133333,0.000000,0,32,15,6,5,1.118393,2.199581,0.812500,0.333333
paper-93320-topk-3-depth-2,3,2,3,3,1.000000,0.954116,0.045884,0.000000,0.000000,0.000000,14822,190,14632,78.010526,0.001802,27,14795,163,36,12,2.588986,2.823876,0.351437,0.247368
paper-93320-topk-5-depth-0,5,0,5,5,1.000000,0.954530,0.045470,0.000000,0.025000,-0.025000,5,5,0,1.000000,0.000000,0,5,5,3,3,1.370951,1.370951,0.600000,0.600000
paper-93320-topk-5-depth-1,5,1,5,5,1.000000,0.954530,0.045470,0.000000,0.025000,-0.025000,30,21,9,1.428571,0.000000,0,30,21,6,5,1.996792,2.146543,0.466667,0.333333
paper-93320-topk-5-depth-2,5,2,5,5,1.000000,0.954530,0.045470,0.000000,0.025000,-0.025000,531,207,324,2.565217,0.001357,1,530,206,22,13,2.046669,2.866879,0.676083,0.227053
paper-93320-topk-10-depth-0,10,0,10,10,1.000000,0.954390,0.045610,0.000000,0.005556,-0.005556,10,10,0,1.000000,0.052632,1,9,9,5,5,1.770951,1.960964,0.600000,0.500000
paper-93320-topk-10-depth-1,10,1,10,10,1.000000,0.954390,0.045610,0.000000,0.005556,-0.005556,68,90,-22,0.755556,0.046358,7,61,83,13,7,2.825089,2.162847,0.352941,0.377778
paper-93320-topk-10-depth-2,10,2,10,10,1.000000,0.954390,0.045610,0.000000,0.005556,-0.005556,936,1230,-294,0.760976,0.162641,303,633,927,32,24,2.970822,3.059110,0.347222,0.291057
paper-80291-topk-1-depth-0,1,0,1,1,1.000000,0.952594,0.047406,,,,1,1,0,1.000000,0.000000,0,1,1,1,1,0.000000,0.000000,1.000000,1.000000
paper-80291-topk-1-depth-1,1,1,1,1,1.000000,0.952594,0.047406,,,,2,2,0,1.000000,0.000000,0,2,2,2,2,1.000000,1.000000,0.500000,0.500000
paper-80291-topk-1-depth-2,1,2,1,1,1.000000,0.952594,0.047406,,,,23,9,14,2.555556,0.000000,0,23,9,8,5,2.715570,2.113283,0.217391,0.333333
paper-80291-topk-3-depth-0,3,0,3,3,1.000000,0.972906,0.027094,0.000000,0.000000,0.000000,3,3,0,1.000000,0.000000,0,3,3,3,3,1.584963,1.584963,0.333333,0.333333
paper-80291-topk-3-depth-1,3,1,3,3,1.000000,0.972906,0.027094,0.000000,0.000000,0.000000,24,18,6,1.333333,0.000000,0,24,18,8,9,2.740602,2.858278,0.250000,0.277778
paper-80291-topk-3-depth-2,3,2,3,3,1.000000,0.972906,0.027094,0.000000,0.000000,0.000000,21726,2937,18789,7.397344,0.030028,719,21007,2218,38,31,2.712038,2.443268,0.294072,0.420838
paper-80291-topk-5-depth-0,5,0,5,5,1.000000,0.965220,0.034780,0.000000,0.000000,0.000000,5,5,0,1.000000,0.000000,0,5,5,5,4,2.321928,1.921928,0.200000,0.400000
paper-80291-topk-5-depth-1,5,1,5,5,1.000000,0.965220,0.034780,0.000000,0.000000,0.000000,22,25,-3,0.880000,0.000000,0,22,25,11,10,3.020728,3.113270,0.318182,0.240000
paper-80291-topk-5-depth-2,5,2,5,5,1.000000,0.965220,0.034780,0.000000,0.000000,0.000000,176,2969,-2793,0.059279,0.007045,22,154,2947,20,31,2.968751,2.481514,0.386364,0.416302
paper-80291-topk-10-depth-0,10,0,10,10,1.000000,0.959379,0.040621,0.000000,0.000000,0.000000,10,10,0,1.000000,0.052632,1,9,9,8,9,2.921928,3.121928,0.200000,0.200000
paper-80291-topk-10-depth-1,10,1,10,10,1.000000,0.959379,0.040621,0.000000,0.000000,0.000000,37,71,-34,0.521127,0.028571,3,34,68,14,17,3.405965,3.727842,0.270270,0.169014
paper-80291-topk-10-depth-2,10,2,10,10,1.000000,0.959379,0.040621,0.000000,0.000000,0.000000,254,6733,-6479,0.037725,0.007789,54,200,6679,24,37,3.354619,2.586412,0.334646,0.521164
paper-140012-topk-1-depth-0,1,0,1,1,1.000000,0.999573,0.000427,,,,1,1,0,1.000000,0.000000,0,1,1,1,1,0.000000,0.000000,1.000000,1.000000
paper-140012-topk-1-depth-1,1,1,1,1,1.000000,0.999573,0.000427,,,,18,3,15,6.000000,0.000000,0,18,3,5,2,1.927451,0.918296,0.444444,0.666667
paper-140012-topk-1-depth-2,1,2,1,1,1.000000,0.999573,0.000427,,,,18049,2551,15498,7.075265,0.019852,401,17648,2150,37,27,1.921384,2.439625,0.638761,0.529988
paper-140012-topk-3-depth-0,3,0,3,3,1.000000,0.973031,0.026969,0.000000,0.020833,-0.020833,3,3,0,1.000000,0.200000,1,2,2,3,3,1.584963,1.584963,0.333333,0.333333
paper-140012-topk-3-depth-1,3,1,3,3,1.000000,0.973031,0.026969,0.000000,0.020833,-0.020833,31,26,5,1.192308,0.163265,8,23,18,8,6,2.594244,1.945998,0.290323,0.500000
paper-140012-topk-3-depth-2,3,2,3,3,1.000000,0.973031,0.026969,0.000000,0.020833,-0.020833,18118,3209,14909,5.645996,0.024352,507,17611,2702,38,27,1.944470,2.409311,0.636494,0.547834
paper-140012-topk-5-depth-0,5,0,5,5,1.000000,0.967956,0.032044,0.000000,0.006250,-0.006250,5,5,0,1.000000,0.111111,1,4,4,3,4,1.521928,1.921928,0.400000,0.400000
paper-140012-topk-5-depth-1,5,1,5,5,1.000000,0.967956,0.032044,0.000000,0.006250,-0.006250,47,41,6,1.146341,0.222222,16,31,25,9,7,2.503890,2.469058,0.297872,0.317073
paper-140012-topk-5-depth-2,5,2,5,5,1.000000,0.967956,0.032044,0.000000,0.006250,-0.006250,12231,9035,3196,1.353735,0.212705,3730,8501,5305,36,34,2.321269,2.518438,0.532745,0.464748
paper-140012-topk-10-depth-0,10,0,10,10,1.000000,0.961969,0.038031,0.000000,0.003059,-0.003059,10,10,0,1.000000,0.111111,2,8,8,6,8,2.446439,2.921928,0.300000,0.200000
paper-140012-topk-10-depth-1,10,1,10,10,1.000000,0.961969,0.038031,0.000000,0.003059,-0.003059,99,155,-56,0.638710,0.114035,26,73,129,10,12,2.600703,2.935234,0.343434,0.264516
paper-140012-topk-10-depth-2,10,2,10,10,1.000000,0.961969,0.038031,0.000000,0.003059,-0.003059,22799,26978,-4179,0.845096,0.333932,12461,10338,14517,36,37,2.319084,2.767628,0.514759,0.309363
paper-55196-topk-1-depth-0,1,0,1,1,1.000000,0.999896,0.000104,,,,1,1,0,1.000000,0.000000,0,1,1,1,1,0.000000,0.000000,1.000000,1.000000
paper-55196-topk-1-depth-1,1,1,1,1,1.000000,0.999896,0.000104,,,,16,27,-11,0.592593,0.000000,0,16,27,5,3,1.496641,1.501240,0.687500,0.444444
paper-55196-topk-1-depth-2,1,2,1,1,1.000000,0.999896,0.000104,,,,2323,4346,-2023,0.534514,0.027898,181,2142,4165,29,29,2.394153,2.105658,0.473095,0.420156
paper-55196-topk-3-depth-0,3,0,3,3,1.000000,0.983078,0.016922,0.000000,0.005747,-0.005747,3,3,0,1.000000,0.000000,0,3,3,2,3,0.918296,1.584963,0.666667,0.333333
paper-55196-topk-3-depth-1,3,1,3,3,1.000000,0.983078,0.016922,0.000000,0.005747,-0.005747,52,69,-17,0.753623,0.008333,1,51,68,12,6,2.419176,1.850804,0.480769,0.434783
paper-55196-topk-3-depth-2,3,2,3,3,1.000000,0.983078,0.016922,0.000000,0.005747,-0.005747,2783,10363,-7580,0.268552,0.049497,620,2163,9743,31,33,2.750341,2.328357,0.425440,0.423526
paper-55196-topk-5-depth-0,5,0,5,5,1.000000,0.979102,0.020898,0.000000,0.005570,-0.005570,5,5,0,1.000000,0.111111,1,4,4,3,3,1.370951,1.521928,0.600000,0.400000
paper-55196-topk-5-depth-1,5,1,5,5,1.000000,0.979102,0.020898,0.000000,0.005570,-0.005570,166,92,74,1.804348,0.131579,30,136,62,14,7,2.040247,2.032300,0.584337,0.445652
paper-55196-topk-5-depth-2,5,2,5,5,1.000000,0.979102,0.020898,0.000000,0.005570,-0.005570,19099,11110,7989,1.719082,0.319920,7322,11777,3788,38,34,2.644165,2.392467,0.350437,0.401350
paper-55196-topk-10-depth-0,10,0,10,10,1.000000,0.975508,0.024492,0.000000,0.005401,-0.005401,10,10,0,1.000000,0.052632,1,9,9,3,4,0.921928,1.760964,0.800000,0.500000
paper-55196-topk-10-depth-1,10,1,10,10,1.000000,0.975508,0.024492,0.000000,0.005401,-0.005401,210,200,10,1.050000,0.099196,37,173,163,19,10,2.210449,2.045382,0.561905,0.515000
paper-55196-topk-10-depth-2,10,2,10,10,1.000000,0.975508,0.024492,0.000000,0.005401,-0.005401,28476,23656,4820,1.203754,0.553489,18574,9902,5082,39,39,2.489398,2.612653,0.454734,0.369547
paper-127466-topk-1-depth-0,1,0,1,1,1.000000,0.999724,0.000276,,,,1,1,0,1.000000,0.000000,0,1,1,1,1,0.000000,0.000000,1.000000,1.000000
paper-127466-topk-1-depth-1,1,1,1,1,1.000000,0.999724,0.000276,,,,3,44,-41,0.068182,0.000000,0,3,44,1,5,0.000000,1.787138,1.000000,0.409091
paper-127466-topk-1-depth-2,1,2,1,1,1.000000,0.999724,0.000276,,,,16,16620,-16604,0.000963,0.000000,0,16,16620,2,35,0.696212,1.657155,0.812500,0.704753
paper-127466-topk-3-depth-0,3,0,3,3,1.000000,0.975880,0.024120,0.000000,0.020833,-0.020833,3,3,0,1.000000,0.000000,0,3,3,2,2,0.918296,0.918296,0.666667,0.666667
paper-127466-topk-3-depth-1,3,1,3,3,1.000000,0.975880,0.024120,0.000000,0.020833,-0.020833,56,53,3,1.056604,0.048077,5,51,48,5,5,0.863907,1.767184,0.857143,0.471698
paper-127466-topk-3-depth-2,3,2,3,3,1.000000,0.975880,0.024120,0.000000,0.020833,-0.020833,27299,19725,7574,1.383980,0.450239,14599,12700,5126,36,35,2.261454,1.791968,0.526136,0.661901
paper-127466-topk-5-depth-0,5,0,5,5,1.000000,0.970084,0.029916,0.000000,0.122960,-0.122960,5,5,0,1.000000,0.000000,0,5,5,3,3,1.370951,1.370951,0.600000,0.600000
paper-127466-topk-5-depth-1,5,1,5,5,1.000000,0.970084,0.029916,0.000000,0.122960,-0.122960,34,74,-40,0.459459,0.018868,2,32,72,9,5,1.828733,1.566111,0.676471,0.581081
paper-127466-topk-5-depth-2,5,2,5,5,1.000000,0.970084,0.029916,0.000000,0.122960,-0.122960,14030,30821,-16791,0.455209,0.430700,13502,528,17319,34,36,1.774256,2.250043,0.664505,0.531456
paper-127466-topk-10-depth-0,10,0,10,10,1.000000,0.965407,0.034593,0.000000,0.089330,-0.089330,10,10,0,1.000000,0.052632,1,9,9,5,3,2.170951,0.921928,0.300000,0.800000
paper-127466-topk-10-depth-1,10,1,10,10,1.000000,0.965407,0.034593,0.000000,0.089330,-0.089330,137,115,22,1.191304,0.105263,24,113,91,9,6,1.708900,1.355703,0.635036,0.686957
paper-127466-topk-10-depth-2,10,2,10,10,1.000000,0.965407,0.034593,0.000000,0.089330,-0.089330,20482,32424,-11942,0.631693,0.570470,19218,1264,13206,36,37,2.008794,2.303190,0.636412,0.521527
paper-5819-topk-1-depth-0,1,0,1,1,1.000000,0.998926,0.001074,,,,1,1,0,1.000000,0.000000,0,1,1,1,1,0.000000,0.000000,1.000000,1.000000
paper-5819-topk-1-depth-1,1,1,1,1,1.000000,0.998926,0.001074,,,,14,10,4,1.400000,0.000000,0,14,10,5,7,1.626689,2.521928,0.642857,0.400000
paper-5819-topk-1-depth-2,1,2,1,1,1.000000,0.998926,0.001074,,,,290,763,-473,0.380079,0.001903,2,288,761,20,22,3.393642,3.006950,0.224138,0.391874
paper-5819-topk-3-depth-0,3,0,3,3,1.000000,0.974404,0.025596,0.000000,0.018519,-0.018519,3,3,0,1.000000,0.500000,2,1,1,3,3,1.584963,1.584963,0.333333,0.333333
paper-5819-topk-3-depth-1,3,1,3,3,1.000000,0.974404,0.025596,0.000000,0.018519,-0.018519,27,34,-7,0.794118,0.648649,24,3,10,10,11,2.798261,3.021615,0.370370,0.294118
paper-5819-topk-3-depth-2,3,2,3,3,1.000000,0.974404,0.025596,0.000000,0.018519,-0.018519,1092,1428,-336,0.764706,0.715453,1051,41,377,27,29,3.486626,3.472440,0.319597,0.335434
paper-5819-topk-5-depth-0,5,0,5,5,1.000000,0.966461,0.033539,0.000000,0.017259,-0.017259,5,5,0,1.000000,0.250000,2,3,3,4,5,1.921928,2.321928,0.400000,0.200000
paper-5819-topk-5-depth-1,5,1,5,5,1.000000,0.966461,0.033539,0.000000,0.017259,-0.017259,40,59,-19,0.677966,0.320000,24,16,35,12,14,2.738845,3.137685,0.450000,0.305085
paper-5819-topk-5-depth-2,5,2,5,5,1.000000,0.966461,0.033539,0.000000,0.017259,-0.017259,1301,1616,-315,0.805074,0.568280,1057,244,559,28,31,3.669875,3.466914,0.279016,0.339728
paper-5819-topk-10-depth-0,10,0,10,10,1.000000,0.960030,0.039970,0.000000,0.045602,-0.045602,10,10,0,1.000000,0.176471,3,7,7,7,6,2.646439,2.160964,0.300000,0.500000
paper-5819-topk-10-depth-1,10,1,10,10,1.000000,0.960030,0.039970,0.000000,0.045602,-0.045602,61,104,-43,0.586538,0.195652,27,34,77,15,14,3.100807,2.817397,0.409836,0.432692
paper-5819-topk-10-depth-2,10,2,10,10,1.000000,0.960030,0.039970,0.000000,0.045602,-0.045602,1483,2069,-586,0.716771,0.445077,1094,389,975,28,31,3.784934,3.396549,0.247471,0.363944
paper-46356-topk-1-depth-0,1,0,1,1,1.000000,0.998044,0.001956,,,,1,1,0,1.000000,0.000000,0,1,1,1,1,0.000000,0.000000,1.000000,1.000000
paper-46356-topk-1-depth-1,1,1,1,1,1.000000,0.998044,0.001956,,,,28,9,19,3.111111,0.000000,0,28,9,4,3,1.098487,1.530493,0.750000,0.444444
paper-46356-topk-1-depth-2,1,2,1,1,1.000000,0.998044,0.001956,,,,16525,2540,13985,6.505906,0.043457,794,15731,1746,36,23,2.503342,2.041043,0.395582,0.585827
paper-46356-topk-3-depth-0,3,0,3,3,1.000000,0.982092,0.017908,0.000000,0.000000,0.000000,3,3,0,1.000000,0.500000,2,1,1,1,2,0.000000,0.918296,1.000000,0.666667
paper-46356-topk-3-depth-1,3,1,3,3,1.000000,0.982092,0.017908,0.000000,0.000000,0.000000,58,42,16,1.380952,0.587302,37,21,5,7,7,1.673404,1.785142,0.655172,0.642857
paper-46356-topk-3-depth-2,3,2,3,3,1.000000,0.982092,0.017908,0.000000,0.000000,0.000000,19307,18362,945,1.051465,0.943204,18284,1023,78,37,37,2.518454,2.484451,0.397783,0.413789
paper-46356-topk-5-depth-0,5,0,5,5,1.000000,0.977908,0.022092,0.000000,0.001961,-0.001961,5,5,0,1.000000,0.428571,3,2,2,3,2,1.370951,0.721928,0.600000,0.800000
paper-46356-topk-5-depth-1,5,1,5,5,1.000000,0.977908,0.022092,0.000000,0.001961,-0.001961,51,88,-37,0.579545,0.463158,44,7,44,8,8,1.924986,1.508878,0.627451,0.727273
paper-46356-topk-5-depth-2,5,2,5,5,1.000000,0.977908,0.022092,0.000000,0.001961,-0.001961,20411,22357,-1946,0.912958,0.798335,18986,1425,3371,37,37,2.521410,2.536566,0.413698,0.379836
paper-46356-topk-10-depth-0,10,0,10,10,1.000000,0.974604,0.025396,0.000000,0.011042,-0.011042,10,10,0,1.000000,0.176471,3,7,7,5,3,1.770951,0.921928,0.600000,0.800000
paper-46356-topk-10-depth-1,10,1,10,10,1.000000,0.974604,0.025396,0.000000,0.011042,-0.011042,105,294,-189,0.357143,0.159884,55,50,239,11,11,2.328013,2.086361,0.514286,0.374150
paper-46356-topk-10-depth-2,10,2,10,10,1.000000,0.974604,0.025396,0.000000,0.011042,-0.011042,27120,34935,-7815,0.776299,0.669626,24888,2232,10047,38,37,2.540682,2.457357,0.399853,0.445513
paper-16665-topk-1-depth-0,1,0,1,1,1.000000,0.999013,0.000987,,,,1,1,0,1.000000,1.000000,1,0,0,1,1,0.000000,0.000000,1.000000,1.000000
paper-16665-topk-1-depth-1,1,1,1,1,1.000000,0.999013,0.000987,,,,12,12,0,1.000000,1.000000,12,0,0,3,3,1.040852,1.040852,0.750000,0.750000
paper-16665-topk-1-depth-2,1,2,1,1,1.000000,0.999013,0.000987,,,,17221,17221,0,1.000000,1.000000,17221,0,0,35,35,2.226771,2.226771,0.498752,0.498752
paper-16665-topk-3-depth-0,3,0,3,3,1.000000,0.941058,0.058942,0.000000,0.025676,-0.025676,3,3,0,1.000000,0.000000,0,3,3,3,2,1.584963,0.918296,0.333333,0.666667
paper-16665-topk-3-depth-1,3,1,3,3,1.000000,0.941058,0.058942,0.000000,0.025676,-0.025676,42,49,-7,0.857143,0.045977,4,38,45,5,8,1.652758,2.062241,0.547619,0.428571
paper-16665-topk-3-depth-2,3,2,3,3,1.000000,0.941058,0.058942,0.000000,0.025676,-0.025676,29687,33333,-3646,0.890619,0.829743,28578,1109,4755,37,37,2.433613,2.478737,0.467612,0.442264
paper-16665-topk-5-depth-0,5,0,5,5,1.000000,0.929450,0.070550,0.000000,0.026943,-0.026943,5,5,0,1.000000,0.000000,0,5,5,3,2,1.370951,0.721928,0.600000,0.800000
paper-16665-topk-5-depth-1,5,1,5,5,1.000000,0.929450,0.070550,0.000000,0.026943,-0.026943,111,81,30,1.370370,0.078652,14,97,67,7,9,1.327633,1.867680,0.720721,0.555556
paper-16665-topk-5-depth-2,5,2,5,5,1.000000,0.929450,0.070550,0.000000,0.026943,-0.026943,33007,35283,-2276,0.935493,0.816803,30702,2305,4581,38,37,2.510494,2.468678,0.437816,0.448658
paper-16665-topk-10-depth-0,10,0,10,10,1.000000,0.920984,0.079016,0.000000,0.019352,-0.019352,10,10,0,1.000000,0.052632,1,9,9,6,3,2.160964,1.156780,0.500000,0.700000
paper-16665-topk-10-depth-1,10,1,10,10,1.000000,0.920984,0.079016,0.000000,0.019352,-0.019352,134,150,-16,0.893333,0.126984,32,102,118,10,11,1.831943,1.897635,0.634328,0.586667
paper-16665-topk-10-depth-2,10,2,10,10,1.000000,0.920984,0.079016,0.000000,0.019352,-0.019352,34481,37901,-3420,0.909765,0.817091,32548,1933,5353,39,39,2.543917,2.519413,0.428903,0.442126
paper-62917-topk-1-depth-0,1,0,1,1,1.000000,0.971699,0.028301,,,,1,1,0,1.000000,0.000000,0,1,1,1,1,0.000000,0.000000,1.000000,1.000000
paper-62917-topk-1-depth-1,1,1,1,1,1.000000,0.971699,0.028301,,,,10,2,8,5.000000,0.000000,0,10,2,4,2,1.685475,1.000000,0.500000,0.500000
paper-62917-topk-1-depth-2,1,2,1,1,1.000000,0.971699,0.028301,,,,154,6,148,25.666667,0.000000,0,154,6,12,3,2.668957,1.459148,0.292208,0.500000
paper-62917-topk-3-depth-0,3,0,3,3,1.000000,0.971442,0.028558,0.000000,0.000000,0.000000,3,3,0,1.000000,0.000000,0,3,3,3,3,1.584963,1.584963,0.333333,0.333333
paper-62917-topk-3-depth-1,3,1,3,3,1.000000,0.971442,0.028558,0.000000,0.000000,0.000000,21,9,12,2.333333,0.000000,0,21,9,5,4,2.110596,1.836592,0.333333,0.444444
paper-62917-topk-3-depth-2,3,2,3,3,1.000000,0.971442,0.028558,0.000000,0.000000,0.000000,198,33,165,6.000000,0.022124,5,193,28,14,6,2.912260,2.068733,0.277778,0.424242
paper-62917-topk-5-depth-0,5,0,5,5,1.000000,0.971469,0.028531,0.000000,0.016667,-0.016667,5,5,0,1.000000,0.000000,0,5,5,4,4,1.921928,1.921928,0.400000,0.400000
paper-62917-topk-5-depth-1,5,1,5,5,1.000000,0.971469,0.028531,0.000000,0.016667,-0.016667,32,16,16,2.000000,0.000000,0,32,16,6,6,2.216917,2.452820,0.281250,0.250000
paper-62917-topk-5-depth-2,5,2,5,5,1.000000,0.971469,0.028531,0.000000,0.016667,-0.016667,277,84,193,3.297619,0.040346,14,263,70,15,14,2.867675,3.189780,0.317690,0.226190
paper-62917-topk-10-depth-0,10,0,10,10,1.000000,0.969903,0.030097,0.000000,0.003704,-0.003704,10,10,0,1.000000,0.052632,1,9,9,6,6,2.370951,2.446439,0.300000,0.300000
paper-62917-topk-10-depth-1,10,1,10,10,1.000000,0.969903,0.030097,0.000000,0.003704,-0.003704,64,53,11,1.207547,0.103774,11,53,42,8,9,2.508434,2.790687,0.312500,0.264151
paper-62917-topk-10-depth-2,10,2,10,10,1.000000,0.969903,0.030097,0.000000,0.003704,-0.003704,437,445,-8,0.982022,0.316418,212,225,233,17,20,2.966284,3.145181,0.334096,0.249438
paper-167301-topk-1-depth-0,1,0,1,1,1.000000,0.957626,0.042374,,,,1,1,0,1.000000,0.000000,0,1,1,1,1,0.000000,0.000000,1.000000,1.000000
paper-167301-topk-1-depth-1,1,1,1,1,1.000000,0.957626,0.042374,,,,4,2,2,2.000000,0.000000,0,4,2,2,2,0.811278,1.000000,0.750000,0.500000
paper-167301-topk-1-depth-2,1,2,1,1,1.000000,0.957626,0.042374,,,,10,4,6,2.500000,0.000000,0,10,4,5,2,1.960964,0.811278,0.500000,0.750000
paper-167301-topk-3-depth-0,3,0,3,3,1.000000,0.955810,0.044190,0.000000,0.000000,0.000000,3,3,0,1.000000,0.000000,0,3,3,3,3,1.584963,1.584963,0.333333,0.333333
paper-167301-topk-3-depth-1,3,1,3,3,1.000000,0.955810,0.044190,0.000000,0.000000,0.000000,29,16,13,1.812500,0.000000,0,29,16,8,7,2.563314,2.271782,0.310345,0.437500
paper-167301-topk-3-depth-2,3,2,3,3,1.000000,0.955810,0.044190,0.000000,0.000000,0.000000,622,79,543,7.873418,0.001429,1,621,78,27,12,3.824182,2.995184,0.146302,0.278481
paper-167301-topk-5-depth-0,5,0,5,5,1.000000,0.954862,0.045138,0.000000,0.000000,0.000000,5,5,0,1.000000,0.111111,1,4,4,5,5,2.321928,2.321928,0.200000,0.200000
paper-167301-topk-5-depth-1,5,1,5,5,1.000000,0.954862,0.045138,0.000000,0.000000,0.000000,38,28,10,1.357143,0.137931,8,30,20,8,12,2.549787,3.221413,0.315789,0.250000
paper-167301-topk-5-depth-2,5,2,5,5,1.000000,0.954862,0.045138,0.000000,0.000000,0.000000,661,655,6,1.009160,0.731579,556,105,99,27,29,3.801850,3.979239,0.139183,0.152672
paper-167301-topk-10-depth-0,10,0,10,10,1.000000,0.953327,0.046673,0.000000,0.000000,0.000000,10,10,0,1.000000,0.111111,2,8,8,6,7,2.446439,2.646439,0.300000,0.300000
paper-167301-topk-10-depth-1,10,1,10,10,1.000000,0.953327,0.046673,0.000000,0.000000,0.000000,65,65,0,1.000000,0.181818,20,45,45,10,13,2.922121,3.187892,0.276923,0.230769
paper-167301-topk-10-depth-2,10,2,10,10,1.000000,0.953327,0.046673,0.000000,0.000000,0.000000,1572,863,709,1.821553,0.391429,685,887,178,34,30,3.714526,4.023673,0.232188,0.122827
paper-113663-topk-1-depth-0,1,0,1,1,1.000000,0.996496,0.003504,,,,1,1,0,1.000000,0.000000,0,1,1,1,1,0.000000,0.000000,1.000000,1.000000
paper-113663-topk-1-depth-1,1,1,1,1,1.000000,0.996496,0.003504,,,,10,12,-2,0.833333,0.000000,0,10,12,2,3,0.970951,1.188722,0.600000,0.666667
paper-113663-topk-1-depth-2,1,2,1,1,1.000000,0.996496,0.003504,,,,2498,23273,-20775,0.107335,0.029604,741,1757,22532,30,36,2.610049,2.349799,0.476381,0.483565
paper-113663-topk-3-depth-0,3,0,3,3,1.000000,0.975875,0.024125,0.000000,0.015504,-0.015504,3,3,0,1.000000,0.000000,0,3,3,3,2,1.584963,0.918296,0.333333,0.666667
paper-113663-topk-3-depth-1,3,1,3,3,1.000000,0.975875,0.024125,0.000000,0.015504,-0.015504,53,57,-4,0.929825,0.018519,2,51,55,4,6,1.696129,1.567269,0.509434,0.614035
paper-113663-topk-3-depth-2,3,2,3,3,1.000000,0.975875,0.024125,0.000000,0.015504,-0.015504,12972,30627,-17655,0.423548,0.265904,9158,3814,21469,36,37,2.710198,2.509695,0.408881,0.416887
paper-113663-topk-5-depth-0,5,0,5,5,1.000000,0.971681,0.028319,0.000000,0.004651,-0.004651,5,5,0,1.000000,0.000000,0,5,5,5,3,2.321928,1.521928,0.200000,0.400000
paper-113663-topk-5-depth-1,5,1,5,5,1.000000,0.971681,0.028319,0.000000,0.004651,-0.004651,61,75,-14,0.813333,0.014925,2,59,73,7,8,2.084447,1.667701,0.442623,0.613333
paper-113663-topk-5-depth-2,5,2,5,5,1.000000,0.971681,0.028319,0.000000,0.004651,-0.004651,13373,31670,-18297,0.422261,0.263655,9398,3975,22272,36,37,2.733492,2.507687,0.408510,0.419987
paper-113663-topk-10-depth-0,10,0,10,10,1.000000,0.967142,0.032858,0.000000,0.002596,-0.002596,10,10,0,1.000000,0.052632,1,9,9,8,5,2.846439,1.960964,0.300000,0.500000
paper-113663-topk-10-depth-1,10,1,10,10,1.000000,0.967142,0.032858,0.000000,0.002596,-0.002596,105,149,-44,0.704698,0.049587,12,93,137,10,10,2.266975,2.220585,0.533333,0.369128
paper-113663-topk-10-depth-2,10,2,10,10,1.000000,0.967142,0.032858,0.000000,0.002596,-0.002596,13826,36442,-22616,0.379397,0.286054,11181,2645,25261,36,38,2.825208,2.560086,0.396355,0.419790
paper-117708-topk-1-depth-0,1,0,1,1,1.000000,0.999672,0.000328,,,,1,1,0,1.000000,1.000000,1,0,0,1,1,0.000000,0.000000,1.000000,1.000000
paper-117708-topk-1-depth-1,1,1,1,1,1.000000,0.999672,0.000328,,,,4,4,0,1.000000,1.000000,4,0,0,1,1,0.000000,0.000000,1.000000,1.000000
paper-117708-topk-1-depth-2,1,2,1,1,1.000000,0.999672,0.000328,,,,88,88,0,1.000000,1.000000,88,0,0,2,2,0.156491,0.156491,0.977273,0.977273
paper-117708-topk-3-depth-0,3,0,3,3,1.000000,0.981895,0.018105,0.000000,0.000000,0.000000,3,3,0,1.000000,0.000000,0,3,3,1,1,0.000000,0.000000,1.000000,1.000000
paper-117708-topk-3-depth-1,3,1,3,3,1.000000,0.981895,0.018105,0.000000,0.000000,0.000000,12,30,-18,0.400000,0.050000,2,10,28,1,1,0.000000,0.000000,1.000000,1.000000
paper-117708-topk-3-depth-2,3,2,3,3,1.000000,0.981895,0.018105,0.000000,0.000000,0.000000,98,304,-206,0.322368,0.196429,66,32,238,2,3,0.082143,0.088982,0.989796,0.990132
paper-117708-topk-5-depth-0,5,0,5,5,1.000000,0.977158,0.022842,0.000000,0.033333,-0.033333,5,5,0,1.000000,0.111111,1,4,4,1,1,0.000000,0.000000,1.000000,1.000000
paper-117708-topk-5-depth-1,5,1,5,5,1.000000,0.977158,0.022842,0.000000,0.033333,-0.033333,22,33,-11,0.666667,0.100000,5,17,28,1,1,0.000000,0.000000,1.000000,1.000000
paper-117708-topk-5-depth-2,5,2,5,5,1.000000,0.977158,0.022842,0.000000,0.033333,-0.033333,170,310,-140,0.548387,0.191067,77,93,233,6,3,0.299753,0.087534,0.964706,0.990323
paper-117708-topk-10-depth-0,10,0,10,10,1.000000,0.972655,0.027345,0.000000,0.009259,-0.009259,10,10,0,1.000000,0.111111,2,8,8,1,1,0.000000,0.000000,1.000000,1.000000
paper-117708-topk-10-depth-1,10,1,10,10,1.000000,0.972655,0.027345,0.000000,0.009259,-0.009259,53,63,-10,0.841270,0.148515,15,38,48,1,2,0.000000,0.117595,1.000000,0.984127
paper-117708-topk-10-depth-2,10,2,10,10,1.000000,0.972655,0.027345,0.000000,0.009259,-0.009259,867,636,231,1.363208,0.283518,332,535,304,16,7,0.348145,0.265116,0.964245,0.968553
paper-55694-topk-1-depth-0,1,0,1,1,1.000000,0.999053,0.000947,,,,1,1,0,1.000000,0.000000,0,1,1,1,1,0.000000,0.000000,1.000000,1.000000
paper-55694-topk-1-depth-1,1,1,1,1,1.000000,0.999053,0.000947,,,,10,6,4,1.666667,0.000000,0,10,6,4,1,1.685475,0.000000,0.500000,1.000000
paper-55694-topk-1-depth-2,1,2,1,1,1.000000,0.999053,0.000947,,,,154,107,47,1.439252,0.000000,0,154,107,12,3,2.668957,0.260491,0.292208,0.962617
paper-55694-topk-3-depth-0,3,0,3,3,1.000000,0.977667,0.022333,0.000000,0.000000,0.000000,3,3,0,1.000000,0.000000,0,3,3,2,2,0.918296,0.918296,0.666667,0.666667
paper-55694-topk-3-depth-1,3,1,3,3,1.000000,0.977667,0.022333,0.000000,0.000000,0.000000,46,11,35,4.181818,0.000000,0,46,11,5,4,1.121783,1.277613,0.782609,0.727273
paper-55694-topk-3-depth-2,3,2,3,3,1.000000,0.977667,0.022333,0.000000,0.000000,0.000000,842,358,484,2.351955,0.024765,29,813,329,15,12,1.283546,0.744895,0.800475,0.905028
paper-55694-topk-5-depth-0,5,0,5,5,1.000000,0.973059,0.026941,0.000000,0.000000,0.000000,5,5,0,1.000000,0.250000,2,3,3,4,4,1.921928,1.921928,0.400000,0.400000
paper-55694-topk-5-depth-1,5,1,5,5,1.000000,0.973059,0.026941,0.000000,0.000000,0.000000,54,23,31,2.347826,0.203125,13,41,10,9,8,1.733835,2.418937,0.666667,0.347826
paper-55694-topk-5-depth-2,5,2,5,5,1.000000,0.973059,0.026941,0.000000,0.000000,0.000000,890,619,271,1.437803,0.156322,204,686,415,17,24,1.541609,2.523753,0.759551,0.528271
paper-55694-topk-10-depth-0,10,0,10,10,1.000000,0.969271,0.030729,0.000000,0.000000,0.000000,10,10,0,1.000000,0.250000,4,6,6,7,6,2.521928,2.160964,0.400000,0.500000
paper-55694-topk-10-depth-1,10,1,10,10,1.000000,0.969271,0.030729,0.000000,0.000000,0.000000,79,85,-6,0.929412,0.378151,45,34,40,11,12,2.265985,2.257283,0.556962,0.505882
paper-55694-topk-10-depth-2,10,2,10,10,1.000000,0.969271,0.030729,0.000000,0.000000,0.000000,1344,3848,-2504,0.349272,0.221072,940,404,2908,23,34,1.924077,2.826105,0.697917,0.338358
paper-7581-topk-1-depth-0,1,0,1,1,1.000000,0.953928,0.046072,,,,1,1,0,1.000000,0.000000,0,1,1,1,1,0.000000,0.000000,1.000000,1.000000
paper-7581-topk-1-depth-1,1,1,1,1,1.000000,0.953928,0.046072,,,,4,7,-3,0.571429,0.000000,0,4,7,3,1,1.500000,0.000000,0.500000,1.000000
paper-7581-topk-1-depth-2,1,2,1,1,1.000000,0.953928,0.046072,,,,210,807,-597,0.260223,0.000000,0,210,807,18,20,2.573239,2.367167,0.352381,0.495663
paper-7581-topk-3-depth-0,3,0,3,3,1.000000,0.953447,0.046553,0.000000,0.000000,0.000000,3,3,0,1.000000,0.000000,0,3,3,3,3,1.584963,1.584963,0.333333,0.333333
paper-7581-topk-3-depth-1,3,1,3,3,1.000000,0.953447,0.046553,0.000000,0.000000,0.000000,11,18,-7,0.611111,0.000000,0,11,18,4,7,1.980826,2.369571,0.272727,0.388889
paper-7581-topk-3-depth-2,3,2,3,3,1.000000,0.953447,0.046553,0.000000,0.000000,0.000000,102,1012,-910,0.100791,0.000000,0,102,1012,15,23,3.093709,2.566639,0.264706,0.397233
paper-7581-topk-5-depth-0,5,0,5,5,1.000000,0.962777,0.037223,0.000000,0.000000,0.000000,5,5,0,1.000000,0.000000,0,5,5,4,5,1.921928,2.321928,0.400000,0.200000
paper-7581-topk-5-depth-1,5,1,5,5,1.000000,0.962777,0.037223,0.000000,0.000000,0.000000,50,26,24,1.923077,0.000000,0,50,26,9,7,1.793270,2.655776,0.640000,0.269231
paper-7581-topk-5-depth-2,5,2,5,5,1.000000,0.962777,0.037223,0.000000,0.000000,0.000000,219,1139,-920,0.192274,0.000737,1,218,1138,16,27,2.634876,3.006240,0.415525,0.353819
paper-7581-topk-10-depth-0,10,0,10,10,1.000000,0.958063,0.041937,0.000000,0.000000,0.000000,10,10,0,1.000000,0.111111,2,8,8,8,7,2.921928,2.646439,0.200000,0.300000
paper-7581-topk-10-depth-1,10,1,10,10,1.000000,0.958063,0.041937,0.000000,0.000000,0.000000,76,85,-9,0.894118,0.095238,14,62,71,10,17,2.493566,3.351464,0.434211,0.317647
paper-7581-topk-10-depth-2,10,2,10,10,1.000000,0.958063,0.041937,0.000000,0.000000,0.000000,531,1759,-1228,0.301876,0.129191,262,269,1497,21,30,3.144051,3.613560,0.269303,0.231381
paper-63500-topk-1-depth-0,1,0,1,1,1.000000,0.999763,0.000237,,,,1,1,0,1.000000,0.000000,0,1,1,1,1,0.000000,0.000000,1.000000,1.000000
paper-63500-topk-1-depth-1,1,1,1,1,1.000000,0.999763,0.000237,,,,22,11,11,2.000000,0.031250,1,21,10,2,2,0.574636,0.439497,0.863636,0.909091
paper-63500-topk-1-depth-2,1,2,1,1,1.000000,0.999763,0.000237,,,,29564,14312,15252,2.065679,0.443100,13472,16092,840,36,37,2.254810,2.589518,0.536463,0.356764
paper-63500-topk-3-depth-0,3,0,3,3,1.000000,0.980766,0.019234,0.000000,0.008318,-0.008318,3,3,0,1.000000,0.000000,0,3,3,3,3,1.584963,1.584963,0.333333,0.333333
paper-63500-topk-3-depth-1,3,1,3,3,1.000000,0.980766,0.019234,0.000000,0.008318,-0.008318,39,114,-75,0.342105,0.020000,3,36,111,7,5,2.227425,1.503695,0.410256,0.508772
paper-63500-topk-3-depth-2,3,2,3,3,1.000000,0.980766,0.019234,0.000000,0.008318,-0.008318,25281,30408,-5127,0.831393,0.655194,22044,3237,8364,36,37,2.459780,2.431901,0.420790,0.440410
paper-63500-topk-5-depth-0,5,0,5,5,1.000000,0.974558,0.025442,0.000000,0.012626,-0.012626,5,5,0,1.000000,0.000000,0,5,5,4,3,1.921928,1.521928,0.400000,0.400000
paper-63500-topk-5-depth-1,5,1,5,5,1.000000,0.974558,0.025442,0.000000,0.012626,-0.012626,44,165,-121,0.266667,0.024510,5,39,160,9,5,2.369165,1.607570,0.431818,0.466667
paper-63500-topk-5-depth-2,5,2,5,5,1.000000,0.974558,0.025442,0.000000,0.012626,-0.012626,25822,36598,-10776,0.705558,0.669564,25033,789,11565,36,37,2.489190,2.410508,0.412516,0.467922
paper-63500-topk-10-depth-0,10,0,10,10,1.000000,0.969163,0.030837,0.000000,0.014318,-0.014318,10,10,0,1.000000,0.052632,1,9,9,6,5,2.521928,2.046439,0.200000,0.400000
paper-63500-topk-10-depth-1,10,1,10,10,1.000000,0.969163,0.030837,0.000000,0.014318,-0.014318,138,216,-78,0.638889,0.066265,22,116,194,13,9,2.674588,2.115862,0.297101,0.384259
paper-63500-topk-10-depth-2,10,2,10,10,1.000000,0.969163,0.030837,0.000000,0.014318,-0.014318,38326,38414,-88,0.997709,0.785731,33766,4560,4648,38,38,2.550999,2.490780,0.431222,0.449914
paper-105040-topk-1-depth-0,1,0,1,1,1.000000,0.999879,0.000121,,,,1,1,0,1.000000,0.000000,0,1,1,1,1,0.000000,0.000000,1.000000,1.000000
paper-105040-topk-1-depth-1,1,1,1,1,1.000000,0.999879,0.000121,,,,19,30,-11,0.633333,0.020833,1,18,29,3,6,0.590724,1.604936,0.894737,0.600000
paper-105040-topk-1-depth-2,1,2,1,1,1.000000,0.999879,0.000121,,,,14102,22149,-8047,0.636688,0.544173,12775,1327,9374,33,37,1.862927,2.410755,0.643526,0.422638
paper-105040-topk-3-depth-0,3,0,3,3,1.000000,0.980254,0.019746,0.000000,0.028772,-0.028772,3,3,0,1.000000,0.000000,0,3,3,3,2,1.584963,0.918296,0.333333,0.666667
paper-105040-topk-3-depth-1,3,1,3,3,1.000000,0.980254,0.019746,0.000000,0.028772,-0.028772,34,67,-33,0.507463,0.010000,1,33,66,7,8,2.125517,1.664386,0.500000,0.537313
paper-105040-topk-3-depth-2,3,2,3,3,1.000000,0.980254,0.019746,0.000000,0.028772,-0.028772,16694,30948,-14254,0.539421,0.470931,15253,1441,15695,36,37,2.208957,2.502954,0.549898,0.417539
paper-105040-topk-5-depth-0,5,0,5,5,1.000000,0.975375,0.024625,0.000000,0.031474,-0.031474,5,5,0,1.000000,0.250000,2,3,3,3,3,1.370951,1.521928,0.600000,0.400000
paper-105040-topk-5-depth-1,5,1,5,5,1.000000,0.975375,0.024625,0.000000,0.031474,-0.031474,99,120,-21,0.825000,0.360248,58,41,62,10,10,1.871299,1.979607,0.626263,0.508333
paper-105040-topk-5-depth-2,5,2,5,5,1.000000,0.975375,0.024625,0.000000,0.031474,-0.031474,33079,32928,151,1.004586,0.786822,29066,4013,3862,37,37,2.387839,2.522240,0.476314,0.409014
paper-105040-topk-10-depth-0,10,0,10,10,1.000000,0.971261,0.028739,0.000301,0.020095,-0.019794,10,10,0,1.000000,0.176471,3,7,7,6,4,2.160964,1.721928,0.500000,0.400000
paper-105040-topk-10-depth-1,10,1,10,10,1.000000,0.971261,0.028739,0.000301,0.020095,-0.019794,258,269,-11,0.959108,0.158242,72,186,197,13,11,1.559196,1.913635,0.740310,0.464684
paper-105040-topk-10-depth-2,10,2,10,10,1.000000,0.971261,0.028739,0.000301,0.020095,-0.019794,38235,37170,1065,1.028652,0.829286,34184,4051,2986,38,38,2.480901,2.522785,0.461122,0.419935
paper-121550-topk-1-depth-0,1,0,1,1,1.000000,0.999893,0.000107,,,,1,1,0,1.000000,0.000000,0,1,1,1,1,0.000000,0.000000,1.000000,1.000000
paper-121550-topk-1-depth-1,1,1,1,1,1.000000,0.999893,0.000107,,,,8,6,2,1.333333,0.000000,0,8,6,2,3,0.543564,1.459148,0.875000,0.500000
paper-121550-topk-1-depth-2,1,2,1,1,1.000000,0.999893,0.000107,,,,20,49,-29,0.408163,0.000000,0,20,49,4,5,1.021928,1.743416,0.800000,0.469388
paper-121550-topk-3-depth-0,3,0,3,3,1.000000,0.975042,0.024958,0.000000,0.000000,0.000000,3,3,0,1.000000,0.200000,1,2,2,3,3,1.584963,1.584963,0.333333,0.333333
paper-121550-topk-3-depth-1,3,1,3,3,1.000000,0.975042,0.024958,0.000000,0.000000,0.000000,28,23,5,1.217391,0.186047,8,20,15,4,8,1.626166,2.614164,0.428571,0.304348
paper-121550-topk-3-depth-2,3,2,3,3,1.000000,0.975042,0.024958,0.000000,0.000000,0.000000,160,24027,-23867,0.006659,0.000828,20,140,24007,10,38,1.898312,2.414890,0.506250,0.453240
paper-121550-topk-5-depth-0,5,0,5,5,1.000000,0.969157,0.030843,0.000000,0.000000,0.000000,5,5,0,1.000000,0.250000,2,3,3,4,5,1.921928,2.321928,0.400000,0.200000
paper-121550-topk-5-depth-1,5,1,5,5,1.000000,0.969157,0.030843,0.000000,0.000000,0.000000,64,54,10,1.185185,0.113208,12,52,42,7,11,2.147966,2.667663,0.453125,0.444444
paper-121550-topk-5-depth-2,5,2,5,5,1.000000,0.969157,0.030843,0.000000,0.000000,0.000000,698,24375,-23677,0.028636,0.009421,234,464,24141,18,39,2.725667,2.480294,0.320917,0.446769
paper-121550-topk-10-depth-0,10,0,10,10,1.000000,0.963333,0.036667,0.000000,0.000000,0.000000,10,10,0,1.000000,0.111111,2,8,8,7,7,2.721928,2.721928,0.200000,0.200000
paper-121550-topk-10-depth-1,10,1,10,10,1.000000,0.963333,0.036667,0.000000,0.000000,0.000000,84,88,-4,0.954545,0.075000,12,72,76,15,14,3.288658,3.141661,0.214286,0.284091
paper-121550-topk-10-depth-2,10,2,10,10,1.000000,0.963333,0.036667,0.000000,0.000000,0.000000,1174,24514,-23340,0.047891,0.010106,257,917,24257,31,39,3.450054,2.506265,0.210392,0.444440
paper-143658-topk-1-depth-0,1,0,1,1,1.000000,0.948420,0.051580,,,,1,1,0,1.000000,0.000000,0,1,1,1,1,0.000000,0.000000,1.000000,1.000000
paper-143658-topk-1-depth-1,1,1,1,1,1.000000,0.948420,0.051580,,,,9,14,-5,0.642857,0.000000,0,9,14,1,1,0.000000,0.000000,1.000000,1.000000
paper-143658-topk-1-depth-2,1,2,1,1,1.000000,0.948420,0.051580,,,,175,569,-394,0.307557,0.008130,6,169,563,3,15,0.140825,1.237985,0.982857,0.797891
paper-143658-topk-3-depth-0,3,0,3,3,1.000000,0.970654,0.029346,0.000000,0.000000,0.000000,3,3,0,1.000000,0.000000,0,3,3,3,3,1.584963,1.584963,0.333333,0.333333
paper-143658-topk-3-depth-1,3,1,3,3,1.000000,0.970654,0.029346,0.000000,0.000000,0.000000,107,25,82,4.280000,0.000000,0,107,25,6,7,2.141027,2.370699,0.355140,0.400000
paper-143658-topk-3-depth-2,3,2,3,3,1.000000,0.970654,0.029346,0.000000,0.000000,0.000000,23868,463,23405,51.550756,0.001441,35,23833,428,38,20,2.466762,2.699674,0.492249,0.328294
paper-143658-topk-5-depth-0,5,0,5,5,1.000000,0.962270,0.037730,0.000000,0.000000,0.000000,5,5,0,1.000000,0.000000,0,5,5,4,3,1.921928,1.521928,0.400000,0.400000
paper-143658-topk-5-depth-1,5,1,5,5,1.000000,0.962270,0.037730,0.000000,0.000000,0.000000,57,40,17,1.425000,0.000000,0,57,40,7,7,1.896794,2.135479,0.491228,0.525000
paper-143658-topk-5-depth-2,5,2,5,5,1.000000,0.962270,0.037730,0.000000,0.000000,0.000000,23911,661,23250,36.173979,0.001222,30,23881,631,37,24,2.392948,2.532142,0.499519,0.405446
paper-143658-topk-10-depth-0,10,0,10,10,1.000000,0.955234,0.044766,0.000000,0.004444,-0.004444,10,10,0,1.000000,0.052632,1,9,9,4,5,1.570951,1.960964,0.600000,0.500000
paper-143658-topk-10-depth-1,10,1,10,10,1.000000,0.955234,0.044766,0.000000,0.004444,-0.004444,163,77,86,2.116883,0.008403,2,161,75,12,10,2.569612,1.965765,0.398773,0.636364
paper-143658-topk-10-depth-2,10,2,10,10,1.000000,0.955234,0.044766,0.000000,0.004444,-0.004444,28994,1654,27340,17.529625,0.005479,167,28827,1487,39,29,2.632893,2.169271,0.439194,0.594317
paper-38425-topk-1-depth-0,1,0,1,1,1.000000,0.995943,0.004057,,,,1,1,0,1.000000,0.000000,0,1,1,1,1,0.000000,0.000000,1.000000,1.000000
paper-38425-topk-1-depth-1,1,1,1,1,1.000000,0.995943,0.004057,,,,2,4,-2,0.500000,0.000000,0,2,4,1,1,0.000000,0.000000,1.000000,1.000000
paper-38425-topk-1-depth-2,1,2,1,1,1.000000,0.995943,0.004057,,,,49,3405,-3356,0.014391,0.010532,36,13,3369,2,23,0.143726,0.954632,0.979592,0.856388
paper-38425-topk-3-depth-0,3,0,3,3,1.000000,0.980251,0.019749,0.000000,0.000000,0.000000,3,3,0,1.000000,0.000000,0,3,3,1,1,0.000000,0.000000,1.000000,1.000000
paper-38425-topk-3-depth-1,3,1,3,3,1.000000,0.980251,0.019749,0.000000,0.000000,0.000000,18,15,3,1.200000,0.064516,2,16,13,1,3,0.000000,0.699843,1.000000,0.866667
paper-38425-topk-3-depth-2,3,2,3,3,1.000000,0.980251,0.019749,0.000000,0.000000,0.000000,9887,12234,-2347,0.808158,0.415472,6493,3394,5741,34,33,1.403442,1.482316,0.784768,0.756580
paper-38425-topk-5-depth-0,5,0,5,5,1.000000,0.976026,0.023974,0.000000,0.015476,-0.015476,5,5,0,1.000000,0.000000,0,5,5,1,1,0.000000,0.000000,1.000000,1.000000
paper-38425-topk-5-depth-1,5,1,5,5,1.000000,0.976026,0.023974,0.000000,0.015476,-0.015476,66,46,20,1.434783,0.056604,6,60,40,4,3,0.420755,0.407706,0.939394,0.934783
paper-38425-topk-5-depth-2,5,2,5,5,1.000000,0.976026,0.023974,0.000000,0.015476,-0.015476,30071,16558,13513,1.816101,0.492653,15390,14681,1168,37,35,2.248055,1.594965,0.542849,0.736140
paper-38425-topk-10-depth-0,10,0,10,10,1.000000,0.972065,0.027935,0.000000,0.008213,-0.008213,10,10,0,1.000000,0.111111,2,8,8,3,3,1.295462,0.921928,0.600000,0.800000
paper-38425-topk-10-depth-1,10,1,10,10,1.000000,0.972065,0.027935,0.000000,0.008213,-0.008213,95,101,-6,0.940594,0.195122,32,63,69,5,6,1.185115,1.082849,0.684211,0.801980
paper-38425-topk-10-depth-2,10,2,10,10,1.000000,0.972065,0.027935,0.000000,0.008213,-0.008213,29091,22135,6956,1.314253,0.536934,17896,11195,4239,36,36,2.259090,1.905818,0.531161,0.660809
paper-152028-topk-1-depth-0,1,0,1,1,1.000000,0.999882,0.000118,,,,1,1,0,1.000000,0.000000,0,1,1,1,1,0.000000,0.000000,1.000000,1.000000
paper-152028-topk-1-depth-1,1,1,1,1,1.000000,0.999882,0.000118,,,,10,30,-20,0.333333,0.081081,3,7,27,2,3,0.721928,0.811848,0.800000,0.833333
paper-152028-topk-1-depth-2,1,2,1,1,1.000000,0.999882,0.000118,,,,16513,17085,-572,0.966520,0.686731,13679,2834,3406,36,36,2.389300,2.573599,0.458729,0.358794
paper-152028-topk-3-depth-0,3,0,3,3,1.000000,0.983118,0.016882,0.000000,0.082625,-0.082625,3,3,0,1.000000,0.000000,0,3,3,2,1,0.918296,0.000000,0.666667,1.000000
paper-152028-topk-3-depth-1,3,1,3,3,1.000000,0.983118,0.016882,0.000000,0.082625,-0.082625,57,46,11,1.239130,0.072917,7,50,39,6,3,1.461036,0.746598,0.666667,0.847826
paper-152028-topk-3-depth-2,3,2,3,3,1.000000,0.983118,0.016882,0.000000,0.082625,-0.082625,31198,20119,11079,1.550673,0.536207,17912,13286,2207,37,37,2.413451,2.465636,0.485608,0.424425
paper-152028-topk-5-depth-0,5,0,5,5,1.000000,0.979249,0.020751,0.002381,0.090133,-0.087752,5,5,0,1.000000,0.000000,0,5,5,2,2,0.721928,0.721928,0.800000,0.800000
paper-152028-topk-5-depth-1,5,1,5,5,1.000000,0.979249,0.020751,0.002381,0.090133,-0.087752,95,74,21,1.283784,0.083333,13,82,61,9,7,1.790815,1.527304,0.621053,0.662162
paper-152028-topk-5-depth-2,5,2,5,5,1.000000,0.979249,0.020751,0.002381,0.090133,-0.087752,32673,34133,-1460,0.957226,0.778505,29243,3430,4890,38,38,2.453635,2.504204,0.474031,0.452700
paper-152028-topk-10-depth-0,10,0,10,10,1.000000,0.975659,0.024341,0.000393,0.066261,-0.065868,10,10,0,1.000000,0.000000,0,10,10,3,2,0.921928,0.468996,0.800000,0.900000
paper-152028-topk-10-depth-1,10,1,10,10,1.000000,0.975659,0.024341,0.000393,0.066261,-0.065868,345,153,192,2.254902,0.061834,29,316,124,13,10,1.036963,1.417294,0.840580,0.745098
paper-152028-topk-10-depth-2,10,2,10,10,1.000000,0.975659,0.024341,0.000393,0.066261,-0.065868,39780,37455,2325,1.062074,0.785326,33974,5806,3481,38,38,2.454766,2.532365,0.473203,0.442424
paper-147351-topk-1-depth-0,1,0,1,1,1.000000,0.953652,0.046348,,,,1,1,0,1.000000,0.000000,0,1,1,1,1,0.000000,0.000000,1.000000,1.000000
paper-147351-topk-1-depth-1,1,1,1,1,1.000000,0.953652,0.046348,,,,10,6,4,1.666667,0.000000,0,10,6,1,2,0.000000,0.918296,1.000000,0.666667
paper-147351-topk-1-depth-2,1,2,1,1,1.000000,0.953652,0.046348,,,,76,32,44,2.375000,0.000000,0,76,32,6,5,1.116045,2.044872,0.789474,0.437500
paper-147351-topk-3-depth-0,3,0,3,3,1.000000,0.954549,0.045451,0.000000,0.000000,0.000000,3,3,0,1.000000,0.200000,1,2,2,3,3,1.584963,1.584963,0.333333,0.333333
paper-147351-topk-3-depth-1,3,1,3,3,1.000000,0.954549,0.045451,0.000000,0.000000,0.000000,14,42,-28,0.333333,0.120000,6,8,36,5,9,2.270942,2.551069,0.285714,0.357143
paper-147351-topk-3-depth-2,3,2,3,3,1.000000,0.954549,0.045451,0.000000,0.000000,0.000000,73,1073,-1000,0.068034,0.032432,36,37,1037,12,29,3.184346,3.065985,0.219178,0.282386
paper-147351-topk-5-depth-0,5,0,5,5,1.000000,0.956151,0.043849,0.000000,0.000000,0.000000,5,5,0,1.000000,0.111111,1,4,4,5,5,2.321928,2.321928,0.200000,0.200000
paper-147351-topk-5-depth-1,5,1,5,5,1.000000,0.956151,0.043849,0.000000,0.000000,0.000000,19,45,-26,0.422222,0.103448,6,13,39,8,9,2.905308,2.749364,0.210526,0.244444
paper-147351-topk-5-depth-2,5,2,5,5,1.000000,0.956151,0.043849,0.000000,0.000000,0.000000,342,854,-512,0.400468,0.028375,33,309,821,15,29,2.241836,3.041834,0.447368,0.269321
paper-147351-topk-10-depth-0,10,0,10,10,1.000000,0.957296,0.042704,0.000000,0.000000,0.000000,10,10,0,1.000000,0.052632,1,9,9,9,10,3.121928,3.321928,0.200000,0.100000
paper-147351-topk-10-depth-1,10,1,10,10,1.000000,0.957296,0.042704,0.000000,0.000000,0.000000,60,72,-12,0.833333,0.081967,10,50,62,15,12,3.452441,3.355463,0.216667,0.180556
paper-147351-topk-10-depth-2,10,2,10,10,1.000000,0.957296,0.042704,0.000000,0.000000,0.000000,18201,1406,16795,12.945235,0.007502,146,18055,1260,38,30,2.653022,3.401626,0.308445,0.270270
paper-141447-topk-1-depth-0,1,0,1,1,1.000000,0.998790,0.001210,,,,1,1,0,1.000000,0.000000,0,1,1,1,1,0.000000,0.000000,1.000000,1.000000
paper-141447-topk-1-depth-1,1,1,1,1,1.000000,0.998790,0.001210,,,,13,9,4,1.444444,0.047619,1,12,8,4,3,1.669180,1.392147,0.538462,0.444444
paper-141447-topk-1-depth-2,1,2,1,1,1.000000,0.998790,0.001210,,,,191,110,81,1.736364,0.243802,59,132,51,12,10,2.300727,2.062332,0.528796,0.463636
paper-141447-topk-3-depth-0,3,0,3,3,1.000000,0.976028,0.023972,0.000000,0.033333,-0.033333,3,3,0,1.000000,0.000000,0,3,3,1,3,0.000000,1.584963,1.000000,0.333333
paper-141447-topk-3-depth-1,3,1,3,3,1.000000,0.976028,0.023972,0.000000,0.033333,-0.033333,30,14,16,2.142857,0.023256,1,29,13,5,3,1.703170,1.492614,0.466667,0.500000
paper-141447-topk-3-depth-2,3,2,3,3,1.000000,0.976028,0.023972,0.000000,0.033333,-0.033333,300,120,180,2.500000,0.173184,62,238,58,17,10,2.672748,2.032574,0.470000,0.483333
paper-141447-topk-5-depth-0,5,0,5,5,1.000000,0.970979,0.029021,0.000000,0.010000,-0.010000,5,5,0,1.000000,0.000000,0,5,5,1,4,0.000000,1.921928,1.000000,0.400000
paper-141447-topk-5-depth-1,5,1,5,5,1.000000,0.970979,0.029021,0.000000,0.010000,-0.010000,40,32,8,1.250000,0.014085,1,39,31,7,7,1.895746,2.259083,0.525000,0.437500
paper-141447-topk-5-depth-2,5,2,5,5,1.000000,0.970979,0.029021,0.000000,0.010000,-0.010000,487,318,169,1.531447,0.084906,63,424,255,18,17,2.658687,3.094686,0.486653,0.267296
paper-141447-topk-10-depth-0,10,0,10,10,1.000000,0.966412,0.033588,0.000000,0.003392,-0.003392,10,10,0,1.000000,0.000000,0,10,10,4,5,1.356780,1.960964,0.700000,0.500000
paper-141447-topk-10-depth-1,10,1,10,10,1.000000,0.966412,0.033588,0.000000,0.003392,-0.003392,109,61,48,1.786885,0.062500,10,99,51,12,11,2.563543,2.654720,0.458716,0.426230
paper-141447-topk-10-depth-2,10,2,10,10,1.000000,0.966412,0.033588,0.000000,0.003392,-0.003392,1511,911,600,1.658617,0.170048,352,1159,559,27,28,2.718337,3.255712,0.363997,0.245884
paper-98308-topk-1-depth-0,1,0,1,1,1.000000,0.999684,0.000316,,,,1,1,0,1.000000,0.000000,0,1,1,1,1,0.000000,0.000000,1.000000,1.000000
paper-98308-topk-1-depth-1,1,1,1,1,1.000000,0.999684,0.000316,,,,67,18,49,3.722222,0.000000,0,67,18,2,1,0.382958,0.000000,0.925373,1.000000
paper-98308-topk-1-depth-2,1,2,1,1,1.000000,0.999684,0.000316,,,,1601,536,1065,2.986940,0.073869,147,1454,389,11,8,0.739532,0.746150,0.851968,0.847015
paper-98308-topk-3-depth-0,3,0,3,3,1.000000,0.981173,0.018827,0.000000,0.080087,-0.080087,3,3,0,1.000000,0.000000,0,3,3,1,1,0.000000,0.000000,1.000000,1.000000
paper-98308-topk-3-depth-1,3,1,3,3,1.000000,0.981173,0.018827,0.000000,0.080087,-0.080087,85,43,42,1.976744,0.007874,1,84,42,3,2,0.413999,0.271390,0.929412,0.953488
paper-98308-topk-3-depth-2,3,2,3,3,1.000000,0.981173,0.018827,0.000000,0.080087,-0.080087,2032,1687,345,1.204505,0.292217,841,1191,846,19,13,0.853463,0.929400,0.856791,0.794309
paper-98308-topk-5-depth-0,5,0,5,5,1.000000,0.976681,0.023319,0.000000,0.024026,-0.024026,5,5,0,1.000000,0.000000,0,5,5,1,1,0.000000,0.000000,1.000000,1.000000
paper-98308-topk-5-depth-1,5,1,5,5,1.000000,0.976681,0.023319,0.000000,0.024026,-0.024026,102,53,49,1.924528,0.047297,7,95,46,3,2,0.360994,0.231813,0.941176,0.962264
paper-98308-topk-5-depth-2,5,2,5,5,1.000000,0.976681,0.023319,0.000000,0.024026,-0.024026,2920,2494,426,1.170810,0.524212,1862,1058,632,21,15,0.772154,0.813928,0.876027,0.837209
paper-98308-topk-10-depth-0,10,0,10,10,1.000000,0.973104,0.026896,0.000000,0.014369,-0.014369,10,10,0,1.000000,0.000000,0,10,10,2,1,0.468996,0.000000,0.900000,1.000000
paper-98308-topk-10-depth-1,10,1,10,10,1.000000,0.973104,0.026896,0.000000,0.014369,-0.014369,112,97,15,1.154639,0.071795,14,98,83,4,3,0.602757,0.391569,0.892857,0.938144
paper-98308-topk-10-depth-2,10,2,10,10,1.000000,0.973104,0.026896,0.000000,0.014369,-0.014369,3882,3083,799,1.259163,0.537188,2434,1448,649,22,23,0.996463,1.027898,0.821999,0.812196
paper-41606-topk-1-depth-0,1,0,1,1,1.000000,0.937230,0.062770,,,,1,1,0,1.000000,0.000000,0,1,1,1,1,0.000000,0.000000,1.000000,1.000000
paper-41606-topk-1-depth-1,1,1,1,1,1.000000,0.937230,0.062770,,,,7,5,2,1.400000,0.000000,0,7,5,4,3,1.842371,1.521928,0.428571,0.400000
paper-41606-topk-1-depth-2,1,2,1,1,1.000000,0.937230,0.062770,,,,67,17762,-17695,0.003772,0.000168,3,64,17759,15,36,3.238551,2.169700,0.268657,0.526461
paper-41606-topk-3-depth-0,3,0,3,3,1.000000,0.935158,0.064842,0.000000,0.000000,0.000000,3,3,0,1.000000,0.200000,1,2,2,2,2,0.918296,0.918296,0.666667,0.666667
paper-41606-topk-3-depth-1,3,1,3,3,1.000000,0.935158,0.064842,0.000000,0.000000,0.000000,42,14,28,3.000000,0.056604,3,39,11,12,6,2.847394,2.270942,0.333333,0.428571
paper-41606-topk-3-depth-2,3,2,3,3,1.000000,0.935158,0.064842,0.000000,0.000000,0.000000,1313,17915,-16602,0.073291,0.040814,754,559,17161,35,36,3.112221,2.197999,0.311500,0.522188
paper-41606-topk-5-depth-0,5,0,5,5,1.000000,0.947594,0.052406,0.000000,0.006667,-0.006667,5,5,0,1.000000,0.111111,1,4,4,2,3,0.721928,1.521928,0.800000,0.400000
paper-41606-topk-5-depth-1,5,1,5,5,1.000000,0.947594,0.052406,0.000000,0.006667,-0.006667,54,57,-3,0.947368,0.405063,32,22,25,14,12,2.715341,2.917223,0.462963,0.263158
paper-41606-topk-5-depth-2,5,2,5,5,1.000000,0.947594,0.052406,0.000000,0.006667,-0.006667,1651,18707,-17056,0.088256,0.063914,1223,428,17484,37,38,3.281332,2.299425,0.294973,0.504838
paper-41606-topk-10-depth-0,10,0,10,10,1.000000,0.939490,0.060510,0.000000,0.004304,-0.004304,10,10,0,1.000000,0.111111,2,8,8,3,3,0.921928,1.370951,0.800000,0.600000
paper-41606-topk-10-depth-1,10,1,10,10,1.000000,0.939490,0.060510,0.000000,0.004304,-0.004304,80,89,-9,0.898876,0.330709,42,38,47,16,14,2.878463,2.955547,0.425000,0.337079
paper-41606-topk-10-depth-2,10,2,10,10,1.000000,0.939490,0.060510,0.000000,0.004304,-0.004304,13335,23763,-10428,0.561167,0.550596,13173,162,10590,37,39,2.021692,2.288093,0.649569,0.537727
paper-81438-topk-1-depth-0,1,0,1,1,1.000000,0.999805,0.000195,,,,1,1,0,1.000000,0.000000,0,1,1,1,1,0.000000,0.000000,1.000000,1.000000
paper-81438-topk-1-depth-1,1,1,1,1,1.000000,0.999805,0.000195,,,,33,7,26,4.714286,0.052632,2,31,5,2,2,0.195909,0.591673,0.969697,0.857143
paper-81438-topk-1-depth-2,1,2,1,1,1.000000,0.999805,0.000195,,,,755,711,44,1.061885,0.539916,514,241,197,15,8,0.872451,0.827745,0.837086,0.853727
paper-81438-topk-3-depth-0,3,0,3,3,1.000000,0.970577,0.029423,0.045044,0.007752,0.037292,3,3,0,1.000000,0.000000,0,3,3,1,1,0.000000,0.000000,1.000000,1.000000
paper-81438-topk-3-depth-1,3,1,3,3,1.000000,0.970577,0.029423,0.045044,0.007752,0.037292,77,53,24,1.452830,0.083333,10,67,43,3,2,0.393610,0.509516,0.935065,0.886792
paper-81438-topk-3-depth-2,3,2,3,3,1.000000,0.970577,0.029423,0.045044,0.007752,0.037292,1592,1971,-379,0.807712,0.457856,1119,473,852,17,15,0.988611,0.823475,0.815327,0.851852
paper-81438-topk-5-depth-0,5,0,5,5,1.000000,0.963287,0.036713,0.015235,0.041812,-0.026577,5,5,0,1.000000,0.111111,1,4,4,2,1,0.721928,0.000000,0.800000,1.000000
paper-81438-topk-5-depth-1,5,1,5,5,1.000000,0.963287,0.036713,0.015235,0.041812,-0.026577,107,76,31,1.407895,0.196078,30,77,46,4,2,0.896970,0.398459,0.766355,0.921053
paper-81438-topk-5-depth-2,5,2,5,5,1.000000,0.963287,0.036713,0.015235,0.041812,-0.026577,2125,2016,109,1.054067,0.466879,1318,807,698,18,15,1.237544,0.819224,0.728471,0.853175
paper-81438-topk-10-depth-0,10,0,10,10,1.000000,0.956089,0.043911,0.010033,0.030433,-0.020400,10,10,0,1.000000,0.111111,2,8,8,3,2,1.156780,0.468996,0.700000,0.900000
paper-81438-topk-10-depth-1,10,1,10,10,1.000000,0.956089,0.043911,0.010033,0.030433,-0.020400,219,167,52,1.311377,0.354386,101,118,66,9,5,1.390709,0.931459,0.662100,0.766467
paper-81438-topk-10-depth-2,10,2,10,10,1.000000,0.956089,0.043911,0.010033,0.030433,-0.020400,3343,2768,575,1.207731,0.469344,1952,1391,816,32,26,1.678862,1.171273,0.661681,0.767341
paper-40932-topk-1-depth-0,1,0,1,1,1.000000,0.996968,0.003032,,,,1,1,0,1.000000,1.000000,1,0,0,1,1,0.000000,0.000000,1.000000,1.000000
paper-40932-topk-1-depth-1,1,1,1,1,1.000000,0.996968,0.003032,,,,2,2,0,1.000000,1.000000,2,0,0,1,1,0.000000,0.000000,1.000000,1.000000
paper-40932-topk-1-depth-2,1,2,1,1,1.000000,0.996968,0.003032,,,,7,7,0,1.000000,1.000000,7,0,0,3,3,1.148835,1.148835,0.714286,0.714286
paper-40932-topk-3-depth-0,3,0,3,3,1.000000,0.976610,0.023390,0.000000,0.000000,0.000000,3,3,0,1.000000,0.200000,1,2,2,3,2,1.584963,0.918296,0.333333,0.666667
paper-40932-topk-3-depth-1,3,1,3,3,1.000000,0.976610,0.023390,0.000000,0.000000,0.000000,17,26,-9,0.653846,0.048780,2,15,24,3,3,0.834347,0.621904,0.823529,0.884615
paper-40932-topk-3-depth-2,3,2,3,3,1.000000,0.976610,0.023390,0.000000,0.000000,0.000000,180,270,-90,0.666667,0.190476,72,108,198,7,8,0.671936,0.650869,0.900000,0.907407
paper-40932-topk-5-depth-0,5,0,5,5,1.000000,0.971981,0.028019,0.000000,0.022727,-0.022727,5,5,0,1.000000,0.111111,1,4,4,3,2,1.370951,0.721928,0.600000,0.800000
paper-40932-topk-5-depth-1,5,1,5,5,1.000000,0.971981,0.028019,0.000000,0.022727,-0.022727,38,38,0,1.000000,0.055556,4,34,34,3,4,0.470956,0.643355,0.921053,0.894737
paper-40932-topk-5-depth-2,5,2,5,5,1.000000,0.971981,0.028019,0.000000,0.022727,-0.022727,357,433,-76,0.824480,0.413238,231,126,202,8,10,0.691055,0.688250,0.896359,0.907621
paper-40932-topk-10-depth-0,10,0,10,10,1.000000,0.968205,0.031795,0.000000,0.014489,-0.014489,10,10,0,1.000000,0.111111,2,8,8,3,3,1.370951,0.921928,0.600000,0.800000
paper-40932-topk-10-depth-1,10,1,10,10,1.000000,0.968205,0.031795,0.000000,0.014489,-0.014489,63,128,-65,0.492188,0.110465,19,44,109,7,10,1.186765,2.356264,0.793651,0.437500
paper-40932-topk-10-depth-2,10,2,10,10,1.000000,0.968205,0.031795,0.000000,0.014489,-0.014489,1088,25892,-24804,0.042021,0.015355,408,680,25484,24,39,2.808869,2.649916,0.413603,0.404102
paper-98794-topk-1-depth-0,1,0,1,1,1.000000,0.999852,0.000148,,,,1,1,0,1.000000,0.000000,0,1,1,1,1,0.000000,0.000000,1.000000,1.000000
paper-98794-topk-1-depth-1,1,1,1,1,1.000000,0.999852,0.000148,,,,15,7,8,2.142857,0.000000,0,15,7,3,1,1.286693,0.000000,0.466667,1.000000
paper-98794-topk-1-depth-2,1,2,1,1,1.000000,0.999852,0.000148,,,,131,83,48,1.578313,0.000000,0,131,83,8,4,1.638454,0.350959,0.557252,0.951807
paper-98794-topk-3-depth-0,3,0,3,3,1.000000,0.975317,0.024683,0.000000,0.000000,0.000000,3,3,0,1.000000,0.000000,0,3,3,3,1,1.584963,0.000000,0.333333,1.000000
paper-98794-topk-3-depth-1,3,1,3,3,1.000000,0.975317,0.024683,0.000000,0.000000,0.000000,44,26,18,1.692308,0.000000,0,44,26,5,1,1.549581,0.000000,0.613636,1.000000
paper-98794-topk-3-depth-2,3,2,3,3,1.000000,0.975317,0.024683,0.000000,0.000000,0.000000,236,7709,-7473,0.030614,0.000000,0,236,7709,15,34,2.362498,2.244608,0.377119,0.517707
paper-98794-topk-5-depth-0,5,0,5,5,1.000000,0.971646,0.028354,0.000000,0.025911,-0.025911,5,5,0,1.000000,0.000000,0,5,5,2,1,0.721928,0.000000,0.800000,1.000000
paper-98794-topk-5-depth-1,5,1,5,5,1.000000,0.971646,0.028354,0.000000,0.025911,-0.025911,23,39,-16,0.589744,0.000000,0,23,39,4,1,0.927448,0.000000,0.826087,1.000000
paper-98794-topk-5-depth-2,5,2,5,5,1.000000,0.971646,0.028354,0.000000,0.025911,-0.025911,2948,9188,-6240,0.320853,0.075410,851,2097,8337,29,34,2.491811,2.188054,0.526798,0.546800
paper-98794-topk-10-depth-0,10,0,10,10,1.000000,0.965512,0.034488,0.000000,0.013393,-0.013393,10,10,0,1.000000,0.052632,1,9,9,4,1,1.356780,0.000000,0.700000,1.000000
paper-98794-topk-10-depth-1,10,1,10,10,1.000000,0.965512,0.034488,0.000000,0.013393,-0.013393,76,77,-1,0.987013,0.141791,19,57,58,7,3,1.658408,0.199755,0.671053,0.974026
paper-98794-topk-10-depth-2,10,2,10,10,1.000000,0.965512,0.034488,0.000000,0.013393,-0.013393,6649,19963,-13314,0.333066,0.132859,3121,3528,16842,33,36,2.579228,2.571845,0.501730,0.313831
paper-156069-topk-1-depth-0,1,0,1,1,1.000000,0.969096,0.030904,,,,1,1,0,1.000000,0.000000,0,1,1,1,1,0.000000,0.000000,1.000000,1.000000
paper-156069-topk-1-depth-1,1,1,1,1,1.000000,0.969096,0.030904,,,,7,31,-24,0.225806,0.027027,1,6,30,3,5,1.148835,1.814130,0.714286,0.451613
paper-156069-topk-1-depth-2,1,2,1,1,1.000000,0.969096,0.030904,,,,13480,14981,-1501,0.899806,0.863241,13186,294,1795,36,36,2.575594,2.614744,0.356083,0.364862
paper-156069-topk-3-depth-0,3,0,3,3,1.000000,0.978916,0.021084,0.000000,0.000000,0.000000,3,3,0,1.000000,0.000000,0,3,3,3,2,1.584963,0.918296,0.333333,0.666667
paper-156069-topk-3-depth-1,3,1,3,3,1.000000,0.978916,0.021084,0.000000,0.000000,0.000000,41,72,-31,0.569444,0.008929,1,40,71,6,8,1.102308,2.247136,0.804878,0.347222
paper-156069-topk-3-depth-2,3,2,3,3,1.000000,0.978916,0.021084,0.000000,0.000000,0.000000,14594,19304,-4710,0.756009,0.650421,13359,1235,5945,37,38,2.629515,2.562399,0.341647,0.402766
paper-156069-topk-5-depth-0,5,0,5,5,1.000000,0.973378,0.026622,0.000000,0.013333,-0.013333,5,5,0,1.000000,0.000000,0,5,5,3,3,1.370951,1.370951,0.600000,0.600000
paper-156069-topk-5-depth-1,5,1,5,5,1.000000,0.973378,0.026622,0.000000,0.013333,-0.013333,65,78,-13,0.833333,0.000000,0,65,78,6,8,1.294487,2.198854,0.769231,0.358974
paper-156069-topk-5-depth-2,5,2,5,5,1.000000,0.973378,0.026622,0.000000,0.013333,-0.013333,2239,19342,-17103,0.115758,0.027129,570,1669,18772,30,38,2.145027,2.562552,0.631532,0.402699
paper-156069-topk-10-depth-0,10,0,10,10,1.000000,0.969306,0.030694,0.000000,0.002963,-0.002963,10,10,0,1.000000,0.000000,0,10,10,7,3,2.646439,0.921928,0.300000,0.800000
paper-156069-topk-10-depth-1,10,1,10,10,1.000000,0.969306,0.030694,0.000000,0.002963,-0.002963,111,97,14,1.144330,0.000000,0,111,97,16,8,2.295943,2.035968,0.630631,0.453608
paper-156069-topk-10-depth-2,10,2,10,10,1.000000,0.969306,0.030694,0.000000,0.002963,-0.002963,3009,19952,-16943,0.150812,0.035212,781,2228,19171,35,38,2.510540,2.588448,0.565969,0.392442
paper-88108-topk-1-depth-0,1,0,1,1,1.000000,0.999896,0.000104,,,,1,1,0,1.000000,0.000000,0,1,1,1,1,0.000000,0.000000,1.000000,1.000000
paper-88108-topk-1-depth-1,1,1,1,1,1.000000,0.999896,0.000104,,,,7,40,-33,0.175000,0.000000,0,7,40,1,4,0.000000,1.041760,1.000000,0.750000
paper-88108-topk-1-depth-2,1,2,1,1,1.000000,0.999896,0.000104,,,,139,2729,-2590,0.050934,0.000000,0,139,2729,6,30,0.447154,2.260296,0.942446,0.393184
paper-88108-topk-3-depth-0,3,0,3,3,1.000000,0.978404,0.021596,0.000000,0.012346,-0.012346,3,3,0,1.000000,0.000000,0,3,3,3,3,1.584963,1.584963,0.333333,0.333333
paper-88108-topk-3-depth-1,3,1,3,3,1.000000,0.978404,0.021596,0.000000,0.012346,-0.012346,136,65,71,2.092308,0.063492,12,124,53,6,5,1.535079,1.598974,0.514706,0.600000
paper-88108-topk-3-depth-2,3,2,3,3,1.000000,0.978404,0.021596,0.000000,0.012346,-0.012346,9595,4493,5102,2.135544,0.129118,1611,7984,2882,34,33,2.020974,2.527583,0.564356,0.342310
paper-88108-topk-5-depth-0,5,0,5,5,1.000000,0.972762,0.027238,0.000000,0.016842,-0.016842,5,5,0,1.000000,0.111111,1,4,4,5,4,2.321928,1.921928,0.200000,0.400000
paper-88108-topk-5-depth-1,5,1,5,5,1.000000,0.972762,0.027238,0.000000,0.016842,-0.016842,151,125,26,1.208000,0.140496,34,117,91,9,8,1.919002,1.873095,0.463576,0.472000
paper-88108-topk-5-depth-2,5,2,5,5,1.000000,0.972762,0.027238,0.000000,0.016842,-0.016842,9716,10253,-537,0.947625,0.220599,3609,6107,6644,34,38,2.084388,2.416903,0.557534,0.458305
paper-88108-topk-10-depth-0,10,0,10,10,1.000000,0.967528,0.032472,0.000000,0.011750,-0.011750,10,10,0,1.000000,0.176471,3,7,7,8,6,2.921928,2.446439,0.200000,0.300000
paper-88108-topk-10-depth-1,10,1,10,10,1.000000,0.967528,0.032472,0.000000,0.011750,-0.011750,186,269,-83,0.691450,0.477273,147,39,122,12,12,2.533430,2.077657,0.381720,0.394052
paper-88108-topk-10-depth-2,10,2,10,10,1.000000,0.967528,0.032472,0.000000,0.011750,-0.011750,10034,25478,-15444,0.393830,0.375474,9694,340,15784,34,39,2.211513,2.541404,0.540562,0.425818
paper-34050-topk-1-depth-0,1,0,1,1,1.000000,0.997455,0.002545,,,,1,1,0,1.000000,0.000000,0,1,1,1,1,0.000000,0.000000,1.000000,1.000000
paper-34050-topk-1-depth-1,1,1,1,1,1.000000,0.997455,0.002545,,,,59,15,44,3.933333,0.000000,0,59,15,5,3,1.481829,0.699843,0.677966,0.866667
paper-34050-topk-1-depth-2,1,2,1,1,1.000000,0.997455,0.002545,,,,507,12662,-12155,0.040041,0.011988,156,351,12506,13,32,2.240402,1.815265,0.335306,0.646343
paper-34050-topk-3-depth-0,3,0,3,3,1.000000,0.974296,0.025704,0.000000,0.000000,0.000000,3,3,0,1.000000,0.500000,2,1,1,1,2,0.000000,0.918296,1.000000,0.666667
paper-34050-topk-3-depth-1,3,1,3,3,1.000000,0.974296,0.025704,0.000000,0.000000,0.000000,97,53,44,1.830189,0.339286,38,59,15,5,4,1.656682,1.133111,0.432990,0.660377
paper-34050-topk-3-depth-2,3,2,3,3,1.000000,0.974296,0.025704,0.000000,0.000000,0.000000,11276,18579,-7303,0.606922,0.581722,10980,296,7599,34,35,1.993212,1.965915,0.613959,0.615749
paper-34050-topk-5-depth-0,5,0,5,5,1.000000,0.969863,0.030137,0.000000,0.002926,-0.002926,5,5,0,1.000000,0.250000,2,3,3,2,3,0.721928,1.521928,0.800000,0.400000
paper-34050-topk-5-depth-1,5,1,5,5,1.000000,0.969863,0.030137,0.000000,0.002926,-0.002926,110,161,-51,0.683230,0.309179,64,46,97,5,8,1.808567,1.999162,0.409091,0.459627
paper-34050-topk-5-depth-2,5,2,5,5,1.000000,0.969863,0.030137,0.000000,0.002926,-0.002926,11949,30790,-18841,0.388081,0.384618,11872,77,18918,34,37,2.036778,2.330652,0.596535,0.499318
paper-34050-topk-10-depth-0,10,0,10,10,1.000000,0.964737,0.035263,0.000000,0.007271,-0.007271,10,10,0,1.000000,0.176471,3,7,7,3,3,1.156780,1.521928,0.700000,0.400000
paper-34050-topk-10-depth-1,10,1,10,10,1.000000,0.964737,0.035263,0.000000,0.007271,-0.007271,154,230,-76,0.669565,0.391304,108,46,122,6,9,1.985278,2.091431,0.409091,0.334783
paper-34050-topk-10-depth-2,10,2,10,10,1.000000,0.964737,0.035263,0.000000,0.007271,-0.007271,24772,31792,-7020,0.779190,0.738986,24037,735,7755,36,37,2.411783,2.354845,0.457977,0.489683
paper-167409-topk-1-depth-0,1,0,1,1,1.000000,0.927302,0.072698,,,,1,1,0,1.000000,0.000000,0,1,1,1,1,0.000000,0.000000,1.000000,1.000000
paper-167409-topk-1-depth-1,1,1,1,1,1.000000,0.927302,0.072698,,,,6,3,3,2.000000,0.000000,0,6,3,3,1,1.459148,0.000000,0.500000,1.000000
paper-167409-topk-1-depth-2,1,2,1,1,1.000000,0.927302,0.072698,,,,470,14,456,33.571429,0.000000,0,470,14,20,1,2.340973,0.000000,0.563830,1.000000
paper-167409-topk-3-depth-0,3,0,3,3,1.000000,0.925917,0.074083,0.000000,0.000000,0.000000,3,3,0,1.000000,0.000000,0,3,3,2,2,0.918296,0.918296,0.666667,0.666667
paper-167409-topk-3-depth-1,3,1,3,3,1.000000,0.925917,0.074083,0.000000,0.000000,0.000000,15,9,6,1.666667,0.000000,0,15,9,5,2,1.856565,0.991076,0.533333,0.555556
paper-167409-topk-3-depth-2,3,2,3,3,1.000000,0.925917,0.074083,0.000000,0.000000,0.000000,511,36,475,14.194444,0.000000,0,511,36,21,4,2.504412,1.173733,0.526419,0.722222
paper-167409-topk-5-depth-0,5,0,5,5,1.000000,0.929610,0.070390,0.000000,0.008333,-0.008333,5,5,0,1.000000,0.000000,0,5,5,3,2,1.370951,0.970951,0.600000,0.600000
paper-167409-topk-5-depth-1,5,1,5,5,1.000000,0.929610,0.070390,0.000000,0.008333,-0.008333,38,53,-15,0.716981,0.000000,0,38,53,10,5,2.963875,2.019746,0.236842,0.358491
paper-167409-topk-5-depth-2,5,2,5,5,1.000000,0.929610,0.070390,0.000000,0.008333,-0.008333,2189,7646,-5457,0.286293,0.040190,380,1809,7266,29,34,3.131221,2.522456,0.320238,0.405310
paper-167409-topk-10-depth-0,10,0,10,10,1.000000,0.938001,0.061999,0.000000,0.001852,-0.001852,10,10,0,1.000000,0.000000,0,10,10,5,5,2.121928,2.121928,0.400000,0.400000
paper-167409-topk-10-depth-1,10,1,10,10,1.000000,0.938001,0.061999,0.000000,0.001852,-0.001852,67,96,-29,0.697917,0.006173,1,66,95,12,16,3.203666,3.112409,0.194030,0.208333
paper-167409-topk-10-depth-2,10,2,10,10,1.000000,0.938001,0.061999,0.000000,0.001852,-0.001852,2580,26576,-23996,0.097080,0.036142,1017,1563,25559,31,39,3.288376,2.414155,0.281783,0.506133
paper-74144-topk-1-depth-0,1,0,1,1,1.000000,0.999902,0.000098,,,,1,1,0,1.000000,0.000000,0,1,1,1,1,0.000000,0.000000,1.000000,1.000000
paper-74144-topk-1-depth-1,1,1,1,1,1.000000,0.999902,0.000098,,,,9,31,-22,0.290323,0.142857,5,4,26,2,3,0.503258,0.659459,0.888889,0.870968
paper-74144-topk-1-depth-2,1,2,1,1,1.000000,0.999902,0.000098,,,,375,528,-153,0.710227,0.169689,131,244,397,21,13,2.762623,1.799387,0.349333,0.621212
paper-74144-topk-3-depth-0,3,0,3,3,1.000000,0.987443,0.012557,0.000000,0.251654,-0.251654,3,3,0,1.000000,0.200000,1,2,2,1,1,0.000000,0.000000,1.000000,1.000000
paper-74144-topk-3-depth-1,3,1,3,3,1.000000,0.987443,0.012557,0.000000,0.251654,-0.251654,41,39,2,1.051282,0.126761,9,32,30,7,4,1.290360,0.728258,0.780488,0.871795
paper-74144-topk-3-depth-2,3,2,3,3,1.000000,0.987443,0.012557,0.000000,0.251654,-0.251654,1105,774,331,1.427649,0.286986,419,686,355,34,24,2.867047,2.766516,0.514932,0.435401
paper-74144-topk-5-depth-0,5,0,5,5,1.000000,0.979256,0.020744,0.000000,0.075496,-0.075496,5,5,0,1.000000,0.250000,2,3,3,3,2,1.370951,0.721928,0.600000,0.800000
paper-74144-topk-5-depth-1,5,1,5,5,1.000000,0.979256,0.020744,0.000000,0.075496,-0.075496,57,58,-1,0.982759,0.185567,18,39,40,11,7,2.152371,1.358500,0.614035,0.758621
paper-74144-topk-5-depth-2,5,2,5,5,1.000000,0.979256,0.020744,0.000000,0.075496,-0.075496,1556,1310,246,1.187786,0.345540,736,820,574,36,31,3.242032,2.884421,0.440231,0.449618
paper-74144-topk-10-depth-0,10,0,10,10,1.000000,0.971614,0.028386,0.000000,0.016777,-0.016777,10,10,0,1.000000,0.250000,4,6,6,3,2,1.156780,0.468996,0.700000,0.900000
paper-74144-topk-10-depth-1,10,1,10,10,1.000000,0.971614,0.028386,0.000000,0.016777,-0.016777,234,197,37,1.187817,0.476027,139,95,58,16,10,1.502575,1.046773,0.756410,0.842640
paper-74144-topk-10-depth-2,10,2,10,10,1.000000,0.971614,0.028386,0.000000,0.016777,-0.016777,4497,3509,988,1.281562,0.525534,2758,1739,751,37,37,2.222186,2.247211,0.651768,0.652038
paper-140721-topk-1-depth-0,1,0,1,1,1.000000,0.999892,0.000108,,,,1,1,0,1.000000,0.000000,0,1,1,1,1,0.000000,0.000000,1.000000,1.000000
paper-140721-topk-1-depth-1,1,1,1,1,1.000000,0.999892,0.000108,,,,8,4,4,2.000000,0.090909,1,7,3,2,1,0.811278,0.000000,0.750000,1.000000
paper-140721-topk-1-depth-2,1,2,1,1,1.000000,0.999892,0.000108,,,,258,243,15,1.061728,0.311518,119,139,124,9,9,1.329147,1.177389,0.709302,0.724280
paper-140721-topk-3-depth-0,3,0,3,3,1.000000,0.982019,0.017981,0.000000,0.037037,-0.037037,3,3,0,1.000000,0.200000,1,2,2,1,1,0.000000,0.000000,1.000000,1.000000
paper-140721-topk-3-depth-1,3,1,3,3,1.000000,0.982019,0.017981,0.000000,0.037037,-0.037037,43,33,10,1.303030,0.151515,10,33,23,2,2,0.518570,0.329846,0.883721,0.939394
paper-140721-topk-3-depth-2,3,2,3,3,1.000000,0.982019,0.017981,0.000000,0.037037,-0.037037,1684,1597,87,1.054477,0.474607,1056,628,541,12,13,0.737232,0.767769,0.868765,0.869130
paper-140721-topk-5-depth-0,5,0,5,5,1.000000,0.976910,0.023090,0.000000,0.036354,-0.036354,5,5,0,1.000000,0.111111,1,4,4,1,1,0.000000,0.000000,1.000000,1.000000
paper-140721-topk-5-depth-1,5,1,5,5,1.000000,0.976910,0.023090,0.000000,0.036354,-0.036354,53,60,-7,0.883333,0.141414,14,39,46,2,2,0.450791,0.210842,0.905660,0.966667
paper-140721-topk-5-depth-2,5,2,5,5,1.000000,0.976910,0.023090,0.000000,0.036354,-0.036354,1935,1711,224,1.130918,0.450856,1133,802,578,12,15,0.716653,0.787503,0.871835,0.866160
paper-140721-topk-10-depth-0,10,0,10,10,1.000000,0.971995,0.028005,0.000000,0.025503,-0.025503,10,10,0,1.000000,0.111111,2,8,8,2,1,0.468996,0.000000,0.900000,1.000000
paper-140721-topk-10-depth-1,10,1,10,10,1.000000,0.971995,0.028005,0.000000,0.025503,-0.025503,93,117,-24,0.794872,0.193182,34,59,83,3,3,0.599938,0.378406,0.892473,0.940171
paper-140721-topk-10-depth-2,10,2,10,10,1.000000,0.971995,0.028005,0.000000,0.025503,-0.025503,2661,2483,178,1.071687,0.508947,1735,926,748,16,17,0.739481,0.780661,0.872228,0.869513
paper-15797-topk-1-depth-0,1,0,1,1,1.000000,0.999906,0.000094,,,,1,1,0,1.000000,0.000000,0,1,1,1,1,0.000000,0.000000,1.000000,1.000000
paper-15797-topk-1-depth-1,1,1,1,1,1.000000,0.999906,0.000094,,,,26,11,15,2.363636,0.000000,0,26,11,1,1,0.000000,0.000000,1.000000,1.000000
paper-15797-topk-1-depth-2,1,2,1,1,1.000000,0.999906,0.000094,,,,1247,561,686,2.222816,0.270555,385,862,176,8,5,0.456255,0.420095,0.926223,0.925134
paper-15797-topk-3-depth-0,3,0,3,3,1.000000,0.975595,0.024405,0.000000,0.023840,-0.023840,3,3,0,1.000000,0.200000,1,2,2,1,1,0.000000,0.000000,1.000000,1.000000
paper-15797-topk-3-depth-1,3,1,3,3,1.000000,0.975595,0.024405,0.000000,0.023840,-0.023840,31,39,-8,0.794872,0.206897,12,19,27,2,1,0.205593,0.000000,0.967742,1.000000
paper-15797-topk-3-depth-2,3,2,3,3,1.000000,0.975595,0.024405,0.000000,0.023840,-0.023840,1202,1668,-466,0.720624,0.525784,989,213,679,10,15,0.518247,0.762029,0.914309,0.859712
paper-15797-topk-5-depth-0,5,0,5,5,1.000000,0.970778,0.029222,0.000000,0.027819,-0.027819,5,5,0,1.000000,0.111111,1,4,4,2,1,0.721928,0.000000,0.800000,1.000000
paper-15797-topk-5-depth-1,5,1,5,5,1.000000,0.970778,0.029222,0.000000,0.027819,-0.027819,46,49,-3,0.938776,0.158537,13,33,36,4,2,0.661396,0.246023,0.891304,0.959184
paper-15797-topk-5-depth-2,5,2,5,5,1.000000,0.970778,0.029222,0.000000,0.027819,-0.027819,1315,2315,-1000,0.568035,0.481633,1180,135,1135,12,20,0.631477,0.920068,0.890494,0.829374
paper-15797-topk-10-depth-0,10,0,10,10,1.000000,0.966275,0.033725,0.000000,0.047447,-0.047447,10,10,0,1.000000,0.052632,1,9,9,3,1,1.156780,0.000000,0.700000,1.000000
paper-15797-topk-10-depth-1,10,1,10,10,1.000000,0.966275,0.033725,0.000000,0.047447,-0.047447,167,130,37,1.284615,0.060714,17,150,113,8,5,1.052824,0.352558,0.826347,0.953846
paper-15797-topk-10-depth-2,10,2,10,10,1.000000,0.966275,0.033725,0.000000,0.047447,-0.047447,4825,2880,1945,1.675347,0.382807,2133,2692,747,34,20,2.071186,0.916170,0.577617,0.838194
paper-3391-topk-1-depth-0,1,0,1,1,1.000000,0.999862,0.000138,,,,1,1,0,1.000000,1.000000,1,0,0,1,1,0.000000,0.000000,1.000000,1.000000
paper-3391-topk-1-depth-1,1,1,1,1,1.000000,0.999862,0.000138,,,,3,3,0,1.000000,1.000000,3,0,0,2,2,0.918296,0.918296,0.666667,0.666667
paper-3391-topk-1-depth-2,1,2,1,1,1.000000,0.999862,0.000138,,,,36,36,0,1.000000,1.000000,36,0,0,7,7,1.983562,1.983562,0.416667,0.416667
paper-3391-topk-3-depth-0,3,0,3,3,1.000000,0.985279,0.014721,0.000000,0.000000,0.000000,3,3,0,1.000000,0.200000,1,2,2,3,2,1.584963,0.918296,0.333333,0.666667
paper-3391-topk-3-depth-1,3,1,3,3,1.000000,0.985279,0.014721,0.000000,0.000000,0.000000,10,43,-33,0.232558,0.060000,3,7,40,4,5,1.846439,1.931293,0.400000,0.418605
paper-3391-topk-3-depth-2,3,2,3,3,1.000000,0.985279,0.014721,0.000000,0.000000,0.000000,76,813,-737,0.093481,0.042204,36,40,777,9,24,2.595827,2.313842,0.302632,0.492005
paper-3391-topk-5-depth-0,5,0,5,5,1.000000,0.980740,0.019260,0.000000,0.000000,0.000000,5,5,0,1.000000,0.111111,1,4,4,5,3,2.321928,1.370951,0.200000,0.600000
paper-3391-topk-5-depth-1,5,1,5,5,1.000000,0.980740,0.019260,0.000000,0.000000,0.000000,22,53,-31,0.415094,0.041667,3,19,50,8,8,2.776725,2.427299,0.272727,0.339623
paper-3391-topk-5-depth-2,5,2,5,5,1.000000,0.980740,0.019260,0.000000,0.000000,0.000000,134,865,-731,0.154913,0.037383,36,98,829,16,26,3.146339,2.496315,0.231343,0.465896
paper-3391-topk-10-depth-0,10,0,10,10,1.000000,0.977172,0.022828,0.000000,0.000000,0.000000,10,10,0,1.000000,0.052632,1,9,9,7,6,2.721928,2.321928,0.200000,0.400000
paper-3391-topk-10-depth-1,10,1,10,10,1.000000,0.977172,0.022828,0.000000,0.000000,0.000000,73,91,-18,0.802198,0.031447,5,68,86,13,15,3.277766,3.130089,0.232877,0.307692
paper-3391-topk-10-depth-2,10,2,10,10,1.000000,0.977172,0.022828,0.000000,0.000000,0.000000,1318,23736,-22418,0.055527,0.009062,225,1093,23511,30,39,3.642303,2.570767,0.211684,0.456227
paper-15962-topk-1-depth-0,1,0,1,1,1.000000,0.953077,0.046923,,,,1,1,0,1.000000,0.000000,0,1,1,1,1,0.000000,0.000000,1.000000,1.000000
paper-15962-topk-1-depth-1,1,1,1,1,1.000000,0.953077,0.046923,,,,18,50,-32,0.360000,0.014925,1,17,49,2,4,0.309543,1.231444,0.944444,0.540000
paper-15962-topk-1-depth-2,1,2,1,1,1.000000,0.953077,0.046923,,,,13867,18258,-4391,0.759503,0.215613,5698,8169,12560,33,37,1.794848,2.441208,0.650681,0.420692
paper-15962-topk-3-depth-0,3,0,3,3,1.000000,0.970521,0.029479,0.000000,0.020202,-0.020202,3,3,0,1.000000,0.200000,1,2,2,2,1,0.918296,0.000000,0.666667,1.000000
paper-15962-topk-3-depth-1,3,1,3,3,1.000000,0.970521,0.029479,0.000000,0.020202,-0.020202,31,38,-7,0.815789,0.061538,4,27,34,5,3,1.146483,0.731884,0.774194,0.842105
paper-15962-topk-3-depth-2,3,2,3,3,1.000000,0.970521,0.029479,0.000000,0.020202,-0.020202,14035,21675,-7640,0.647520,0.592987,13293,742,8382,34,36,1.809409,1.979488,0.646455,0.617070
paper-15962-topk-5-depth-0,5,0,5,5,1.000000,0.965100,0.034900,0.000000,0.006061,-0.006061,5,5,0,1.000000,0.111111,1,4,4,3,1,1.521928,0.000000,0.400000,1.000000
paper-15962-topk-5-depth-1,5,1,5,5,1.000000,0.965100,0.034900,0.000000,0.006061,-0.006061,101,52,49,1.942308,0.033784,5,96,47,8,5,1.462127,0.951612,0.584158,0.826923
paper-15962-topk-5-depth-2,5,2,5,5,1.000000,0.965100,0.034900,0.000000,0.006061,-0.006061,30894,23382,7512,1.321273,0.491632,17889,13005,5493,38,38,2.489747,2.037049,0.447045,0.614746
paper-15962-topk-10-depth-0,10,0,10,10,1.000000,0.959182,0.040818,0.000000,0.009343,-0.009343,10,10,0,1.000000,0.052632,1,9,9,3,2,1.295462,0.721928,0.600000,0.800000
paper-15962-topk-10-depth-1,10,1,10,10,1.000000,0.959182,0.040818,0.000000,0.009343,-0.009343,173,129,44,1.341085,0.118519,32,141,97,9,9,1.172701,1.340320,0.728324,0.689922
paper-15962-topk-10-depth-2,10,2,10,10,1.000000,0.959182,0.040818,0.000000,0.009343,-0.009343,34955,33456,1499,1.044805,0.766402,29682,5273,3774,38,39,2.437059,2.380548,0.477814,0.505530
paper-63126-topk-1-depth-0,1,0,1,1,1.000000,0.961199,0.038801,,,,1,1,0,1.000000,0.000000,0,1,1,1,1,0.000000,0.000000,1.000000,1.000000
paper-63126-topk-1-depth-1,1,1,1,1,1.000000,0.961199,0.038801,,,,2,8,-6,0.250000,0.000000,0,2,8,2,4,1.000000,1.811278,0.500000,0.375000
paper-63126-topk-1-depth-2,1,2,1,1,1.000000,0.961199,0.038801,,,,124,14778,-14654,0.008391,0.000537,8,116,14770,11,35,1.850793,1.864667,0.645161,0.631682
paper-63126-topk-3-depth-0,3,0,3,3,1.000000,0.961316,0.038684,0.000000,0.000000,0.000000,3,3,0,1.000000,0.200000,1,2,2,2,2,0.918296,0.918296,0.666667,0.666667
paper-63126-topk-3-depth-1,3,1,3,3,1.000000,0.961316,0.038684,0.000000,0.000000,0.000000,194,35,159,5.542857,0.065116,14,180,21,11,6,1.553180,1.563741,0.711340,0.685714
paper-63126-topk-3-depth-2,3,2,3,3,1.000000,0.961316,0.038684,0.000000,0.000000,0.000000,21316,19765,1551,1.078472,0.340370,10432,10884,9333,37,36,2.643523,2.266113,0.303106,0.494258
paper-63126-topk-5-depth-0,5,0,5,5,1.000000,0.968829,0.031171,0.000000,0.007674,-0.007674,5,5,0,1.000000,0.111111,1,4,4,3,2,1.370951,0.970951,0.600000,0.600000
paper-63126-topk-5-depth-1,5,1,5,5,1.000000,0.968829,0.031171,0.000000,0.007674,-0.007674,235,94,141,2.500000,0.082237,25,210,69,12,7,1.972545,1.685808,0.604255,0.585106
paper-63126-topk-5-depth-2,5,2,5,5,1.000000,0.968829,0.031171,0.000000,0.007674,-0.007674,22980,30770,-7790,0.746831,0.592404,19996,2984,10774,38,37,2.655611,2.525100,0.318277,0.404517
paper-63126-topk-10-depth-0,10,0,10,10,1.000000,0.964599,0.035401,0.000000,0.017884,-0.017884,10,10,0,1.000000,0.111111,2,8,8,4,3,1.356780,1.156780,0.700000,0.700000
paper-63126-topk-10-depth-1,10,1,10,10,1.000000,0.964599,0.035401,0.000000,0.017884,-0.017884,223,156,67,1.429487,0.092219,32,191,124,14,8,2.238561,1.618805,0.515695,0.647436
paper-63126-topk-10-depth-2,10,2,10,10,1.000000,0.964599,0.035401,0.000000,0.017884,-0.017884,35305,32051,3254,1.101526,0.772153,29348,5957,2703,38,38,2.509969,2.552374,0.437417,0.394278
paper-48229-topk-1-depth-0,1,0,1,1,1.000000,0.998519,0.001481,,,,1,1,0,1.000000,0.000000,0,1,1,1,1,0.000000,0.000000,1.000000,1.000000
paper-48229-topk-1-depth-1,1,1,1,1,1.000000,0.998519,0.001481,,,,22,14,8,1.571429,0.000000,0,22,14,1,1,0.000000,0.000000,1.000000,1.000000
paper-48229-topk-1-depth-2,1,2,1,1,1.000000,0.998519,0.001481,,,,245,316,-71,0.775316,0.064516,34,211,282,5,10,0.387830,0.572125,0.946939,0.924051
paper-48229-topk-3-depth-0,3,0,3,3,1.000000,0.988490,0.011510,0.000000,0.128205,-0.128205,3,3,0,1.000000,0.000000,0,3,3,3,2,1.584963,0.918296,0.333333,0.666667
paper-48229-topk-3-depth-1,3,1,3,3,1.000000,0.988490,0.011510,0.000000,0.128205,-0.128205,37,20,17,1.850000,0.000000,0,37,20,5,3,1.638981,1.054016,0.594595,0.750000
paper-48229-topk-3-depth-2,3,2,3,3,1.000000,0.988490,0.011510,0.000000,0.128205,-0.128205,19378,342,19036,56.660819,0.001829,36,19342,306,38,13,1.968240,1.005496,0.636082,0.853801
paper-48229-topk-5-depth-0,5,0,5,5,1.000000,0.982942,0.017058,0.000000,0.038462,-0.038462,5,5,0,1.000000,0.111111,1,4,4,3,3,1.521928,1.370951,0.400000,0.600000
paper-48229-topk-5-depth-1,5,1,5,5,1.000000,0.982942,0.017058,0.000000,0.038462,-0.038462,44,68,-24,0.647059,0.244444,22,22,46,6,7,1.706321,1.623542,0.613636,0.544118
paper-48229-topk-5-depth-2,5,2,5,5,1.000000,0.982942,0.017058,0.000000,0.038462,-0.038462,19791,7285,12506,2.716678,0.178498,4101,15690,3184,38,35,2.037849,2.504125,0.623364,0.402608
paper-48229-topk-10-depth-0,10,0,10,10,1.000000,0.978344,0.021656,0.000000,0.008917,-0.008917,10,10,0,1.000000,0.111111,2,8,8,5,5,2.121928,2.046439,0.400000,0.400000
paper-48229-topk-10-depth-1,10,1,10,10,1.000000,0.978344,0.021656,0.000000,0.008917,-0.008917,103,134,-31,0.768657,0.161765,33,70,101,12,12,2.151549,2.591007,0.592233,0.358209
paper-48229-topk-10-depth-2,10,2,10,10,1.000000,0.978344,0.021656,0.000000,0.008917,-0.008917,21204,32738,-11534,0.647688,0.562993,19430,1774,13308,38,39,2.221739,2.468517,0.585833,0.468935
paper-83983-topk-1-depth-0,1,0,1,1,1.000000,0.999882,0.000118,,,,1,1,0,1.000000,0.000000,0,1,1,1,1,0.000000,0.000000,1.000000,1.000000
paper-83983-topk-1-depth-1,1,1,1,1,1.000000,0.999882,0.000118,,,,10,6,4,1.666667,0.000000,0,10,6,3,1,1.485475,0.000000,0.500000,1.000000
paper-83983-topk-1-depth-2,1,2,1,1,1.000000,0.999882,0.000118,,,,171,126,45,1.357143,0.000000,0,171,126,15,3,2.326287,0.279365,0.456140,0.960317
paper-83983-topk-3-depth-0,3,0,3,3,1.000000,0.981735,0.018265,0.000000,0.000000,0.000000,3,3,0,1.000000,0.000000,0,3,3,3,3,1.584963,1.584963,0.333333,0.333333
paper-83983-topk-3-depth-1,3,1,3,3,1.000000,0.981735,0.018265,0.000000,0.000000,0.000000,18,85,-67,0.211765,0.009804,1,17,84,5,9,2.176908,1.889727,0.333333,0.611765
paper-83983-topk-3-depth-2,3,2,3,3,1.000000,0.981735,0.018265,0.000000,0.000000,0.000000,205,1313,-1108,0.156131,0.047619,69,136,1244,16,28,2.557365,2.621491,0.385366,0.371668
paper-83983-topk-5-depth-0,5,0,5,5,1.000000,0.977110,0.022890,0.000000,0.012500,-0.012500,5,5,0,1.000000,0.000000,0,5,5,2,3,0.970951,1.370951,0.600000,0.600000
paper-83983-topk-5-depth-1,5,1,5,5,1.000000,0.977110,0.022890,0.000000,0.012500,-0.012500,49,101,-52,0.485149,0.034483,5,44,96,9,10,2.283775,2.144538,0.510204,0.514851
paper-83983-topk-5-depth-2,5,2,5,5,1.000000,0.977110,0.022890,0.000000,0.012500,-0.012500,1171,2187,-1016,0.535437,0.241864,654,517,1533,29,31,2.659762,2.592318,0.450897,0.455418
paper-83983-topk-10-depth-0,10,0,10,10,1.000000,0.973162,0.026838,0.000000,0.012762,-0.012762,10,10,0,1.000000,0.111111,2,8,8,5,4,2.121928,1.356780,0.400000,0.700000
paper-83983-topk-10-depth-1,10,1,10,10,1.000000,0.973162,0.026838,0.000000,0.012762,-0.012762,88,164,-76,0.536585,0.054393,13,75,151,12,10,2.655636,1.980653,0.443182,0.481707
paper-83983-topk-10-depth-2,10,2,10,10,1.000000,0.973162,0.026838,0.000000,0.012762,-0.012762,1863,3009,-1146,0.619143,0.377049,1334,529,1675,31,31,2.691931,2.330782,0.466989,0.554669
paper-31649-topk-1-depth-0,1,0,1,1,1.000000,0.967264,0.032736,,,,1,1,0,1.000000,0.000000,0,1,1,1,1,0.000000,0.000000,1.000000,1.000000
paper-31649-topk-1-depth-1,1,1,1,1,1.000000,0.967264,0.032736,,,,6,4,2,1.500000,0.000000,0,6,4,2,2,0.918296,1.000000,0.666667,0.500000
paper-31649-topk-1-depth-2,1,2,1,1,1.000000,0.967264,0.032736,,,,37,24,13,1.541667,0.000000,0,37,24,4,4,1.612092,1.055353,0.459459,0.791667
paper-31649-topk-3-depth-0,3,0,3,3,1.000000,0.965994,0.034006,0.000000,0.000000,0.000000,3,3,0,1.000000,0.000000,0,3,3,3,3,1.584963,1.584963,0.333333,0.333333
paper-31649-topk-3-depth-1,3,1,3,3,1.000000,0.965994,0.034006,0.000000,0.000000,0.000000,24,26,-2,0.923077,0.000000,0,24,26,5,6,1.882437,2.096003,0.541667,0.500000
paper-31649-topk-3-depth-2,3,2,3,3,1.000000,0.965994,0.034006,0.000000,0.000000,0.000000,202,816,-614,0.247549,0.000983,1,201,815,9,24,1.718057,2.796549,0.643564,0.350490
paper-31649-topk-5-depth-0,5,0,5,5,1.000000,0.964843,0.035157,0.000000,0.000000,0.000000,5,5,0,1.000000,0.000000,0,5,5,5,4,2.321928,1.921928,0.200000,0.400000
paper-31649-topk-5-depth-1,5,1,5,5,1.000000,0.964843,0.035157,0.000000,0.000000,0.000000,30,44,-14,0.681818,0.000000,0,30,44,8,10,2.494545,2.791733,0.433333,0.295455
paper-31649-topk-5-depth-2,5,2,5,5,1.000000,0.964843,0.035157,0.000000,0.000000,0.000000,227,946,-719,0.239958,0.016464,19,208,927,13,26,2.137570,2.884217,0.572687,0.327696
paper-31649-topk-10-depth-0,10,0,10,10,1.000000,0.963641,0.036359,0.000000,0.000000,0.000000,10,10,0,1.000000,0.111111,2,8,8,8,7,2.846439,2.646439,0.300000,0.300000
paper-31649-topk-10-depth-1,10,1,10,10,1.000000,0.963641,0.036359,0.000000,0.000000,0.000000,94,98,-4,0.959184,0.049180,9,85,89,14,14,2.575627,3.242009,0.414894,0.255102
paper-31649-topk-10-depth-2,10,2,10,10,1.000000,0.963641,0.036359,0.000000,0.000000,0.000000,1975,1690,285,1.168639,0.038244,135,1840,1555,31,28,2.599086,3.173250,0.493165,0.247929
paper-119585-topk-1-depth-0,1,0,1,1,1.000000,0.999714,0.000286,,,,1,1,0,1.000000,0.000000,0,1,1,1,1,0.000000,0.000000,1.000000,1.000000
paper-119585-topk-1-depth-1,1,1,1,1,1.000000,0.999714,0.000286,,,,5,9,-4,0.555556,0.000000,0,5,9,2,2,0.721928,0.503258,0.800000,0.888889
paper-119585-topk-1-depth-2,1,2,1,1,1.000000,0.999714,0.000286,,,,12909,2396,10513,5.387730,0.053918,783,12126,1613,34,25,1.615107,1.423474,0.722829,0.742905
paper-119585-topk-3-depth-0,3,0,3,3,1.000000,0.976086,0.023914,0.000000,0.000000,0.000000,3,3,0,1.000000,0.200000,1,2,2,1,1,0.000000,0.000000,1.000000,1.000000
paper-119585-topk-3-depth-1,3,1,3,3,1.000000,0.976086,0.023914,0.000000,0.000000,0.000000,45,38,7,1.184211,0.406780,24,21,14,2,2,0.836641,0.485461,0.733333,0.894737
paper-119585-topk-3-depth-2,3,2,3,3,1.000000,0.976086,0.023914,0.000000,0.000000,0.000000,29023,28678,345,1.012030,0.956298,28206,817,472,36,36,2.256178,2.249209,0.525308,0.531871
paper-119585-topk-5-depth-0,5,0,5,5,1.000000,0.970230,0.029770,0.000000,0.031163,-0.031163,5,5,0,1.000000,0.111111,1,4,4,2,1,0.721928,0.000000,0.800000,1.000000
paper-119585-topk-5-depth-1,5,1,5,5,1.000000,0.970230,0.029770,0.000000,0.031163,-0.031163,51,63,-12,0.809524,0.266667,24,27,39,4,3,1.215575,0.515623,0.686275,0.904762
paper-119585-topk-5-depth-2,5,2,5,5,1.000000,0.970230,0.029770,0.000000,0.031163,-0.031163,29879,30534,-655,0.978549,0.887847,28412,1467,2122,36,36,2.265155,2.256319,0.527963,0.533373
paper-119585-topk-10-depth-0,10,0,10,10,1.000000,0.964844,0.035156,0.000000,0.034957,-0.034957,10,10,0,1.000000,0.052632,1,9,9,5,1,2.046439,0.000000,0.400000,1.000000
paper-119585-topk-10-depth-1,10,1,10,10,1.000000,0.964844,0.035156,0.000000,0.034957,-0.034957,90,128,-38,0.703125,0.141361,27,63,101,7,4,2.038888,0.627135,0.377778,0.875000
paper-119585-topk-10-depth-2,10,2,10,10,1.000000,0.964844,0.035156,0.000000,0.034957,-0.034957,36963,32602,4361,1.133765,0.770417,30272,6691,2330,36,36,2.489245,2.256740,0.447447,0.534599
paper-120024-topk-1-depth-0,1,0,1,1,1.000000,0.999864,0.000136,,,,1,1,0,1.000000,0.000000,0,1,1,1,1,0.000000,0.000000,1.000000,1.000000
paper-120024-topk-1-depth-1,1,1,1,1,1.000000,0.999864,0.000136,,,,9,8,1,1.125000,0.000000,0,9,8,2,2,0.918296,0.811278,0.666667,0.750000
paper-120024-topk-1-depth-2,1,2,1,1,1.000000,0.999864,0.000136,,,,38,69,-31,0.550725,0.000000,0,38,69,7,10,1.826875,2.555178,0.421053,0.434783
paper-120024-topk-3-depth-0,3,0,3,3,1.000000,0.976550,0.023450,0.000000,0.000000,0.000000,3,3,0,1.000000,0.000000,0,3,3,2,3,0.918296,1.584963,0.666667,0.333333
paper-120024-topk-3-depth-1,3,1,3,3,1.000000,0.976550,0.023450,0.000000,0.000000,0.000000,21,28,-7,0.750000,0.000000,0,21,28,4,6,1.750225,2.397214,0.476190,0.285714
paper-120024-topk-3-depth-2,3,2,3,3,1.000000,0.976550,0.023450,0.000000,0.000000,0.000000,134,4876,-4742,0.027482,0.000200,1,133,4875,10,31,2.196370,2.331138,0.380597,0.525226
paper-120024-topk-5-depth-0,5,0,5,5,1.000000,0.973308,0.026692,0.000000,0.000000,0.000000,5,5,0,1.000000,0.111111,1,4,4,2,3,0.721928,1.521928,0.800000,0.400000
paper-120024-topk-5-depth-1,5,1,5,5,1.000000,0.973308,0.026692,0.000000,0.000000,0.000000,33,43,-10,0.767442,0.134328,9,24,34,4,6,1.632730,2.250080,0.575758,0.302326
paper-120024-topk-5-depth-2,5,2,5,5,1.000000,0.973308,0.026692,0.000000,0.000000,0.000000,204,5001,-4797,0.040792,0.009895,51,153,4950,14,31,2.280910,2.437375,0.421569,0.512098
paper-120024-topk-10-depth-0,10,0,10,10,1.000000,0.968111,0.031889,0.000000,0.000000,0.000000,10,10,0,1.000000,0.111111,2,8,8,5,6,2.121928,2.370951,0.400000,0.300000
paper-120024-topk-10-depth-1,10,1,10,10,1.000000,0.968111,0.031889,0.000000,0.000000,0.000000,70,74,-4,0.945946,0.116279,15,55,59,6,11,2.369900,3.037609,0.314286,0.216216
paper-120024-topk-10-depth-2,10,2,10,10,1.000000,0.968111,0.031889,0.000000,0.000000,0.000000,1041,11458,-10417,0.090854,0.008635,107,934,11351,28,35,2.905852,2.316639,0.381364,0.484465
paper-159937-topk-1-depth-0,1,0,1,1,1.000000,0.999772,0.000228,,,,1,1,0,1.000000,0.000000,0,1,1,1,1,0.000000,0.000000,1.000000,1.000000
paper-159937-topk-1-depth-1,1,1,1,1,1.000000,0.999772,0.000228,,,,2,60,-58,0.033333,0.000000,0,2,60,1,4,0.000000,1.340833,1.000000,0.583333
paper-159937-topk-1-depth-2,1,2,1,1,1.000000,0.999772,0.000228,,,,4,17961,-17957,0.000223,0.000000,0,4,17961,2,36,0.811278,2.011679,0.750000,0.595178
paper-159937-topk-3-depth-0,3,0,3,3,1.000000,0.981106,0.018894,0.000000,0.180952,-0.180952,3,3,0,1.000000,0.000000,0,3,3,3,2,1.584963,0.918296,0.333333,0.666667
paper-159937-topk-3-depth-1,3,1,3,3,1.000000,0.981106,0.018894,0.000000,0.180952,-0.180952,53,92,-39,0.576087,0.021127,3,50,89,4,6,1.756966,1.491073,0.320755,0.467391
paper-159937-topk-3-depth-2,3,2,3,3,1.000000,0.981106,0.018894,0.000000,0.180952,-0.180952,19836,19770,66,1.003338,0.668534,15869,3967,3901,37,37,2.040870,2.082800,0.590795,0.567021
paper-159937-topk-5-depth-0,5,0,5,5,1.000000,0.969044,0.030956,0.000000,0.054286,-0.054286,5,5,0,1.000000,0.111111,1,4,4,5,4,2.321928,1.921928,0.200000,0.400000
paper-159937-topk-5-depth-1,5,1,5,5,1.000000,0.969044,0.030956,0.000000,0.054286,-0.054286,77,168,-91,0.458333,0.020833,5,72,163,6,7,2.193816,1.763535,0.246753,0.452381
paper-159937-topk-5-depth-2,5,2,5,5,1.000000,0.969044,0.030956,0.000000,0.054286,-0.054286,19977,28237,-8260,0.707476,0.529195,16685,3292,11552,39,38,2.082862,2.407821,0.586725,0.460885
paper-159937-topk-10-depth-0,10,0,10,10,1.000000,0.954443,0.045557,0.000108,0.013826,-0.013718,10,10,0,1.000000,0.111111,2,8,8,7,6,2.721928,2.321928,0.200000,0.400000
paper-159937-topk-10-depth-1,10,1,10,10,1.000000,0.954443,0.045557,0.000108,0.013826,-0.013718,908,230,678,3.947826,0.027076,30,878,200,21,9,2.228837,2.103881,0.537445,0.352174
paper-159937-topk-10-depth-2,10,2,10,10,1.000000,0.954443,0.045557,0.000108,0.013826,-0.013718,29014,33214,-4200,0.873547,0.452059,19373,9641,13841,39,39,2.410724,2.498386,0.510547,0.441651
paper-132190-topk-1-depth-0,1,0,1,1,1.000000,0.968370,0.031630,,,,1,1,0,1.000000,0.000000,0,1,1,1,1,0.000000,0.000000,1.000000,1.000000
paper-132190-topk-1-depth-1,1,1,1,1,1.000000,0.968370,0.031630,,,,55,29,26,1.896552,0.012048,1,54,28,2,3,0.131107,0.830602,0.981818,0.827586
paper-132190-topk-1-depth-2,1,2,1,1,1.000000,0.968370,0.031630,,,,22436,22149,287,1.012958,0.385101,12396,10040,9753,34,36,1.749818,2.337327,0.685951,0.490541
paper-132190-topk-3-depth-0,3,0,3,3,1.000000,0.966371,0.033629,0.000000,0.007246,-0.007246,3,3,0,1.000000,0.000000,0,3,3,2,2,0.918296,0.918296,0.666667,0.666667
paper-132190-topk-3-depth-1,3,1,3,3,1.000000,0.966371,0.033629,0.000000,0.007246,-0.007246,74,81,-7,0.913580,0.013072,2,72,79,3,7,0.597365,1.874748,0.891892,0.506173
paper-132190-topk-3-depth-2,3,2,3,3,1.000000,0.966371,0.033629,0.000000,0.007246,-0.007246,32189,25978,6211,1.239087,0.562201,20933,11256,5045,36,37,2.289934,2.536731,0.519215,0.444491
paper-132190-topk-5-depth-0,5,0,5,5,1.000000,0.975067,0.024933,0.000000,0.052174,-0.052174,5,5,0,1.000000,0.000000,0,5,5,4,3,1.921928,1.521928,0.400000,0.400000
paper-132190-topk-5-depth-1,5,1,5,5,1.000000,0.975067,0.024933,0.000000,0.052174,-0.052174,92,89,3,1.033708,0.011173,2,90,87,9,7,1.539033,1.986254,0.739130,0.460674
paper-132190-topk-5-depth-2,5,2,5,5,1.000000,0.975067,0.024933,0.000000,0.052174,-0.052174,32913,26042,6871,1.263843,0.555090,21044,11869,4998,37,37,2.314618,2.539690,0.515237,0.443476
paper-132190-topk-10-depth-0,10,0,10,10,1.000000,0.968979,0.031021,0.000000,0.020357,-0.020357,10,10,0,1.000000,0.052632,1,9,9,6,5,2.321928,1.960964,0.400000,0.500000
paper-132190-topk-10-depth-1,10,1,10,10,1.000000,0.968979,0.031021,0.000000,0.020357,-0.020357,210,161,49,1.304348,0.048023,17,193,144,14,8,1.687491,1.690311,0.719048,0.652174
paper-132190-topk-10-depth-2,10,2,10,10,1.000000,0.968979,0.031021,0.000000,0.020357,-0.020357,36698,36992,-294,0.992052,0.742781,31407,5291,5585,39,37,2.479528,2.458727,0.458118,0.482131
paper-93330-topk-1-depth-0,1,0,1,1,1.000000,0.950734,0.049266,,,,1,1,0,1.000000,0.000000,0,1,1,1,1,0.000000,0.000000,1.000000,1.000000
paper-93330-topk-1-depth-1,1,1,1,1,1.000000,0.950734,0.049266,,,,6,3,3,2.000000,0.000000,0,6,3,2,3,0.650022,1.584963,0.833333,0.333333
paper-93330-topk-1-depth-2,1,2,1,1,1.000000,0.950734,0.049266,,,,43,34,9,1.264706,0.000000,0,43,34,3,7,1.080583,2.272087,0.720930,0.441176
paper-93330-topk-3-depth-0,3,0,3,3,1.000000,0.950832,0.049168,0.000000,0.000000,0.000000,3,3,0,1.000000,0.000000,0,3,3,1,3,0.000000,1.584963,1.000000,0.333333
paper-93330-topk-3-depth-1,3,1,3,3,1.000000,0.950832,0.049168,0.000000,0.000000,0.000000,11,26,-15,0.423077,0.000000,0,11,26,2,9,0.439497,2.622013,0.909091,0.346154
paper-93330-topk-3-depth-2,3,2,3,3,1.000000,0.950832,0.049168,0.000000,0.000000,0.000000,55,487,-432,0.112936,0.000000,0,55,487,5,26,1.315716,3.629372,0.672727,0.264887
paper-93330-topk-5-depth-0,5,0,5,5,1.000000,0.951111,0.048889,0.000000,0.000000,0.000000,5,5,0,1.000000,0.000000,0,5,5,2,4,0.970951,1.921928,0.600000,0.400000
paper-93330-topk-5-depth-1,5,1,5,5,1.000000,0.951111,0.048889,0.000000,0.000000,0.000000,16,40,-24,0.400000,0.000000,0,16,40,3,10,1.198192,2.589823,0.625000,0.400000
paper-93330-topk-5-depth-2,5,2,5,5,1.000000,0.951111,0.048889,0.000000,0.000000,0.000000,106,562,-456,0.188612,0.000000,0,106,562,13,26,2.572499,3.597428,0.349057,0.229537
paper-93330-topk-10-depth-0,10,0,10,10,1.000000,0.948575,0.051425,0.000000,0.002614,-0.002614,10,10,0,1.000000,0.000000,0,10,10,7,4,2.646439,1.685475,0.300000,0.500000
paper-93330-topk-10-depth-1,10,1,10,10,1.000000,0.948575,0.051425,0.000000,0.002614,-0.002614,105,66,39,1.590909,0.000000,0,105,66,15,11,3.012826,2.657036,0.295238,0.333333
paper-93330-topk-10-depth-2,10,2,10,10,1.000000,0.948575,0.051425,0.000000,0.002614,-0.002614,5714,1190,4524,4.801681,0.026312,177,5537,1013,34,27,3.233898,3.256503,0.248862,0.351261
paper-13708-topk-1-depth-0,1,0,1,1,1.000000,0.994507,0.005493,,,,1,1,0,1.000000,1.000000,1,0,0,1,1,0.000000,0.000000,1.000000,1.000000
paper-13708-topk-1-depth-1,1,1,1,1,1.000000,0.994507,0.005493,,,,5,5,0,1.000000,1.000000,5,0,0,3,3,1.370951,1.370951,0.600000,0.600000
paper-13708-topk-1-depth-2,1,2,1,1,1.000000,0.994507,0.005493,,,,843,843,0,1.000000,1.000000,843,0,0,32,32,3.145580,3.145580,0.335706,0.335706
paper-13708-topk-3-depth-0,3,0,3,3,1.000000,0.926820,0.073180,0.000000,0.000000,0.000000,3,3,0,1.000000,0.500000,2,1,1,3,3,1.584963,1.584963,0.333333,0.333333
paper-13708-topk-3-depth-1,3,1,3,3,1.000000,0.926820,0.073180,0.000000,0.000000,0.000000,10,13,-3,0.769231,0.437500,7,3,6,7,9,2.646439,3.026987,0.300000,0.230769
paper-13708-topk-3-depth-2,3,2,3,3,1.000000,0.926820,0.073180,0.000000,0.000000,0.000000,872,912,-40,0.956140,0.928649,859,13,53,35,36,3.279325,3.364035,0.324541,0.322368
paper-13708-topk-5-depth-0,5,0,5,5,1.000000,0.919784,0.080216,0.000000,0.000000,0.000000,5,5,0,1.000000,0.111111,1,4,4,5,5,2.321928,2.321928,0.200000,0.200000
paper-13708-topk-5-depth-1,5,1,5,5,1.000000,0.919784,0.080216,0.000000,0.000000,0.000000,41,14,27,2.928571,0.100000,5,36,9,11,7,2.705481,2.495603,0.317073,0.357143
paper-13708-topk-5-depth-2,5,2,5,5,1.000000,0.919784,0.080216,0.000000,0.000000,0.000000,1331,891,440,1.493827,0.611313,843,488,48,33,35,3.487630,3.360285,0.252442,0.317621
paper-13708-topk-10-depth-0,10,0,10,10,1.000000,0.900485,0.099515,0.000000,0.000000,0.000000,10,10,0,1.000000,0.111111,2,8,8,8,10,2.921928,3.321928,0.200000,0.100000
paper-13708-topk-10-depth-1,10,1,10,10,1.000000,0.900485,0.099515,0.000000,0.000000,0.000000,79,38,41,2.078947,0.073394,8,71,30,17,17,3.436827,3.753956,0.164557,0.184211
paper-13708-topk-10-depth-2,10,2,10,10,1.000000,0.900485,0.099515,0.000000,0.000000,0.000000,8127,1277,6850,6.364135,0.106223,903,7224,374,39,36,3.001998,3.599108,0.404823,0.260767
paper-150745-topk-1-depth-0,1,0,1,1,1.000000,0.999906,0.000094,,,,1,1,0,1.000000,0.000000,0,1,1,1,1,0.000000,0.000000,1.000000,1.000000
paper-150745-topk-1-depth-1,1,1,1,1,1.000000,0.999906,0.000094,,,,90,15,75,6.000000,0.000000,0,90,15,11,2,2.166080,0.353359,0.455556,0.933333
paper-150745-topk-1-depth-2,1,2,1,1,1.000000,0.999906,0.000094,,,,18208,5181,13027,3.514379,0.118395,2476,15732,2705,38,28,2.590416,1.966915,0.305250,0.650261
paper-150745-topk-3-depth-0,3,0,3,3,1.000000,0.983037,0.016963,0.000000,0.000000,0.000000,3,3,0,1.000000,0.200000,1,2,2,3,2,1.584963,0.918296,0.333333,0.666667
paper-150745-topk-3-depth-1,3,1,3,3,1.000000,0.983037,0.016963,0.000000,0.000000,0.000000,140,114,26,1.228070,0.577640,93,47,21,11,11,2.291322,2.113420,0.364286,0.482456
paper-150745-topk-3-depth-2,3,2,3,3,1.000000,0.983037,0.016963,0.000000,0.000000,0.000000,35497,29170,6327,1.216901,0.758880,27901,7596,1269,38,38,2.495438,2.512222,0.440685,0.391430
paper-150745-topk-5-depth-0,5,0,5,5,1.000000,0.979386,0.020614,0.000000,0.019057,-0.019057,5,5,0,1.000000,0.111111,1,4,4,4,3,1.921928,1.521928,0.400000,0.400000
paper-150745-topk-5-depth-1,5,1,5,5,1.000000,0.979386,0.020614,0.000000,0.019057,-0.019057,163,144,19,1.131944,0.461905,97,66,47,11,11,2.441439,2.112029,0.325153,0.395833
paper-150745-topk-5-depth-2,5,2,5,5,1.000000,0.979386,0.020614,0.000000,0.019057,-0.019057,38377,36925,1452,1.039323,0.837262,34316,4061,2609,38,38,2.534552,2.497652,0.434166,0.433365
paper-150745-topk-10-depth-0,10,0,10,10,1.000000,0.975785,0.024215,0.000000,0.010652,-0.010652,10,10,0,1.000000,0.111111,2,8,8,6,4,2.446439,1.760964,0.300000,0.500000
paper-150745-topk-10-depth-1,10,1,10,10,1.000000,0.975785,0.024215,0.000000,0.010652,-0.010652,107,209,-102,0.511962,0.124555,35,72,174,11,11,2.573020,2.009520,0.280374,0.502392
paper-150745-topk-10-depth-2,10,2,10,10,1.000000,0.975785,0.024215,0.000000,0.010652,-0.010652,37304,39595,-2291,0.942139,0.840614,35120,2184,4475,38,38,2.578967,2.544590,0.424405,0.418841
paper-69522-topk-1-depth-0,1,0,1,1,1.000000,0.998323,0.001677,,,,1,1,0,1.000000,0.000000,0,1,1,1,1,0.000000,0.000000,1.000000,1.000000
paper-69522-topk-1-depth-1,1,1,1,1,1.000000,0.998323,0.001677,,,,5,4,1,1.250000,0.000000,0,5,4,1,2,0.000000,0.811278,1.000000,0.750000
paper-69522-topk-1-depth-2,1,2,1,1,1.000000,0.998323,0.001677,,,,74,34,40,2.176471,0.000000,0,74,34,3,4,0.595211,1.320103,0.878378,0.500000
paper-69522-topk-3-depth-0,3,0,3,3,1.000000,0.966922,0.033078,0.000000,0.000000,0.000000,3,3,0,1.000000,0.000000,0,3,3,1,2,0.000000,0.918296,1.000000,0.666667
paper-69522-topk-3-depth-1,3,1,3,3,1.000000,0.966922,0.033078,0.000000,0.000000,0.000000,14,14,0,1.000000,0.000000,0,14,14,3,6,0.946373,2.117963,0.785714,0.500000
paper-69522-topk-3-depth-2,3,2,3,3,1.000000,0.966922,0.033078,0.000000,0.000000,0.000000,606,146,460,4.150685,0.000000,0,606,146,22,14,2.199121,2.742832,0.534653,0.363014
paper-69522-topk-5-depth-0,5,0,5,5,1.000000,0.961273,0.038727,0.000000,0.000000,0.000000,5,5,0,1.000000,0.111111,1,4,4,2,4,0.721928,1.921928,0.800000,0.400000
paper-69522-topk-5-depth-1,5,1,5,5,1.000000,0.961273,0.038727,0.000000,0.000000,0.000000,85,28,57,3.035714,0.046296,5,80,23,7,7,1.487588,1.941111,0.529412,0.535714
paper-69522-topk-5-depth-2,5,2,5,5,1.000000,0.961273,0.038727,0.000000,0.000000,0.000000,2405,515,1890,4.669903,0.029982,85,2320,430,34,24,2.924938,2.615507,0.340956,0.553398
paper-69522-topk-10-depth-0,10,0,10,10,1.000000,0.955064,0.044936,0.000000,0.005556,-0.005556,10,10,0,1.000000,0.111111,2,8,8,5,6,2.046439,2.321928,0.400000,0.400000
paper-69522-topk-10-depth-1,10,1,10,10,1.000000,0.955064,0.044936,0.000000,0.005556,-0.005556,131,70,61,1.871429,0.046875,9,122,61,10,10,2.302323,1.684700,0.389313,0.700000
paper-69522-topk-10-depth-2,10,2,10,10,1.000000,0.955064,0.044936,0.000000,0.005556,-0.005556,24086,2361,21725,10.201609,0.032078,822,23264,1539,38,35,2.844520,2.773370,0.273354,0.527319
paper-148938-topk-1-depth-0,1,0,1,1,1.000000,0.999488,0.000512,,,,1,1,0,1.000000,0.000000,0,1,1,1,1,0.000000,0.000000,1.000000,1.000000
paper-148938-topk-1-depth-1,1,1,1,1,1.000000,0.999488,0.000512,,,,7,32,-25,0.218750,0.000000,0,7,32,1,3,0.000000,1.072081,1.000000,0.718750
paper-148938-topk-1-depth-2,1,2,1,1,1.000000,0.999488,0.000512,,,,83,4678,-4595,0.017743,0.000000,0,83,4678,5,31,0.503986,1.796187,0.927711,0.568619
paper-148938-topk-3-depth-0,3,0,3,3,1.000000,0.974310,0.025690,0.000000,0.055556,-0.055556,3,3,0,1.000000,0.000000,0,3,3,2,2,0.918296,0.918296,0.666667,0.666667
paper-148938-topk-3-depth-1,3,1,3,3,1.000000,0.974310,0.025690,0.000000,0.055556,-0.055556,35,41,-6,0.853659,0.000000,0,35,41,6,5,1.890402,1.580778,0.400000,0.585366
paper-148938-topk-3-depth-2,3,2,3,3,1.000000,0.974310,0.025690,0.000000,0.055556,-0.055556,317,6987,-6670,0.045370,0.000411,3,314,6984,14,35,2.597307,1.991946,0.406940,0.512523
paper-148938-topk-5-depth-0,5,0,5,5,1.000000,0.966575,0.033425,0.000000,0.016667,-0.016667,5,5,0,1.000000,0.000000,0,5,5,2,2,0.721928,0.721928,0.800000,0.800000
paper-148938-topk-5-depth-1,5,1,5,5,1.000000,0.966575,0.033425,0.000000,0.016667,-0.016667,56,47,9,1.191489,0.000000,0,56,47,9,6,2.033167,1.694704,0.553571,0.595745
paper-148938-topk-5-depth-2,5,2,5,5,1.000000,0.966575,0.033425,0.000000,0.016667,-0.016667,2527,7031,-4504,0.359408,0.038236,352,2175,6679,37,35,3.122671,1.996030,0.377918,0.509316
paper-148938-topk-10-depth-0,10,0,10,10,1.000000,0.959118,0.040882,0.000000,0.003704,-0.003704,10,10,0,1.000000,0.000000,0,10,10,4,4,1.760964,1.570951,0.500000,0.600000
paper-148938-topk-10-depth-1,10,1,10,10,1.000000,0.959118,0.040882,0.000000,0.003704,-0.003704,133,114,19,1.166667,0.016461,4,129,110,10,11,2.119505,2.627652,0.421053,0.412281
paper-148938-topk-10-depth-2,10,2,10,10,1.000000,0.959118,0.040882,0.000000,0.003704,-0.003704,17470,20044,-2574,0.871583,0.581468,13793,3677,6251,39,39,2.824018,2.699386,0.303549,0.364797
paper-150348-topk-1-depth-0,1,0,1,1,1.000000,0.999184,0.000816,,,,1,1,0,1.000000,0.000000,0,1,1,1,1,0.000000,0.000000,1.000000,1.000000
paper-150348-topk-1-depth-1,1,1,1,1,1.000000,0.999184,0.000816,,,,9,6,3,1.500000,0.000000,0,9,6,2,1,0.503258,0.000000,0.888889,1.000000
paper-150348-topk-1-depth-2,1,2,1,1,1.000000,0.999184,0.000816,,,,17224,2951,14273,5.836666,0.082698,1541,15683,1410,34,21,1.790033,0.912856,0.665873,0.862081
paper-150348-topk-3-depth-0,3,0,3,3,1.000000,0.981134,0.018866,0.000000,0.044859,-0.044859,3,3,0,1.000000,0.000000,0,3,3,3,1,1.584963,0.000000,0.333333,1.000000
paper-150348-topk-3-depth-1,3,1,3,3,1.000000,0.981134,0.018866,0.000000,0.044859,-0.044859,44,30,14,1.466667,0.013699,1,43,29,9,3,2.169250,0.560825,0.477273,0.900000
paper-150348-topk-3-depth-2,3,2,3,3,1.000000,0.981134,0.018866,0.000000,0.044859,-0.044859,17306,29987,-12681,0.577117,0.426507,14140,3166,15847,38,37,2.684594,2.252205,0.318444,0.535032
paper-150348-topk-5-depth-0,5,0,5,5,1.000000,0.975256,0.024744,0.000000,0.035949,-0.035949,5,5,0,1.000000,0.000000,0,5,5,3,1,1.370951,0.000000,0.600000,1.000000
paper-150348-topk-5-depth-1,5,1,5,5,1.000000,0.975256,0.024744,0.000000,0.035949,-0.035949,60,50,10,1.200000,0.018519,2,58,48,9,7,2.136020,1.388972,0.350000,0.700000
paper-150348-topk-5-depth-2,5,2,5,5,1.000000,0.975256,0.024744,0.000000,0.035949,-0.035949,21199,31071,-9872,0.682276,0.472934,16783,4416,14288,39,38,2.657132,2.315338,0.372659,0.521901
paper-150348-topk-10-depth-0,10,0,10,10,1.000000,0.970504,0.029496,0.000000,0.036632,-0.036632,10,10,0,1.000000,0.052632,1,9,9,3,2,1.295462,0.468996,0.600000,0.900000
paper-150348-topk-10-depth-1,10,1,10,10,1.000000,0.970504,0.029496,0.000000,0.036632,-0.036632,84,107,-23,0.785047,0.079096,14,70,93,8,7,1.955524,0.985962,0.476190,0.813084
paper-150348-topk-10-depth-2,10,2,10,10,1.000000,0.970504,0.029496,0.000000,0.036632,-0.036632,35246,31643,3603,1.113864,0.741312,28476,6770,3167,38,38,2.487879,2.317238,0.459797,0.519609
paper-28911-topk-1-depth-0,1,0,1,1,1.000000,0.956142,0.043858,,,,1,1,0,1.000000,0.000000,0,1,1,1,1,0.000000,0.000000,1.000000,1.000000
paper-28911-topk-1-depth-1,1,1,1,1,1.000000,0.956142,0.043858,,,,2,4,-2,0.500000,0.000000,0,2,4,2,1,1.000000,0.000000,0.500000,1.000000
paper-28911-topk-1-depth-2,1,2,1,1,1.000000,0.956142,0.043858,,,,96,13,83,7.384615,0.000000,0,96,13,19,2,3.581208,0.391244,0.218750,0.923077
paper-28911-topk-3-depth-0,3,0,3,3,1.000000,0.959472,0.040528,0.000000,0.000000,0.000000,3,3,0,1.000000,0.000000,0,3,3,3,3,1.584963,1.584963,0.333333,0.333333
paper-28911-topk-3-depth-1,3,1,3,3,1.000000,0.959472,0.040528,0.000000,0.000000,0.000000,22,14,8,1.571429,0.000000,0,22,14,4,3,1.519839,1.378783,0.545455,0.571429
paper-28911-topk-3-depth-2,3,2,3,3,1.000000,0.959472,0.040528,0.000000,0.000000,0.000000,244,84,160,2.904762,0.000000,0,244,84,22,6,3.210247,1.212580,0.299180,0.750000
paper-28911-topk-5-depth-0,5,0,5,5,1.000000,0.958005,0.041995,0.000000,0.000000,0.000000,5,5,0,1.000000,0.000000,0,5,5,4,4,1.921928,1.921928,0.400000,0.400000
paper-28911-topk-5-depth-1,5,1,5,5,1.000000,0.958005,0.041995,0.000000,0.000000,0.000000,44,23,21,1.913043,0.000000,0,44,23,7,4,2.026632,1.874184,0.500000,0.391304
paper-28911-topk-5-depth-2,5,2,5,5,1.000000,0.958005,0.041995,0.000000,0.000000,0.000000,387,106,281,3.650943,0.000000,0,387,106,27,7,3.242494,1.742748,0.341085,0.603774
paper-28911-topk-10-depth-0,10,0,10,10,1.000000,0.960410,0.039590,0.000000,0.000000,0.000000,10,10,0,1.000000,0.176471,3,7,7,5,6,1.960964,2.446439,0.500000,0.300000
paper-28911-topk-10-depth-1,10,1,10,10,1.000000,0.960410,0.039590,0.000000,0.000000,0.000000,66,83,-17,0.795181,0.164062,21,45,62,8,10,1.871569,2.507520,0.606061,0.325301
paper-28911-topk-10-depth-2,10,2,10,10,1.000000,0.960410,0.039590,0.000000,0.000000,0.000000,496,6205,-5709,0.079936,0.038110,246,250,5959,26,38,2.833172,2.747072,0.437500,0.477035
paper-76182-topk-1-depth-0,1,0,1,1,1.000000,0.999893,0.000107,,,,1,1,0,1.000000,0.000000,0,1,1,1,1,0.000000,0.000000,1.000000,1.000000
paper-76182-topk-1-depth-1,1,1,1,1,1.000000,0.999893,0.000107,,,,350,19,331,18.421053,0.002717,1,349,18,10,5,1.491933,1.163540,0.474286,0.789474
paper-76182-topk-1-depth-2,1,2,1,1,1.000000,0.999893,0.000107,,,,26742,14784,11958,1.808847,0.489028,13638,13104,1146,38,37,2.371164,2.600889,0.468813,0.345576
paper-76182-topk-3-depth-0,3,0,3,3,1.000000,0.986739,0.013261,0.000923,0.010101,-0.009178,3,3,0,1.000000,0.000000,0,3,3,2,1,0.918296,0.000000,0.666667,1.000000
paper-76182-topk-3-depth-1,3,1,3,3,1.000000,0.986739,0.013261,0.000923,0.010101,-0.009178,386,37,349,10.432432,0.002370,1,385,36,15,6,1.725509,1.122785,0.458549,0.810811
paper-76182-topk-3-depth-2,3,2,3,3,1.000000,0.986739,0.013261,0.000923,0.010101,-0.009178,27634,14973,12661,1.845589,0.476692,13754,13880,1219,39,38,2.447325,2.634113,0.456973,0.344487
paper-76182-topk-5-depth-0,5,0,5,5,1.000000,0.982039,0.017961,0.000561,0.003581,-0.003019,5,5,0,1.000000,0.250000,2,3,3,2,2,0.721928,0.721928,0.800000,0.800000
paper-76182-topk-5-depth-1,5,1,5,5,1.000000,0.982039,0.017961,0.000561,0.003581,-0.003019,402,399,3,1.007519,0.837156,365,37,34,16,17,1.738316,1.720968,0.475124,0.471178
paper-76182-topk-5-depth-2,5,2,5,5,1.000000,0.982039,0.017961,0.000561,0.003581,-0.003019,27865,28658,-793,0.972329,0.951896,27565,300,1093,39,39,2.451638,2.485955,0.453544,0.446472
paper-76182-topk-10-depth-0,10,0,10,10,1.000000,0.975312,0.024688,0.000183,0.003138,-0.002955,10,10,0,1.000000,0.176471,3,7,7,3,3,0.921928,0.921928,0.800000,0.800000
paper-76182-topk-10-depth-1,10,1,10,10,1.000000,0.975312,0.024688,0.000183,0.003138,-0.002955,453,451,2,1.004435,0.702448,373,80,78,16,19,1.675470,1.871004,0.512141,0.492239
paper-76182-topk-10-depth-2,10,2,10,10,1.000000,0.975312,0.024688,0.000183,0.003138,-0.002955,30786,32411,-1625,0.949863,0.815119,28380,2406,4031,39,39,2.498639,2.495176,0.451959,0.458085
paper-134824-topk-1-depth-0,1,0,1,1,1.000000,0.999004,0.000996,,,,1,1,0,1.000000,0.000000,0,1,1,1,1,0.000000,0.000000,1.000000,1.000000
paper-134824-topk-1-depth-1,1,1,1,1,1.000000,0.999004,0.000996,,,,6,45,-39,0.133333,0.000000,0,6,45,2,4,0.918296,1.198313,0.666667,0.622222
paper-134824-topk-1-depth-2,1,2,1,1,1.000000,0.999004,0.000996,,,,477,16862,-16385,0.028288,0.021744,369,108,16493,18,37,1.973369,1.977832,0.631027,0.612324
paper-134824-topk-3-depth-0,3,0,3,3,1.000000,0.981220,0.018780,0.000000,0.138798,-0.138798,3,3,0,1.000000,0.000000,0,3,3,2,1,0.918296,0.000000,0.666667,1.000000
paper-134824-topk-3-depth-1,3,1,3,3,1.000000,0.981220,0.018780,0.000000,0.138798,-0.138798,31,74,-43,0.418919,0.166667,15,16,59,4,5,1.327146,1.092718,0.645161,0.716216
paper-134824-topk-3-depth-2,3,2,3,3,1.000000,0.981220,0.018780,0.000000,0.138798,-0.138798,4553,19993,-15440,0.227730,0.216534,4369,184,15624,28,38,2.016146,2.176222,0.594553,0.550743
paper-134824-topk-5-depth-0,5,0,5,5,1.000000,0.977204,0.022796,0.000000,0.107370,-0.107370,5,5,0,1.000000,0.111111,1,4,4,2,1,0.970951,0.000000,0.600000,1.000000
paper-134824-topk-5-depth-1,5,1,5,5,1.000000,0.977204,0.022796,0.000000,0.107370,-0.107370,44,85,-41,0.517647,0.205607,22,22,63,6,5,1.853714,1.008701,0.454545,0.752941
paper-134824-topk-5-depth-2,5,2,5,5,1.000000,0.977204,0.022796,0.000000,0.107370,-0.107370,19077,24965,-5888,0.764150,0.315826,10571,8506,14394,37,38,2.626551,2.107349,0.371390,0.585860
paper-134824-topk-10-depth-0,10,0,10,10,1.000000,0.972503,0.027497,0.000000,0.064784,-0.064784,10,10,0,1.000000,0.052632,1,9,9,2,2,0.970951,0.721928,0.600000,0.800000
paper-134824-topk-10-depth-1,10,1,10,10,1.000000,0.972503,0.027497,0.000000,0.064784,-0.064784,94,154,-60,0.610390,0.112108,25,69,129,9,7,1.795409,1.459866,0.446809,0.636364
paper-134824-topk-10-depth-2,10,2,10,10,1.000000,0.972503,0.027497,0.000000,0.064784,-0.064784,27031,30533,-3502,0.885304,0.443647,17690,9341,12843,38,38,2.358056,2.401868,0.507306,0.492451
paper-134189-topk-1-depth-0,1,0,1,1,1.000000,0.999897,0.000103,,,,1,1,0,1.000000,0.000000,0,1,1,1,1,0.000000,0.000000,1.000000,1.000000
paper-134189-topk-1-depth-1,1,1,1,1,1.000000,0.999897,0.000103,,,,4,2,2,2.000000,0.000000,0,4,2,1,1,0.000000,0.000000,1.000000,1.000000
paper-134189-topk-1-depth-2,1,2,1,1,1.000000,0.999897,0.000103,,,,12,6,6,2.000000,0.000000,0,12,6,2,2,0.413817,1.000000,0.916667,0.500000
paper-134189-topk-3-depth-0,3,0,3,3,1.000000,0.981871,0.018129,0.000000,0.000000,0.000000,3,3,0,1.000000,0.500000,2,1,1,2,3,0.918296,1.584963,0.666667,0.333333
paper-134189-topk-3-depth-1,3,1,3,3,1.000000,0.981871,0.018129,0.000000,0.000000,0.000000,19,15,4,1.266667,0.619048,13,6,2,6,5,2.123479,2.149255,0.421053,0.333333
paper-134189-topk-3-depth-2,3,2,3,3,1.000000,0.981871,0.018129,0.000000,0.000000,0.000000,308,83,225,3.710843,0.245223,77,231,6,21,10,3.436843,2.624681,0.211039,0.349398
paper-134189-topk-5-depth-0,5,0,5,5,1.000000,0.978082,0.021918,0.000000,0.000000,0.000000,5,5,0,1.000000,0.428571,3,2,2,4,3,1.921928,1.521928,0.400000,0.400000
paper-134189-topk-5-depth-1,5,1,5,5,1.000000,0.978082,0.021918,0.000000,0.000000,0.000000,30,25,5,1.200000,0.527778,19,11,6,11,7,2.963432,2.276930,0.300000,0.440000
paper-134189-topk-5-depth-2,5,2,5,5,1.000000,0.978082,0.021918,0.000000,0.000000,0.000000,658,334,324,1.970060,0.450292,308,350,26,29,21,3.691653,3.391706,0.208207,0.245509
paper-134189-topk-10-depth-0,10,0,10,10,1.000000,0.973043,0.026957,0.000000,0.001852,-0.001852,10,10,0,1.000000,0.176471,3,7,7,3,5,1.370951,2.046439,0.600000,0.400000
paper-134189-topk-10-depth-1,10,1,10,10,1.000000,0.973043,0.026957,0.000000,0.001852,-0.001852,54,77,-23,0.701299,0.169643,19,35,58,8,12,2.212084,2.840044,0.462963,0.272727
paper-134189-topk-10-depth-2,10,2,10,10,1.000000,0.973043,0.026957,0.000000,0.001852,-0.001852,657,2554,-1897,0.257244,0.122727,351,306,2203,26,32,3.346029,3.409351,0.302892,0.232968
paper-37080-topk-1-depth-0,1,0,1,1,1.000000,0.911402,0.088598,,,,1,1,0,1.000000,0.000000,0,1,1,1,1,0.000000,0.000000,1.000000,1.000000
paper-37080-topk-1-depth-1,1,1,1,1,1.000000,0.911402,0.088598,,,,2,3,-1,0.666667,0.000000,0,2,3,1,1,0.000000,0.000000,1.000000,1.000000
paper-37080-topk-1-depth-2,1,2,1,1,1.000000,0.911402,0.088598,,,,47,9,38,5.222222,0.000000,0,47,9,3,1,0.505027,0.000000,0.914894,1.000000
paper-37080-topk-3-depth-0,3,0,3,3,1.000000,0.944001,0.055999,0.000000,0.000000,0.000000,3,3,0,1.000000,0.000000,0,3,3,3,2,1.584963,0.918296,0.333333,0.666667
paper-37080-topk-3-depth-1,3,1,3,3,1.000000,0.944001,0.055999,0.000000,0.000000,0.000000,7,14,-7,0.500000,0.000000,0,7,14,3,4,1.556657,1.924174,0.428571,0.357143
paper-37080-topk-3-depth-2,3,2,3,3,1.000000,0.944001,0.055999,0.000000,0.000000,0.000000,142,216,-74,0.657407,0.000000,0,142,216,11,8,2.375234,2.034025,0.380282,0.351852
paper-37080-topk-5-depth-0,5,0,5,5,1.000000,0.932052,0.067948,0.000000,0.000000,0.000000,5,5,0,1.000000,0.111111,1,4,4,5,4,2.321928,1.921928,0.200000,0.400000
paper-37080-topk-5-depth-1,5,1,5,5,1.000000,0.932052,0.067948,0.000000,0.000000,0.000000,16,21,-5,0.761905,0.057143,2,14,19,5,6,2.186278,2.488786,0.375000,0.238095
paper-37080-topk-5-depth-2,5,2,5,5,1.000000,0.932052,0.067948,0.000000,0.000000,0.000000,237,271,-34,0.874539,0.118943,54,183,217,16,11,2.890589,2.547867,0.274262,0.280443
paper-37080-topk-10-depth-0,10,0,10,10,1.000000,0.920820,0.079180,0.000000,0.002469,-0.002469,10,10,0,1.000000,0.176471,3,7,7,8,8,2.921928,2.846439,0.200000,0.300000
paper-37080-topk-10-depth-1,10,1,10,10,1.000000,0.920820,0.079180,0.000000,0.002469,-0.002469,54,182,-128,0.296703,0.039648,9,45,173,16,14,3.803331,2.494507,0.148148,0.521978
paper-37080-topk-10-depth-2,10,2,10,10,1.000000,0.920820,0.079180,0.000000,0.002469,-0.002469,18920,16989,1931,1.113662,0.256482,7330,11590,9659,38,38,2.319133,2.773601,0.528964,0.337807
paper-29958-topk-1-depth-0,1,0,1,1,1.000000,0.964596,0.035404,,,,1,1,0,1.000000,0.000000,0,1,1,1,1,0.000000,0.000000,1.000000,1.000000
paper-29958-topk-1-depth-1,1,1,1,1,1.000000,0.964596,0.035404,,,,10,10,0,1.000000,0.000000,0,10,10,4,5,1.570951,2.046439,0.600000,0.400000
paper-29958-topk-1-depth-2,1,2,1,1,1.000000,0.964596,0.035404,,,,920,1183,-263,0.777684,0.053607,107,813,1076,26,24,2.933101,2.416356,0.321739,0.398140
paper-29958-topk-3-depth-0,3,0,3,3,1.000000,0.959920,0.040080,0.000000,0.027778,-0.027778,3,3,0,1.000000,0.500000,2,1,1,2,3,0.918296,1.584963,0.666667,0.333333
paper-29958-topk-3-depth-1,3,1,3,3,1.000000,0.959920,0.040080,0.000000,0.027778,-0.027778,24,24,0,1.000000,0.714286,20,4,4,7,6,2.434561,2.160762,0.333333,0.375000
paper-29958-topk-3-depth-2,3,2,3,3,1.000000,0.959920,0.040080,0.000000,0.027778,-0.027778,2366,2032,334,1.164370,0.831737,1997,369,35,32,30,3.113547,2.991621,0.344886,0.345472
paper-29958-topk-5-depth-0,5,0,5,5,1.000000,0.965706,0.034294,0.000000,0.025029,-0.025029,5,5,0,1.000000,0.428571,3,2,2,4,3,1.921928,1.370951,0.400000,0.600000
paper-29958-topk-5-depth-1,5,1,5,5,1.000000,0.965706,0.034294,0.000000,0.025029,-0.025029,51,47,4,1.085106,0.420290,29,22,18,9,8,2.546987,1.833707,0.294118,0.617021
paper-29958-topk-5-depth-2,5,2,5,5,1.000000,0.965706,0.034294,0.000000,0.025029,-0.025029,3659,2533,1126,1.444532,0.533812,2155,1504,378,32,31,2.973232,2.943276,0.382345,0.403869
paper-29958-topk-10-depth-0,10,0,10,10,1.000000,0.957259,0.042741,0.000000,0.023072,-0.023072,10,10,0,1.000000,0.052632,1,9,9,4,4,1.570951,1.685475,0.600000,0.500000
paper-29958-topk-10-depth-1,10,1,10,10,1.000000,0.957259,0.042741,0.000000,0.023072,-0.023072,95,101,-6,0.940594,0.120000,21,74,80,11,10,2.653393,2.267325,0.294737,0.435644
paper-29958-topk-10-depth-2,10,2,10,10,1.000000,0.957259,0.042741,0.000000,0.023072,-0.023072,10429,13121,-2692,0.794833,0.249337,4700,5729,8421,36,37,2.596427,2.855891,0.400230,0.315677
paper-48551-topk-1-depth-0,1,0,1,1,1.000000,0.958750,0.041250,,,,1,1,0,1.000000,0.000000,0,1,1,1,1,0.000000,0.000000,1.000000,1.000000
paper-48551-topk-1-depth-1,1,1,1,1,1.000000,0.958750,0.041250,,,,4,6,-2,0.666667,0.000000,0,4,6,3,1,1.500000,0.000000,0.500000,1.000000
paper-48551-topk-1-depth-2,1,2,1,1,1.000000,0.958750,0.041250,,,,1466,1829,-363,0.801531,0.027760,89,1377,1740,19,18,1.249536,1.629886,0.802183,0.629852
paper-48551-topk-3-depth-0,3,0,3,3,1.000000,0.971744,0.028256,0.000000,0.000000,0.000000,3,3,0,1.000000,0.000000,0,3,3,2,2,0.918296,0.918296,0.666667,0.666667
paper-48551-topk-3-depth-1,3,1,3,3,1.000000,0.971744,0.028256,0.000000,0.000000,0.000000,37,22,15,1.681818,0.035088,2,35,20,5,2,1.921254,0.439497,0.432432,0.909091
paper-48551-topk-3-depth-2,3,2,3,3,1.000000,0.971744,0.028256,0.000000,0.000000,0.000000,3881,14863,-10982,0.261118,0.082467,1428,2453,13435,29,32,2.306496,1.763926,0.445504,0.667295
paper-48551-topk-5-depth-0,5,0,5,5,1.000000,0.968081,0.031919,0.000000,0.025000,-0.025000,5,5,0,1.000000,0.111111,1,4,4,3,3,1.521928,1.370951,0.400000,0.600000
paper-48551-topk-5-depth-1,5,1,5,5,1.000000,0.968081,0.031919,0.000000,0.025000,-0.025000,96,32,64,3.000000,0.103448,12,84,20,5,3,1.458824,0.534955,0.656250,0.906250
paper-48551-topk-5-depth-2,5,2,5,5,1.000000,0.968081,0.031919,0.000000,0.025000,-0.025000,23167,18085,5082,1.281006,0.685200,16773,6394,1312,36,33,1.925563,1.753598,0.635991,0.677523
paper-48551-topk-10-depth-0,10,0,10,10,1.000000,0.962957,0.037043,0.000000,0.013179,-0.013179,10,10,0,1.000000,0.111111,2,8,8,4,4,1.760964,1.356780,0.500000,0.700000
paper-48551-topk-10-depth-1,10,1,10,10,1.000000,0.962957,0.037043,0.000000,0.013179,-0.013179,128,130,-2,0.984615,0.107296,25,103,105,9,7,1.991607,0.991624,0.593750,0.838462
paper-48551-topk-10-depth-2,10,2,10,10,1.000000,0.962957,0.037043,0.000000,0.013179,-0.013179,23740,31066,-7326,0.764179,0.633318,21251,2489,9815,36,36,1.973319,2.246141,0.626243,0.540140
paper-42940-topk-1-depth-0,1,0,1,1,1.000000,0.999887,0.000113,,,,1,1,0,1.000000,0.000000,0,1,1,1,1,0.000000,0.000000,1.000000,1.000000
paper-42940-topk-1-depth-1,1,1,1,1,1.000000,0.999887,0.000113,,,,9,7,2,1.285714,0.000000,0,9,7,2,1,0.764205,0.000000,0.777778,1.000000
paper-42940-topk-1-depth-2,1,2,1,1,1.000000,0.999887,0.000113,,,,136,48,88,2.833333,0.000000,0,136,48,9,2,1.903920,0.413817,0.455882,0.916667
paper-42940-topk-3-depth-0,3,0,3,3,1.000000,0.978053,0.021947,0.000000,0.083333,-0.083333,3,3,0,1.000000,0.000000,0,3,3,2,2,0.918296,0.918296,0.666667,0.666667
paper-42940-topk-3-depth-1,3,1,3,3,1.000000,0.978053,0.021947,0.000000,0.083333,-0.083333,26,24,2,1.083333,0.000000,0,26,24,3,4,1.314320,1.386842,0.461538,0.666667
paper-42940-topk-3-depth-2,3,2,3,3,1.000000,0.978053,0.021947,0.000000,0.083333,-0.083333,272,168,104,1.619048,0.004566,2,270,166,14,12,1.972874,2.370164,0.426471,0.351190
paper-42940-topk-5-depth-0,5,0,5,5,1.000000,0.970100,0.029900,0.000000,0.025000,-0.025000,5,5,0,1.000000,0.000000,0,5,5,3,3,1.521928,1.370951,0.400000,0.600000
paper-42940-topk-5-depth-1,5,1,5,5,1.000000,0.970100,0.029900,0.000000,0.025000,-0.025000,40,60,-20,0.666667,0.000000,0,40,60,7,7,2.100154,1.812803,0.425000,0.500000
paper-42940-topk-5-depth-2,5,2,5,5,1.000000,0.970100,0.029900,0.000000,0.025000,-0.025000,358,639,-281,0.560250,0.019427,19,339,620,15,23,2.329180,2.601926,0.382682,0.489828
paper-42940-topk-10-depth-0,10,0,10,10,1.000000,0.963673,0.036327,0.000000,0.011432,-0.011432,10,10,0,1.000000,0.000000,0,10,10,5,4,2.121928,1.970951,0.400000,0.300000
paper-42940-topk-10-depth-1,10,1,10,10,1.000000,0.963673,0.036327,0.000000,0.011432,-0.011432,113,100,13,1.130000,0.009479,2,111,98,8,7,2.208292,1.947362,0.398230,0.490000
paper-42940-topk-10-depth-2,10,2,10,10,1.000000,0.963673,0.036327,0.000000,0.011432,-0.011432,901,874,27,1.030892,0.054664,92,809,782,18,23,2.330505,2.551701,0.465039,0.505721
paper-25732-topk-1-depth-0,1,0,1,1,1.000000,0.999870,0.000130,,,,1,1,0,1.000000,1.000000,1,0,0,1,1,0.000000,0.000000,1.000000,1.000000
paper-25732-topk-1-depth-1,1,1,1,1,1.000000,0.999870,0.000130,,,,7,7,0,1.000000,1.000000,7,0,0,3,3,1.556657,1.556657,0.428571,0.428571
paper-25732-topk-1-depth-2,1,2,1,1,1.000000,0.999870,0.000130,,,,162,162,0,1.000000,1.000000,162,0,0,5,5,1.463410,1.463410,0.481481,0.481481
paper-25732-topk-3-depth-0,3,0,3,3,1.000000,0.977192,0.022808,0.000000,0.000000,0.000000,3,3,0,1.000000,0.200000,1,2,2,2,2,0.918296,0.918296,0.666667,0.666667
paper-25732-topk-3-depth-1,3,1,3,3,1.000000,0.977192,0.022808,0.000000,0.000000,0.000000,30,26,4,1.153846,0.365854,15,15,11,3,5,1.251629,1.867232,0.666667,0.423077
paper-25732-topk-3-depth-2,3,2,3,3,1.000000,0.977192,0.022808,0.000000,0.000000,0.000000,846,847,-1,0.998819,0.435963,514,332,333,13,17,1.344778,1.494174,0.639480,0.566706
paper-25732-topk-5-depth-0,5,0,5,5,1.000000,0.974448,0.025552,0.000000,0.004348,-0.004348,5,5,0,1.000000,0.250000,2,3,3,3,3,1.370951,1.521928,0.600000,0.400000
paper-25732-topk-5-depth-1,5,1,5,5,1.000000,0.974448,0.025552,0.000000,0.004348,-0.004348,58,51,7,1.137255,0.297619,25,33,26,4,5,1.359644,1.716584,0.568966,0.490196
paper-25732-topk-5-depth-2,5,2,5,5,1.000000,0.974448,0.025552,0.000000,0.004348,-0.004348,1953,1901,52,1.027354,0.747053,1648,305,253,21,20,1.371345,1.396327,0.644137,0.647028
paper-25732-topk-10-depth-0,10,0,10,10,1.000000,0.969612,0.030388,0.000000,0.014001,-0.014001,10,10,0,1.000000,0.176471,3,7,7,5,4,2.046439,1.846439,0.400000,0.400000
paper-25732-topk-10-depth-1,10,1,10,10,1.000000,0.969612,0.030388,0.000000,0.014001,-0.014001,83,105,-22,0.790476,0.197452,31,52,74,9,7,1.762062,2.186106,0.481928,0.428571
paper-25732-topk-10-depth-2,10,2,10,10,1.000000,0.969612,0.030388,0.000000,0.014001,-0.014001,2318,3552,-1234,0.652590,0.449383,1820,498,1732,23,32,1.416153,2.242076,0.654012,0.553773
paper-132276-topk-1-depth-0,1,0,1,1,1.000000,0.932360,0.067640,,,,1,1,0,1.000000,0.000000,0,1,1,1,1,0.000000,0.000000,1.000000,1.000000
paper-132276-topk-1-depth-1,1,1,1,1,1.000000,0.932360,0.067640,,,,2,6,-4,0.333333,0.000000,0,2,6,2,2,1.000000,0.650022,0.500000,0.833333
paper-132276-topk-1-depth-2,1,2,1,1,1.000000,0.932360,0.067640,,,,11,23,-12,0.478261,0.000000,0,11,23,2,3,0.439497,1.149230,0.909091,0.695652
paper-132276-topk-3-depth-0,3,0,3,3,1.000000,0.930152,0.069848,0.000000,0.000000,0.000000,3,3,0,1.000000,0.000000,0,3,3,3,2,1.584963,0.918296,0.333333,0.666667
paper-132276-topk-3-depth-1,3,1,3,3,1.000000,0.930152,0.069848,0.000000,0.000000,0.000000,54,14,40,3.857143,0.000000,0,54,14,6,2,1.776574,0.940286,0.592593,0.642857
paper-132276-topk-3-depth-2,3,2,3,3,1.000000,0.930152,0.069848,0.000000,0.000000,0.000000,461,64,397,7.203125,0.013514,7,454,57,15,3,2.234084,1.231291,0.577007,0.625000
paper-132276-topk-5-depth-0,5,0,5,5,1.000000,0.926741,0.073259,0.000000,0.000000,0.000000,5,5,0,1.000000,0.111111,1,4,4,3,2,1.521928,0.970951,0.400000,0.600000
paper-132276-topk-5-depth-1,5,1,5,5,1.000000,0.926741,0.073259,0.000000,0.000000,0.000000,66,45,21,1.466667,0.405063,32,34,13,6,4,1.767734,1.114201,0.560606,0.733333
paper-132276-topk-5-depth-2,5,2,5,5,1.000000,0.926741,0.073259,0.000000,0.000000,0.000000,505,411,94,1.228710,0.557823,328,177,83,15,14,2.215671,2.020981,0.572277,0.630170
paper-132276-topk-10-depth-0,10,0,10,10,1.000000,0.931027,0.068973,0.000000,0.005556,-0.005556,10,10,0,1.000000,0.052632,1,9,9,4,3,1.760964,1.360964,0.500000,0.500000
paper-132276-topk-10-depth-1,10,1,10,10,1.000000,0.931027,0.068973,0.000000,0.005556,-0.005556,93,65,28,1.430769,0.327731,39,54,26,6,4,1.788096,1.333265,0.473118,0.569231
paper-132276-topk-10-depth-2,10,2,10,10,1.000000,0.931027,0.068973,0.000000,0.005556,-0.005556,619,535,84,1.157009,0.538667,404,215,131,15,14,2.272844,2.112326,0.499192,0.534579
paper-142059-topk-1-depth-0,1,0,1,1,1.000000,0.949177,0.050823,,,,1,1,0,1.000000,0.000000,0,1,1,1,1,0.000000,0.000000,1.000000,1.000000
paper-142059-topk-1-depth-1,1,1,1,1,1.000000,0.949177,0.050823,,,,11,8,3,1.375000,0.000000,0,11,8,2,4,0.684038,1.905639,0.818182,0.375000
paper-142059-topk-1-depth-2,1,2,1,1,1.000000,0.949177,0.050823,,,,332,395,-63,0.840506,0.000000,0,332,395,15,16,1.722584,2.206625,0.490964,0.470886
paper-142059-topk-3-depth-0,3,0,3,3,1.000000,0.965287,0.034713,0.000000,0.000000,0.000000,3,3,0,1.000000,0.000000,0,3,3,3,2,1.584963,0.918296,0.333333,0.666667
paper-142059-topk-3-depth-1,3,1,3,3,1.000000,0.965287,0.034713,0.000000,0.000000,0.000000,25,19,6,1.315789,0.000000,0,25,19,6,5,2.279080,2.037401,0.320000,0.421053
paper-142059-topk-3-depth-2,3,2,3,3,1.000000,0.965287,0.034713,0.000000,0.000000,0.000000,14879,1013,13866,14.688055,0.028808,445,14434,568,38,21,2.676334,2.193882,0.333356,0.517275
paper-142059-topk-5-depth-0,5,0,5,5,1.000000,0.957336,0.042664,0.000000,0.000000,0.000000,5,5,0,1.000000,0.111111,1,4,4,4,3,1.921928,1.521928,0.400000,0.400000
paper-142059-topk-5-depth-1,5,1,5,5,1.000000,0.957336,0.042664,0.000000,0.000000,0.000000,37,24,13,1.541667,0.150943,8,29,16,8,8,2.664100,2.636842,0.243243,0.333333
paper-142059-topk-5-depth-2,5,2,5,5,1.000000,0.957336,0.042664,0.000000,0.000000,0.000000,15591,1044,14547,14.933908,0.051118,809,14782,235,38,22,2.768459,2.368675,0.318453,0.501916
paper-142059-topk-10-depth-0,10,0,10,10,1.000000,0.951197,0.048803,0.000000,0.000000,0.000000,10,10,0,1.000000,0.052632,1,9,9,8,6,2.846439,2.446439,0.300000,0.300000
paper-142059-topk-10-depth-1,10,1,10,10,1.000000,0.951197,0.048803,0.000000,0.000000,0.000000,90,375,-285,0.240000,0.019737,9,81,366,13,17,3.088203,1.621615,0.311111,0.738667
paper-142059-topk-10-depth-2,10,2,10,10,1.000000,0.951197,0.048803,0.000000,0.000000,0.000000,28396,22102,6294,1.284771,0.452344,15728,12668,6374,38,37,2.614461,2.709696,0.437104,0.316261
paper-108332-topk-1-depth-0,1,0,1,1,1.000000,0.999635,0.000365,,,,1,1,0,1.000000,0.000000,0,1,1,1,1,0.000000,0.000000,1.000000,1.000000
paper-108332-topk-1-depth-1,1,1,1,1,1.000000,0.999635,0.000365,,,,6,8,-2,0.750000,0.555556,5,1,3,3,5,1.459148,2.155639,0.500000,0.375000
paper-108332-topk-1-depth-2,1,2,1,1,1.000000,0.999635,0.000365,,,,3200,3462,-262,0.924321,0.924321,3200,0,262,30,30,1.710982,1.919117,0.733437,0.681109
paper-108332-topk-3-depth-0,3,0,3,3,1.000000,0.982895,0.017105,0.000000,0.238095,-0.238095,3,3,0,1.000000,0.200000,1,2,2,3,1,1.584963,0.000000,0.333333,1.000000
paper-108332-topk-3-depth-1,3,1,3,3,1.000000,0.982895,0.017105,0.000000,0.238095,-0.238095,21,15,6,1.400000,0.241379,7,14,8,5,5,2.034709,1.856565,0.380952,0.533333
paper-108332-topk-3-depth-2,3,2,3,3,1.000000,0.982895,0.017105,0.000000,0.238095,-0.238095,13587,4348,9239,3.124885,0.301902,4159,9428,189,34,30,2.483369,2.341682,0.453007,0.549448
paper-108332-topk-5-depth-0,5,0,5,5,1.000000,0.975857,0.024143,0.000000,0.071429,-0.071429,5,5,0,1.000000,0.111111,1,4,4,4,2,1.921928,0.721928,0.400000,0.800000
paper-108332-topk-5-depth-1,5,1,5,5,1.000000,0.975857,0.024143,0.000000,0.071429,-0.071429,50,64,-14,0.781250,0.085714,9,41,55,6,5,2.006598,1.460452,0.520000,0.656250
paper-108332-topk-5-depth-2,5,2,5,5,1.000000,0.975857,0.024143,0.000000,0.071429,-0.071429,28945,22217,6728,1.302831,0.571121,18598,10347,3619,37,36,2.641295,2.363359,0.359717,0.495882
paper-108332-topk-10-depth-0,10,0,10,10,1.000000,0.968681,0.031319,0.000000,0.018599,-0.018599,10,10,0,1.000000,0.250000,4,6,6,5,4,2.046439,1.685475,0.400000,0.500000
paper-108332-topk-10-depth-1,10,1,10,10,1.000000,0.968681,0.031319,0.000000,0.018599,-0.018599,95,93,2,1.021505,0.167702,27,68,66,9,10,1.931132,1.804489,0.494737,0.602151
paper-108332-topk-10-depth-2,10,2,10,10,1.000000,0.968681,0.031319,0.000000,0.018599,-0.018599,33436,29781,3655,1.122729,0.722769,26522,6914,3259,37,36,2.452489,2.321514,0.475057,0.524865
paper-67049-topk-1-depth-0,1,0,1,1,1.000000,0.999650,0.000350,,,,1,1,0,1.000000,0.000000,0,1,1,1,1,0.000000,0.000000,1.000000,1.000000
paper-67049-topk-1-depth-1,1,1,1,1,1.000000,0.999650,0.000350,,,,10,8,2,1.250000,0.636364,7,3,1,3,3,0.921928,1.061278,0.800000,0.750000
paper-67049-topk-1-depth-2,1,2,1,1,1.000000,0.999650,0.000350,,,,22,73,-51,0.301370,0.266667,20,2,53,6,11,2.061482,2.767275,0.363636,0.315068
paper-67049-topk-3-depth-0,3,0,3,3,1.000000,0.986391,0.013609,0.000000,0.409452,-0.409452,3,3,0,1.000000,0.000000,0,3,3,2,2,0.918296,0.918296,0.666667,0.666667
paper-67049-topk-3-depth-1,3,1,3,3,1.000000,0.986391,0.013609,0.000000,0.409452,-0.409452,23,14,9,1.642857,0.000000,0,23,14,4,5,1.494540,1.753434,0.608696,0.571429
paper-67049-topk-3-depth-2,3,2,3,3,1.000000,0.986391,0.013609,0.000000,0.409452,-0.409452,227,97,130,2.340206,0.000000,0,227,97,13,12,1.851010,2.729273,0.634361,0.319588
paper-67049-topk-5-depth-0,5,0,5,5,1.000000,0.976958,0.023042,0.000000,0.254004,-0.254004,5,5,0,1.000000,0.111111,1,4,4,3,3,1.521928,1.370951,0.400000,0.600000
paper-67049-topk-5-depth-1,5,1,5,5,1.000000,0.976958,0.023042,0.000000,0.254004,-0.254004,36,25,11,1.440000,0.196078,10,26,15,6,6,2.109170,2.142683,0.416667,0.360000
paper-67049-topk-5-depth-2,5,2,5,5,1.000000,0.976958,0.023042,0.000000,0.254004,-0.254004,259,153,106,1.692810,0.072917,28,231,125,17,17,2.298610,3.183606,0.559846,0.235294
paper-67049-topk-10-depth-0,10,0,10,10,1.000000,0.968545,0.031455,0.000000,0.062338,-0.062338,10,10,0,1.000000,0.176471,3,7,7,6,5,2.446439,2.170951,0.300000,0.300000
paper-67049-topk-10-depth-1,10,1,10,10,1.000000,0.968545,0.031455,0.000000,0.062338,-0.062338,70,51,19,1.372549,0.273684,26,44,25,13,10,3.180465,2.503978,0.242857,0.450980
paper-67049-topk-10-depth-2,10,2,10,10,1.000000,0.968545,0.031455,0.000000,0.062338,-0.062338,16739,437,16302,38.304348,0.013632,231,16508,206,38,24,2.811455,3.123058,0.300436,0.409611
paper-25048-topk-1-depth-0,1,0,1,1,1.000000,0.999902,0.000098,,,,1,1,0,1.000000,1.000000,1,0,0,1,1,0.000000,0.000000,1.000000,1.000000
paper-25048-topk-1-depth-1,1,1,1,1,1.000000,0.999902,0.000098,,,,3,3,0,1.000000,1.000000,3,0,0,2,2,0.918296,0.918296,0.666667,0.666667
paper-25048-topk-1-depth-2,1,2,1,1,1.000000,0.999902,0.000098,,,,7,7,0,1.000000,1.000000,7,0,0,2,2,0.863121,0.863121,0.714286,0.714286
paper-25048-topk-3-depth-0,3,0,3,3,1.000000,0.980282,0.019718,0.000000,0.000000,0.000000,3,3,0,1.000000,0.000000,0,3,3,2,3,0.918296,1.584963,0.666667,0.333333
paper-25048-topk-3-depth-1,3,1,3,3,1.000000,0.980282,0.019718,0.000000,0.000000,0.000000,16,20,-4,0.800000,0.000000,0,16,20,6,4,2.000000,1.595462,0.500000,0.600000
paper-25048-topk-3-depth-2,3,2,3,3,1.000000,0.980282,0.019718,0.000000,0.000000,0.000000,334,114,220,2.929825,0.000000,0,334,114,16,10,2.518390,1.741738,0.508982,0.666667
paper-25048-topk-5-depth-0,5,0,5,5,1.000000,0.974598,0.025402,0.000000,0.000000,0.000000,5,5,0,1.000000,0.000000,0,5,5,2,4,0.721928,1.921928,0.800000,0.400000
paper-25048-topk-5-depth-1,5,1,5,5,1.000000,0.974598,0.025402,0.000000,0.000000,0.000000,29,26,3,1.115385,0.000000,0,29,26,6,7,1.705458,2.247577,0.620690,0.461538
paper-25048-topk-5-depth-2,5,2,5,5,1.000000,0.974598,0.025402,0.000000,0.000000,0.000000,527,186,341,2.833333,0.001404,1,526,185,20,15,2.758344,2.548493,0.447818,0.419355
paper-25048-topk-10-depth-0,10,0,10,10,1.000000,0.970417,0.029583,0.000000,0.003175,-0.003175,10,10,0,1.000000,0.052632,1,9,9,4,7,1.685475,2.646439,0.500000,0.300000
paper-25048-topk-10-depth-1,10,1,10,10,1.000000,0.970417,0.029583,0.000000,0.003175,-0.003175,87,60,27,1.450000,0.020833,3,84,57,12,11,2.599129,2.811147,0.402299,0.250000
paper-25048-topk-10-depth-2,10,2,10,10,1.000000,0.970417,0.029583,0.000000,0.003175,-0.003175,15927,732,15195,21.758197,0.002045,34,15893,698,38,24,2.807250,3.011794,0.327871,0.364754
paper-42197-topk-1-depth-0,1,0,1,1,1.000000,0.999778,0.000222,,,,1,1,0,1.000000,0.000000,0,1,1,1,1,0.000000,0.000000,1.000000,1.000000
paper-42197-topk-1-depth-1,1,1,1,1,1.000000,0.999778,0.000222,,,,14,16,-2,0.875000,0.200000,5,9,11,5,4,1.870254,1.491315,0.428571,0.562500
paper-42197-topk-1-depth-2,1,2,1,1,1.000000,0.999778,0.000222,,,,22808,13737,9071,1.660333,0.593069,13605,9203,132,36,36,2.406621,2.640800,0.474220,0.349057
paper-42197-topk-3-depth-0,3,0,3,3,1.000000,0.984356,0.015644,0.000000,0.000000,0.000000,3,3,0,1.000000,0.000000,0,3,3,3,2,1.584963,0.918296,0.333333,0.666667
paper-42197-topk-3-depth-1,3,1,3,3,1.000000,0.984356,0.015644,0.000000,0.000000,0.000000,41,32,9,1.281250,0.089552,6,35,26,6,6,2.297598,2.225537,0.292683,0.343750
paper-42197-topk-3-depth-2,3,2,3,3,1.000000,0.984356,0.015644,0.000000,0.000000,0.000000,17416,15884,1532,1.096449,0.740630,14169,3247,1715,37,38,2.773326,2.752565,0.300988,0.327499
paper-42197-topk-5-depth-0,5,0,5,5,1.000000,0.980517,0.019483,0.000000,0.064019,-0.064019,5,5,0,1.000000,0.000000,0,5,5,4,2,1.921928,0.721928,0.400000,0.800000
paper-42197-topk-5-depth-1,5,1,5,5,1.000000,0.980517,0.019483,0.000000,0.064019,-0.064019,73,44,29,1.659091,0.083333,9,64,35,7,7,2.345431,2.320438,0.301370,0.318182
paper-42197-topk-5-depth-2,5,2,5,5,1.000000,0.980517,0.019483,0.000000,0.064019,-0.064019,18811,26888,-8077,0.699606,0.597476,17092,1719,9796,37,39,2.737298,2.588439,0.296794,0.417807
paper-42197-topk-10-depth-0,10,0,10,10,1.000000,0.975372,0.024628,0.000081,0.028333,-0.028252,10,10,0,1.000000,0.052632,1,9,9,7,3,2.646439,1.370951,0.300000,0.600000
paper-42197-topk-10-depth-1,10,1,10,10,1.000000,0.975372,0.024628,0.000081,0.028333,-0.028252,927,131,796,7.076336,0.029183,30,897,101,22,8,2.577318,2.136833,0.387271,0.374046
paper-42197-topk-10-depth-2,10,2,10,10,1.000000,0.975372,0.024628,0.000081,0.028333,-0.028252,35943,36286,-343,0.990547,0.660780,28738,7205,7548,38,39,2.668665,2.481645,0.400106,0.478780
paper-166587-topk-1-depth-0,1,0,1,1,1.000000,0.999765,0.000235,,,,1,1,0,1.000000,0.000000,0,1,1,1,1,0.000000,0.000000,1.000000,1.000000
paper-166587-topk-1-depth-1,1,1,1,1,1.000000,0.999765,0.000235,,,,10,12,-2,0.833333,0.000000,0,10,12,3,5,1.156780,2.292481,0.700000,0.250000
paper-166587-topk-1-depth-2,1,2,1,1,1.000000,0.999765,0.000235,,,,13754,770,12984,17.862338,0.003385,49,13705,721,34,26,1.911944,2.676958,0.619456,0.335065
paper-166587-topk-3-depth-0,3,0,3,3,1.000000,0.976676,0.023324,0.000000,0.070370,-0.070370,3,3,0,1.000000,0.200000,1,2,2,1,2,0.000000,0.918296,1.000000,0.666667
paper-166587-topk-3-depth-1,3,1,3,3,1.000000,0.976676,0.023324,0.000000,0.070370,-0.070370,26,22,4,1.181818,0.263158,10,16,12,6,5,1.846094,2.059705,0.576923,0.409091
paper-166587-topk-3-depth-2,3,2,3,3,1.000000,0.976676,0.023324,0.000000,0.070370,-0.070370,14443,1239,13204,11.656981,0.051777,772,13671,467,36,31,2.019262,2.757984,0.604307,0.309120
paper-166587-topk-5-depth-0,5,0,5,5,1.000000,0.971538,0.028462,0.000000,0.036667,-0.036667,5,5,0,1.000000,0.000000,0,5,5,4,3,1.921928,1.521928,0.400000,0.400000
paper-166587-topk-5-depth-1,5,1,5,5,1.000000,0.971538,0.028462,0.000000,0.036667,-0.036667,45,44,1,1.022727,0.047059,4,41,40,6,5,2.123614,2.018191,0.400000,0.318182
paper-166587-topk-5-depth-2,5,2,5,5,1.000000,0.971538,0.028462,0.000000,0.036667,-0.036667,1478,1432,46,1.032123,0.345354,747,731,685,30,31,2.494580,2.756278,0.401894,0.344274
paper-166587-topk-10-depth-0,10,0,10,10,1.000000,0.966890,0.033110,0.000000,0.022468,-0.022468,10,10,0,1.000000,0.111111,2,8,8,5,3,2.170951,1.485475,0.300000,0.500000
paper-166587-topk-10-depth-1,10,1,10,10,1.000000,0.966890,0.033110,0.000000,0.022468,-0.022468,86,84,2,1.023810,0.156463,23,63,61,10,7,2.612345,2.026130,0.290698,0.428571
paper-166587-topk-10-depth-2,10,2,10,10,1.000000,0.966890,0.033110,0.000000,0.022468,-0.022468,15760,24906,-9146,0.632779,0.562274,14636,1124,10270,37,38,2.208403,2.439580,0.567640,0.474745
paper-30905-topk-1-depth-0,1,0,1,1,1.000000,0.976200,0.023800,,,,1,1,0,1.000000,0.000000,0,1,1,1,1,0.000000,0.000000,1.000000,1.000000
paper-30905-topk-1-depth-1,1,1,1,1,1.000000,0.976200,0.023800,,,,3,5,-2,0.600000,0.000000,0,3,5,2,2,0.918296,0.721928,0.666667,0.800000
paper-30905-topk-1-depth-2,1,2,1,1,1.000000,0.976200,0.023800,,,,74,558,-484,0.132616,0.000000,0,74,558,3,6,0.826126,0.480628,0.783784,0.922939
paper-30905-topk-3-depth-0,3,0,3,3,1.000000,0.965999,0.034001,0.000000,0.037037,-0.037037,3,3,0,1.000000,0.000000,0,3,3,2,1,0.918296,0.000000,0.666667,1.000000
paper-30905-topk-3-depth-1,3,1,3,3,1.000000,0.965999,0.034001,0.000000,0.037037,-0.037037,17,33,-16,0.515152,0.063830,3,14,30,2,2,0.522559,0.195909,0.882353,0.969697
paper-30905-topk-3-depth-2,3,2,3,3,1.000000,0.965999,0.034001,0.000000,0.037037,-0.037037,727,1598,-871,0.454944,0.371681,630,97,968,7,15,0.544981,0.600780,0.903714,0.907384
paper-30905-topk-5-depth-0,5,0,5,5,1.000000,0.971728,0.028272,0.000000,0.096349,-0.096349,5,5,0,1.000000,0.250000,2,3,3,2,2,0.721928,0.721928,0.800000,0.800000
paper-30905-topk-5-depth-1,5,1,5,5,1.000000,0.971728,0.028272,0.000000,0.096349,-0.096349,45,37,8,1.216216,0.464286,26,19,11,2,2,0.503258,0.303375,0.888889,0.945946
paper-30905-topk-5-depth-2,5,2,5,5,1.000000,0.971728,0.028272,0.000000,0.096349,-0.096349,2124,1606,518,1.322540,0.360321,988,1136,618,18,15,0.992108,0.598484,0.793785,0.907846
paper-30905-topk-10-depth-0,10,0,10,10,1.000000,0.964434,0.035566,0.000000,0.043047,-0.043047,10,10,0,1.000000,0.176471,3,7,7,2,2,0.721928,0.468996,0.800000,0.900000
paper-30905-topk-10-depth-1,10,1,10,10,1.000000,0.964434,0.035566,0.000000,0.043047,-0.043047,93,72,21,1.291667,0.259542,34,59,38,3,2,0.785500,0.249882,0.838710,0.958333
paper-30905-topk-10-depth-2,10,2,10,10,1.000000,0.964434,0.035566,0.000000,0.043047,-0.043047,3073,2631,442,1.167997,0.609481,2160,913,471,19,19,0.933369,0.767578,0.814839,0.866211
paper-130934-topk-1-depth-0,1,0,1,1,1.000000,0.999896,0.000104,,,,1,1,0,1.000000,0.000000,0,1,1,1,1,0.000000,0.000000,1.000000,1.000000
paper-130934-topk-1-depth-1,1,1,1,1,1.000000,0.999896,0.000104,,,,23,21,2,1.095238,0.023256,1,22,20,2,3,0.258019,1.267770,0.956522,0.619048
paper-130934-topk-1-depth-2,1,2,1,1,1.000000,0.999896,0.000104,,,,19307,3056,16251,6.317736,0.094241,1926,17381,1130,36,27,2.266834,1.769819,0.506863,0.520942
paper-130934-topk-3-depth-0,3,0,3,3,1.000000,0.984634,0.015366,0.000000,0.031138,-0.031138,3,3,0,1.000000,0.000000,0,3,3,2,2,0.918296,0.918296,0.666667,0.666667
paper-130934-topk-3-depth-1,3,1,3,3,1.000000,0.984634,0.015366,0.000000,0.031138,-0.031138,37,80,-43,0.462500,0.093458,10,27,70,4,5,1.695502,1.405066,0.459459,0.562500
paper-130934-topk-3-depth-2,3,2,3,3,1.000000,0.984634,0.015366,0.000000,0.031138,-0.031138,26588,24852,1736,1.069854,0.647556,20218,6370,4634,36,37,2.392708,2.325631,0.463442,0.489659
paper-130934-topk-5-depth-0,5,0,5,5,1.000000,0.980094,0.019906,0.000000,0.041169,-0.041169,5,5,0,1.000000,0.000000,0,5,5,3,3,1.521928,1.370951,0.400000,0.600000
paper-130934-topk-5-depth-1,5,1,5,5,1.000000,0.980094,0.019906,0.000000,0.041169,-0.041169,64,113,-49,0.566372,0.085890,14,50,99,6,5,1.817409,1.783182,0.484375,0.451327
paper-130934-topk-5-depth-2,5,2,5,5,1.000000,0.980094,0.019906,0.000000,0.041169,-0.041169,26724,28856,-2132,0.926116,0.623722,21350,5374,7506,36,37,2.395777,2.451442,0.461570,0.442646
paper-130934-topk-10-depth-0,10,0,10,10,1.000000,0.975554,0.024446,0.000000,0.030679,-0.030679,10,10,0,1.000000,0.052632,1,9,9,3,3,1.370951,1.156780,0.600000,0.700000
paper-130934-topk-10-depth-1,10,1,10,10,1.000000,0.975554,0.024446,0.000000,0.030679,-0.030679,104,176,-72,0.590909,0.124498,31,73,145,12,7,2.303632,1.728667,0.500000,0.511364
paper-130934-topk-10-depth-2,10,2,10,10,1.000000,0.975554,0.024446,0.000000,0.030679,-0.030679,28957,34233,-5276,0.845880,0.709686,26230,2727,8003,38,37,2.508993,2.443410,0.438409,0.460521
paper-157362-topk-1-depth-0,1,0,1,1,1.000000,0.998275,0.001725,,,,1,1,0,1.000000,0.000000,0,1,1,1,1,0.000000,0.000000,1.000000,1.000000
paper-157362-topk-1-depth-1,1,1,1,1,1.000000,0.998275,0.001725,,,,3,7,-4,0.428571,0.000000,0,3,7,2,5,0.918296,2.235926,0.666667,0.285714
paper-157362-topk-1-depth-2,1,2,1,1,1.000000,0.998275,0.001725,,,,96,130,-34,0.738462,0.022624,5,91,125,14,18,3.178927,3.410032,0.270833,0.207692
paper-157362-topk-3-depth-0,3,0,3,3,1.000000,0.983924,0.016076,0.000000,0.000000,0.000000,3,3,0,1.000000,0.000000,0,3,3,3,2,1.584963,0.918296,0.333333,0.666667
paper-157362-topk-3-depth-1,3,1,3,3,1.000000,0.983924,0.016076,0.000000,0.000000,0.000000,15,12,3,1.250000,0.000000,0,15,12,4,7,1.689482,2.584963,0.466667,0.333333
paper-157362-topk-3-depth-2,3,2,3,3,1.000000,0.983924,0.016076,0.000000,0.000000,0.000000,72,232,-160,0.310345,0.009967,3,69,229,6,21,1.988078,3.633304,0.458333,0.163793
paper-157362-topk-5-depth-0,5,0,5,5,1.000000,0.980814,0.019186,0.000000,0.033333,-0.033333,5,5,0,1.000000,0.111111,1,4,4,3,3,1.370951,1.370951,0.600000,0.600000
paper-157362-topk-5-depth-1,5,1,5,5,1.000000,0.980814,0.019186,0.000000,0.033333,-0.033333,27,17,10,1.588235,0.100000,4,23,13,6,8,2.250827,2.660130,0.296296,0.352941
paper-157362-topk-5-depth-2,5,2,5,5,1.000000,0.980814,0.019186,0.000000,0.033333,-0.033333,294,427,-133,0.688525,0.433400,218,76,209,23,24,3.306336,3.739606,0.207483,0.163934
paper-157362-topk-10-depth-0,10,0,10,10,1.000000,0.977454,0.022546,0.000000,0.022963,-0.022963,10,10,0,1.000000,0.111111,2,8,8,7,6,2.646439,2.321928,0.300000,0.400000
paper-157362-topk-10-depth-1,10,1,10,10,1.000000,0.977454,0.022546,0.000000,0.022963,-0.022963,71,39,32,1.820513,0.157895,15,56,24,14,10,3.074918,2.948004,0.281690,0.230769
paper-157362-topk-10-depth-2,10,2,10,10,1.000000,0.977454,0.022546,0.000000,0.022963,-0.022963,1501,1575,-74,0.953016,0.133800,363,1138,1212,30,26,3.507037,3.004017,0.249167,0.380317
paper-93869-topk-1-depth-0,1,0,1,1,1.000000,0.997996,0.002004,,,,1,1,0,1.000000,0.000000,0,1,1,1,1,0.000000,0.000000,1.000000,1.000000
paper-93869-topk-1-depth-1,1,1,1,1,1.000000,0.997996,0.002004,,,,12,9,3,1.333333,0.000000,0,12,9,2,2,1.000000,0.764205,0.500000,0.777778
paper-93869-topk-1-depth-2,1,2,1,1,1.000000,0.997996,0.002004,,,,4141,376,3765,11.013298,0.003332,15,4126,361,28,15,2.468755,2.048914,0.497223,0.510638
paper-93869-topk-3-depth-0,3,0,3,3,1.000000,0.983763,0.016237,0.000000,0.007407,-0.007407,3,3,0,1.000000,0.000000,0,3,3,3,2,1.584963,0.918296,0.333333,0.666667
paper-93869-topk-3-depth-1,3,1,3,3,1.000000,0.983763,0.016237,0.000000,0.007407,-0.007407,44,167,-123,0.263473,0.029268,6,38,161,10,13,2.769196,2.707949,0.295455,0.359281
paper-93869-topk-3-depth-2,3,2,3,3,1.000000,0.983763,0.016237,0.000000,0.007407,-0.007407,18082,26572,-8490,0.680491,0.285155,9908,8174,16664,40,40,2.404055,2.845045,0.483796,0.345928
paper-93869-topk-5-depth-0,5,0,5,5,1.000000,0.979349,0.020651,0.000000,0.006608,-0.006608,5,5,0,1.000000,0.000000,0,5,5,5,4,2.321928,1.921928,0.200000,0.400000
paper-93869-topk-5-depth-1,5,1,5,5,1.000000,0.979349,0.020651,0.000000,0.006608,-0.006608,57,214,-157,0.266355,0.030418,8,49,206,12,18,3.053365,3.094439,0.263158,0.308411
paper-93869-topk-5-depth-2,5,2,5,5,1.000000,0.979349,0.020651,0.000000,0.006608,-0.006608,28372,33334,-4962,0.851143,0.554816,22019,6353,11315,40,40,2.587458,2.763652,0.407091,0.386332
paper-93869-topk-10-depth-0,10,0,10,10,1.000000,0.974888,0.025112,0.000000,0.003866,-0.003866,10,10,0,1.000000,0.000000,0,10,10,6,7,2.321928,2.721928,0.400000,0.200000
paper-93869-topk-10-depth-1,10,1,10,10,1.000000,0.974888,0.025112,0.000000,0.003866,-0.003866,113,475,-362,0.237895,0.029772,17,96,458,15,20,3.051715,2.926418,0.362832,0.355789
paper-93869-topk-10-depth-2,10,2,10,10,1.000000,0.974888,0.025112,0.000000,0.003866,-0.003866,31668,45918,-14250,0.689664,0.587925,28726,2942,17192,40,40,2.689057,2.727958,0.382089,0.400801
paper-12310-topk-1-depth-0,1,0,1,1,1.000000,0.997892,0.002108,,,,1,1,0,1.000000,1.000000,1,0,0,1,1,0.000000,0.000000,1.000000,1.000000
paper-12310-topk-1-depth-1,1,1,1,1,1.000000,0.997892,0.002108,,,,13,13,0,1.000000,1.000000,13,0,0,3,3,1.140116,1.140116,0.692308,0.692308
paper-12310-topk-1-depth-2,1,2,1,1,1.000000,0.997892,0.002108,,,,1184,1184,0,1.000000,1.000000,1184,0,0,24,24,2.247814,2.247814,0.492399,0.492399
paper-12310-topk-3-depth-0,3,0,3,3,1.000000,0.983198,0.016802,0.003272,0.000000,0.003272,3,3,0,1.000000,0.000000,0,3,3,2,2,0.918296,0.918296,0.666667,0.666667
paper-12310-topk-3-depth-1,3,1,3,3,1.000000,0.983198,0.016802,0.003272,0.000000,0.003272,330,31,299,10.645161,0.005571,2,328,29,13,4,1.898445,1.563986,0.530303,0.548387
paper-12310-topk-3-depth-2,3,2,3,3,1.000000,0.983198,0.016802,0.003272,0.000000,0.003272,13528,15040,-1512,0.899468,0.274333,6150,7378,8890,35,33,2.295858,2.034223,0.486842,0.580984
paper-12310-topk-5-depth-0,5,0,5,5,1.000000,0.979733,0.020267,0.000982,0.031944,-0.030963,5,5,0,1.000000,0.000000,0,5,5,4,3,1.921928,1.521928,0.400000,0.400000
paper-12310-topk-5-depth-1,5,1,5,5,1.000000,0.979733,0.020267,0.000982,0.031944,-0.030963,383,72,311,5.319444,0.008869,4,379,68,13,5,1.998460,1.141954,0.469974,0.763889
paper-12310-topk-5-depth-2,5,2,5,5,1.000000,0.979733,0.020267,0.000982,0.031944,-0.030963,23775,29844,-6069,0.796643,0.541662,18839,4936,11005,37,36,2.226803,2.303717,0.541451,0.518630
paper-12310-topk-10-depth-0,10,0,10,10,1.000000,0.975567,0.024433,0.000218,0.018356,-0.018138,10,10,0,1.000000,0.000000,0,10,10,6,4,2.370951,1.921928,0.300000,0.400000
paper-12310-topk-10-depth-1,10,1,10,10,1.000000,0.975567,0.024433,0.000218,0.018356,-0.018138,490,251,239,1.952191,0.054054,38,452,213,13,9,2.221775,2.017444,0.367347,0.422311
paper-12310-topk-10-depth-2,10,2,10,10,1.000000,0.975567,0.024433,0.000218,0.018356,-0.018138,37754,36736,1018,1.027711,0.774543,32513,5241,4223,38,38,2.470893,2.457081,0.468533,0.472098
paper-63444-topk-1-depth-0,1,0,1,1,1.000000,0.972012,0.027988,,,,1,1,0,1.000000,0.000000,0,1,1,1,1,0.000000,0.000000,1.000000,1.000000
paper-63444-topk-1-depth-1,1,1,1,1,1.000000,0.972012,0.027988,,,,18,13,5,1.384615,0.033333,1,17,12,3,3,1.052941,1.314320,0.722222,0.461538
paper-63444-topk-1-depth-2,1,2,1,1,1.000000,0.972012,0.027988,,,,14454,13348,1106,1.082859,0.900082,13170,1284,178,36,37,2.685600,2.573318,0.342120,0.359305
paper-63444-topk-3-depth-0,3,0,3,3,1.000000,0.970128,0.029872,0.000000,0.000000,0.000000,3,3,0,1.000000,0.200000,1,2,2,2,2,0.918296,0.918296,0.666667,0.666667
paper-63444-topk-3-depth-1,3,1,3,3,1.000000,0.970128,0.029872,0.000000,0.000000,0.000000,31,38,-7,0.815789,0.210526,12,19,26,6,6,1.916794,1.693678,0.419355,0.605263
paper-63444-topk-3-depth-2,3,2,3,3,1.000000,0.970128,0.029872,0.000000,0.000000,0.000000,15956,16506,-550,0.966679,0.830908,14732,1224,1774,37,37,2.693981,2.611575,0.341878,0.364049
paper-63444-topk-5-depth-0,5,0,5,5,1.000000,0.977215,0.022785,0.000000,0.011418,-0.011418,5,5,0,1.000000,0.111111,1,4,4,3,3,1.370951,1.521928,0.600000,0.400000
paper-63444-topk-5-depth-1,5,1,5,5,1.000000,0.977215,0.022785,0.000000,0.011418,-0.011418,47,67,-20,0.701493,0.140000,14,33,53,6,6,1.925961,1.776622,0.382979,0.417910
paper-63444-topk-5-depth-2,5,2,5,5,1.000000,0.977215,0.022785,0.000000,0.011418,-0.011418,26289,30621,-4332,0.858528,0.747635,24346,1943,6275,37,37,2.351445,2.301814,0.507018,0.520264
paper-63444-topk-10-depth-0,10,0,10,10,1.000000,0.972588,0.027412,0.000118,0.008270,-0.008151,10,10,0,1.000000,0.052632,1,9,9,4,3,1.721928,1.360964,0.400000,0.500000
paper-63444-topk-10-depth-1,10,1,10,10,1.000000,0.972588,0.027412,0.000118,0.008270,-0.008151,632,115,517,5.495652,0.026099,19,613,96,10,9,0.780118,1.762045,0.875000,0.478261
paper-63444-topk-10-depth-2,10,2,10,10,1.000000,0.972588,0.027412,0.000118,0.008270,-0.008151,31896,34209,-2313,0.932386,0.734038,27983,3913,6226,38,39,2.306406,2.404461,0.522636,0.509164
paper-134908-topk-1-depth-0,1,0,1,1,1.000000,0.999292,0.000708,,,,1,1,0,1.000000,0.000000,0,1,1,1,1,0.000000,0.000000,1.000000,1.000000
paper-134908-topk-1-depth-1,1,1,1,1,1.000000,0.999292,0.000708,,,,28,27,1,1.037037,0.078431,4,24,23,2,2,0.222285,0.228538,0.964286,0.962963
paper-134908-topk-1-depth-2,1,2,1,1,1.000000,0.999292,0.000708,,,,20433,18139,2294,1.126468,0.756866,16617,3816,1522,34,35,1.755252,1.769765,0.679636,0.669221
paper-134908-topk-3-depth-0,3,0,3,3,1.000000,0.983396,0.016604,0.000000,0.002755,-0.002755,3,3,0,1.000000,0.200000,1,2,2,2,2,0.918296,0.918296,0.666667,0.666667
paper-134908-topk-3-depth-1,3,1,3,3,1.000000,0.983396,0.016604,0.000000,0.002755,-0.002755,26,247,-221,0.105263,0.041985,11,15,236,4,8,0.850151,1.241957,0.846154,0.615385
paper-134908-topk-3-depth-2,3,2,3,3,1.000000,0.983396,0.016604,0.000000,0.002755,-0.002755,14269,27023,-12754,0.528032,0.510646,13958,311,13065,33,36,1.761967,1.998062,0.674749,0.601525
paper-134908-topk-5-depth-0,5,0,5,5,1.000000,0.979526,0.020474,0.000418,0.013357,-0.012938,5,5,0,1.000000,0.111111,1,4,4,3,2,1.370951,0.721928,0.600000,0.800000
paper-134908-topk-5-depth-1,5,1,5,5,1.000000,0.979526,0.020474,0.000418,0.013357,-0.012938,294,281,13,1.046263,0.638177,224,70,57,11,8,1.809408,1.204099,0.506803,0.644128
paper-134908-topk-5-depth-2,5,2,5,5,1.000000,0.979526,0.020474,0.000418,0.013357,-0.012938,36911,28876,8035,1.278259,0.661036,26181,10730,2695,37,37,2.482722,2.055775,0.438839,0.584949
paper-134908-topk-10-depth-0,10,0,10,10,1.000000,0.976326,0.023674,0.000000,0.012496,-0.012496,10,10,0,1.000000,0.052632,1,9,9,4,3,1.570951,0.921928,0.600000,0.800000
paper-134908-topk-10-depth-1,10,1,10,10,1.000000,0.976326,0.023674,0.000000,0.012496,-0.012496,95,484,-389,0.196281,0.037634,21,74,463,7,14,1.800343,1.149504,0.578947,0.747934
paper-134908-topk-10-depth-2,10,2,10,10,1.000000,0.976326,0.023674,0.000000,0.012496,-0.012496,34926,36378,-1452,0.960086,0.744483,30430,4496,5948,38,39,2.445142,2.319464,0.463695,0.513387
paper-50323-topk-1-depth-0,1,0,1,1,1.000000,0.999900,0.000100,,,,1,1,0,1.000000,1.000000,1,0,0,1,1,0.000000,0.000000,1.000000,1.000000
paper-50323-topk-1-depth-1,1,1,1,1,1.000000,0.999900,0.000100,,,,10,10,0,1.000000,1.000000,10,0,0,2,2,0.881291,0.881291,0.700000,0.700000
paper-50323-topk-1-depth-2,1,2,1,1,1.000000,0.999900,0.000100,,,,124,124,0,1.000000,1.000000,124,0,0,7,7,1.554929,1.554929,0.572581,0.572581
paper-50323-topk-3-depth-0,3,0,3,3,1.000000,0.975797,0.024203,0.000000,0.055873,-0.055873,3,3,0,1.000000,0.200000,1,2,2,1,1,0.000000,0.000000,1.000000,1.000000
paper-50323-topk-3-depth-1,3,1,3,3,1.000000,0.975797,0.024203,0.000000,0.055873,-0.055873,19,28,-9,0.678571,0.093023,4,15,24,1,2,0.000000,0.749595,1.000000,0.785714
paper-50323-topk-3-depth-2,3,2,3,3,1.000000,0.975797,0.024203,0.000000,0.055873,-0.055873,353,190,163,1.857895,0.126556,61,292,129,6,7,0.478878,1.327530,0.929178,0.678947
paper-50323-topk-5-depth-0,5,0,5,5,1.000000,0.969533,0.030467,0.000000,0.061266,-0.061266,5,5,0,1.000000,0.250000,2,3,3,2,2,0.721928,0.721928,0.800000,0.800000
paper-50323-topk-5-depth-1,5,1,5,5,1.000000,0.969533,0.030467,0.000000,0.061266,-0.061266,30,39,-9,0.769231,0.277778,15,15,24,2,2,0.566510,0.732067,0.866667,0.794872
paper-50323-topk-5-depth-2,5,2,5,5,1.000000,0.969533,0.030467,0.000000,0.061266,-0.061266,385,213,172,1.807512,0.186508,94,291,119,7,7,0.500913,1.368511,0.927273,0.647887
paper-50323-topk-10-depth-0,10,0,10,10,1.000000,0.963050,0.036950,0.000000,0.029724,-0.029724,10,10,0,1.000000,0.111111,2,8,8,2,2,0.468996,0.468996,0.900000,0.900000
paper-50323-topk-10-depth-1,10,1,10,10,1.000000,0.963050,0.036950,0.000000,0.029724,-0.029724,186,73,113,2.547945,0.079167,19,167,54,5,4,0.487006,0.932082,0.930108,0.767123
paper-50323-topk-10-depth-2,10,2,10,10,1.000000,0.963050,0.036950,0.000000,0.029724,-0.029724,1474,820,654,1.797561,0.242014,447,1027,373,18,17,0.943045,1.720806,0.873813,0.658537
paper-138339-topk-1-depth-0,1,0,1,1,1.000000,0.999809,0.000191,,,,1,1,0,1.000000,0.000000,0,1,1,1,1,0.000000,0.000000,1.000000,1.000000
paper-138339-topk-1-depth-1,1,1,1,1,1.000000,0.999809,0.000191,,,,12,23,-11,0.521739,0.060606,2,10,21,4,3,1.551098,0.997627,0.583333,0.739130
paper-138339-topk-1-depth-2,1,2,1,1,1.000000,0.999809,0.000191,,,,23191,14701,8490,1.577512,0.548066,13415,9776,1286,36,34,2.357564,1.854147,0.479798,0.639820
paper-138339-topk-3-depth-0,3,0,3,3,1.000000,0.980499,0.019501,0.000000,0.035394,-0.035394,3,3,0,1.000000,0.000000,0,3,3,3,2,1.584963,0.918296,0.333333,0.666667
paper-138339-topk-3-depth-1,3,1,3,3,1.000000,0.980499,0.019501,0.000000,0.035394,-0.035394,80,47,33,1.702128,0.007937,1,79,46,6,4,1.852790,1.302061,0.512500,0.574468
paper-138339-topk-3-depth-2,3,2,3,3,1.000000,0.980499,0.019501,0.000000,0.035394,-0.035394,19416,26605,-7189,0.729788,0.468537,14683,4733,11922,37,37,2.630162,2.343103,0.307272,0.491148
paper-138339-topk-5-depth-0,5,0,5,5,1.000000,0.975327,0.024673,0.000000,0.016262,-0.016262,5,5,0,1.000000,0.111111,1,4,4,4,4,1.921928,1.921928,0.400000,0.400000
paper-138339-topk-5-depth-1,5,1,5,5,1.000000,0.975327,0.024673,0.000000,0.016262,-0.016262,100,85,15,1.176471,0.163522,26,74,59,6,6,2.082016,2.170014,0.410000,0.341176
paper-138339-topk-5-depth-2,5,2,5,5,1.000000,0.975327,0.024673,0.000000,0.016262,-0.016262,28947,31624,-2677,0.915349,0.699237,24925,4022,6699,37,38,2.418569,2.508892,0.461879,0.431255
paper-138339-topk-10-depth-0,10,0,10,10,1.000000,0.970720,0.029280,0.000056,0.005668,-0.005612,10,10,0,1.000000,0.111111,2,8,8,8,4,2.921928,1.846439,0.200000,0.400000
paper-138339-topk-10-depth-1,10,1,10,10,1.000000,0.970720,0.029280,0.000056,0.005668,-0.005612,445,517,-72,0.860735,0.720930,403,42,114,16,11,2.380897,2.234084,0.413483,0.423598
paper-138339-topk-10-depth-2,10,2,10,10,1.000000,0.970720,0.029280,0.000056,0.005668,-0.005612,29887,37308,-7421,0.801088,0.608575,25422,4465,11886,38,39,2.428724,2.520248,0.479038,0.440335
paper-126391-topk-1-depth-0,1,0,1,1,1.000000,0.941887,0.058113,,,,1,1,0,1.000000,0.000000,0,1,1,1,1,0.000000,0.000000,1.000000,1.000000
paper-126391-topk-1-depth-1,1,1,1,1,1.000000,0.941887,0.058113,,,,39,9,30,4.333333,0.000000,0,39,9,9,3,1.949597,1.224394,0.641026,0.666667
paper-126391-topk-1-depth-2,1,2,1,1,1.000000,0.941887,0.058113,,,,489,112,377,4.366071,0.001667,1,488,111,20,16,2.816771,2.758479,0.464213,0.410714
paper-126391-topk-3-depth-0,3,0,3,3,1.000000,0.940496,0.059504,0.000000,0.000000,0.000000,3,3,0,1.000000,0.000000,0,3,3,2,3,0.918296,1.584963,0.666667,0.333333
paper-126391-topk-3-depth-1,3,1,3,3,1.000000,0.940496,0.059504,0.000000,0.000000,0.000000,43,18,25,2.388889,0.000000,0,43,18,9,5,1.967044,1.838027,0.627907,0.555556
paper-126391-topk-3-depth-2,3,2,3,3,1.000000,0.940496,0.059504,0.000000,0.000000,0.000000,513,153,360,3.352941,0.001504,1,512,152,21,18,2.809200,2.937292,0.469786,0.385621
paper-126391-topk-5-depth-0,5,0,5,5,1.000000,0.939874,0.060126,0.000000,0.000000,0.000000,5,5,0,1.000000,0.111111,1,4,4,4,4,1.921928,1.921928,0.400000,0.400000
paper-126391-topk-5-depth-1,5,1,5,5,1.000000,0.939874,0.060126,0.000000,0.000000,0.000000,55,31,24,1.774194,0.131579,10,45,21,10,7,2.365146,2.216700,0.490909,0.354839
paper-126391-topk-5-depth-2,5,2,5,5,1.000000,0.939874,0.060126,0.000000,0.000000,0.000000,633,576,57,1.098958,0.122563,132,501,444,26,25,3.066975,3.024382,0.388626,0.255208
paper-126391-topk-10-depth-0,10,0,10,10,1.000000,0.937880,0.062120,0.000000,0.000517,-0.000517,10,10,0,1.000000,0.250000,4,6,6,6,6,2.321928,2.446439,0.400000,0.300000
paper-126391-topk-10-depth-1,10,1,10,10,1.000000,0.937880,0.062120,0.000000,0.000517,-0.000517,101,107,-6,0.943925,0.377483,57,44,50,11,13,2.498592,2.508798,0.346535,0.383178
paper-126391-topk-10-depth-2,10,2,10,10,1.000000,0.937880,0.062120,0.000000,0.000517,-0.000517,6560,6108,452,1.074001,0.070023,829,5731,5279,36,36,2.873588,2.799098,0.430030,0.451703
paper-84495-topk-1-depth-0,1,0,1,1,1.000000,0.998504,0.001496,,,,1,1,0,1.000000,0.000000,0,1,1,1,1,0.000000,0.000000,1.000000,1.000000
paper-84495-topk-1-depth-1,1,1,1,1,1.000000,0.998504,0.001496,,,,22,7,15,3.142857,0.000000,0,22,7,4,2,1.620335,0.863121,0.500000,0.714286
paper-84495-topk-1-depth-2,1,2,1,1,1.000000,0.998504,0.001496,,,,21466,183,21283,117.300546,0.001666,36,21430,147,35,10,1.937023,1.927482,0.631650,0.513661
paper-84495-topk-3-depth-0,3,0,3,3,1.000000,0.974680,0.025320,0.000000,0.000000,0.000000,3,3,0,1.000000,0.000000,0,3,3,3,2,1.584963,0.918296,0.333333,0.666667
paper-84495-topk-3-depth-1,3,1,3,3,1.000000,0.974680,0.025320,0.000000,0.000000,0.000000,19,14,5,1.357143,0.000000,0,19,14,5,5,1.505521,1.807355,0.684211,0.571429
paper-84495-topk-3-depth-2,3,2,3,3,1.000000,0.974680,0.025320,0.000000,0.000000,0.000000,1298,204,1094,6.362745,0.002001,3,1295,201,22,15,1.968637,2.270595,0.445300,0.475490
paper-84495-topk-5-depth-0,5,0,5,5,1.000000,0.967707,0.032293,0.000000,0.000000,0.000000,5,5,0,1.000000,0.111111,1,4,4,4,3,1.921928,1.521928,0.400000,0.400000
paper-84495-topk-5-depth-1,5,1,5,5,1.000000,0.967707,0.032293,0.000000,0.000000,0.000000,45,20,25,2.250000,0.065574,4,41,16,8,8,2.332789,2.584184,0.377778,0.400000
paper-84495-topk-5-depth-2,5,2,5,5,1.000000,0.967707,0.032293,0.000000,0.000000,0.000000,22730,359,22371,63.314763,0.002518,58,22672,301,35,22,1.986123,2.937758,0.614650,0.284123
paper-84495-topk-10-depth-0,10,0,10,10,1.000000,0.962159,0.037841,0.000000,0.001802,-0.001802,10,10,0,1.000000,0.176471,3,7,7,5,5,2.046439,2.170951,0.400000,0.300000
paper-84495-topk-10-depth-1,10,1,10,10,1.000000,0.962159,0.037841,0.000000,0.001802,-0.001802,109,77,32,1.415584,0.215686,33,76,44,12,13,2.660921,3.079310,0.394495,0.194805
paper-84495-topk-10-depth-2,10,2,10,10,1.000000,0.962159,0.037841,0.000000,0.001802,-0.001802,23894,23281,613,1.026330,0.844791,21603,2291,1678,35,36,2.042849,2.029809,0.599146,0.621193
paper-83319-topk-1-depth-0,1,0,1,1,1.000000,0.997777,0.002223,,,,1,1,0,1.000000,0.000000,0,1,1,1,1,0.000000,0.000000,1.000000,1.000000
paper-83319-topk-1-depth-1,1,1,1,1,1.000000,0.997777,0.002223,,,,9,28,-19,0.321429,0.057143,2,7,26,1,2,0.000000,0.676942,1.000000,0.821429
paper-83319-topk-1-depth-2,1,2,1,1,1.000000,0.997777,0.002223,,,,18553,16452,2101,1.127705,0.259127,7204,11349,9248,35,36,1.792791,2.429843,0.665930,0.433807
paper-83319-topk-3-depth-0,3,0,3,3,1.000000,0.983086,0.016914,0.000000,0.056905,-0.056905,3,3,0,1.000000,0.000000,0,3,3,2,1,0.918296,0.000000,0.666667,1.000000
paper-83319-topk-3-depth-1,3,1,3,3,1.000000,0.983086,0.016914,0.000000,0.056905,-0.056905,74,72,2,1.027778,0.216667,26,48,46,5,2,0.905843,0.616748,0.810811,0.847222
paper-83319-topk-3-depth-2,3,2,3,3,1.000000,0.983086,0.016914,0.000000,0.056905,-0.056905,23312,20295,3017,1.148657,0.704864,18029,5283,2266,37,36,2.314397,2.284435,0.508107,0.502981
paper-83319-topk-5-depth-0,5,0,5,5,1.000000,0.976309,0.023691,0.005797,0.086945,-0.081147,5,5,0,1.000000,0.000000,0,5,5,2,1,0.970951,0.000000,0.600000,1.000000
paper-83319-topk-5-depth-1,5,1,5,5,1.000000,0.976309,0.023691,0.005797,0.086945,-0.081147,113,89,24,1.269663,0.074468,14,99,75,8,3,1.118053,0.657059,0.787611,0.853933
paper-83319-topk-5-depth-2,5,2,5,5,1.000000,0.976309,0.023691,0.005797,0.086945,-0.081147,33655,29466,4189,1.142164,0.823042,28497,5158,969,37,36,2.290992,2.235648,0.525568,0.535363
paper-83319-topk-10-depth-0,10,0,10,10,1.000000,0.969617,0.030383,0.000712,0.045026,-0.044314,10,10,0,1.000000,0.000000,0,10,10,3,2,0.921928,0.721928,0.800000,0.800000
paper-83319-topk-10-depth-1,10,1,10,10,1.000000,0.969617,0.030383,0.000712,0.045026,-0.044314,124,175,-51,0.708571,0.107407,29,95,146,8,5,1.175367,1.046099,0.766129,0.754286
paper-83319-topk-10-depth-2,10,2,10,10,1.000000,0.969617,0.030383,0.000712,0.045026,-0.044314,27259,34092,-6833,0.799572,0.744562,26184,1075,7908,37,37,2.000623,2.272254,0.609597,0.529332
paper-107790-topk-1-depth-0,1,0,1,1,1.000000,0.999900,0.000100,,,,1,1,0,1.000000,0.000000,0,1,1,1,1,0.000000,0.000000,1.000000,1.000000
paper-107790-topk-1-depth-1,1,1,1,1,1.000000,0.999900,0.000100,,,,9,4,5,2.250000,0.181818,2,7,2,2,2,0.764205,0.811278,0.777778,0.750000
paper-107790-topk-1-depth-2,1,2,1,1,1.000000,0.999900,0.000100,,,,472,300,172,1.573333,0.559596,277,195,23,6,5,1.217776,0.995426,0.574153,0.670000
paper-107790-topk-3-depth-0,3,0,3,3,1.000000,0.983589,0.016411,0.000000,0.240741,-0.240741,3,3,0,1.000000,0.000000,0,3,3,1,2,0.000000,0.918296,1.000000,0.666667
paper-107790-topk-3-depth-1,3,1,3,3,1.000000,0.983589,0.016411,0.000000,0.240741,-0.240741,23,16,7,1.437500,0.054054,2,21,14,3,2,0.997627,0.988699,0.739130,0.562500
paper-107790-topk-3-depth-2,3,2,3,3,1.000000,0.983589,0.016411,0.000000,0.240741,-0.240741,427,632,-205,0.675633,0.421477,314,113,318,8,9,1.268791,1.228952,0.606557,0.602848
paper-107790-topk-5-depth-0,5,0,5,5,1.000000,0.979586,0.020414,0.000000,0.198259,-0.198259,5,5,0,1.000000,0.000000,0,5,5,2,2,0.721928,0.970951,0.800000,0.600000
paper-107790-topk-5-depth-1,5,1,5,5,1.000000,0.979586,0.020414,0.000000,0.198259,-0.198259,33,25,8,1.320000,0.035714,2,31,23,3,2,1.140869,0.942683,0.575758,0.640000
paper-107790-topk-5-depth-2,5,2,5,5,1.000000,0.979586,0.020414,0.000000,0.198259,-0.198259,543,834,-291,0.651079,0.372881,374,169,460,11,13,1.405020,1.260139,0.572744,0.639089
paper-107790-topk-10-depth-0,10,0,10,10,1.000000,0.975630,0.024370,0.000000,0.089912,-0.089912,10,10,0,1.000000,0.052632,1,9,9,3,2,0.921928,0.881291,0.800000,0.700000
paper-107790-topk-10-depth-1,10,1,10,10,1.000000,0.975630,0.024370,0.000000,0.089912,-0.089912,73,161,-88,0.453416,0.114286,24,49,137,5,4,1.173617,1.106499,0.726027,0.583851
paper-107790-topk-10-depth-2,10,2,10,10,1.000000,0.975630,0.024370,0.000000,0.089912,-0.089912,2213,2341,-128,0.945323,0.547401,1611,602,730,17,18,1.227204,1.205944,0.703570,0.689876
paper-48524-topk-1-depth-0,1,0,1,1,1.000000,0.999889,0.000111,,,,1,1,0,1.000000,1.000000,1,0,0,1,1,0.000000,0.000000,1.000000,1.000000
paper-48524-topk-1-depth-1,1,1,1,1,1.000000,0.999889,0.000111,,,,3,3,0,1.000000,1.000000,3,0,0,1,1,0.000000,0.000000,1.000000,1.000000
paper-48524-topk-1-depth-2,1,2,1,1,1.000000,0.999889,0.000111,,,,37,37,0,1.000000,1.000000,37,0,0,5,5,0.710399,0.710399,0.891892,0.891892
paper-48524-topk-3-depth-0,3,0,3,3,1.000000,0.980518,0.019482,0.000000,0.000000,0.000000,3,3,0,1.000000,0.000000,0,3,3,3,3,1.584963,1.584963,0.333333,0.333333
paper-48524-topk-3-depth-1,3,1,3,3,1.000000,0.980518,0.019482,0.000000,0.000000,0.000000,17,21,-4,0.809524,0.000000,0,17,21,8,9,2.822182,2.777263,0.235294,0.333333
paper-48524-topk-3-depth-2,3,2,3,3,1.000000,0.980518,0.019482,0.000000,0.000000,0.000000,2658,3015,-357,0.881592,0.012855,72,2586,2943,28,30,2.531998,2.342830,0.518059,0.501824
paper-48524-topk-5-depth-0,5,0,5,5,1.000000,0.976076,0.023924,0.000000,0.000000,0.000000,5,5,0,1.000000,0.111111,1,4,4,4,4,1.921928,1.921928,0.400000,0.400000
paper-48524-topk-5-depth-1,5,1,5,5,1.000000,0.976076,0.023924,0.000000,0.000000,0.000000,22,68,-46,0.323529,0.046512,4,18,64,8,11,2.772185,2.270643,0.227273,0.544118
paper-48524-topk-5-depth-2,5,2,5,5,1.000000,0.976076,0.023924,0.000000,0.000000,0.000000,2701,3621,-920,0.745927,0.020171,125,2576,3496,29,35,2.600945,2.848840,0.509811,0.417840
paper-48524-topk-10-depth-0,10,0,10,10,1.000000,0.972367,0.027633,0.000000,0.000444,-0.000444,10,10,0,1.000000,0.250000,4,6,6,7,7,2.646439,2.721928,0.300000,0.200000
paper-48524-topk-10-depth-1,10,1,10,10,1.000000,0.972367,0.027633,0.000000,0.000444,-0.000444,51,94,-43,0.542553,0.218487,26,25,68,12,16,3.268836,2.925569,0.215686,0.404255
paper-48524-topk-10-depth-2,10,2,10,10,1.000000,0.972367,0.027633,0.000000,0.000444,-0.000444,3727,3730,-3,0.999196,0.035263,254,3473,3476,37,37,2.965746,2.946875,0.379662,0.405630
paper-52420-topk-1-depth-0,1,0,1,1,1.000000,0.999842,0.000158,,,,1,1,0,1.000000,0.000000,0,1,1,1,1,0.000000,0.000000,1.000000,1.000000
paper-52420-topk-1-depth-1,1,1,1,1,1.000000,0.999842,0.000158,,,,10,7,3,1.428571,0.000000,0,10,7,3,2,1.156780,0.591673,0.700000,0.857143
paper-52420-topk-1-depth-2,1,2,1,1,1.000000,0.999842,0.000158,,,,10657,483,10174,22.064182,0.014018,154,10503,329,35,17,2.495706,1.735407,0.491320,0.645963
paper-52420-topk-3-depth-0,3,0,3,3,1.000000,0.981317,0.018683,0.000000,0.018519,-0.018519,3,3,0,1.000000,0.200000,1,2,2,2,3,0.918296,1.584963,0.666667,0.333333
paper-52420-topk-3-depth-1,3,1,3,3,1.000000,0.981317,0.018683,0.000000,0.018519,-0.018519,30,27,3,1.111111,0.325581,14,16,13,7,8,2.605705,2.683919,0.233333,0.259259
paper-52420-topk-3-depth-2,3,2,3,3,1.000000,0.981317,0.018683,0.000000,0.018519,-0.018519,28678,21856,6822,1.312134,0.657342,20043,8635,1813,37,37,2.541763,2.714965,0.403236,0.287930
paper-52420-topk-5-depth-0,5,0,5,5,1.000000,0.974978,0.025022,0.000000,0.050402,-0.050402,5,5,0,1.000000,0.111111,1,4,4,3,3,1.521928,1.370951,0.400000,0.600000
paper-52420-topk-5-depth-1,5,1,5,5,1.000000,0.974978,0.025022,0.000000,0.050402,-0.050402,65,42,23,1.547619,0.138298,13,52,29,8,8,2.467083,2.713282,0.353846,0.238095
paper-52420-topk-5-depth-2,5,2,5,5,1.000000,0.974978,0.025022,0.000000,0.050402,-0.050402,33776,24783,8993,1.362870,0.589851,21726,12050,3057,37,37,2.490156,2.679589,0.438714,0.293951
paper-52420-topk-10-depth-0,10,0,10,10,1.000000,0.969207,0.030793,0.000000,0.024951,-0.024951,10,10,0,1.000000,0.052632,1,9,9,6,6,2.321928,2.321928,0.400000,0.400000
paper-52420-topk-10-depth-1,10,1,10,10,1.000000,0.969207,0.030793,0.000000,0.024951,-0.024951,61,70,-9,0.871429,0.129310,15,46,55,9,8,2.507439,2.619304,0.409836,0.242857
paper-52420-topk-10-depth-2,10,2,10,10,1.000000,0.969207,0.030793,0.000000,0.024951,-0.024951,27939,35689,-7750,0.782846,0.729633,26841,1098,8848,37,37,2.571348,2.548120,0.390565,0.412984
paper-123737-topk-1-depth-0,1,0,1,1,1.000000,0.999688,0.000312,,,,1,1,0,1.000000,0.000000,0,1,1,1,1,0.000000,0.000000,1.000000,1.000000
paper-123737-topk-1-depth-1,1,1,1,1,1.000000,0.999688,0.000312,,,,10,12,-2,0.833333,0.000000,0,10,12,1,4,0.000000,1.614005,1.000000,0.583333
paper-123737-topk-1-depth-2,1,2,1,1,1.000000,0.999688,0.000312,,,,880,11182,-10302,0.078698,0.025070,295,585,10887,11,34,1.138400,2.456564,0.809091,0.404579
paper-123737-topk-3-depth-0,3,0,3,3,1.000000,0.975090,0.024910,0.000000,0.000000,0.000000,3,3,0,1.000000,0.200000,1,2,2,2,3,0.918296,1.584963,0.666667,0.333333
paper-123737-topk-3-depth-1,3,1,3,3,1.000000,0.975090,0.024910,0.000000,0.000000,0.000000,40,27,13,1.481481,0.196429,11,29,16,4,5,1.326298,1.969146,0.700000,0.407407
paper-123737-topk-3-depth-2,3,2,3,3,1.000000,0.975090,0.024910,0.000000,0.000000,0.000000,15326,11794,3532,1.299474,0.223882,4961,10365,6833,34,34,1.950306,2.422448,0.604528,0.423012
paper-123737-topk-5-depth-0,5,0,5,5,1.000000,0.969669,0.030331,0.000000,0.000000,0.000000,5,5,0,1.000000,0.111111,1,4,4,3,3,1.521928,1.370951,0.400000,0.600000
paper-123737-topk-5-depth-1,5,1,5,5,1.000000,0.969669,0.030331,0.000000,0.000000,0.000000,52,74,-22,0.702703,0.105263,12,40,62,5,8,1.702767,1.691363,0.538462,0.635135
paper-123737-topk-5-depth-2,5,2,5,5,1.000000,0.969669,0.030331,0.000000,0.000000,0.000000,27299,15131,12168,1.804177,0.339035,10743,16556,4388,37,35,2.486130,2.435938,0.432836,0.354306
paper-123737-topk-10-depth-0,10,0,10,10,1.000000,0.964155,0.035845,0.000000,0.001971,-0.001971,10,10,0,1.000000,0.111111,2,8,8,3,3,1.485475,1.485475,0.500000,0.500000
paper-123737-topk-10-depth-1,10,1,10,10,1.000000,0.964155,0.035845,0.000000,0.001971,-0.001971,125,309,-184,0.404531,0.068966,28,97,281,9,12,1.726509,2.072453,0.552000,0.485437
paper-123737-topk-10-depth-2,10,2,10,10,1.000000,0.964155,0.035845,0.000000,0.001971,-0.001971,33570,30400,3170,1.104276,0.554179,22810,10760,7590,38,38,2.354177,2.617405,0.496902,0.345658
paper-77530-topk-1-depth-0,1,0,1,1,1.000000,0.961417,0.038583,,,,1,1,0,1.000000,0.000000,0,1,1,1,1,0.000000,0.000000,1.000000,1.000000
paper-77530-topk-1-depth-1,1,1,1,1,1.000000,0.961417,0.038583,,,,14,23,-9,0.608696,0.000000,0,14,23,3,3,1.295836,1.491014,0.500000,0.434783
paper-77530-topk-1-depth-2,1,2,1,1,1.000000,0.961417,0.038583,,,,4468,2592,1876,1.723765,0.061654,410,4058,2182,35,27,2.505667,2.257058,0.378021,0.465664
paper-77530-topk-3-depth-0,3,0,3,3,1.000000,0.962084,0.037916,0.000000,0.082286,-0.082286,3,3,0,1.000000,0.000000,0,3,3,2,2,0.918296,0.918296,0.666667,0.666667
paper-77530-topk-3-depth-1,3,1,3,3,1.000000,0.962084,0.037916,0.000000,0.082286,-0.082286,47,58,-11,0.810345,0.129032,12,35,46,5,5,1.851028,1.943969,0.404255,0.362069
paper-77530-topk-3-depth-2,3,2,3,3,1.000000,0.962084,0.037916,0.000000,0.082286,-0.082286,16200,30684,-14484,0.527962,0.457926,14726,1474,15958,37,38,2.117274,2.352295,0.569012,0.508180
paper-77530-topk-5-depth-0,5,0,5,5,1.000000,0.961668,0.038332,0.000000,0.063342,-0.063342,5,5,0,1.000000,0.000000,0,5,5,2,2,0.970951,0.970951,0.600000,0.600000
paper-77530-topk-5-depth-1,5,1,5,5,1.000000,0.961668,0.038332,0.000000,0.063342,-0.063342,44,142,-98,0.309859,0.068966,12,32,130,4,7,1.702296,2.001231,0.431818,0.401408
paper-77530-topk-5-depth-2,5,2,5,5,1.000000,0.961668,0.038332,0.000000,0.063342,-0.063342,7703,35097,-27394,0.219477,0.172217,6288,1415,28809,36,38,2.436385,2.467235,0.389329,0.469955
paper-77530-topk-10-depth-0,10,0,10,10,1.000000,0.961619,0.038381,0.001626,0.052477,-0.050851,10,10,0,1.000000,0.052632,1,9,9,3,2,1.360964,0.970951,0.500000,0.600000
paper-77530-topk-10-depth-1,10,1,10,10,1.000000,0.961619,0.038381,0.001626,0.052477,-0.050851,391,322,69,1.214286,0.121069,77,314,245,13,13,1.959259,2.221828,0.511509,0.357143
paper-77530-topk-10-depth-2,10,2,10,10,1.000000,0.961619,0.038381,0.001626,0.052477,-0.050851,31427,40875,-9448,0.768856,0.577578,26471,4956,14404,40,40,2.657959,2.610918,0.354409,0.438190
paper-97204-topk-1-depth-0,1,0,1,1,1.000000,0.999449,0.000551,,,,1,1,0,1.000000,0.000000,0,1,1,1,1,0.000000,0.000000,1.000000,1.000000
paper-97204-topk-1-depth-1,1,1,1,1,1.000000,0.999449,0.000551,,,,45,12,33,3.750000,0.055556,3,42,9,3,1,0.414579,0.000000,0.933333,1.000000
paper-97204-topk-1-depth-2,1,2,1,1,1.000000,0.999449,0.000551,,,,718,324,394,2.216049,0.396783,296,422,28,12,8,1.142843,0.809781,0.798050,0.864198
paper-97204-topk-3-depth-0,3,0,3,3,1.000000,0.989940,0.010060,0.000000,0.068451,-0.068451,3,3,0,1.000000,0.200000,1,2,2,1,1,0.000000,0.000000,1.000000,1.000000
paper-97204-topk-3-depth-1,3,1,3,3,1.000000,0.989940,0.010060,0.000000,0.068451,-0.068451,57,157,-100,0.363057,0.266272,45,12,112,3,3,0.345804,0.360541,0.947368,0.942675
paper-97204-topk-3-depth-2,3,2,3,3,1.000000,0.989940,0.010060,0.000000,0.068451,-0.068451,1249,922,327,1.354664,0.494150,718,531,204,13,13,0.936929,1.168607,0.859087,0.803688
paper-97204-topk-5-depth-0,5,0,5,5,1.000000,0.982407,0.017593,0.000000,0.057001,-0.057001,5,5,0,1.000000,0.111111,1,4,4,1,1,0.000000,0.000000,1.000000,1.000000
paper-97204-topk-5-depth-1,5,1,5,5,1.000000,0.982407,0.017593,0.000000,0.057001,-0.057001,57,167,-110,0.341317,0.178947,34,23,133,2,3,0.127419,0.343891,0.982456,0.946108
paper-97204-topk-5-depth-2,5,2,5,5,1.000000,0.982407,0.017593,0.000000,0.057001,-0.057001,1082,1446,-364,0.748271,0.705803,1046,36,400,10,14,0.602026,0.981874,0.919593,0.854080
paper-97204-topk-10-depth-0,10,0,10,10,1.000000,0.972280,0.027720,0.000000,0.027975,-0.027975,10,10,0,1.000000,0.052632,1,9,9,1,1,0.000000,0.000000,1.000000,1.000000
paper-97204-topk-10-depth-1,10,1,10,10,1.000000,0.972280,0.027720,0.000000,0.027975,-0.027975,66,206,-140,0.320388,0.142857,34,32,172,3,3,0.308506,0.292347,0.954545,0.956311
paper-97204-topk-10-depth-2,10,2,10,10,1.000000,0.972280,0.027720,0.000000,0.027975,-0.027975,1419,1709,-290,0.830310,0.683531,1270,149,439,13,16,0.903881,0.921309,0.867512,0.868929
paper-102775-topk-1-depth-0,1,0,1,1,1.000000,0.955478,0.044522,,,,1,1,0,1.000000,0.000000,0,1,1,1,1,0.000000,0.000000,1.000000,1.000000
paper-102775-topk-1-depth-1,1,1,1,1,1.000000,0.955478,0.044522,,,,14,7,7,2.000000,0.000000,0,14,7,4,4,1.291692,1.664498,0.714286,0.571429
paper-102775-topk-1-depth-2,1,2,1,1,1.000000,0.955478,0.044522,,,,6598,2551,4047,2.586437,0.027516,245,6353,2306,31,32,1.370388,2.708802,0.759927,0.379459
paper-102775-topk-3-depth-0,3,0,3,3,1.000000,0.953408,0.046592,0.000000,0.000000,0.000000,3,3,0,1.000000,0.000000,0,3,3,2,3,0.918296,1.584963,0.666667,0.333333
paper-102775-topk-3-depth-1,3,1,3,3,1.000000,0.953408,0.046592,0.000000,0.000000,0.000000,43,23,20,1.869565,0.047619,3,40,20,7,8,2.052596,2.609822,0.465116,0.304348
paper-102775-topk-3-depth-2,3,2,3,3,1.000000,0.953408,0.046592,0.000000,0.000000,0.000000,29150,10043,19107,2.902519,0.205605,6684,22466,3359,36,35,2.357115,2.593823,0.488336,0.358857
paper-102775-topk-5-depth-0,5,0,5,5,1.000000,0.962958,0.037042,0.000000,0.003125,-0.003125,5,5,0,1.000000,0.000000,0,5,5,2,5,0.721928,2.321928,0.800000,0.200000
paper-102775-topk-5-depth-1,5,1,5,5,1.000000,0.962958,0.037042,0.000000,0.003125,-0.003125,47,49,-2,0.959184,0.066667,6,41,43,7,10,2.314915,2.699187,0.340426,0.326531
paper-102775-topk-5-depth-2,5,2,5,5,1.000000,0.962958,0.037042,0.000000,0.003125,-0.003125,26143,21346,4797,1.224726,0.655130,18797,7346,2549,37,37,2.249597,2.364386,0.545270,0.483931
paper-102775-topk-10-depth-0,10,0,10,10,1.000000,0.957720,0.042280,0.000000,0.002335,-0.002335,10,10,0,1.000000,0.052632,1,9,9,4,8,1.570951,2.921928,0.600000,0.200000
paper-102775-topk-10-depth-1,10,1,10,10,1.000000,0.957720,0.042280,0.000000,0.002335,-0.002335,93,85,8,1.094118,0.126582,20,73,65,10,12,2.164045,2.498629,0.419355,0.447059
paper-102775-topk-10-depth-2,10,2,10,10,1.000000,0.957720,0.042280,0.000000,0.002335,-0.002335,27596,27590,6,1.000217,0.806416,24636,2960,2954,37,37,2.293006,2.321633,0.530947,0.513882
paper-26071-topk-1-depth-0,1,0,1,1,1.000000,0.999892,0.000108,,,,1,1,0,1.000000,0.000000,0,1,1,1,1,0.000000,0.000000,1.000000,1.000000
paper-26071-topk-1-depth-1,1,1,1,1,1.000000,0.999892,0.000108,,,,4,10,-6,0.400000,0.000000,0,4,10,1,2,0.000000,0.468996,1.000000,0.900000
paper-26071-topk-1-depth-2,1,2,1,1,1.000000,0.999892,0.000108,,,,101,1248,-1147,0.080929,0.013524,18,83,1230,2,20,0.363332,1.937414,0.930693,0.654647
paper-26071-topk-3-depth-0,3,0,3,3,1.000000,0.982025,0.017975,0.000000,0.000000,0.000000,3,3,0,1.000000,0.500000,2,1,1,1,1,0.000000,0.000000,1.000000,1.000000
paper-26071-topk-3-depth-1,3,1,3,3,1.000000,0.982025,0.017975,0.000000,0.000000,0.000000,24,52,-28,0.461538,0.225806,14,10,38,2,4,0.543564,1.693486,0.875000,0.461538
paper-26071-topk-3-depth-2,3,2,3,3,1.000000,0.982025,0.017975,0.000000,0.000000,0.000000,7086,30853,-23767,0.229670,0.159718,5225,1861,25628,34,36,2.032106,2.514653,0.595258,0.413704
paper-26071-topk-5-depth-0,5,0,5,5,1.000000,0.977051,0.022949,0.000000,0.005556,-0.005556,5,5,0,1.000000,0.428571,3,2,2,3,1,1.370951,0.000000,0.600000,1.000000
paper-26071-topk-5-depth-1,5,1,5,5,1.000000,0.977051,0.022949,0.000000,0.005556,-0.005556,37,72,-35,0.513889,0.282353,24,13,48,4,4,1.548428,1.510246,0.567568,0.583333
paper-26071-topk-5-depth-2,5,2,5,5,1.000000,0.977051,0.022949,0.000000,0.005556,-0.005556,15919,32829,-16910,0.484907,0.376829,13342,2577,19487,36,36,2.229657,2.530186,0.460896,0.391757
paper-26071-topk-10-depth-0,10,0,10,10,1.000000,0.972749,0.027251,0.000000,0.008935,-0.008935,10,10,0,1.000000,0.111111,2,8,8,4,1,1.356780,0.000000,0.700000,1.000000
paper-26071-topk-10-depth-1,10,1,10,10,1.000000,0.972749,0.027251,0.000000,0.008935,-0.008935,93,129,-36,0.720930,0.138462,27,66,102,7,5,1.641807,1.322096,0.634409,0.713178
paper-26071-topk-10-depth-2,10,2,10,10,1.000000,0.972749,0.027251,0.000000,0.008935,-0.008935,31100,33591,-2491,0.925843,0.758099,27895,3205,5696,37,36,2.420459,2.537717,0.443794,0.386443
paper-32824-topk-1-depth-0,1,0,1,1,1.000000,0.947152,0.052848,,,,1,1,0,1.000000,0.000000,0,1,1,1,1,0.000000,0.000000,1.000000,1.000000
paper-32824-topk-1-depth-1,1,1,1,1,1.000000,0.947152,0.052848,,,,19,10,9,1.900000,0.000000,0,19,10,3,2,0.774243,0.468996,0.842105,0.900000
paper-32824-topk-1-depth-2,1,2,1,1,1.000000,0.947152,0.052848,,,,301,6245,-5944,0.048199,0.004450,29,272,6216,18,34,1.838867,2.294732,0.657807,0.499600
paper-32824-topk-3-depth-0,3,0,3,3,1.000000,0.956290,0.043710,0.000000,0.034318,-0.034318,3,3,0,1.000000,0.000000,0,3,3,1,1,0.000000,0.000000,1.000000,1.000000
paper-32824-topk-3-depth-1,3,1,3,3,1.000000,0.956290,0.043710,0.000000,0.034318,-0.034318,71,67,4,1.059701,0.078125,10,61,57,8,3,1.208349,0.223494,0.802817,0.970149
paper-32824-topk-3-depth-2,3,2,3,3,1.000000,0.956290,0.043710,0.000000,0.034318,-0.034318,28311,18903,9408,1.497699,0.582451,17378,10933,1525,37,36,2.518748,2.560432,0.397973,0.320108
paper-32824-topk-5-depth-0,5,0,5,5,1.000000,0.952331,0.047669,0.000000,0.027175,-0.027175,5,5,0,1.000000,0.000000,0,5,5,1,1,0.000000,0.000000,1.000000,1.000000
paper-32824-topk-5-depth-1,5,1,5,5,1.000000,0.952331,0.047669,0.000000,0.027175,-0.027175,84,84,0,1.000000,0.083871,13,71,71,6,3,0.970220,0.314828,0.833333,0.952381
paper-32824-topk-5-depth-2,5,2,5,5,1.000000,0.952331,0.047669,0.000000,0.027175,-0.027175,22996,22357,639,1.028582,0.813612,20346,2650,2011,37,37,2.658272,2.636028,0.291920,0.327638
paper-32824-topk-10-depth-0,10,0,10,10,1.000000,0.955155,0.044845,0.000000,0.040439,-0.040439,10,10,0,1.000000,0.000000,0,10,10,5,1,1.770951,0.000000,0.600000,1.000000
paper-32824-topk-10-depth-1,10,1,10,10,1.000000,0.955155,0.044845,0.000000,0.040439,-0.040439,221,148,73,1.493243,0.042373,15,206,133,12,9,1.799423,0.816264,0.651584,0.878378
paper-32824-topk-10-depth-2,10,2,10,10,1.000000,0.955155,0.044845,0.000000,0.040439,-0.040439,26067,31366,-5299,0.831059,0.657853,22790,3277,8576,37,37,2.651098,2.549417,0.304178,0.372314
paper-77694-topk-1-depth-0,1,0,1,1,1.000000,0.999898,0.000102,,,,1,1,0,1.000000,0.000000,0,1,1,1,1,0.000000,0.000000,1.000000,1.000000
paper-77694-topk-1-depth-1,1,1,1,1,1.000000,0.999898,0.000102,,,,7,3,4,2.333333,0.000000,0,7,3,4,1,1.664498,0.000000,0.571429,1.000000
paper-77694-topk-1-depth-2,1,2,1,1,1.000000,0.999898,0.000102,,,,66,3748,-3682,0.017609,0.002102,8,58,3740,11,28,2.475378,2.491028,0.363636,0.495731
paper-77694-topk-3-depth-0,3,0,3,3,1.000000,0.979602,0.020398,0.000000,0.030303,-0.030303,3,3,0,1.000000,0.200000,1,2,2,3,2,1.584963,0.918296,0.333333,0.666667
paper-77694-topk-3-depth-1,3,1,3,3,1.000000,0.979602,0.020398,0.000000,0.030303,-0.030303,45,20,25,2.250000,0.120690,7,38,13,8,5,1.794270,1.914980,0.644444,0.450000
paper-77694-topk-3-depth-2,3,2,3,3,1.000000,0.979602,0.020398,0.000000,0.030303,-0.030303,20297,6012,14285,3.376081,0.035461,901,19396,5111,34,31,1.874142,2.517739,0.646450,0.498170
paper-77694-topk-5-depth-0,5,0,5,5,1.000000,0.973327,0.026673,0.000000,0.014354,-0.014354,5,5,0,1.000000,0.111111,1,4,4,3,3,1.370951,1.521928,0.600000,0.400000
paper-77694-topk-5-depth-1,5,1,5,5,1.000000,0.973327,0.026673,0.000000,0.014354,-0.014354,39,50,-11,0.780000,0.085366,7,32,43,10,7,2.709052,2.121148,0.384615,0.440000
paper-77694-topk-5-depth-2,5,2,5,5,1.000000,0.973327,0.026673,0.000000,0.014354,-0.014354,16920,7351,9569,2.301728,0.074509,1683,15237,5668,36,36,2.524333,2.734424,0.405024,0.413549
paper-77694-topk-10-depth-0,10,0,10,10,1.000000,0.966921,0.033079,0.000000,0.005690,-0.005690,10,10,0,1.000000,0.111111,2,8,8,5,4,2.046439,1.760964,0.400000,0.500000
paper-77694-topk-10-depth-1,10,1,10,10,1.000000,0.966921,0.033079,0.000000,0.005690,-0.005690,123,85,38,1.447059,0.083333,16,107,69,14,10,2.786608,2.319122,0.268293,0.482353
paper-77694-topk-10-depth-2,10,2,10,10,1.000000,0.966921,0.033079,0.000000,0.005690,-0.005690,29843,29538,305,1.010326,0.628215,22911,6932,6627,38,38,2.563475,2.589343,0.419462,0.416379
paper-2041-topk-1-depth-0,1,0,1,1,1.000000,0.991537,0.008463,,,,1,1,0,1.000000,0.000000,0,1,1,1,1,0.000000,0.000000,1.000000,1.000000
paper-2041-topk-1-depth-1,1,1,1,1,1.000000,0.991537,0.008463,,,,4,21,-17,0.190476,0.000000,0,4,21,1,3,0.000000,1.048841,1.000000,0.714286
paper-2041-topk-1-depth-2,1,2,1,1,1.000000,0.991537,0.008463,,,,2873,13982,-11109,0.205478,0.068260,1077,1796,12905,21,36,0.917443,2.627944,0.861817,0.365684
paper-2041-topk-3-depth-0,3,0,3,3,1.000000,0.968237,0.031763,0.000000,0.010753,-0.010753,3,3,0,1.000000,0.000000,0,3,3,3,2,1.584963,0.918296,0.333333,0.666667
paper-2041-topk-3-depth-1,3,1,3,3,1.000000,0.968237,0.031763,0.000000,0.010753,-0.010753,9,35,-26,0.257143,0.000000,0,9,35,4,4,1.657743,1.193629,0.555556,0.714286
paper-2041-topk-3-depth-2,3,2,3,3,1.000000,0.968237,0.031763,0.000000,0.010753,-0.010753,162,14272,-14110,0.011351,0.000139,2,160,14270,13,37,2.412920,2.632944,0.438272,0.365751
paper-2041-topk-5-depth-0,5,0,5,5,1.000000,0.960037,0.039963,0.000000,0.003226,-0.003226,5,5,0,1.000000,0.000000,0,5,5,3,3,1.521928,1.370951,0.400000,0.600000
paper-2041-topk-5-depth-1,5,1,5,5,1.000000,0.960037,0.039963,0.000000,0.003226,-0.003226,41,82,-41,0.500000,0.042373,5,36,77,7,7,1.644977,1.405541,0.682927,0.731707
paper-2041-topk-5-depth-2,5,2,5,5,1.000000,0.960037,0.039963,0.000000,0.003226,-0.003226,571,29810,-29239,0.019155,0.010847,326,245,29484,21,37,2.348191,2.340128,0.507881,0.513854
paper-2041-topk-10-depth-0,10,0,10,10,1.000000,0.952950,0.047050,0.000000,0.013511,-0.013511,10,10,0,1.000000,0.000000,0,10,10,8,4,2.921928,1.570951,0.200000,0.600000
paper-2041-topk-10-depth-1,10,1,10,10,1.000000,0.952950,0.047050,0.000000,0.013511,-0.013511,110,108,2,1.018519,0.073892,15,95,93,15,8,3.152587,1.567529,0.209091,0.694444
paper-2041-topk-10-depth-2,10,2,10,10,1.000000,0.952950,0.047050,0.000000,0.013511,-0.013511,2630,31931,-29301,0.082365,0.033739,1128,1502,30803,35,38,3.137410,2.354399,0.263878,0.513514
paper-157302-topk-1-depth-0,1,0,1,1,1.000000,0.999867,0.000133,,,,1,1,0,1.000000,0.000000,0,1,1,1,1,0.000000,0.000000,1.000000,1.000000
paper-157302-topk-1-depth-1,1,1,1,1,1.000000,0.999867,0.000133,,,,50,21,29,2.380952,0.044118,3,47,18,5,3,1.676765,0.548954,0.560000,0.904762
paper-157302-topk-1-depth-2,1,2,1,1,1.000000,0.999867,0.000133,,,,17528,13646,3882,1.284479,0.742538,13284,4244,362,35,32,2.069439,1.821285,0.578674,0.649421
paper-157302-topk-3-depth-0,3,0,3,3,1.000000,0.985434,0.014566,0.000000,0.015152,-0.015152,3,3,0,1.000000,0.000000,0,3,3,3,3,1.584963,1.584963,0.333333,0.333333
paper-157302-topk-3-depth-1,3,1,3,3,1.000000,0.985434,0.014566,0.000000,0.015152,-0.015152,63,84,-21,0.750000,0.080882,11,52,73,5,7,1.742049,2.024967,0.587302,0.523810
paper-157302-topk-3-depth-2,3,2,3,3,1.000000,0.985434,0.014566,0.000000,0.015152,-0.015152,17891,31164,-13273,0.574092,0.534359,17084,807,14080,36,37,2.281838,2.563319,0.529261,0.409768
paper-157302-topk-5-depth-0,5,0,5,5,1.000000,0.980224,0.019776,0.000000,0.020926,-0.020926,5,5,0,1.000000,0.250000,2,3,3,5,3,2.321928,1.521928,0.200000,0.400000
paper-157302-topk-5-depth-1,5,1,5,5,1.000000,0.980224,0.019776,0.000000,0.020926,-0.020926,90,115,-25,0.782609,0.257669,42,48,73,11,7,2.484146,1.778984,0.411111,0.617391
paper-157302-topk-5-depth-2,5,2,5,5,1.000000,0.980224,0.019776,0.000000,0.020926,-0.020926,18807,31743,-12936,0.592477,0.552137,17982,825,13761,37,37,2.364933,2.551651,0.511246,0.416533
paper-157302-topk-10-depth-0,10,0,10,10,1.000000,0.976039,0.023961,0.000000,0.030721,-0.030721,10,10,0,1.000000,0.111111,2,8,8,7,5,2.646439,1.960964,0.300000,0.500000
paper-157302-topk-10-depth-1,10,1,10,10,1.000000,0.976039,0.023961,0.000000,0.030721,-0.030721,159,196,-37,0.811224,0.163934,50,109,146,13,9,2.534046,1.726075,0.415094,0.658163
paper-157302-topk-10-depth-2,10,2,10,10,1.000000,0.976039,0.023961,0.000000,0.030721,-0.030721,34188,36974,-2786,0.924650,0.752025,30545,3643,6429,39,37,2.537156,2.505007,0.436059,0.450316
paper-40746-topk-1-depth-0,1,0,1,1,1.000000,0.999774,0.000226,,,,1,1,0,1.000000,0.000000,0,1,1,1,1,0.000000,0.000000,1.000000,1.000000
paper-40746-topk-1-depth-1,1,1,1,1,1.000000,0.999774,0.000226,,,,13,6,7,2.166667,0.000000,0,13,6,2,1,0.619382,0.000000,0.846154,1.000000
paper-40746-topk-1-depth-2,1,2,1,1,1.000000,0.999774,0.000226,,,,114,52,62,2.192308,0.000000,0,114,52,6,11,0.820089,2.103910,0.842105,0.615385
paper-40746-topk-3-depth-0,3,0,3,3,1.000000,0.980296,0.019704,0.000000,0.005291,-0.005291,3,3,0,1.000000,0.200000,1,2,2,2,1,0.918296,0.000000,0.666667,1.000000
paper-40746-topk-3-depth-1,3,1,3,3,1.000000,0.980296,0.019704,0.000000,0.005291,-0.005291,22,71,-49,0.309859,0.081395,7,15,64,3,6,0.699858,1.072638,0.863636,0.802817
paper-40746-topk-3-depth-2,3,2,3,3,1.000000,0.980296,0.019704,0.000000,0.005291,-0.005291,754,2417,-1663,0.311957,0.041037,125,629,2292,24,35,2.496792,2.657575,0.450928,0.534961
paper-40746-topk-5-depth-0,5,0,5,5,1.000000,0.975676,0.024324,0.000000,0.007837,-0.007837,5,5,0,1.000000,0.111111,1,4,4,3,1,1.370951,0.000000,0.600000,1.000000
paper-40746-topk-5-depth-1,5,1,5,5,1.000000,0.975676,0.024324,0.000000,0.007837,-0.007837,71,84,-13,0.845238,0.115108,16,55,68,7,6,1.800869,1.166495,0.563380,0.785714
paper-40746-topk-5-depth-2,5,2,5,5,1.000000,0.975676,0.024324,0.000000,0.007837,-0.007837,4608,3228,1380,1.427509,0.311464,1861,2747,1367,37,35,2.926887,2.876508,0.450738,0.489467
paper-40746-topk-10-depth-0,10,0,10,10,1.000000,0.971213,0.028787,0.000000,0.019770,-0.019770,10,10,0,1.000000,0.176471,3,7,7,4,1,1.356780,0.000000,0.700000,1.000000
paper-40746-topk-10-depth-1,10,1,10,10,1.000000,0.971213,0.028787,0.000000,0.019770,-0.019770,100,134,-34,0.746269,0.193878,38,62,96,13,7,2.112136,1.385021,0.630000,0.731343
paper-40746-topk-10-depth-2,10,2,10,10,1.000000,0.971213,0.028787,0.000000,0.019770,-0.019770,6308,5045,1263,1.250347,0.352353,2958,3350,2087,37,39,2.949840,2.858857,0.470038,0.454113
paper-48369-topk-1-depth-0,1,0,1,1,1.000000,0.998704,0.001296,,,,1,1,0,1.000000,0.000000,0,1,1,1,1,0.000000,0.000000,1.000000,1.000000
paper-48369-topk-1-depth-1,1,1,1,1,1.000000,0.998704,0.001296,,,,38,9,29,4.222222,0.000000,0,38,9,6,3,1.654657,0.986427,0.526316,0.777778
paper-48369-topk-1-depth-2,1,2,1,1,1.000000,0.998704,0.001296,,,,26257,6836,19421,3.840989,0.175887,4950,21307,1886,36,31,2.277959,2.019635,0.526679,0.565243
paper-48369-topk-3-depth-0,3,0,3,3,1.000000,0.981515,0.018485,0.000000,0.045546,-0.045546,3,3,0,1.000000,0.000000,0,3,3,2,2,0.918296,0.918296,0.666667,0.666667
paper-48369-topk-3-depth-1,3,1,3,3,1.000000,0.981515,0.018485,0.000000,0.045546,-0.045546,56,50,6,1.120000,0.000000,0,56,50,9,4,1.979943,1.218285,0.446429,0.720000
paper-48369-topk-3-depth-2,3,2,3,3,1.000000,0.981515,0.018485,0.000000,0.045546,-0.045546,27067,20007,7060,1.352876,0.401638,13489,13578,6518,36,36,2.276465,2.133725,0.528503,0.560804
paper-48369-topk-5-depth-0,5,0,5,5,1.000000,0.979504,0.020496,0.000000,0.047027,-0.047027,5,5,0,1.000000,0.000000,0,5,5,4,1,1.921928,0.000000,0.400000,1.000000
paper-48369-topk-5-depth-1,5,1,5,5,1.000000,0.979504,0.020496,0.000000,0.047027,-0.047027,67,173,-106,0.387283,0.016949,4,63,169,10,4,2.350286,0.538502,0.373134,0.907514
paper-48369-topk-5-depth-2,5,2,5,5,1.000000,0.979504,0.020496,0.000000,0.047027,-0.047027,30520,32733,-2213,0.932392,0.686342,25744,4776,6989,37,37,2.440707,2.292808,0.472543,0.526686
paper-48369-topk-10-depth-0,10,0,10,10,1.000000,0.976261,0.023739,0.000000,0.023723,-0.023723,10,10,0,1.000000,0.111111,2,8,8,6,2,2.446439,0.721928,0.300000,0.800000
paper-48369-topk-10-depth-1,10,1,10,10,1.000000,0.976261,0.023739,0.000000,0.023723,-0.023723,138,228,-90,0.605263,0.112462,37,101,191,13,5,2.423621,0.878808,0.507246,0.837719
paper-48369-topk-10-depth-2,10,2,10,10,1.000000,0.976261,0.023739,0.000000,0.023723,-0.023723,27101,37147,-10046,0.729561,0.601276,24125,2976,13022,39,39,2.409104,2.453582,0.503635,0.474951
paper-14461-topk-1-depth-0,1,0,1,1,1.000000,0.964267,0.035733,,,,1,1,0,1.000000,0.000000,0,1,1,1,1,0.000000,0.000000,1.000000,1.000000
paper-14461-topk-1-depth-1,1,1,1,1,1.000000,0.964267,0.035733,,,,217,9,208,24.111111,0.000000,0,217,9,14,6,2.088979,2.419382,0.456221,0.333333
paper-14461-topk-1-depth-2,1,2,1,1,1.000000,0.964267,0.035733,,,,14429,8557,5872,1.686222,0.109149,2262,12167,6295,36,35,2.111662,2.628873,0.582092,0.414865
paper-14461-topk-3-depth-0,3,0,3,3,1.000000,0.962292,0.037708,0.000000,0.023810,-0.023810,3,3,0,1.000000,0.000000,0,3,3,2,3,0.918296,1.584963,0.666667,0.333333
paper-14461-topk-3-depth-1,3,1,3,3,1.000000,0.962292,0.037708,0.000000,0.023810,-0.023810,34,41,-7,0.829268,0.027397,2,32,39,8,9,2.437673,2.416456,0.323529,0.463415
paper-14461-topk-3-depth-2,3,2,3,3,1.000000,0.962292,0.037708,0.000000,0.023810,-0.023810,16267,10149,6118,1.602818,0.297573,6058,10209,4091,37,36,2.484942,2.731032,0.458966,0.358853
paper-14461-topk-5-depth-0,5,0,5,5,1.000000,0.960952,0.039048,0.000000,0.007143,-0.007143,5,5,0,1.000000,0.000000,0,5,5,3,5,1.370951,2.321928,0.600000,0.200000
paper-14461-topk-5-depth-1,5,1,5,5,1.000000,0.960952,0.039048,0.000000,0.007143,-0.007143,88,1030,-942,0.085437,0.003591,4,84,1026,12,19,2.607625,1.471240,0.352273,0.608738
paper-14461-topk-5-depth-2,5,2,5,5,1.000000,0.960952,0.039048,0.000000,0.007143,-0.007143,29518,20772,8746,1.421048,0.381214,13880,15638,6892,39,37,2.624633,2.439682,0.400230,0.494079
paper-14461-topk-10-depth-0,10,0,10,10,1.000000,0.959186,0.040814,0.000000,0.012650,-0.012650,10,10,0,1.000000,0.000000,0,10,10,4,6,1.685475,2.521928,0.500000,0.200000
paper-14461-topk-10-depth-1,10,1,10,10,1.000000,0.959186,0.040814,0.000000,0.012650,-0.012650,139,1095,-956,0.126941,0.011475,14,125,1081,15,20,2.955094,1.592069,0.302158,0.602740
paper-14461-topk-10-depth-2,10,2,10,10,1.000000,0.959186,0.040814,0.000000,0.012650,-0.012650,38501,40476,-1975,0.951206,0.782334,34666,3835,5810,39,38,2.578358,2.576058,0.442118,0.441990
paper-118932-topk-1-depth-0,1,0,1,1,1.000000,0.916750,0.083250,,,,1,1,0,1.000000,0.000000,0,1,1,1,1,0.000000,0.000000,1.000000,1.000000
paper-118932-topk-1-depth-1,1,1,1,1,1.000000,0.916750,0.083250,,,,7,16,-9,0.437500,0.000000,0,7,16,1,1,0.000000,0.000000,1.000000,1.000000
paper-118932-topk-1-depth-2,1,2,1,1,1.000000,0.916750,0.083250,,,,26,55,-29,0.472727,0.000000,0,26,55,4,3,0.969918,0.261727,0.807692,0.963636
paper-118932-topk-3-depth-0,3,0,3,3,1.000000,0.927482,0.072518,0.000000,0.000000,0.000000,3,3,0,1.000000,0.000000,0,3,3,2,3,0.918296,1.584963,0.666667,0.333333
paper-118932-topk-3-depth-1,3,1,3,3,1.000000,0.927482,0.072518,0.000000,0.000000,0.000000,12,14,-2,0.857143,0.000000,0,12,14,4,4,1.418296,1.842371,0.666667,0.428571
paper-118932-topk-3-depth-2,3,2,3,3,1.000000,0.927482,0.072518,0.000000,0.000000,0.000000,47,164,-117,0.286585,0.000000,0,47,164,8,11,1.867614,2.327254,0.617021,0.426829
paper-118932-topk-5-depth-0,5,0,5,5,1.000000,0.924701,0.075299,0.000000,0.000000,0.000000,5,5,0,1.000000,0.000000,0,5,5,4,4,1.921928,1.921928,0.400000,0.400000
paper-118932-topk-5-depth-1,5,1,5,5,1.000000,0.924701,0.075299,0.000000,0.000000,0.000000,22,26,-4,0.846154,0.043478,2,20,24,6,5,2.135822,1.987773,0.363636,0.461538
paper-118932-topk-5-depth-2,5,2,5,5,1.000000,0.924701,0.075299,0.000000,0.000000,0.000000,188,223,-35,0.843049,0.045802,18,170,205,12,12,2.431242,2.571339,0.446809,0.313901
paper-118932-topk-10-depth-0,10,0,10,10,1.000000,0.915553,0.084447,0.000000,0.000000,0.000000,10,10,0,1.000000,0.000000,0,10,10,7,7,2.646439,2.721928,0.300000,0.200000
paper-118932-topk-10-depth-1,10,1,10,10,1.000000,0.915553,0.084447,0.000000,0.000000,0.000000,54,76,-22,0.710526,0.000000,0,54,76,10,11,2.779383,2.702677,0.277778,0.315789
paper-118932-topk-10-depth-2,10,2,10,10,1.000000,0.915553,0.084447,0.000000,0.000000,0.000000,370,967,-597,0.382627,0.004508,6,364,961,21,30,3.219215,3.086962,0.294595,0.375388
paper-100485-topk-1-depth-0,1,0,1,1,1.000000,0.999906,0.000094,,,,1,1,0,1.000000,0.000000,0,1,1,1,1,0.000000,0.000000,1.000000,1.000000
paper-100485-topk-1-depth-1,1,1,1,1,1.000000,0.999906,0.000094,,,,13,11,2,1.181818,0.090909,2,11,9,3,1,0.991264,0.000000,0.769231,1.000000
paper-100485-topk-1-depth-2,1,2,1,1,1.000000,0.999906,0.000094,,,,363,126,237,2.880952,0.091518,41,322,85,19,8,1.903172,1.059388,0.639118,0.825397
paper-100485-topk-3-depth-0,3,0,3,3,1.000000,0.981258,0.018742,0.000000,0.033333,-0.033333,3,3,0,1.000000,0.200000,1,2,2,2,2,0.918296,0.918296,0.666667,0.666667
paper-100485-topk-3-depth-1,3,1,3,3,1.000000,0.981258,0.018742,0.000000,0.033333,-0.033333,43,30,13,1.433333,0.237288,14,29,16,6,6,1.575073,1.724707,0.627907,0.633333
paper-100485-topk-3-depth-2,3,2,3,3,1.000000,0.981258,0.018742,0.000000,0.033333,-0.033333,770,542,228,1.420664,0.424539,391,379,151,27,20,2.790553,2.224611,0.432468,0.562731
paper-100485-topk-5-depth-0,5,0,5,5,1.000000,0.978111,0.021889,0.000000,0.043835,-0.043835,5,5,0,1.000000,0.111111,1,4,4,3,3,1.370951,1.370951,0.600000,0.600000
paper-100485-topk-5-depth-1,5,1,5,5,1.000000,0.978111,0.021889,0.000000,0.043835,-0.043835,75,42,33,1.785714,0.135922,14,61,28,7,8,1.943076,2.128949,0.426667,0.547619
paper-100485-topk-5-depth-2,5,2,5,5,1.000000,0.978111,0.021889,0.000000,0.043835,-0.043835,934,621,313,1.504026,0.337059,392,542,229,28,28,2.968488,2.634655,0.404711,0.512077
paper-100485-topk-10-depth-0,10,0,10,10,1.000000,0.973474,0.026526,0.000000,0.016410,-0.016410,10,10,0,1.000000,0.176471,3,7,7,4,4,1.685475,1.356780,0.500000,0.700000
paper-100485-topk-10-depth-1,10,1,10,10,1.000000,0.973474,0.026526,0.000000,0.016410,-0.016410,128,131,-3,0.977099,0.188073,41,87,90,9,10,1.948417,2.078679,0.468750,0.580153
paper-100485-topk-10-depth-2,10,2,10,10,1.000000,0.973474,0.026526,0.000000,0.016410,-0.016410,1693,1598,95,1.059449,0.417313,969,724,629,31,30,2.646307,3.073428,0.350856,0.360451
paper-140001-topk-1-depth-0,1,0,1,1,1.000000,0.999889,0.000111,,,,1,1,0,1.000000,0.000000,0,1,1,1,1,0.000000,0.000000,1.000000,1.000000
paper-140001-topk-1-depth-1,1,1,1,1,1.000000,0.999889,0.000111,,,,2,2,0,1.000000,0.000000,0,2,2,2,1,1.000000,0.000000,0.500000,1.000000
paper-140001-topk-1-depth-2,1,2,1,1,1.000000,0.999889,0.000111,,,,6,4,2,1.500000,0.000000,0,6,4,4,1,1.918296,0.000000,0.333333,1.000000
paper-140001-topk-3-depth-0,3,0,3,3,1.000000,0.977765,0.022235,0.000000,0.000000,0.000000,3,3,0,1.000000,0.500000,2,1,1,2,2,0.918296,0.918296,0.666667,0.666667
paper-140001-topk-3-depth-1,3,1,3,3,1.000000,0.977765,0.022235,0.000000,0.000000,0.000000,9,7,2,1.285714,0.454545,5,4,2,3,3,0.986427,1.148835,0.777778,0.714286
paper-140001-topk-3-depth-2,3,2,3,3,1.000000,0.977765,0.022235,0.000000,0.000000,0.000000,16,15,1,1.066667,0.550000,11,5,4,5,5,1.673795,1.738269,0.625000,0.600000
paper-140001-topk-5-depth-0,5,0,5,5,1.000000,0.971508,0.028492,0.000000,0.000000,0.000000,5,5,0,1.000000,0.111111,1,4,4,4,3,1.921928,1.370951,0.400000,0.600000
paper-140001-topk-5-depth-1,5,1,5,5,1.000000,0.971508,0.028492,0.000000,0.000000,0.000000,17,17,0,1.000000,0.096774,3,14,14,6,5,2.307189,1.613713,0.352941,0.647059
paper-140001-topk-5-depth-2,5,2,5,5,1.000000,0.971508,0.028492,0.000000,0.000000,0.000000,130,123,7,1.056911,0.304124,59,71,64,11,8,2.339451,1.327149,0.438462,0.747967
paper-140001-topk-10-depth-0,10,0,10,10,1.000000,0.966361,0.033639,0.000000,0.000000,0.000000,10,10,0,1.000000,0.052632,1,9,9,8,5,2.846439,2.246439,0.300000,0.300000
paper-140001-topk-10-depth-1,10,1,10,10,1.000000,0.966361,0.033639,0.000000,0.000000,0.000000,52,38,14,1.368421,0.046512,4,48,34,11,8,3.062912,2.506327,0.269231,0.315789
paper-140001-topk-10-depth-2,10,2,10,10,1.000000,0.966361,0.033639,0.000000,0.000000,0.000000,1307,251,1056,5.207171,0.056271,83,1224,168,25,15,2.981267,2.774532,0.252487,0.386454
paper-82634-topk-1-depth-0,1,0,1,1,1.000000,0.999822,0.000178,,,,1,1,0,1.000000,1.000000,1,0,0,1,1,0.000000,0.000000,1.000000,1.000000
paper-82634-topk-1-depth-1,1,1,1,1,1.000000,0.999822,0.000178,,,,4,4,0,1.000000,1.000000,4,0,0,2,2,0.811278,0.811278,0.750000,0.750000
paper-82634-topk-1-depth-2,1,2,1,1,1.000000,0.999822,0.000178,,,,62,62,0,1.000000,1.000000,62,0,0,8,8,1.765739,1.765739,0.548387,0.548387
paper-82634-topk-3-depth-0,3,0,3,3,1.000000,0.985716,0.014284,0.000000,0.288889,-0.288889,3,3,0,1.000000,0.000000,0,3,3,2,2,0.918296,0.918296,0.666667,0.666667
paper-82634-topk-3-depth-1,3,1,3,3,1.000000,0.985716,0.014284,0.000000,0.288889,-0.288889,52,9,43,5.777778,0.000000,0,52,9,5,2,1.411122,0.503258,0.538462,0.888889
paper-82634-topk-3-depth-2,3,2,3,3,1.000000,0.985716,0.014284,0.000000,0.288889,-0.288889,29402,78,29324,376.948718,0.000204,6,29396,72,37,9,2.271814,1.756673,0.524080,0.576923
paper-82634-topk-5-depth-0,5,0,5,5,1.000000,0.980660,0.019340,0.000000,0.116267,-0.116267,5,5,0,1.000000,0.111111,1,4,4,3,2,1.521928,0.721928,0.400000,0.800000
paper-82634-topk-5-depth-1,5,1,5,5,1.000000,0.980660,0.019340,0.000000,0.116267,-0.116267,94,26,68,3.615385,0.081081,9,85,17,6,4,1.533755,1.217039,0.595745,0.692308
paper-82634-topk-5-depth-2,5,2,5,5,1.000000,0.980660,0.019340,0.000000,0.116267,-0.116267,32638,333,32305,98.012012,0.006594,216,32422,117,37,16,2.385907,2.190792,0.496354,0.507508
paper-82634-topk-10-depth-0,10,0,10,10,1.000000,0.974915,0.025085,0.000000,0.036484,-0.036484,10,10,0,1.000000,0.111111,2,8,8,5,4,2.121928,1.685475,0.400000,0.500000
paper-82634-topk-10-depth-1,10,1,10,10,1.000000,0.974915,0.025085,0.000000,0.036484,-0.036484,113,92,21,1.228261,0.096257,18,95,74,12,9,2.151481,2.164467,0.495575,0.445652
paper-82634-topk-10-depth-2,10,2,10,10,1.000000,0.974915,0.025085,0.000000,0.036484,-0.036484,34609,37689,-3080,0.918279,0.786592,31831,2778,5858,37,39,2.470377,2.567793,0.469444,0.422617
paper-153486-topk-1-depth-0,1,0,1,1,1.000000,0.999907,0.000093,,,,1,1,0,1.000000,0.000000,0,1,1,1,1,0.000000,0.000000,1.000000,1.000000
paper-153486-topk-1-depth-1,1,1,1,1,1.000000,0.999907,0.000093,,,,6,8,-2,0.750000,0.000000,0,6,8,2,2,0.650022,0.954434,0.833333,0.625000
paper-153486-topk-1-depth-2,1,2,1,1,1.000000,0.999907,0.000093,,,,31,653,-622,0.047473,0.000000,0,31,653,5,27,1.461360,3.028919,0.580645,0.327718
paper-153486-topk-3-depth-0,3,0,3,3,1.000000,0.981967,0.018033,0.000000,0.000000,0.000000,3,3,0,1.000000,0.200000,1,2,2,3,3,1.584963,1.584963,0.333333,0.333333
paper-153486-topk-3-depth-1,3,1,3,3,1.000000,0.981967,0.018033,0.000000,0.000000,0.000000,29,13,16,2.230769,0.076923,3,26,10,6,5,1.997019,2.075869,0.517241,0.384615
paper-153486-topk-3-depth-2,3,2,3,3,1.000000,0.981967,0.018033,0.000000,0.000000,0.000000,15207,666,14541,22.833333,0.004684,74,15133,592,37,27,2.595767,3.070068,0.359242,0.322823
paper-153486-topk-5-depth-0,5,0,5,5,1.000000,0.977375,0.022625,0.000000,0.000000,0.000000,5,5,0,1.000000,0.111111,1,4,4,3,4,1.370951,1.921928,0.600000,0.400000
paper-153486-topk-5-depth-1,5,1,5,5,1.000000,0.977375,0.022625,0.000000,0.000000,0.000000,34,21,13,1.619048,0.057692,3,31,18,6,7,1.890851,2.474953,0.558824,0.380952
paper-153486-topk-5-depth-2,5,2,5,5,1.000000,0.977375,0.022625,0.000000,0.000000,0.000000,15266,741,14525,20.601889,0.005023,80,15186,661,37,29,2.592334,3.072764,0.360671,0.307692
paper-153486-topk-10-depth-0,10,0,10,10,1.000000,0.973350,0.026650,0.000000,0.000000,0.000000,10,10,0,1.000000,0.052632,1,9,9,3,6,1.295462,2.321928,0.600000,0.400000
paper-153486-topk-10-depth-1,10,1,10,10,1.000000,0.973350,0.026650,0.000000,0.000000,0.000000,81,58,23,1.396552,0.053030,7,74,51,7,10,1.618628,2.634842,0.629630,0.344828
paper-153486-topk-10-depth-2,10,2,10,10,1.000000,0.973350,0.026650,0.000000,0.000000,0.000000,22019,21674,345,1.015918,0.740896,18595,3424,3079,38,39,2.499273,2.513996,0.430537,0.464335
paper-118388-topk-1-depth-0,1,0,1,1,1.000000,0.999884,0.000116,,,,1,1,0,1.000000,0.000000,0,1,1,1,1,0.000000,0.000000,1.000000,1.000000
paper-118388-topk-1-depth-1,1,1,1,1,1.000000,0.999884,0.000116,,,,3,5,-2,0.600000,0.000000,0,3,5,3,3,1.584963,1.521928,0.333333,0.400000
paper-118388-topk-1-depth-2,1,2,1,1,1.000000,0.999884,0.000116,,,,9,5396,-5387,0.001668,0.000000,0,9,5396,6,32,2.419382,2.097800,0.333333,0.538547
paper-118388-topk-3-depth-0,3,0,3,3,1.000000,0.980098,0.019902,0.000000,0.027778,-0.027778,3,3,0,1.000000,0.000000,0,3,3,2,3,0.918296,1.584963,0.666667,0.333333
paper-118388-topk-3-depth-1,3,1,3,3,1.000000,0.980098,0.019902,0.000000,0.027778,-0.027778,11,17,-6,0.647059,0.166667,4,7,13,7,7,2.663533,2.424836,0.272727,0.352941
paper-118388-topk-3-depth-2,3,2,3,3,1.000000,0.980098,0.019902,0.000000,0.027778,-0.027778,13232,14376,-1144,0.920423,0.347586,7121,6111,7255,33,36,1.886355,2.070475,0.623866,0.600793
paper-118388-topk-5-depth-0,5,0,5,5,1.000000,0.976396,0.023604,0.000000,0.108333,-0.108333,5,5,0,1.000000,0.111111,1,4,4,4,5,1.921928,2.321928,0.400000,0.200000
paper-118388-topk-5-depth-1,5,1,5,5,1.000000,0.976396,0.023604,0.000000,0.108333,-0.108333,25,24,1,1.041667,0.256410,10,15,14,8,8,2.647210,2.356465,0.280000,0.416667
paper-118388-topk-5-depth-2,5,2,5,5,1.000000,0.976396,0.023604,0.000000,0.108333,-0.108333,13873,14788,-915,0.938126,0.367284,7699,6174,7089,35,36,1.954881,2.067781,0.609746,0.598796
paper-118388-topk-10-depth-0,10,0,10,10,1.000000,0.971307,0.028693,0.000000,0.049065,-0.049065,10,10,0,1.000000,0.111111,2,8,8,6,6,2.446439,2.521928,0.300000,0.200000
paper-118388-topk-10-depth-1,10,1,10,10,1.000000,0.971307,0.028693,0.000000,0.049065,-0.049065,71,64,7,1.109375,0.144068,17,54,47,12,9,3.050171,2.346720,0.211268,0.328125
paper-118388-topk-10-depth-2,10,2,10,10,1.000000,0.971307,0.028693,0.000000,0.049065,-0.049065,27983,22381,5602,1.250302,0.538537,17629,10354,4752,38,37,2.512564,2.104410,0.455348,0.587731
paper-10207-topk-1-depth-0,1,0,1,1,1.000000,0.999724,0.000276,,,,1,1,0,1.000000,1.000000,1,0,0,1,1,0.000000,0.000000,1.000000,1.000000
paper-10207-topk-1-depth-1,1,1,1,1,1.000000,0.999724,0.000276,,,,2,2,0,1.000000,1.000000,2,0,0,2,2,1.000000,1.000000,0.500000,0.500000
paper-10207-topk-1-depth-2,1,2,1,1,1.000000,0.999724,0.000276,,,,25,25,0,1.000000,1.000000,25,0,0,9,9,2.803216,2.803216,0.280000,0.280000
paper-10207-topk-3-depth-0,3,0,3,3,1.000000,0.976351,0.023649,0.000000,0.000000,0.000000,3,3,0,1.000000,0.200000,1,2,2,3,3,1.584963,1.584963,0.333333,0.333333
paper-10207-topk-3-depth-1,3,1,3,3,1.000000,0.976351,0.023649,0.000000,0.000000,0.000000,26,14,12,1.857143,0.081081,3,23,11,6,7,2.112585,2.406666,0.461538,0.357143
paper-10207-topk-3-depth-2,3,2,3,3,1.000000,0.976351,0.023649,0.000000,0.000000,0.000000,6089,4333,1756,1.405262,0.607341,3938,2151,395,31,30,2.610927,2.571786,0.456397,0.482576
paper-10207-topk-5-depth-0,5,0,5,5,1.000000,0.971017,0.028983,0.000000,0.000000,0.000000,5,5,0,1.000000,0.111111,1,4,4,4,3,1.921928,1.521928,0.400000,0.400000
paper-10207-topk-5-depth-1,5,1,5,5,1.000000,0.971017,0.028983,0.000000,0.000000,0.000000,34,20,14,1.700000,0.058824,3,31,17,9,7,2.432909,2.321928,0.441176,0.400000
paper-10207-topk-5-depth-2,5,2,5,5,1.000000,0.971017,0.028983,0.000000,0.000000,0.000000,6159,4369,1790,1.409705,0.598300,3941,2218,428,31,30,2.646217,2.593214,0.451210,0.478828
paper-10207-topk-10-depth-0,10,0,10,10,1.000000,0.965272,0.034728,0.000000,0.000000,0.000000,10,10,0,1.000000,0.111111,2,8,8,6,4,2.160964,1.760964,0.500000,0.500000
paper-10207-topk-10-depth-1,10,1,10,10,1.000000,0.965272,0.034728,0.000000,0.000000,0.000000,57,49,8,1.163265,0.152174,14,43,35,14,11,2.792130,2.724598,0.421053,0.326531
paper-10207-topk-10-depth-2,10,2,10,10,1.000000,0.965272,0.034728,0.000000,0.000000,0.000000,6722,16879,-10157,0.398246,0.237339,4527,2195,12352,32,37,2.871797,2.751769,0.420857,0.305883
paper-95211-topk-1-depth-0,1,0,1,1,1.000000,0.998288,0.001712,,,,1,1,0,1.000000,0.000000,0,1,1,1,1,0.000000,0.000000,1.000000,1.000000
paper-95211-topk-1-depth-1,1,1,1,1,1.000000,0.998288,0.001712,,,,9258,10,9248,925.800000,0.000756,7,9251,3,32,2,1.592305,0.721928,0.729099,0.800000
paper-95211-topk-1-depth-2,1,2,1,1,1.000000,0.998288,0.001712,,,,43912,18764,25148,2.340226,0.425978,18723,25189,41,40,34,2.471313,1.841089,0.508654,0.654978
paper-95211-topk-3-depth-0,3,0,3,3,1.000000,0.981159,0.018841,0.000000,0.021018,-0.021018,3,3,0,1.000000,0.000000,0,3,3,1,1,0.000000,0.000000,1.000000,1.000000
paper-95211-topk-3-depth-1,3,1,3,3,1.000000,0.981159,0.018841,0.000000,0.021018,-0.021018,51,46,5,1.108696,0.077778,7,44,39,3,3,0.533526,0.705291,0.901961,0.847826
paper-95211-topk-3-depth-2,3,2,3,3,1.000000,0.981159,0.018841,0.000000,0.021018,-0.021018,22258,23042,-784,0.965975,0.871746,21098,1160,1944,36,36,1.819722,1.857703,0.665379,0.659448
paper-95211-topk-5-depth-0,5,0,5,5,1.000000,0.976651,0.023349,0.000000,0.026844,-0.026844,5,5,0,1.000000,0.000000,0,5,5,1,1,0.000000,0.000000,1.000000,1.000000
paper-95211-topk-5-depth-1,5,1,5,5,1.000000,0.976651,0.023349,0.000000,0.026844,-0.026844,71,67,4,1.059701,0.061538,8,63,59,4,3,0.824889,0.592546,0.845070,0.880597
paper-95211-topk-5-depth-2,5,2,5,5,1.000000,0.976651,0.023349,0.000000,0.026844,-0.026844,24330,31333,-7003,0.776498,0.679683,22524,1806,8809,37,37,1.878333,2.253256,0.652487,0.541825
paper-95211-topk-10-depth-0,10,0,10,10,1.000000,0.973030,0.026970,0.000000,0.017610,-0.017610,10,10,0,1.000000,0.176471,3,7,7,2,1,0.468996,0.000000,0.900000,1.000000
paper-95211-topk-10-depth-1,10,1,10,10,1.000000,0.973030,0.026970,0.000000,0.017610,-0.017610,103,144,-41,0.715278,0.143519,31,72,113,8,6,1.005063,0.760733,0.834951,0.861111
paper-95211-topk-10-depth-2,10,2,10,10,1.000000,0.973030,0.026970,0.000000,0.017610,-0.017610,32353,34280,-1927,0.943786,0.852563,30665,1688,3615,38,37,2.281592,2.281185,0.533552,0.533781
paper-100348-topk-1-depth-0,1,0,1,1,1.000000,0.999011,0.000989,,,,1,1,0,1.000000,0.000000,0,1,1,1,1,0.000000,0.000000,1.000000,1.000000
paper-100348-topk-1-depth-1,1,1,1,1,1.000000,0.999011,0.000989,,,,4,10,-6,0.400000,0.000000,0,4,10,1,2,0.000000,0.468996,1.000000,0.900000
paper-100348-topk-1-depth-2,1,2,1,1,1.000000,0.999011,0.000989,,,,99,20631,-20532,0.004799,0.001304,27,72,20604,8,36,1.436005,2.339596,0.717172,0.498812
paper-100348-topk-3-depth-0,3,0,3,3,1.000000,0.983394,0.016606,0.000000,0.009812,-0.009812,3,3,0,1.000000,0.000000,0,3,3,2,1,0.918296,0.000000,0.666667,1.000000
paper-100348-topk-3-depth-1,3,1,3,3,1.000000,0.983394,0.016606,0.000000,0.009812,-0.009812,17,81,-64,0.209877,0.000000,0,17,81,4,5,1.851227,0.618037,0.411765,0.901235
paper-100348-topk-3-depth-2,3,2,3,3,1.000000,0.983394,0.016606,0.000000,0.009812,-0.009812,2106,24532,-22426,0.085847,0.049773,1263,843,23269,27,36,2.102574,2.253127,0.618234,0.541864
paper-100348-topk-5-depth-0,5,0,5,5,1.000000,0.979720,0.020280,0.000000,0.017855,-0.017855,5,5,0,1.000000,0.000000,0,5,5,2,1,0.721928,0.000000,0.800000,1.000000
paper-100348-topk-5-depth-1,5,1,5,5,1.000000,0.979720,0.020280,0.000000,0.017855,-0.017855,37,95,-58,0.389474,0.015385,2,35,93,4,5,1.243332,0.628280,0.729730,0.894737
paper-100348-topk-5-depth-2,5,2,5,5,1.000000,0.979720,0.020280,0.000000,0.017855,-0.017855,14760,24775,-10015,0.595762,0.453706,12339,2421,12436,36,36,1.649639,2.249873,0.723645,0.543007
paper-100348-topk-10-depth-0,10,0,10,10,1.000000,0.976447,0.023553,0.000000,0.017040,-0.017040,10,10,0,1.000000,0.052632,1,9,9,2,1,0.468996,0.000000,0.900000,1.000000
paper-100348-topk-10-depth-1,10,1,10,10,1.000000,0.976447,0.023553,0.000000,0.017040,-0.017040,73,168,-95,0.434524,0.075893,17,56,151,7,5,1.146053,0.457484,0.808219,0.928571
paper-100348-topk-10-depth-2,10,2,10,10,1.000000,0.976447,0.023553,0.000000,0.017040,-0.017040,23029,30045,-7016,0.766484,0.640466,20721,2308,9324,37,36,1.845973,2.225549,0.668679,0.548411
paper-101205-topk-1-depth-0,1,0,1,1,1.000000,0.963065,0.036935,,,,1,1,0,1.000000,0.000000,0,1,1,1,1,0.000000,0.000000,1.000000,1.000000
paper-101205-topk-1-depth-1,1,1,1,1,1.000000,0.963065,0.036935,,,,19,2,17,9.500000,0.000000,0,19,2,3,1,1.557432,0.000000,0.421053,1.000000
paper-101205-topk-1-depth-2,1,2,1,1,1.000000,0.963065,0.036935,,,,3544,16,3528,221.500000,0.001125,4,3540,12,30,2,2.285067,0.337290,0.497460,0.937500
paper-101205-topk-3-depth-0,3,0,3,3,1.000000,0.975332,0.024668,0.000000,0.000000,0.000000,3,3,0,1.000000,0.200000,1,2,2,3,2,1.584963,0.918296,0.333333,0.666667
paper-101205-topk-3-depth-1,3,1,3,3,1.000000,0.975332,0.024668,0.000000,0.000000,0.000000,15,19,-4,0.789474,0.172414,5,10,14,4,2,1.806239,0.998001,0.400000,0.526316
paper-101205-topk-3-depth-2,3,2,3,3,1.000000,0.975332,0.024668,0.000000,0.000000,0.000000,827,326,501,2.536810,0.197300,190,637,136,22,17,2.644368,2.416296,0.423216,0.414110
paper-101205-topk-5-depth-0,5,0,5,5,1.000000,0.969743,0.030257,0.000000,0.000000,0.000000,5,5,0,1.000000,0.111111,1,4,4,4,2,1.921928,0.970951,0.400000,0.600000
paper-101205-topk-5-depth-1,5,1,5,5,1.000000,0.969743,0.030257,0.000000,0.000000,0.000000,27,54,-27,0.500000,0.065789,5,22,49,5,3,2.043062,0.976654,0.370370,0.703704
paper-101205-topk-5-depth-2,5,2,5,5,1.000000,0.969743,0.030257,0.000000,0.000000,0.000000,2293,791,1502,2.898862,0.098682,277,2016,514,32,25,3.096767,2.280562,0.357174,0.585335
paper-101205-topk-10-depth-0,10,0,10,10,1.000000,0.965276,0.034724,0.000000,0.001620,-0.001620,10,10,0,1.000000,0.176471,3,7,7,5,6,1.960964,2.370951,0.500000,0.300000
paper-101205-topk-10-depth-1,10,1,10,10,1.000000,0.965276,0.034724,0.000000,0.001620,-0.001620,52,122,-70,0.426230,0.101266,16,36,106,8,12,2.190645,2.277552,0.461538,0.344262
paper-101205-topk-10-depth-2,10,2,10,10,1.000000,0.965276,0.034724,0.000000,0.001620,-0.001620,20434,23216,-2782,0.880169,0.338218,11032,9402,12184,38,40,2.567982,2.892947,0.461192,0.263741
paper-157451-topk-1-depth-0,1,0,1,1,1.000000,0.999565,0.000435,,,,1,1,0,1.000000,0.000000,0,1,1,1,1,0.000000,0.000000,1.000000,1.000000
paper-157451-topk-1-depth-1,1,1,1,1,1.000000,0.999565,0.000435,,,,9,5,4,1.800000,0.000000,0,9,5,3,1,1.530493,0.000000,0.444444,1.000000
paper-157451-topk-1-depth-2,1,2,1,1,1.000000,0.999565,0.000435,,,,34,49,-15,0.693878,0.000000,0,34,49,7,4,2.309858,0.869228,0.294118,0.816327
paper-157451-topk-3-depth-0,3,0,3,3,1.000000,0.975724,0.024276,0.000000,0.000000,0.000000,3,3,0,1.000000,0.200000,1,2,2,3,3,1.584963,1.584963,0.333333,0.333333
paper-157451-topk-3-depth-1,3,1,3,3,1.000000,0.975724,0.024276,0.000000,0.000000,0.000000,21,18,3,1.166667,0.300000,9,12,9,8,3,2.599390,1.435521,0.333333,0.555556
paper-157451-topk-3-depth-2,3,2,3,3,1.000000,0.975724,0.024276,0.000000,0.000000,0.000000,98,92,6,1.065217,0.217949,34,64,58,12,9,2.799604,1.816958,0.326531,0.597826
paper-157451-topk-5-depth-0,5,0,5,5,1.000000,0.971109,0.028891,0.000000,0.000000,0.000000,5,5,0,1.000000,0.111111,1,4,4,3,5,1.521928,2.321928,0.400000,0.200000
paper-157451-topk-5-depth-1,5,1,5,5,1.000000,0.971109,0.028891,0.000000,0.000000,0.000000,44,23,21,1.913043,0.155172,9,35,14,8,5,1.990190,2.089902,0.613636,0.434783
paper-157451-topk-5-depth-2,5,2,5,5,1.000000,0.971109,0.028891,0.000000,0.000000,0.000000,835,257,578,3.249027,0.032136,34,801,223,27,12,3.001296,2.260526,0.471856,0.365759
paper-157451-topk-10-depth-0,10,0,10,10,1.000000,0.966406,0.033594,0.000000,0.000889,-0.000889,10,10,0,1.000000,0.111111,2,8,8,6,6,2.521928,2.446439,0.200000,0.300000
paper-157451-topk-10-depth-1,10,1,10,10,1.000000,0.966406,0.033594,0.000000,0.000889,-0.000889,98,75,23,1.306667,0.094937,15,83,60,12,11,2.419567,2.711994,0.428571,0.320000
paper-157451-topk-10-depth-2,10,2,10,10,1.000000,0.966406,0.033594,0.000000,0.000889,-0.000889,2024,616,1408,3.285714,0.049285,124,1900,492,30,24,2.715798,2.700415,0.487648,0.357143
paper-139553-topk-1-depth-0,1,0,1,1,1.000000,0.999868,0.000132,,,,1,1,0,1.000000,0.000000,0,1,1,1,1,0.000000,0.000000,1.000000,1.000000
paper-139553-topk-1-depth-1,1,1,1,1,1.000000,0.999868,0.000132,,,,11,13,-2,0.846154,0.000000,0,11,13,3,2,0.865857,0.391244,0.818182,0.923077
paper-139553-topk-1-depth-2,1,2,1,1,1.000000,0.999868,0.000132,,,,364,253,111,1.438735,0.056507,33,331,220,14,10,1.657582,1.064079,0.689560,0.822134
paper-139553-topk-3-depth-0,3,0,3,3,1.000000,0.989407,0.010593,0.000000,0.248994,-0.248994,3,3,0,1.000000,0.000000,0,3,3,1,1,0.000000,0.000000,1.000000,1.000000
paper-139553-topk-3-depth-1,3,1,3,3,1.000000,0.989407,0.010593,0.000000,0.248994,-0.248994,77,35,42,2.200000,0.056604,6,71,29,3,3,0.336760,0.373140,0.948052,0.942857
paper-139553-topk-3-depth-2,3,2,3,3,1.000000,0.989407,0.010593,0.000000,0.248994,-0.248994,1482,844,638,1.755924,0.164164,328,1154,516,23,22,1.227730,1.510303,0.816464,0.750000
paper-139553-topk-5-depth-0,5,0,5,5,1.000000,0.982929,0.017071,0.000000,0.114022,-0.114022,5,5,0,1.000000,0.000000,0,5,5,1,1,0.000000,0.000000,1.000000,1.000000
paper-139553-topk-5-depth-1,5,1,5,5,1.000000,0.982929,0.017071,0.000000,0.114022,-0.114022,85,113,-28,0.752212,0.058824,11,74,102,4,8,0.403401,1.113128,0.941176,0.814159
paper-139553-topk-5-depth-2,5,2,5,5,1.000000,0.982929,0.017071,0.000000,0.114022,-0.114022,1539,1127,412,1.365572,0.197126,439,1100,688,23,23,1.231643,1.693313,0.814815,0.698314
paper-139553-topk-10-depth-0,10,0,10,10,1.000000,0.976464,0.023536,0.000000,0.048325,-0.048325,10,10,0,1.000000,0.000000,0,10,10,3,1,1.156780,0.000000,0.700000,1.000000
paper-139553-topk-10-depth-1,10,1,10,10,1.000000,0.976464,0.023536,0.000000,0.048325,-0.048325,194,139,55,1.395683,0.034161,11,183,128,6,10,0.856624,1.162362,0.850515,0.812950
paper-139553-topk-10-depth-2,10,2,10,10,1.000000,0.976464,0.023536,0.000000,0.048325,-0.048325,5165,1327,3838,3.892238,0.162607,908,4257,419,34,23,2.338594,1.719947,0.402517,0.694047
paper-136735-topk-1-depth-0,1,0,1,1,1.000000,0.999906,0.000094,,,,1,1,0,1.000000,0.000000,0,1,1,1,1,0.000000,0.000000,1.000000,1.000000
paper-136735-topk-1-depth-1,1,1,1,1,1.000000,0.999906,0.000094,,,,181,17,164,10.647059,0.005076,1,180,16,18,3,2.941744,0.640206,0.303867,0.882353
paper-136735-topk-1-depth-2,1,2,1,1,1.000000,0.999906,0.000094,,,,2216,636,1580,3.484277,0.077853,206,2010,430,28,22,3.181017,1.620910,0.287004,0.713836
paper-136735-topk-3-depth-0,3,0,3,3,1.000000,0.986650,0.013350,0.000000,0.012821,-0.012821,3,3,0,1.000000,0.000000,0,3,3,3,3,1.584963,1.584963,0.333333,0.333333
paper-136735-topk-3-depth-1,3,1,3,3,1.000000,0.986650,0.013350,0.000000,0.012821,-0.012821,63,37,26,1.702703,0.162791,14,49,23,5,4,1.454848,1.435087,0.682540,0.621622
paper-136735-topk-3-depth-2,3,2,3,3,1.000000,0.986650,0.013350,0.000000,0.012821,-0.012821,1728,960,768,1.800000,0.359636,711,1017,249,32,26,2.451846,2.289349,0.501736,0.535417
paper-136735-topk-5-depth-0,5,0,5,5,1.000000,0.980000,0.020000,0.000000,0.017838,-0.017838,5,5,0,1.000000,0.111111,1,4,4,4,2,1.921928,0.721928,0.400000,0.800000
paper-136735-topk-5-depth-1,5,1,5,5,1.000000,0.980000,0.020000,0.000000,0.017838,-0.017838,92,211,-119,0.436019,0.070671,20,72,191,7,18,1.892161,2.876267,0.586957,0.303318
paper-136735-topk-5-depth-2,5,2,5,5,1.000000,0.980000,0.020000,0.000000,0.017838,-0.017838,2714,2772,-58,0.979076,0.180039,837,1877,1935,35,30,2.732698,3.140791,0.383198,0.249639
paper-136735-topk-10-depth-0,10,0,10,10,1.000000,0.974503,0.025497,0.000000,0.018138,-0.018138,10,10,0,1.000000,0.052632,1,9,9,6,4,2.321928,1.685475,0.400000,0.500000
paper-136735-topk-10-depth-1,10,1,10,10,1.000000,0.974503,0.025497,0.000000,0.018138,-0.018138,149,252,-103,0.591270,0.055263,21,128,231,15,19,2.702135,2.896164,0.409396,0.289683
paper-136735-topk-10-depth-2,10,2,10,10,1.000000,0.974503,0.025497,0.000000,0.018138,-0.018138,3072,3120,-48,0.984615,0.171175,905,2167,2215,36,34,2.998372,3.239072,0.351562,0.240064
paper-7615-topk-1-depth-0,1,0,1,1,1.000000,0.943419,0.056581,,,,1,1,0,1.000000,0.000000,0,1,1,1,1,0.000000,0.000000,1.000000,1.000000
paper-7615-topk-1-depth-1,1,1,1,1,1.000000,0.943419,0.056581,,,,2,7,-5,0.285714,0.000000,0,2,7,2,4,1.000000,1.842371,0.500000,0.428571
paper-7615-topk-1-depth-2,1,2,1,1,1.000000,0.943419,0.056581,,,,30,28,2,1.071429,0.000000,0,30,28,3,7,1.474679,2.336885,0.466667,0.392857
paper-7615-topk-3-depth-0,3,0,3,3,1.000000,0.944355,0.055645,0.000000,0.000000,0.000000,3,3,0,1.000000,0.200000,1,2,2,3,3,1.584963,1.584963,0.333333,0.333333
paper-7615-topk-3-depth-1,3,1,3,3,1.000000,0.944355,0.055645,0.000000,0.000000,0.000000,13,23,-10,0.565217,0.125000,4,9,19,7,8,2.441630,2.609822,0.384615,0.304348
paper-7615-topk-3-depth-2,3,2,3,3,1.000000,0.944355,0.055645,0.000000,0.000000,0.000000,541,733,-192,0.738063,0.057261,69,472,664,21,22,3.143881,2.196610,0.351201,0.480218
paper-7615-topk-5-depth-0,5,0,5,5,1.000000,0.944077,0.055923,0.000000,0.000000,0.000000,5,5,0,1.000000,0.250000,2,3,3,4,4,1.921928,1.921928,0.400000,0.400000
paper-7615-topk-5-depth-1,5,1,5,5,1.000000,0.944077,0.055923,0.000000,0.000000,0.000000,28,32,-4,0.875000,0.304348,14,14,18,9,10,2.478095,2.861800,0.357143,0.218750
paper-7615-topk-5-depth-2,5,2,5,5,1.000000,0.944077,0.055923,0.000000,0.000000,0.000000,1151,784,367,1.468112,0.509360,653,498,131,27,23,2.859131,2.282447,0.375326,0.465561
paper-7615-topk-10-depth-0,10,0,10,10,1.000000,0.944553,0.055447,0.000000,0.002020,-0.002020,10,10,0,1.000000,0.176471,3,7,7,6,4,2.446439,1.721928,0.300000,0.400000
paper-7615-topk-10-depth-1,10,1,10,10,1.000000,0.944553,0.055447,0.000000,0.002020,-0.002020,58,73,-15,0.794521,0.169643,19,39,54,11,12,2.743584,2.655217,0.275862,0.328767
paper-7615-topk-10-depth-2,10,2,10,10,1.000000,0.944553,0.055447,0.000000,0.002020,-0.002020,1517,1098,419,1.381603,0.368394,704,813,394,27,26,2.614944,2.525425,0.384970,0.378871
paper-19678-topk-1-depth-0,1,0,1,1,1.000000,0.961393,0.038607,,,,1,1,0,1.000000,0.000000,0,1,1,1,1,0.000000,0.000000,1.000000,1.000000
paper-19678-topk-1-depth-1,1,1,1,1,1.000000,0.961393,0.038607,,,,6,4,2,1.500000,0.000000,0,6,4,2,2,0.918296,0.811278,0.666667,0.750000
paper-19678-topk-1-depth-2,1,2,1,1,1.000000,0.961393,0.038607,,,,1109,98,1011,11.316327,0.000829,1,1108,97,25,6,1.849042,1.738703,0.643823,0.571429
paper-19678-topk-3-depth-0,3,0,3,3,1.000000,0.974103,0.025897,0.000000,0.000000,0.000000,3,3,0,1.000000,0.200000,1,2,2,1,2,0.000000,0.918296,1.000000,0.666667
paper-19678-topk-3-depth-1,3,1,3,3,1.000000,0.974103,0.025897,0.000000,0.000000,0.000000,61,15,46,4.066667,0.101449,7,54,8,5,3,1.912242,1.286693,0.459016,0.466667
paper-19678-topk-3-depth-2,3,2,3,3,1.000000,0.974103,0.025897,0.000000,0.000000,0.000000,18918,2554,16364,7.407204,0.129333,2459,16459,95,36,26,2.437269,1.752600,0.441696,0.693422
paper-19678-topk-5-depth-0,5,0,5,5,1.000000,0.968562,0.031438,0.000000,0.001408,-0.001408,5,5,0,1.000000,0.111111,1,4,4,2,2,0.721928,0.970951,0.800000,0.600000
paper-19678-topk-5-depth-1,5,1,5,5,1.000000,0.968562,0.031438,0.000000,0.001408,-0.001408,111,95,16,1.168421,0.051020,10,101,85,8,6,1.972477,1.315525,0.495495,0.747368
paper-19678-topk-5-depth-2,5,2,5,5,1.000000,0.968562,0.031438,0.000000,0.001408,-0.001408,20798,28693,-7895,0.724846,0.597154,18504,2294,10189,36,36,2.387050,2.293114,0.475046,0.518628
paper-19678-topk-10-depth-0,10,0,10,10,1.000000,0.962457,0.037543,0.000000,0.002323,-0.002323,10,10,0,1.000000,0.176471,3,7,7,7,3,2.721928,1.295462,0.200000,0.600000
paper-19678-topk-10-depth-1,10,1,10,10,1.000000,0.962457,0.037543,0.000000,0.002323,-0.002323,142,186,-44,0.763441,0.237736,63,79,123,17,9,2.690208,1.329418,0.514085,0.768817
paper-19678-topk-10-depth-2,10,2,10,10,1.000000,0.962457,0.037543,0.000000,0.002323,-0.002323,28402,34139,-5737,0.831952,0.623809,24026,4376,10113,36,37,2.448428,2.441523,0.468911,0.472773
paper-113643-topk-1-depth-0,1,0,1,1,1.000000,0.999901,0.000099,,,,1,1,0,1.000000,0.000000,0,1,1,1,1,0.000000,0.000000,1.000000,1.000000
paper-113643-topk-1-depth-1,1,1,1,1,1.000000,0.999901,0.000099,,,,6,19,-13,0.315789,0.000000,0,6,19,3,4,1.459148,1.679823,0.500000,0.473684
paper-113643-topk-1-depth-2,1,2,1,1,1.000000,0.999901,0.000099,,,,12,22337,-22325,0.000537,0.000134,3,9,22334,6,37,2.125815,2.206284,0.500000,0.525138
paper-113643-topk-3-depth-0,3,0,3,3,1.000000,0.977309,0.022691,0.000000,0.000000,0.000000,3,3,0,1.000000,0.000000,0,3,3,3,3,1.584963,1.584963,0.333333,0.333333
paper-113643-topk-3-depth-1,3,1,3,3,1.000000,0.977309,0.022691,0.000000,0.000000,0.000000,34,45,-11,0.755556,0.012821,1,33,44,8,6,2.625975,1.612295,0.264706,0.622222
paper-113643-topk-3-depth-2,3,2,3,3,1.000000,0.977309,0.022691,0.000000,0.000000,0.000000,18129,33219,-15090,0.545742,0.428913,15413,2716,17806,34,37,2.200665,2.358172,0.558773,0.494416
paper-113643-topk-5-depth-0,5,0,5,5,1.000000,0.972559,0.027441,0.000000,0.016254,-0.016254,5,5,0,1.000000,0.000000,0,5,5,5,4,2.321928,1.921928,0.200000,0.400000
paper-113643-topk-5-depth-1,5,1,5,5,1.000000,0.972559,0.027441,0.000000,0.016254,-0.016254,44,63,-19,0.698413,0.019048,2,42,61,10,8,3.012869,1.958033,0.204545,0.539683
paper-113643-topk-5-depth-2,5,2,5,5,1.000000,0.972559,0.027441,0.000000,0.016254,-0.016254,20493,36281,-15788,0.564841,0.474611,18273,2220,18008,35,37,2.356810,2.438840,0.503879,0.469805
paper-113643-topk-10-depth-0,10,0,10,10,1.000000,0.968025,0.031975,0.000000,0.011137,-0.011137,10,10,0,1.000000,0.052632,1,9,9,8,6,2.846439,2.446439,0.300000,0.300000
paper-113643-topk-10-depth-1,10,1,10,10,1.000000,0.968025,0.031975,0.000000,0.011137,-0.011137,86,121,-35,0.710744,0.061538,12,74,109,12,11,3.151119,2.355845,0.220930,0.479339
paper-113643-topk-10-depth-2,10,2,10,10,1.000000,0.968025,0.031975,0.000000,0.011137,-0.011137,34383,39573,-5190,0.868850,0.758512,31900,2483,7673,38,37,2.605159,2.498087,0.425007,0.451242
paper-96069-topk-1-depth-0,1,0,1,1,1.000000,0.954372,0.045628,,,,1,1,0,1.000000,0.000000,0,1,1,1,1,0.000000,0.000000,1.000000,1.000000
paper-96069-topk-1-depth-1,1,1,1,1,1.000000,0.954372,0.045628,,,,2,10,-8,0.200000,0.000000,0,2,10,2,4,1.000000,1.846439,0.500000,0.400000
paper-96069-topk-1-depth-2,1,2,1,1,1.000000,0.954372,0.045628,,,,16,124,-108,0.129032,0.000000,0,16,124,5,10,1.673795,2.417656,0.625000,0.403226
paper-96069-topk-3-depth-0,3,0,3,3,1.000000,0.955551,0.044449,0.000000,0.000000,0.000000,3,3,0,1.000000,0.000000,0,3,3,2,1,0.918296,0.000000,0.666667,1.000000
paper-96069-topk-3-depth-1,3,1,3,3,1.000000,0.955551,0.044449,0.000000,0.000000,0.000000,25,15,10,1.666667,0.000000,0,25,15,4,5,0.874310,1.965596,0.840000,0.400000
paper-96069-topk-3-depth-2,3,2,3,3,1.000000,0.955551,0.044449,0.000000,0.000000,0.000000,931,178,753,5.230337,0.000000,0,931,178,21,17,1.440621,2.658245,0.762621,0.331461
paper-96069-topk-5-depth-0,5,0,5,5,1.000000,0.954557,0.045443,0.000000,0.000000,0.000000,5,5,0,1.000000,0.000000,0,5,5,5,2,2.321928,0.721928,0.200000,0.800000
paper-96069-topk-5-depth-1,5,1,5,5,1.000000,0.954557,0.045443,0.000000,0.000000,0.000000,45,29,16,1.551724,0.000000,0,45,29,7,7,2.186143,2.301465,0.444444,0.413793
paper-96069-topk-5-depth-2,5,2,5,5,1.000000,0.954557,0.045443,0.000000,0.000000,0.000000,2193,1892,301,1.159091,0.023810,95,2098,1797,26,31,2.212952,2.723774,0.392157,0.423890
paper-96069-topk-10-depth-0,10,0,10,10,1.000000,0.958805,0.041195,0.000000,0.000000,0.000000,10,10,0,1.000000,0.052632,1,9,9,6,5,2.446439,1.770951,0.300000,0.600000
paper-96069-topk-10-depth-1,10,1,10,10,1.000000,0.958805,0.041195,0.000000,0.000000,0.000000,64,70,-6,0.914286,0.030769,4,60,66,11,14,2.724075,2.974190,0.359375,0.300000
paper-96069-topk-10-depth-2,10,2,10,10,1.000000,0.958805,0.041195,0.000000,0.000000,0.000000,2394,3792,-1398,0.631329,0.054552,320,2074,3472,30,35,2.498798,2.987052,0.365497,0.285601
paper-2488-topk-1-depth-0,1,0,1,1,1.000000,0.999837,0.000163,,,,1,1,0,1.000000,0.000000,0,1,1,1,1,0.000000,0.000000,1.000000,1.000000
paper-2488-topk-1-depth-1,1,1,1,1,1.000000,0.999837,0.000163,,,,4,4,0,1.000000,0.000000,0,4,4,2,3,1.000000,1.500000,0.500000,0.500000
paper-2488-topk-1-depth-2,1,2,1,1,1.000000,0.999837,0.000163,,,,38,3420,-3382,0.011111,0.001158,4,34,3416,6,30,1.508568,2.123668,0.605263,0.518421
paper-2488-topk-3-depth-0,3,0,3,3,1.000000,0.975451,0.024549,0.000000,0.000000,0.000000,3,3,0,1.000000,0.500000,2,1,1,2,1,0.918296,0.000000,0.666667,1.000000
paper-2488-topk-3-depth-1,3,1,3,3,1.000000,0.975451,0.024549,0.000000,0.000000,0.000000,15,18,-3,0.833333,0.320000,8,7,10,4,5,1.746466,1.918296,0.466667,0.500000
paper-2488-topk-3-depth-2,3,2,3,3,1.000000,0.975451,0.024549,0.000000,0.000000,0.000000,6080,16654,-10574,0.365077,0.257481,4655,1425,11999,33,36,2.437178,2.552473,0.436678,0.351267
paper-2488-topk-5-depth-0,5,0,5,5,1.000000,0.969164,0.030836,0.000000,0.000000,0.000000,5,5,0,1.000000,0.428571,3,2,2,3,2,1.370951,0.721928,0.600000,0.800000
paper-2488-topk-5-depth-1,5,1,5,5,1.000000,0.969164,0.030836,0.000000,0.000000,0.000000,24,25,-1,0.960000,0.361111,13,11,12,6,6,2.252705,2.032488,0.416667,0.480000
paper-2488-topk-5-depth-2,5,2,5,5,1.000000,0.969164,0.030836,0.000000,0.000000,0.000000,7473,19528,-12055,0.382681,0.236763,5169,2304,14359,33,37,2.445695,2.651290,0.357554,0.314369
paper-2488-topk-10-depth-0,10,0,10,10,1.000000,0.963368,0.036632,0.000000,0.007357,-0.007357,10,10,0,1.000000,0.176471,3,7,7,6,4,2.160964,1.760964,0.500000,0.500000
paper-2488-topk-10-depth-1,10,1,10,10,1.000000,0.963368,0.036632,0.000000,0.007357,-0.007357,65,57,8,1.140351,0.173077,18,47,39,13,7,3.171367,2.052645,0.261538,0.491228
paper-2488-topk-10-depth-2,10,2,10,10,1.000000,0.963368,0.036632,0.000000,0.007357,-0.007357,21323,23430,-2107,0.910073,0.678846,18096,3227,5334,36,38,2.573954,2.668616,0.376964,0.316133
paper-29055-topk-1-depth-0,1,0,1,1,1.000000,0.952681,0.047319,,,,1,1,0,1.000000,0.000000,0,1,1,1,1,0.000000,0.000000,1.000000,1.000000
paper-29055-topk-1-depth-1,1,1,1,1,1.000000,0.952681,0.047319,,,,2,2,0,1.000000,0.000000,0,2,2,2,2,1.000000,1.000000,0.500000,0.500000
paper-29055-topk-1-depth-2,1,2,1,1,1.000000,0.952681,0.047319,,,,5,35,-30,0.142857,0.000000,0,5,35,2,9,0.721928,2.657509,0.800000,0.371429
paper-29055-topk-3-depth-0,3,0,3,3,1.000000,0.954669,0.045331,0.000000,0.000000,0.000000,3,3,0,1.000000,0.200000,1,2,2,3,3,1.584963,1.584963,0.333333,0.333333
paper-29055-topk-3-depth-1,3,1,3,3,1.000000,0.954669,0.045331,0.000000,0.000000,0.000000,7,8,-1,0.875000,0.153846,2,5,6,4,6,1.842371,2.405639,0.428571,0.375000
paper-29055-topk-3-depth-2,3,2,3,3,1.000000,0.954669,0.045331,0.000000,0.000000,0.000000,22,77,-55,0.285714,0.053191,5,17,72,6,14,2.153565,3.168301,0.454545,0.259740
paper-29055-topk-5-depth-0,5,0,5,5,1.000000,0.953148,0.046852,0.000000,0.008333,-0.008333,5,5,0,1.000000,0.111111,1,4,4,3,4,1.370951,1.921928,0.600000,0.400000
paper-29055-topk-5-depth-1,5,1,5,5,1.000000,0.953148,0.046852,0.000000,0.008333,-0.008333,16,20,-4,0.800000,0.125000,4,12,16,6,7,1.966917,1.816642,0.562500,0.650000
paper-29055-topk-5-depth-2,5,2,5,5,1.000000,0.953148,0.046852,0.000000,0.008333,-0.008333,84,179,-95,0.469274,0.073469,18,66,161,12,19,2.789251,3.099247,0.416667,0.335196
paper-29055-topk-10-depth-0,10,0,10,10,1.000000,0.956355,0.043645,0.000000,0.001852,-0.001852,10,10,0,1.000000,0.176471,3,7,7,5,6,1.770951,2.160964,0.600000,0.500000
paper-29055-topk-10-depth-1,10,1,10,10,1.000000,0.956355,0.043645,0.000000,0.001852,-0.001852,58,34,24,1.705882,0.150000,12,46,22,12,11,2.255877,2.526914,0.448276,0.529412
paper-29055-topk-10-depth-2,10,2,10,10,1.000000,0.956355,0.043645,0.000000,0.001852,-0.001852,18395,245,18150,75.081633,0.004202,78,18317,167,36,22,1.829558,3.422706,0.670345,0.244898
paper-19339-topk-1-depth-0,1,0,1,1,1.000000,0.967658,0.032342,,,,1,1,0,1.000000,0.000000,0,1,1,1,1,0.000000,0.000000,1.000000,1.000000
paper-19339-topk-1-depth-1,1,1,1,1,1.000000,0.967658,0.032342,,,,11,4,7,2.750000,0.000000,0,11,4,3,2,1.322179,0.811278,0.545455,0.750000
paper-19339-topk-1-depth-2,1,2,1,1,1.000000,0.967658,0.032342,,,,100,23,77,4.347826,0.000000,0,100,23,11,8,2.793856,2.437729,0.360000,0.434783
paper-19339-topk-3-depth-0,3,0,3,3,1.000000,0.967312,0.032688,0.000000,0.000000,0.000000,3,3,0,1.000000,0.000000,0,3,3,3,3,1.584963,1.584963,0.333333,0.333333
paper-19339-topk-3-depth-1,3,1,3,3,1.000000,0.967312,0.032688,0.000000,0.000000,0.000000,42,16,26,2.625000,0.000000,0,42,16,6,6,1.837550,2.177421,0.571429,0.437500
paper-19339-topk-3-depth-2,3,2,3,3,1.000000,0.967312,0.032688,0.000000,0.000000,0.000000,7324,13761,-6437,0.532229,0.110146,2092,5232,11669,31,36,1.525139,2.622780,0.728564,0.349757
paper-19339-topk-5-depth-0,5,0,5,5,1.000000,0.973537,0.026463,0.000000,0.002703,-0.002703,5,5,0,1.000000,0.250000,2,3,3,5,4,2.321928,1.921928,0.200000,0.400000
paper-19339-topk-5-depth-1,5,1,5,5,1.000000,0.973537,0.026463,0.000000,0.002703,-0.002703,54,55,-1,0.981818,0.434211,33,21,22,9,9,2.338048,2.221011,0.444444,0.454545
paper-19339-topk-5-depth-2,5,2,5,5,1.000000,0.973537,0.026463,0.000000,0.002703,-0.002703,19317,21577,-2260,0.895259,0.844814,18727,590,2850,38,37,2.469360,2.466413,0.453435,0.438152
paper-19339-topk-10-depth-0,10,0,10,10,1.000000,0.968653,0.031347,0.000000,0.001254,-0.001254,10,10,0,1.000000,0.111111,2,8,8,6,5,2.446439,2.121928,0.300000,0.400000
paper-19339-topk-10-depth-1,10,1,10,10,1.000000,0.968653,0.031347,0.000000,0.001254,-0.001254,141,104,37,1.355769,0.183575,38,103,66,14,10,2.418837,2.129598,0.489362,0.500000
paper-19339-topk-10-depth-2,10,2,10,10,1.000000,0.968653,0.031347,0.000000,0.001254,-0.001254,21188,26890,-5702,0.787951,0.676886,19407,1781,7483,39,38,2.513054,2.441727,0.445960,0.471179
paper-118887-topk-1-depth-0,1,0,1,1,1.000000,0.999781,0.000219,,,,1,1,0,1.000000,0.000000,0,1,1,1,1,0.000000,0.000000,1.000000,1.000000
paper-118887-topk-1-depth-1,1,1,1,1,1.000000,0.999781,0.000219,,,,9,14,-5,0.642857,0.000000,0,9,14,4,2,1.891061,0.749595,0.333333,0.785714
paper-118887-topk-1-depth-2,1,2,1,1,1.000000,0.999781,0.000219,,,,334,2183,-1849,0.153000,0.000000,0,334,2183,14,24,1.782532,2.129810,0.655689,0.585433
paper-118887-topk-3-depth-0,3,0,3,3,1.000000,0.979972,0.020028,0.000000,0.043478,-0.043478,3,3,0,1.000000,0.000000,0,3,3,2,1,0.918296,0.000000,0.666667,1.000000
paper-118887-topk-3-depth-1,3,1,3,3,1.000000,0.979972,0.020028,0.000000,0.043478,-0.043478,27,28,-1,0.964286,0.000000,0,27,28,5,3,1.395235,0.959196,0.703704,0.750000
paper-118887-topk-3-depth-2,3,2,3,3,1.000000,0.979972,0.020028,0.000000,0.043478,-0.043478,532,3692,-3160,0.144095,0.034533,141,391,3551,19,32,2.355899,2.461314,0.577068,0.503250
paper-118887-topk-5-depth-0,5,0,5,5,1.000000,0.975981,0.024019,0.000000,0.036589,-0.036589,5,5,0,1.000000,0.000000,0,5,5,4,1,1.921928,0.000000,0.400000,1.000000
paper-118887-topk-5-depth-1,5,1,5,5,1.000000,0.975981,0.024019,0.000000,0.036589,-0.036589,40,49,-9,0.816327,0.059524,5,35,44,8,4,1.743507,1.243424,0.675000,0.693878
paper-118887-topk-5-depth-2,5,2,5,5,1.000000,0.975981,0.024019,0.000000,0.036589,-0.036589,16277,4772,11505,3.410939,0.151036,2762,13515,2010,39,34,2.713666,2.548866,0.321497,0.477578
paper-118887-topk-10-depth-0,10,0,10,10,1.000000,0.973119,0.026881,0.000000,0.016447,-0.016447,10,10,0,1.000000,0.000000,0,10,10,3,4,1.295462,1.356780,0.600000,0.700000
paper-118887-topk-10-depth-1,10,1,10,10,1.000000,0.973119,0.026881,0.000000,0.016447,-0.016447,78,138,-60,0.565217,0.048544,10,68,128,11,8,1.991142,1.821534,0.551282,0.608696
paper-118887-topk-10-depth-2,10,2,10,10,1.000000,0.973119,0.026881,0.000000,0.016447,-0.016447,25386,19026,6360,1.334279,0.544443,15656,9730,3370,38,39,2.527759,2.719403,0.430158,0.327709
paper-10296-topk-1-depth-0,1,0,1,1,1.000000,0.954529,0.045471,,,,1,1,0,1.000000,0.000000,0,1,1,1,1,0.000000,0.000000,1.000000,1.000000
paper-10296-topk-1-depth-1,1,1,1,1,1.000000,0.954529,0.045471,,,,7,7,0,1.000000,0.166667,2,5,5,1,1,0.000000,0.000000,1.000000,1.000000
paper-10296-topk-1-depth-2,1,2,1,1,1.000000,0.954529,0.045471,,,,69,37,32,1.864865,0.277108,23,46,14,1,1,0.000000,0.000000,1.000000,1.000000
paper-10296-topk-3-depth-0,3,0,3,3,1.000000,0.968909,0.031091,0.000000,0.066667,-0.066667,3,3,0,1.000000,0.200000,1,2,2,3,2,1.584963,0.918296,0.333333,0.666667
paper-10296-topk-3-depth-1,3,1,3,3,1.000000,0.968909,0.031091,0.000000,0.066667,-0.066667,61,20,41,3.050000,0.094595,7,54,13,6,3,2.048169,1.295462,0.475410,0.600000
paper-10296-topk-3-depth-2,3,2,3,3,1.000000,0.968909,0.031091,0.000000,0.066667,-0.066667,19607,134,19473,146.320896,0.003610,71,19536,63,38,5,2.483958,1.274542,0.439384,0.619403
paper-10296-topk-5-depth-0,5,0,5,5,1.000000,0.961391,0.038609,0.000000,0.020000,-0.020000,5,5,0,1.000000,0.111111,1,4,4,4,4,1.921928,1.921928,0.400000,0.400000
paper-10296-topk-5-depth-1,5,1,5,5,1.000000,0.961391,0.038609,0.000000,0.020000,-0.020000,71,68,3,1.044118,0.069231,9,62,59,8,6,2.341924,2.099532,0.422535,0.382353
paper-10296-topk-5-depth-2,5,2,5,5,1.000000,0.961391,0.038609,0.000000,0.020000,-0.020000,19645,18546,1099,1.059258,0.631048,14776,4869,3770,38,37,2.498176,2.641448,0.438534,0.346328
paper-10296-topk-10-depth-0,10,0,10,10,1.000000,0.955377,0.044623,0.000000,0.023085,-0.023085,10,10,0,1.000000,0.111111,2,8,8,5,4,1.960964,1.721928,0.500000,0.400000
paper-10296-topk-10-depth-1,10,1,10,10,1.000000,0.955377,0.044623,0.000000,0.023085,-0.023085,89,110,-21,0.809091,0.099448,18,71,92,9,9,2.046661,2.250360,0.584270,0.381818
paper-10296-topk-10-depth-2,10,2,10,10,1.000000,0.955377,0.044623,0.000000,0.023085,-0.023085,20864,20068,796,1.039665,0.580508,15034,5830,5034,38,38,2.560774,2.789417,0.427147,0.322503
paper-158809-topk-1-depth-0,1,0,1,1,1.000000,0.999811,0.000189,,,,1,1,0,1.000000,0.000000,0,1,1,1,1,0.000000,0.000000,1.000000,1.000000
paper-158809-topk-1-depth-1,1,1,1,1,1.000000,0.999811,0.000189,,,,9,4,5,2.250000,0.000000,0,9,4,3,4,1.351644,2.000000,0.555556,0.250000
paper-158809-topk-1-depth-2,1,2,1,1,1.000000,0.999811,0.000189,,,,65,98,-33,0.663265,0.000000,0,65,98,9,6,2.715477,1.113803,0.230769,0.714286
paper-158809-topk-3-depth-0,3,0,3,3,1.000000,0.981297,0.018703,0.000000,0.000000,0.000000,3,3,0,1.000000,0.000000,0,3,3,3,2,1.584963,0.918296,0.333333,0.666667
paper-158809-topk-3-depth-1,3,1,3,3,1.000000,0.981297,0.018703,0.000000,0.000000,0.000000,14,16,-2,0.875000,0.000000,0,14,16,6,7,2.298825,2.091917,0.357143,0.562500
paper-158809-topk-3-depth-2,3,2,3,3,1.000000,0.981297,0.018703,0.000000,0.000000,0.000000,83,402,-319,0.206468,0.000000,0,83,402,11,25,3.061362,2.987776,0.180723,0.320896
paper-158809-topk-5-depth-0,5,0,5,5,1.000000,0.976578,0.023422,0.000000,0.000000,0.000000,5,5,0,1.000000,0.111111,1,4,4,5,4,2.321928,1.921928,0.200000,0.400000
paper-158809-topk-5-depth-1,5,1,5,5,1.000000,0.976578,0.023422,0.000000,0.000000,0.000000,29,19,10,1.526316,0.230769,9,20,10,10,9,2.934725,2.535858,0.275862,0.473684
paper-158809-topk-5-depth-2,5,2,5,5,1.000000,0.976578,0.023422,0.000000,0.000000,0.000000,466,406,60,1.147783,0.508651,294,172,112,27,25,3.701465,3.024580,0.233906,0.317734
paper-158809-topk-10-depth-0,10,0,10,10,1.000000,0.971753,0.028247,0.000000,0.000000,0.000000,10,10,0,1.000000,0.176471,3,7,7,5,6,1.960964,2.446439,0.500000,0.300000
paper-158809-topk-10-depth-1,10,1,10,10,1.000000,0.971753,0.028247,0.000000,0.000000,0.000000,63,60,3,1.050000,0.230000,23,40,37,11,12,2.396023,2.883863,0.492063,0.316667
paper-158809-topk-10-depth-2,10,2,10,10,1.000000,0.971753,0.028247,0.000000,0.000000,0.000000,829,707,122,1.172560,0.352113,400,429,307,28,26,3.113287,2.937055,0.320869,0.330976
paper-29597-topk-1-depth-0,1,0,1,1,1.000000,0.999713,0.000287,,,,1,1,0,1.000000,1.000000,1,0,0,1,1,0.000000,0.000000,1.000000,1.000000
paper-29597-topk-1-depth-1,1,1,1,1,1.000000,0.999713,0.000287,,,,27,27,0,1.000000,1.000000,27,0,0,3,3,0.605291,0.605291,0.888889,0.888889
paper-29597-topk-1-depth-2,1,2,1,1,1.000000,0.999713,0.000287,,,,221,221,0,1.000000,1.000000,221,0,0,6,6,1.116442,1.116442,0.782805,0.782805
paper-29597-topk-3-depth-0,3,0,3,3,1.000000,0.985014,0.014986,0.000000,0.000000,0.000000,3,3,0,1.000000,0.500000,2,1,1,2,1,0.918296,0.000000,0.666667,1.000000
paper-29597-topk-3-depth-1,3,1,3,3,1.000000,0.985014,0.014986,0.000000,0.000000,0.000000,42,60,-18,0.700000,0.593750,38,4,22,5,4,1.047472,0.528063,0.809524,0.916667
paper-29597-topk-3-depth-2,3,2,3,3,1.000000,0.985014,0.014986,0.000000,0.000000,0.000000,343,6959,-6616,0.049289,0.044187,309,34,6650,13,32,1.502078,1.225489,0.728863,0.812042
paper-29597-topk-5-depth-0,5,0,5,5,1.000000,0.980773,0.019227,0.000000,0.021825,-0.021825,5,5,0,1.000000,0.111111,1,4,4,2,1,0.721928,0.000000,0.800000,1.000000
paper-29597-topk-5-depth-1,5,1,5,5,1.000000,0.980773,0.019227,0.000000,0.021825,-0.021825,75,75,0,1.000000,0.119403,16,59,59,7,4,0.876100,0.502310,0.866667,0.920000
paper-29597-topk-5-depth-2,5,2,5,5,1.000000,0.980773,0.019227,0.000000,0.021825,-0.021825,22896,8239,14657,2.778978,0.250000,6227,16669,2012,38,32,2.326596,1.241089,0.513758,0.811628
paper-29597-topk-10-depth-0,10,0,10,10,1.000000,0.976681,0.023319,0.000000,0.007833,-0.007833,10,10,0,1.000000,0.250000,4,6,6,2,2,0.468996,0.468996,0.900000,0.900000
paper-29597-topk-10-depth-1,10,1,10,10,1.000000,0.976681,0.023319,0.000000,0.007833,-0.007833,99,148,-49,0.668919,0.199029,41,58,107,8,6,0.889272,0.771454,0.868687,0.878378
paper-29597-topk-10-depth-2,10,2,10,10,1.000000,0.976681,0.023319,0.000000,0.007833,-0.007833,27312,22803,4509,1.197737,0.479628,16245,11067,6558,39,37,2.375631,1.849730,0.495460,0.656405
paper-56395-topk-1-depth-0,1,0,1,1,1.000000,0.999907,0.000093,,,,1,1,0,1.000000,1.000000,1,0,0,1,1,0.000000,0.000000,1.000000,1.000000
paper-56395-topk-1-depth-1,1,1,1,1,1.000000,0.999907,0.000093,,,,17,17,0,1.000000,1.000000,17,0,0,6,6,1.853688,1.853688,0.588235,0.588235
paper-56395-topk-1-depth-2,1,2,1,1,1.000000,0.999907,0.000093,,,,18019,18019,0,1.000000,1.000000,18019,0,0,36,36,2.609615,2.609615,0.311449,0.311449
paper-56395-topk-3-depth-0,3,0,3,3,1.000000,0.982671,0.017329,0.000000,0.107521,-0.107521,3,3,0,1.000000,0.000000,0,3,3,3,1,1.584963,0.000000,0.333333,1.000000
paper-56395-topk-3-depth-1,3,1,3,3,1.000000,0.982671,0.017329,0.000000,0.107521,-0.107521,110,54,56,2.037037,0.025000,4,106,50,8,7,2.144590,1.091468,0.445455,0.814815
paper-56395-topk-3-depth-2,3,2,3,3,1.000000,0.982671,0.017329,0.000000,0.107521,-0.107521,33263,21316,11947,1.560471,0.515747,18571,14692,2745,36,37,2.461445,2.668819,0.450621,0.299962
paper-56395-topk-5-depth-0,5,0,5,5,1.000000,0.977252,0.022748,0.000000,0.067709,-0.067709,5,5,0,1.000000,0.000000,0,5,5,3,2,1.521928,0.721928,0.400000,0.800000
paper-56395-topk-5-depth-1,5,1,5,5,1.000000,0.977252,0.022748,0.000000,0.067709,-0.067709,63,179,-116,0.351955,0.043103,10,53,169,6,10,1.787568,2.032523,0.523810,0.474860
paper-56395-topk-5-depth-2,5,2,5,5,1.000000,0.977252,0.022748,0.000000,0.067709,-0.067709,28287,32443,-4156,0.871898,0.643394,23776,4511,8667,36,38,2.482511,2.555199,0.406441,0.407761
paper-56395-topk-10-depth-0,10,0,10,10,1.000000,0.971950,0.028050,0.000000,0.032689,-0.032689,10,10,0,1.000000,0.052632,1,9,9,4,4,1.570951,1.356780,0.600000,0.700000
paper-56395-topk-10-depth-1,10,1,10,10,1.000000,0.971950,0.028050,0.000000,0.032689,-0.032689,118,2326,-2208,0.050731,0.013267,32,86,2294,6,29,1.608167,2.544689,0.576271,0.407997
paper-56395-topk-10-depth-2,10,2,10,10,1.000000,0.971950,0.028050,0.000000,0.032689,-0.032689,32792,42522,-9730,0.771177,0.658460,29902,2890,12620,38,38,2.503715,2.683855,0.405770,0.390786
paper-87325-topk-1-depth-0,1,0,1,1,1.000000,0.999469,0.000531,,,,1,1,0,1.000000,0.000000,0,1,1,1,1,0.000000,0.000000,1.000000,1.000000
paper-87325-topk-1-depth-1,1,1,1,1,1.000000,0.999469,0.000531,,,,18,17,1,1.058824,0.000000,0,18,17,2,2,0.503258,0.322757,0.888889,0.941176
paper-87325-topk-1-depth-2,1,2,1,1,1.000000,0.999469,0.000531,,,,14305,1247,13058,11.471532,0.043058,642,13663,605,35,21,1.700444,1.230745,0.683537,0.781075
paper-87325-topk-3-depth-0,3,0,3,3,1.000000,0.979701,0.020299,0.004128,0.010582,-0.006454,3,3,0,1.000000,0.000000,0,3,3,1,1,0.000000,0.000000,1.000000,1.000000
paper-87325-topk-3-depth-1,3,1,3,3,1.000000,0.979701,0.020299,0.004128,0.010582,-0.006454,610,82,528,7.439024,0.014663,10,600,72,15,5,1.166065,1.103788,0.803279,0.780488
paper-87325-topk-3-depth-2,3,2,3,3,1.000000,0.979701,0.020299,0.004128,0.010582,-0.006454,37415,29522,7893,1.267360,0.724336,28118,9297,1404,38,37,2.442548,2.319436,0.464439,0.510467
paper-87325-topk-5-depth-0,5,0,5,5,1.000000,0.974982,0.025018,0.001546,0.012918,-0.011372,5,5,0,1.000000,0.111111,1,4,4,1,1,0.000000,0.000000,1.000000,1.000000
paper-87325-topk-5-depth-1,5,1,5,5,1.000000,0.974982,0.025018,0.001546,0.012918,-0.011372,643,120,523,5.358333,0.042350,31,612,89,15,5,1.131828,1.081483,0.810264,0.791667
paper-87325-topk-5-depth-2,5,2,5,5,1.000000,0.974982,0.025018,0.001546,0.012918,-0.011372,38335,34594,3741,1.108140,0.771842,31769,6566,2825,38,38,2.426491,2.478718,0.472284,0.466092
paper-87325-topk-10-depth-0,10,0,10,10,1.000000,0.970141,0.029859,0.000076,0.014302,-0.014226,10,10,0,1.000000,0.052632,1,9,9,2,1,0.468996,0.000000,0.900000,1.000000
paper-87325-topk-10-depth-1,10,1,10,10,1.000000,0.970141,0.029859,0.000076,0.014302,-0.014226,411,535,-124,0.768224,0.048780,44,367,491,15,10,1.322366,0.895976,0.785888,0.837383
paper-87325-topk-10-depth-2,10,2,10,10,1.000000,0.970141,0.029859,0.000076,0.014302,-0.014226,37781,38940,-1159,0.970236,0.806986,34263,3518,4677,38,39,2.420060,2.446131,0.475901,0.479815
paper-10819-topk-1-depth-0,1,0,1,1,1.000000,0.999790,0.000210,,,,1,1,0,1.000000,1.000000,1,0,0,1,1,0.000000,0.000000,1.000000,1.000000
paper-10819-topk-1-depth-1,1,1,1,1,1.000000,0.999790,0.000210,,,,3,3,0,1.000000,1.000000,3,0,0,1,1,0.000000,0.000000,1.000000,1.000000
paper-10819-topk-1-depth-2,1,2,1,1,1.000000,0.999790,0.000210,,,,23,23,0,1.000000,1.000000,23,0,0,1,1,0.000000,0.000000,1.000000,1.000000
paper-10819-topk-3-depth-0,3,0,3,3,1.000000,0.979170,0.020830,0.000000,0.000000,0.000000,3,3,0,1.000000,0.200000,1,2,2,2,3,0.918296,1.584963,0.666667,0.333333
paper-10819-topk-3-depth-1,3,1,3,3,1.000000,0.979170,0.020830,0.000000,0.000000,0.000000,17,13,4,1.307692,0.111111,3,14,10,2,6,0.522559,2.141620,0.882353,0.461538
paper-10819-topk-3-depth-2,3,2,3,3,1.000000,0.979170,0.020830,0.000000,0.000000,0.000000,447,1249,-802,0.357886,0.013748,23,424,1226,4,21,0.297079,1.826115,0.955257,0.647718
paper-10819-topk-5-depth-0,5,0,5,5,1.000000,0.973900,0.026100,0.000000,0.000000,0.000000,5,5,0,1.000000,0.111111,1,4,4,3,4,1.370951,1.921928,0.600000,0.400000
paper-10819-topk-5-depth-1,5,1,5,5,1.000000,0.973900,0.026100,0.000000,0.000000,0.000000,39,21,18,1.857143,0.052632,3,36,18,4,8,0.926428,2.415661,0.820513,0.380952
paper-10819-topk-5-depth-2,5,2,5,5,1.000000,0.973900,0.026100,0.000000,0.000000,0.000000,570,1667,-1097,0.341932,0.015433,34,536,1633,7,27,0.491040,2.451435,0.931579,0.512897
paper-10819-topk-10-depth-0,10,0,10,10,1.000000,0.970419,0.029581,0.000000,0.007407,-0.007407,10,10,0,1.000000,0.176471,3,7,7,4,5,1.570951,1.960964,0.600000,0.500000
paper-10819-topk-10-depth-1,10,1,10,10,1.000000,0.970419,0.029581,0.000000,0.007407,-0.007407,107,58,49,1.844828,0.114865,17,90,41,10,10,2.144114,2.112136,0.504673,0.568966
paper-10819-topk-10-depth-2,10,2,10,10,1.000000,0.970419,0.029581,0.000000,0.007407,-0.007407,28493,2265,26228,12.579691,0.047081,1383,27110,882,37,28,2.628898,2.537039,0.405047,0.377483
paper-39175-topk-1-depth-0,1,0,1,1,1.000000,0.999898,0.000102,,,,1,1,0,1.000000,1.000000,1,0,0,1,1,0.000000,0.000000,1.000000,1.000000
paper-39175-topk-1-depth-1,1,1,1,1,1.000000,0.999898,0.000102,,,,10,10,0,1.000000,1.000000,10,0,0,1,1,0.000000,0.000000,1.000000,1.000000
paper-39175-topk-1-depth-2,1,2,1,1,1.000000,0.999898,0.000102,,,,756,756,0,1.000000,1.000000,756,0,0,9,9,0.865074,0.865074,0.785714,0.785714
paper-39175-topk-3-depth-0,3,0,3,3,1.000000,0.980763,0.019237,0.000000,0.014493,-0.014493,3,3,0,1.000000,0.200000,1,2,2,1,1,0.000000,0.000000,1.000000,1.000000
paper-39175-topk-3-depth-1,3,1,3,3,1.000000,0.980763,0.019237,0.000000,0.014493,-0.014493,22,32,-10,0.687500,0.227273,10,12,22,1,2,0.000000,0.337290,1.000000,0.937500
paper-39175-topk-3-depth-2,3,2,3,3,1.000000,0.980763,0.019237,0.000000,0.014493,-0.014493,1192,1096,96,1.087591,0.501312,764,428,332,11,12,0.832592,0.948455,0.805369,0.760949
paper-39175-topk-5-depth-0,5,0,5,5,1.000000,0.974588,0.025412,0.000000,0.032228,-0.032228,5,5,0,1.000000,0.000000,0,5,5,1,1,0.000000,0.000000,1.000000,1.000000
paper-39175-topk-5-depth-1,5,1,5,5,1.000000,0.974588,0.025412,0.000000,0.032228,-0.032228,21,50,-29,0.420000,0.059701,4,17,46,1,2,0.000000,0.529361,1.000000,0.880000
paper-39175-topk-5-depth-2,5,2,5,5,1.000000,0.974588,0.025412,0.000000,0.032228,-0.032228,915,1260,-345,0.726190,0.055313,114,801,1146,10,13,0.517294,0.971888,0.911475,0.756349
paper-39175-topk-10-depth-0,10,0,10,10,1.000000,0.968542,0.031458,0.000000,0.023536,-0.023536,10,10,0,1.000000,0.111111,2,8,8,1,3,0.000000,0.921928,1.000000,0.800000
paper-39175-topk-10-depth-1,10,1,10,10,1.000000,0.968542,0.031458,0.000000,0.023536,-0.023536,68,92,-24,0.739130,0.111111,16,52,76,1,5,0.000000,1.133874,1.000000,0.771739
paper-39175-topk-10-depth-2,10,2,10,10,1.000000,0.968542,0.031458,0.000000,0.023536,-0.023536,2243,2791,-548,0.803655,0.344551,1290,953,1501,15,20,0.643893,1.067478,0.879180,0.789323
paper-94451-topk-1-depth-0,1,0,1,1,1.000000,0.999881,0.000119,,,,1,1,0,1.000000,0.000000,0,1,1,1,1,0.000000,0.000000,1.000000,1.000000
paper-94451-topk-1-depth-1,1,1,1,1,1.000000,0.999881,0.000119,,,,4,4,0,1.000000,0.000000,0,4,4,1,2,0.000000,0.811278,1.000000,0.750000
paper-94451-topk-1-depth-2,1,2,1,1,1.000000,0.999881,0.000119,,,,84,36,48,2.333333,0.025641,3,81,33,7,4,0.870208,0.934061,0.869048,0.805556
paper-94451-topk-3-depth-0,3,0,3,3,1.000000,0.975121,0.024879,0.000000,0.000000,0.000000,3,3,0,1.000000,0.000000,0,3,3,1,3,0.000000,1.584963,1.000000,0.333333
paper-94451-topk-3-depth-1,3,1,3,3,1.000000,0.975121,0.024879,0.000000,0.000000,0.000000,7,10,-3,0.700000,0.000000,0,7,10,2,4,0.591673,1.570951,0.857143,0.600000
paper-94451-topk-3-depth-2,3,2,3,3,1.000000,0.975121,0.024879,0.000000,0.000000,0.000000,553,74,479,7.472973,0.012924,8,545,66,24,7,2.792609,1.388782,0.332731,0.743243
paper-94451-topk-5-depth-0,5,0,5,5,1.000000,0.969528,0.030472,0.000000,0.000000,0.000000,5,5,0,1.000000,0.250000,2,3,3,3,4,1.370951,1.921928,0.600000,0.400000
paper-94451-topk-5-depth-1,5,1,5,5,1.000000,0.969528,0.030472,0.000000,0.000000,0.000000,24,15,9,1.600000,0.218750,7,17,8,5,5,1.259398,1.738269,0.750000,0.600000
paper-94451-topk-5-depth-2,5,2,5,5,1.000000,0.969528,0.030472,0.000000,0.000000,0.000000,1937,651,1286,2.975422,0.278656,564,1373,87,36,22,3.400383,2.839422,0.261745,0.351767
paper-94451-topk-10-depth-0,10,0,10,10,1.000000,0.964859,0.035141,0.000000,0.000000,0.000000,10,10,0,1.000000,0.428571,6,4,4,5,4,1.770951,1.570951,0.600000,0.600000
paper-94451-topk-10-depth-1,10,1,10,10,1.000000,0.964859,0.035141,0.000000,0.000000,0.000000,38,28,10,1.357143,0.320000,16,22,12,9,6,2.418904,1.640630,0.447368,0.642857
paper-94451-topk-10-depth-2,10,2,10,10,1.000000,0.964859,0.035141,0.000000,0.000000,0.000000,784,727,57,1.078404,0.654984,598,186,129,25,26,3.026613,2.900739,0.293367,0.375516
paper-44916-topk-1-depth-0,1,0,1,1,1.000000,0.999893,0.000107,,,,1,1,0,1.000000,0.000000,0,1,1,1,1,0.000000,0.000000,1.000000,1.000000
paper-44916-topk-1-depth-1,1,1,1,1,1.000000,0.999893,0.000107,,,,4,7,-3,0.571429,0.000000,0,4,7,1,3,0.000000,1.378783,1.000000,0.571429
paper-44916-topk-1-depth-2,1,2,1,1,1.000000,0.999893,0.000107,,,,74,192,-118,0.385417,0.000000,0,74,192,10,11,1.913580,1.750002,0.635135,0.640625
paper-44916-topk-3-depth-0,3,0,3,3,1.000000,0.972915,0.027085,0.000000,0.000000,0.000000,3,3,0,1.000000,0.200000,1,2,2,3,2,1.584963,0.918296,0.333333,0.666667
paper-44916-topk-3-depth-1,3,1,3,3,1.000000,0.972915,0.027085,0.000000,0.000000,0.000000,11,13,-2,0.846154,0.142857,3,8,10,4,5,1.789929,2.103910,0.454545,0.307692
paper-44916-topk-3-depth-2,3,2,3,3,1.000000,0.972915,0.027085,0.000000,0.000000,0.000000,103,232,-129,0.443966,0.053459,17,86,215,13,14,2.327503,2.215755,0.524272,0.530172
paper-44916-topk-5-depth-0,5,0,5,5,1.000000,0.967796,0.032204,0.000000,0.000000,0.000000,5,5,0,1.000000,0.111111,1,4,4,3,3,1.521928,1.521928,0.400000,0.400000
paper-44916-topk-5-depth-1,5,1,5,5,1.000000,0.967796,0.032204,0.000000,0.000000,0.000000,57,20,37,2.850000,0.040541,3,54,17,7,6,1.606976,2.301609,0.701754,0.350000
paper-44916-topk-5-depth-2,5,2,5,5,1.000000,0.967796,0.032204,0.000000,0.000000,0.000000,696,390,306,1.784615,0.016854,18,678,372,17,21,2.536870,2.796676,0.416667,0.315385
paper-44916-topk-10-depth-0,10,0,10,10,1.000000,0.962891,0.037109,0.000000,0.000000,0.000000,10,10,0,1.000000,0.176471,3,7,7,4,6,1.895462,2.321928,0.300000,0.400000
paper-44916-topk-10-depth-1,10,1,10,10,1.000000,0.962891,0.037109,0.000000,0.000000,0.000000,96,79,17,1.215190,0.388889,49,47,30,9,12,2.192846,2.414597,0.489583,0.544304
paper-44916-topk-10-depth-2,10,2,10,10,1.000000,0.962891,0.037109,0.000000,0.000000,0.000000,1187,1052,135,1.128327,0.244580,440,747,612,19,27,2.675086,3.210113,0.299073,0.302281
paper-117073-topk-1-depth-0,1,0,1,1,1.000000,0.998941,0.001059,,,,1,1,0,1.000000,0.000000,0,1,1,1,1,0.000000,0.000000,1.000000,1.000000
paper-117073-topk-1-depth-1,1,1,1,1,1.000000,0.998941,0.001059,,,,3,10,-7,0.300000,0.000000,0,3,10,2,2,0.918296,0.881291,0.666667,0.700000
paper-117073-topk-1-depth-2,1,2,1,1,1.000000,0.998941,0.001059,,,,22,177,-155,0.124294,0.000000,0,22,177,4,11,1.267932,1.738183,0.681818,0.711864
paper-117073-topk-3-depth-0,3,0,3,3,1.000000,0.981420,0.018580,0.000000,0.000000,0.000000,3,3,0,1.000000,0.000000,0,3,3,3,3,1.584963,1.584963,0.333333,0.333333
paper-117073-topk-3-depth-1,3,1,3,3,1.000000,0.981420,0.018580,0.000000,0.000000,0.000000,17,31,-14,0.548387,0.021277,1,16,30,5,6,2.116300,1.758224,0.352941,0.612903
paper-117073-topk-3-depth-2,3,2,3,3,1.000000,0.981420,0.018580,0.000000,0.000000,0.000000,16661,6865,9796,2.426948,0.237559,4516,12145,2349,37,30,2.691693,2.544540,0.308625,0.464530
paper-117073-topk-5-depth-0,5,0,5,5,1.000000,0.976643,0.023357,0.000000,0.010000,-0.010000,5,5,0,1.000000,0.250000,2,3,3,4,3,1.921928,1.521928,0.400000,0.400000
paper-117073-topk-5-depth-1,5,1,5,5,1.000000,0.976643,0.023357,0.000000,0.010000,-0.010000,24,44,-20,0.545455,0.259259,14,10,30,9,7,2.849484,1.995713,0.291667,0.545455
paper-117073-topk-5-depth-2,5,2,5,5,1.000000,0.976643,0.023357,0.000000,0.010000,-0.010000,16707,18990,-2283,0.879779,0.873662,16645,62,2345,37,37,2.698872,2.703213,0.307775,0.298736
paper-117073-topk-10-depth-0,10,0,10,10,1.000000,0.972239,0.027761,0.000000,0.008686,-0.008686,10,10,0,1.000000,0.176471,3,7,7,7,3,2.646439,1.370951,0.300000,0.600000
paper-117073-topk-10-depth-1,10,1,10,10,1.000000,0.972239,0.027761,0.000000,0.008686,-0.008686,76,96,-20,0.791667,0.109677,17,59,79,13,10,2.959761,1.977913,0.276316,0.604167
paper-117073-topk-10-depth-2,10,2,10,10,1.000000,0.972239,0.027761,0.000000,0.008686,-0.008686,25809,22033,3776,1.171379,0.608513,18099,7710,3934,38,38,2.547601,2.786314,0.395443,0.282985
paper-32952-topk-1-depth-0,1,0,1,1,1.000000,0.999857,0.000143,,,,1,1,0,1.000000,0.000000,0,1,1,1,1,0.000000,0.000000,1.000000,1.000000
paper-32952-topk-1-depth-1,1,1,1,1,1.000000,0.999857,0.000143,,,,14,29,-15,0.482759,0.000000,0,14,29,5,3,1.807355,1.274191,0.571429,0.655172
paper-32952-topk-1-depth-2,1,2,1,1,1.000000,0.999857,0.000143,,,,6325,9399,-3074,0.672944,0.059355,881,5444,8518,35,33,2.573040,1.856700,0.384664,0.610597
paper-32952-topk-3-depth-0,3,0,3,3,1.000000,0.982295,0.017705,0.000000,0.000000,0.000000,3,3,0,1.000000,0.000000,0,3,3,3,2,1.584963,0.918296,0.333333,0.666667
paper-32952-topk-3-depth-1,3,1,3,3,1.000000,0.982295,0.017705,0.000000,0.000000,0.000000,32,134,-102,0.238806,0.006061,1,31,133,7,10,2.306478,1.882294,0.343750,0.529851
paper-32952-topk-3-depth-2,3,2,3,3,1.000000,0.982295,0.017705,0.000000,0.000000,0.000000,7423,25303,-17880,0.293364,0.151837,4314,3109,20989,37,36,2.540428,1.975643,0.403745,0.622298
paper-32952-topk-5-depth-0,5,0,5,5,1.000000,0.978035,0.021965,0.000000,0.003882,-0.003882,5,5,0,1.000000,0.000000,0,5,5,4,2,1.921928,0.970951,0.400000,0.600000
paper-32952-topk-5-depth-1,5,1,5,5,1.000000,0.978035,0.021965,0.000000,0.003882,-0.003882,55,161,-106,0.341615,0.004651,1,54,160,9,10,2.547384,1.857000,0.327273,0.521739
paper-32952-topk-5-depth-2,5,2,5,5,1.000000,0.978035,0.021965,0.000000,0.003882,-0.003882,20521,27971,-7450,0.733653,0.302008,11248,9273,16723,37,37,2.661156,2.099895,0.372935,0.583604
paper-32952-topk-10-depth-0,10,0,10,10,1.000000,0.974699,0.025301,0.000000,0.005972,-0.005972,10,10,0,1.000000,0.052632,1,9,9,5,4,1.960964,1.721928,0.500000,0.400000
paper-32952-topk-10-depth-1,10,1,10,10,1.000000,0.974699,0.025301,0.000000,0.005972,-0.005972,119,332,-213,0.358434,0.100000,41,78,291,10,15,2.349515,2.178058,0.369748,0.397590
paper-32952-topk-10-depth-2,10,2,10,10,1.000000,0.974699,0.025301,0.000000,0.005972,-0.005972,34929,37953,-3024,0.920323,0.665189,29114,5815,8839,38,39,2.598558,2.468620,0.430301,0.476431
paper-141417-topk-1-depth-0,1,0,1,1,1.000000,0.961488,0.038512,,,,1,1,0,1.000000,0.000000,0,1,1,1,1,0.000000,0.000000,1.000000,1.000000
paper-141417-topk-1-depth-1,1,1,1,1,1.000000,0.961488,0.038512,,,,12,8,4,1.500000,0.000000,0,12,8,2,1,0.811278,0.000000,0.750000,1.000000
paper-141417-topk-1-depth-2,1,2,1,1,1.000000,0.961488,0.038512,,,,1049,189,860,5.550265,0.000000,0,1049,189,20,10,1.906734,1.375189,0.630124,0.756614
paper-141417-topk-3-depth-0,3,0,3,3,1.000000,0.976298,0.023702,0.000000,0.000000,0.000000,3,3,0,1.000000,0.200000,1,2,2,2,2,0.918296,0.918296,0.666667,0.666667
paper-141417-topk-3-depth-1,3,1,3,3,1.000000,0.976298,0.023702,0.000000,0.000000,0.000000,48,24,24,2.000000,0.384615,20,28,4,11,9,2.332139,2.606465,0.520833,0.416667
paper-141417-topk-3-depth-2,3,2,3,3,1.000000,0.976298,0.023702,0.000000,0.000000,0.000000,3083,695,2388,4.435971,0.215573,670,2413,25,29,23,2.715684,3.087636,0.485242,0.335252
paper-141417-topk-5-depth-0,5,0,5,5,1.000000,0.973481,0.026519,0.000000,0.050000,-0.050000,5,5,0,1.000000,0.250000,2,3,3,4,3,1.921928,1.370951,0.400000,0.600000
paper-141417-topk-5-depth-1,5,1,5,5,1.000000,0.973481,0.026519,0.000000,0.050000,-0.050000,61,34,27,1.794118,0.417910,28,33,6,13,11,2.813762,2.842804,0.409836,0.323529
paper-141417-topk-5-depth-2,5,2,5,5,1.000000,0.973481,0.026519,0.000000,0.050000,-0.050000,3304,952,2352,3.470588,0.253239,860,2444,92,30,27,2.907033,3.543003,0.453087,0.246849
paper-141417-topk-10-depth-0,10,0,10,10,1.000000,0.966653,0.033347,0.000000,0.011111,-0.011111,10,10,0,1.000000,0.111111,2,8,8,7,7,2.721928,2.646439,0.200000,0.300000
paper-141417-topk-10-depth-1,10,1,10,10,1.000000,0.966653,0.033347,0.000000,0.011111,-0.011111,92,55,37,1.672727,0.235294,28,64,27,16,14,3.316498,3.228194,0.271739,0.236364
paper-141417-topk-10-depth-2,10,2,10,10,1.000000,0.966653,0.033347,0.000000,0.011111,-0.011111,3561,1719,1842,2.071553,0.195381,863,2698,856,31,28,3.134856,3.298902,0.422915,0.321699
paper-45774-topk-1-depth-0,1,0,1,1,1.000000,0.867299,0.132701,,,,1,1,0,1.000000,0.000000,0,1,1,1,1,0.000000,0.000000,1.000000,1.000000
paper-45774-topk-1-depth-1,1,1,1,1,1.000000,0.867299,0.132701,,,,4,13,-9,0.307692,0.000000,0,4,13,1,2,0.000000,0.391244,1.000000,0.923077
paper-45774-topk-1-depth-2,1,2,1,1,1.000000,0.867299,0.132701,,,,35,17531,-17496,0.001996,0.000741,13,22,17518,5,34,1.630082,1.846244,0.628571,0.653585
paper-45774-topk-3-depth-0,3,0,3,3,1.000000,0.869123,0.130877,0.000000,0.010101,-0.010101,3,3,0,1.000000,0.000000,0,3,3,1,2,0.000000,0.918296,1.000000,0.666667
paper-45774-topk-3-depth-1,3,1,3,3,1.000000,0.869123,0.130877,0.000000,0.010101,-0.010101,21,48,-27,0.437500,0.029851,2,19,46,3,7,0.722858,2.097282,0.857143,0.333333
paper-45774-topk-3-depth-2,3,2,3,3,1.000000,0.869123,0.130877,0.000000,0.010101,-0.010101,7449,30941,-23492,0.240749,0.180577,5872,1577,25069,33,37,2.196046,2.403652,0.535240,0.459487
paper-45774-topk-5-depth-0,5,0,5,5,1.000000,0.873630,0.126370,0.000000,0.003030,-0.003030,5,5,0,1.000000,0.111111,1,4,4,2,3,0.721928,1.521928,0.800000,0.400000
paper-45774-topk-5-depth-1,5,1,5,5,1.000000,0.873630,0.126370,0.000000,0.003030,-0.003030,28,55,-27,0.509091,0.077922,6,22,49,4,8,1.062270,2.144749,0.785714,0.345455
paper-45774-topk-5-depth-2,5,2,5,5,1.000000,0.873630,0.126370,0.000000,0.003030,-0.003030,7559,30958,-23399,0.244170,0.180706,5895,1664,25063,34,37,2.256545,2.404309,0.527583,0.459235
paper-45774-topk-10-depth-0,10,0,10,10,1.000000,0.869438,0.130562,0.000000,0.003762,-0.003762,10,10,0,1.000000,0.111111,2,8,8,6,5,2.160964,2.046439,0.500000,0.400000
paper-45774-topk-10-depth-1,10,1,10,10,1.000000,0.869438,0.130562,0.000000,0.003762,-0.003762,66,221,-155,0.298643,0.095420,25,41,196,11,12,2.494282,2.156423,0.439394,0.542986
paper-45774-topk-10-depth-2,10,2,10,10,1.000000,0.869438,0.130562,0.000000,0.003762,-0.003762,32394,35753,-3359,0.906050,0.835956,31029,1365,4724,38,37,2.453386,2.533441,0.443292,0.419489
paper-77640-topk-1-depth-0,1,0,1,1,1.000000,0.999903,0.000097,,,,1,1,0,1.000000,0.000000,0,1,1,1,1,0.000000,0.000000,1.000000,1.000000
paper-77640-topk-1-depth-1,1,1,1,1,1.000000,0.999903,0.000097,,,,7,9,-2,0.777778,0.000000,0,7,9,2,3,0.591673,1.224394,0.857143,0.666667
paper-77640-topk-1-depth-2,1,2,1,1,1.000000,0.999903,0.000097,,,,53,10757,-10704,0.004927,0.000000,0,53,10757,6,33,1.006883,1.667826,0.830189,0.713210
paper-77640-topk-3-depth-0,3,0,3,3,1.000000,0.976678,0.023322,0.000000,0.023810,-0.023810,3,3,0,1.000000,0.000000,0,3,3,3,3,1.584963,1.584963,0.333333,0.333333
paper-77640-topk-3-depth-1,3,1,3,3,1.000000,0.976678,0.023322,0.000000,0.023810,-0.023810,19,19,0,1.000000,0.085714,3,16,16,8,3,2.755058,1.086988,0.263158,0.736842
paper-77640-topk-3-depth-2,3,2,3,3,1.000000,0.976678,0.023322,0.000000,0.023810,-0.023810,1465,19948,-18483,0.073441,0.056232,1140,325,18808,29,35,2.707399,1.889060,0.341297,0.650892
paper-77640-topk-5-depth-0,5,0,5,5,1.000000,0.971119,0.028881,0.000000,0.007143,-0.007143,5,5,0,1.000000,0.000000,0,5,5,5,5,2.321928,2.321928,0.200000,0.200000
paper-77640-topk-5-depth-1,5,1,5,5,1.000000,0.971119,0.028881,0.000000,0.007143,-0.007143,35,63,-28,0.555556,0.042553,4,31,59,9,8,2.541354,2.251166,0.428571,0.365079
paper-77640-topk-5-depth-2,5,2,5,5,1.000000,0.971119,0.028881,0.000000,0.007143,-0.007143,10246,26516,-16270,0.386408,0.367990,9889,357,16627,36,37,1.826173,2.258226,0.681632,0.525720
paper-77640-topk-10-depth-0,10,0,10,10,1.000000,0.966455,0.033545,0.000000,0.003810,-0.003810,10,10,0,1.000000,0.052632,1,9,9,7,6,2.721928,2.521928,0.200000,0.200000
paper-77640-topk-10-depth-1,10,1,10,10,1.000000,0.966455,0.033545,0.000000,0.003810,-0.003810,57,99,-42,0.575758,0.068493,10,47,89,12,11,3.024238,2.803995,0.263158,0.242424
paper-77640-topk-10-depth-2,10,2,10,10,1.000000,0.966455,0.033545,0.000000,0.003810,-0.003810,10969,27616,-16647,0.397197,0.349032,9983,986,17633,37,38,2.085363,2.331002,0.636703,0.511732
paper-16430-topk-1-depth-0,1,0,1,1,1.000000,0.999886,0.000114,,,,1,1,0,1.000000,1.000000,1,0,0,1,1,0.000000,0.000000,1.000000,1.000000
paper-16430-topk-1-depth-1,1,1,1,1,1.000000,0.999886,0.000114,,,,2,2,0,1.000000,1.000000,2,0,0,1,1,0.000000,0.000000,1.000000,1.000000
paper-16430-topk-1-depth-2,1,2,1,1,1.000000,0.999886,0.000114,,,,23,23,0,1.000000,1.000000,23,0,0,2,2,0.258019,0.258019,0.956522,0.956522
paper-16430-topk-3-depth-0,3,0,3,3,1.000000,0.983123,0.016877,0.000000,0.000000,0.000000,3,3,0,1.000000,0.200000,1,2,2,3,2,1.584963,0.918296,0.333333,0.666667
paper-16430-topk-3-depth-1,3,1,3,3,1.000000,0.983123,0.016877,0.000000,0.000000,0.000000,25,13,12,1.923077,0.055556,2,23,11,5,3,1.803074,1.314320,0.480000,0.461538
paper-16430-topk-3-depth-2,3,2,3,3,1.000000,0.983123,0.016877,0.000000,0.000000,0.000000,14108,406,13702,34.748768,0.008827,127,13981,279,38,17,2.593701,1.997539,0.351574,0.652709
paper-16430-topk-5-depth-0,5,0,5,5,1.000000,0.979048,0.020952,0.000000,0.000000,0.000000,5,5,0,1.000000,0.111111,1,4,4,4,4,1.921928,1.921928,0.400000,0.400000
paper-16430-topk-5-depth-1,5,1,5,5,1.000000,0.979048,0.020952,0.000000,0.000000,0.000000,37,29,8,1.275862,0.031250,2,35,27,8,6,2.361975,1.986706,0.378378,0.448276
paper-16430-topk-5-depth-2,5,2,5,5,1.000000,0.979048,0.020952,0.000000,0.000000,0.000000,14298,539,13759,26.526902,0.008839,130,14168,409,38,24,2.627807,2.732725,0.347181,0.491651
paper-16430-topk-10-depth-0,10,0,10,10,1.000000,0.975762,0.024238,0.000000,0.000000,0.000000,10,10,0,1.000000,0.052632,1,9,9,6,8,2.446439,2.846439,0.300000,0.300000
paper-16430-topk-10-depth-1,10,1,10,10,1.000000,0.975762,0.024238,0.000000,0.000000,0.000000,82,67,15,1.223881,0.020548,3,79,64,12,12,2.665734,2.777535,0.390244,0.388060
paper-16430-topk-10-depth-2,10,2,10,10,1.000000,0.975762,0.024238,0.000000,0.000000,0.000000,14953,17025,-2072,0.878297,0.703858,13210,1743,3815,38,38,2.798974,2.773570,0.331974,0.308076
paper-169175-topk-1-depth-0,1,0,1,1,1.000000,0.975359,0.024641,,,,1,1,0,1.000000,0.000000,0,1,1,1,1,0.000000,0.000000,1.000000,1.000000
paper-169175-topk-1-depth-1,1,1,1,1,1.000000,0.975359,0.024641,,,,6,5,1,1.200000,0.000000,0,6,5,3,2,1.251629,0.721928,0.666667,0.800000
paper-169175-topk-1-depth-2,1,2,1,1,1.000000,0.975359,0.024641,,,,13187,66,13121,199.803030,0.000831,11,13176,55,36,10,2.568044,2.203806,0.362099,0.560606
paper-169175-topk-3-depth-0,3,0,3,3,1.000000,0.968662,0.031338,0.000000,0.000000,0.000000,3,3,0,1.000000,0.000000,0,3,3,2,2,0.918296,0.918296,0.666667,0.666667
paper-169175-topk-3-depth-1,3,1,3,3,1.000000,0.968662,0.031338,0.000000,0.000000,0.000000,50,15,35,3.333333,0.000000,0,50,15,6,5,1.323990,1.369974,0.680000,0.733333
paper-169175-topk-3-depth-2,3,2,3,3,1.000000,0.968662,0.031338,0.000000,0.000000,0.000000,14077,1135,12942,12.402643,0.015148,227,13850,908,37,28,2.717620,2.609378,0.342331,0.450220
paper-169175-topk-5-depth-0,5,0,5,5,1.000000,0.966754,0.033246,0.000000,0.000000,0.000000,5,5,0,1.000000,0.111111,1,4,4,3,3,1.370951,1.370951,0.600000,0.600000
paper-169175-topk-5-depth-1,5,1,5,5,1.000000,0.966754,0.033246,0.000000,0.000000,0.000000,59,61,-2,0.967213,0.052632,6,53,55,9,8,2.312388,1.645290,0.474576,0.557377
paper-169175-topk-5-depth-2,5,2,5,5,1.000000,0.966754,0.033246,0.000000,0.000000,0.000000,25366,14957,10409,1.695928,0.501340,13465,11901,1492,38,38,2.633010,2.743527,0.406450,0.337635
paper-169175-topk-10-depth-0,10,0,10,10,1.000000,0.964186,0.035814,0.000000,0.003175,-0.003175,10,10,0,1.000000,0.052632,1,9,9,5,5,1.770951,2.046439,0.600000,0.400000
paper-169175-topk-10-depth-1,10,1,10,10,1.000000,0.964186,0.035814,0.000000,0.003175,-0.003175,81,113,-32,0.716814,0.031915,6,75,107,11,12,2.703090,2.140737,0.395062,0.336283
paper-169175-topk-10-depth-2,10,2,10,10,1.000000,0.964186,0.035814,0.000000,0.003175,-0.003175,26382,16898,9484,1.561250,0.481025,14057,12325,2841,39,38,2.689655,2.740609,0.399325,0.366789
paper-129027-topk-1-depth-0,1,0,1,1,1.000000,0.996587,0.003413,,,,1,1,0,1.000000,0.000000,0,1,1,1,1,0.000000,0.000000,1.000000,1.000000
paper-129027-topk-1-depth-1,1,1,1,1,1.000000,0.996587,0.003413,,,,3,5,-2,0.600000,0.000000,0,3,5,1,4,0.000000,1.921928,1.000000,0.400000
paper-129027-topk-1-depth-2,1,2,1,1,1.000000,0.996587,0.003413,,,,11,133,-122,0.082707,0.000000,0,11,133,2,19,0.684038,3.342027,0.818182,0.285714
paper-129027-topk-3-depth-0,3,0,3,3,1.000000,0.972027,0.027973,0.000000,0.022989,-0.022989,3,3,0,1.000000,0.000000,0,3,3,1,3,0.000000,1.584963,1.000000,0.333333
paper-129027-topk-3-depth-1,3,1,3,3,1.000000,0.972027,0.027973,0.000000,0.022989,-0.022989,38,36,2,1.055556,0.027778,2,36,34,6,9,1.422643,2.274914,0.736842,0.527778
paper-129027-topk-3-depth-2,3,2,3,3,1.000000,0.972027,0.027973,0.000000,0.022989,-0.022989,6109,21515,-15406,0.283941,0.259185,5686,423,15829,31,38,2.510755,2.698763,0.505320,0.316523
paper-129027-topk-5-depth-0,5,0,5,5,1.000000,0.966059,0.033941,0.000000,0.020936,-0.020936,5,5,0,1.000000,0.111111,1,4,4,2,4,0.721928,1.921928,0.800000,0.400000
paper-129027-topk-5-depth-1,5,1,5,5,1.000000,0.966059,0.033941,0.000000,0.020936,-0.020936,62,52,10,1.192308,0.175258,17,45,35,7,11,1.396528,2.520196,0.758065,0.500000
paper-129027-topk-5-depth-2,5,2,5,5,1.000000,0.966059,0.033941,0.000000,0.020936,-0.020936,8641,21827,-13186,0.395886,0.364687,8142,499,13685,33,38,2.368910,2.714838,0.547738,0.317909
paper-129027-topk-10-depth-0,10,0,10,10,1.000000,0.960920,0.039080,0.000000,0.008476,-0.008476,10,10,0,1.000000,0.250000,4,6,6,5,6,1.770951,2.160964,0.600000,0.500000
paper-129027-topk-10-depth-1,10,1,10,10,1.000000,0.960920,0.039080,0.000000,0.008476,-0.008476,99,97,2,1.020619,0.298013,45,54,52,10,12,1.852808,2.363369,0.666667,0.556701
paper-129027-topk-10-depth-2,10,2,10,10,1.000000,0.960920,0.039080,0.000000,0.008476,-0.008476,8915,24239,-15324,0.367796,0.352396,8639,276,15600,33,40,2.387564,2.786039,0.543803,0.301333
paper-119569-topk-1-depth-0,1,0,1,1,1.000000,0.999892,0.000108,,,,1,1,0,1.000000,0.000000,0,1,1,1,1,0.000000,0.000000,1.000000,1.000000
paper-119569-topk-1-depth-1,1,1,1,1,1.000000,0.999892,0.000108,,,,9,39,-30,0.230769,0.000000,0,9,39,2,2,0.991076,0.172037,0.555556,0.974359
paper-119569-topk-1-depth-2,1,2,1,1,1.000000,0.999892,0.000108,,,,22672,2262,20410,10.022989,0.056481,1333,21339,929,36,17,2.344871,0.685534,0.481254,0.902299
paper-119569-topk-3-depth-0,3,0,3,3,1.000000,0.985861,0.014139,0.000000,0.052632,-0.052632,3,3,0,1.000000,0.200000,1,2,2,2,1,0.918296,0.000000,0.666667,1.000000
paper-119569-topk-3-depth-1,3,1,3,3,1.000000,0.985861,0.014139,0.000000,0.052632,-0.052632,94,80,14,1.175000,0.414634,51,43,29,5,4,1.501596,0.478184,0.563830,0.925000
paper-119569-topk-3-depth-2,3,2,3,3,1.000000,0.985861,0.014139,0.000000,0.052632,-0.052632,26526,7566,18960,3.505948,0.266372,7171,19355,395,36,33,2.288344,1.242704,0.499435,0.801612
paper-119569-topk-5-depth-0,5,0,5,5,1.000000,0.981590,0.018410,0.000000,0.074145,-0.074145,5,5,0,1.000000,0.000000,0,5,5,3,2,1.370951,0.721928,0.600000,0.800000
paper-119569-topk-5-depth-1,5,1,5,5,1.000000,0.981590,0.018410,0.000000,0.074145,-0.074145,75,120,-45,0.625000,0.059783,11,64,109,4,8,1.569333,1.197415,0.453333,0.741667
paper-119569-topk-5-depth-2,5,2,5,5,1.000000,0.981590,0.018410,0.000000,0.074145,-0.074145,29341,22196,7145,1.321905,0.531515,17886,11455,4310,36,37,2.259250,1.980595,0.521489,0.623491
paper-119569-topk-10-depth-0,10,0,10,10,1.000000,0.974399,0.025601,0.000000,0.019990,-0.019990,10,10,0,1.000000,0.052632,1,9,9,3,2,1.295462,0.970951,0.600000,0.600000
paper-119569-topk-10-depth-1,10,1,10,10,1.000000,0.974399,0.025601,0.000000,0.019990,-0.019990,183,329,-146,0.556231,0.108225,50,133,279,7,10,1.694180,1.376712,0.437158,0.589666
paper-119569-topk-10-depth-2,10,2,10,10,1.000000,0.974399,0.025601,0.000000,0.019990,-0.019990,31597,35999,-4402,0.877719,0.771894,29447,2150,6552,37,39,2.297948,2.396362,0.510112,0.490347
paper-49661-topk-1-depth-0,1,0,1,1,1.000000,0.999469,0.000531,,,,1,1,0,1.000000,0.000000,0,1,1,1,1,0.000000,0.000000,1.000000,1.000000
paper-49661-topk-1-depth-1,1,1,1,1,1.000000,0.999469,0.000531,,,,3,5,-2,0.600000,0.000000,0,3,5,1,1,0.000000,0.000000,1.000000,1.000000
paper-49661-topk-1-depth-2,1,2,1,1,1.000000,0.999469,0.000531,,,,1310,340,970,3.852941,0.012891,21,1289,319,21,8,1.783070,0.547574,0.625954,0.920588
paper-49661-topk-3-depth-0,3,0,3,3,1.000000,0.979390,0.020610,0.000000,0.014815,-0.014815,3,3,0,1.000000,0.200000,1,2,2,2,1,0.918296,0.000000,0.666667,1.000000
paper-49661-topk-3-depth-1,3,1,3,3,1.000000,0.979390,0.020610,0.000000,0.014815,-0.014815,10,52,-42,0.192308,0.087719,5,5,47,2,3,0.468996,0.371194,0.900000,0.942308
paper-49661-topk-3-depth-2,3,2,3,3,1.000000,0.979390,0.020610,0.000000,0.014815,-0.014815,1727,19615,-17888,0.088045,0.068222,1363,364,18252,21,35,1.576226,1.823227,0.696584,0.663676
paper-49661-topk-5-depth-0,5,0,5,5,1.000000,0.975613,0.024387,0.000000,0.037778,-0.037778,5,5,0,1.000000,0.111111,1,4,4,3,3,1.370951,1.370951,0.600000,0.600000
paper-49661-topk-5-depth-1,5,1,5,5,1.000000,0.975613,0.024387,0.000000,0.037778,-0.037778,19,77,-58,0.246753,0.090909,8,11,69,4,6,1.192251,1.082888,0.736842,0.805195
paper-49661-topk-5-depth-2,5,2,5,5,1.000000,0.975613,0.024387,0.000000,0.037778,-0.037778,2340,21232,-18892,0.110211,0.107030,2279,61,18953,23,35,1.591642,1.840840,0.711111,0.664233
paper-49661-topk-10-depth-0,10,0,10,10,1.000000,0.970038,0.029962,0.000000,0.015071,-0.015071,10,10,0,1.000000,0.052632,1,9,9,3,3,1.295462,0.921928,0.600000,0.800000
paper-49661-topk-10-depth-1,10,1,10,10,1.000000,0.970038,0.029962,0.000000,0.015071,-0.015071,72,121,-49,0.595041,0.060440,11,61,110,6,7,1.421341,0.844518,0.694444,0.867769
paper-49661-topk-10-depth-2,10,2,10,10,1.000000,0.970038,0.029962,0.000000,0.015071,-0.015071,24901,23043,1858,1.080632,0.448591,14847,10054,8196,37,35,2.370680,1.876674,0.515401,0.657163
paper-48196-topk-1-depth-0,1,0,1,1,1.000000,0.947869,0.052131,,,,1,1,0,1.000000,0.000000,0,1,1,1,1,0.000000,0.000000,1.000000,1.000000
paper-48196-topk-1-depth-1,1,1,1,1,1.000000,0.947869,0.052131,,,,8,5,3,1.600000,0.000000,0,8,5,2,2,0.543564,0.721928,0.875000,0.800000
paper-48196-topk-1-depth-2,1,2,1,1,1.000000,0.947869,0.052131,,,,60,23,37,2.608696,0.000000,0,60,23,8,7,1.018662,2.227534,0.850000,0.478261
paper-48196-topk-3-depth-0,3,0,3,3,1.000000,0.949261,0.050739,0.000000,0.000000,0.000000,3,3,0,1.000000,0.200000,1,2,2,3,2,1.584963,0.918296,0.333333,0.666667
paper-48196-topk-3-depth-1,3,1,3,3,1.000000,0.949261,0.050739,0.000000,0.000000,0.000000,21,14,7,1.500000,0.166667,5,16,9,5,3,2.153291,1.378783,0.285714,0.571429
paper-48196-topk-3-depth-2,3,2,3,3,1.000000,0.949261,0.050739,0.000000,0.000000,0.000000,197,119,78,1.655462,0.140794,39,158,80,13,11,2.708766,2.043531,0.274112,0.596639
paper-48196-topk-5-depth-0,5,0,5,5,1.000000,0.948746,0.051254,0.000000,0.007692,-0.007692,5,5,0,1.000000,0.111111,1,4,4,5,3,2.321928,1.370951,0.200000,0.600000
paper-48196-topk-5-depth-1,5,1,5,5,1.000000,0.948746,0.051254,0.000000,0.007692,-0.007692,182,27,155,6.740741,0.024510,5,177,22,15,5,2.470043,1.530493,0.412088,0.666667
paper-48196-topk-5-depth-2,5,2,5,5,1.000000,0.948746,0.051254,0.000000,0.007692,-0.007692,4293,335,3958,12.814925,0.008499,39,4254,296,35,18,2.702165,2.000559,0.409737,0.647761
paper-48196-topk-10-depth-0,10,0,10,10,1.000000,0.945314,0.054686,0.000000,0.005002,-0.005002,10,10,0,1.000000,0.111111,2,8,8,7,5,2.646439,1.960964,0.300000,0.500000
paper-48196-topk-10-depth-1,10,1,10,10,1.000000,0.945314,0.054686,0.000000,0.005002,-0.005002,202,112,90,1.803571,0.032895,10,192,102,16,19,2.715727,3.053031,0.371287,0.330357
paper-48196-topk-10-depth-2,10,2,10,10,1.000000,0.945314,0.054686,0.000000,0.005002,-0.005002,4544,708,3836,6.418079,0.011167,58,4486,650,38,29,2.853758,2.984860,0.388644,0.449153
paper-111919-topk-1-depth-0,1,0,1,1,1.000000,0.999918,0.000082,,,,1,1,0,1.000000,0.000000,0,1,1,1,1,0.000000,0.000000,1.000000,1.000000
paper-111919-topk-1-depth-1,1,1,1,1,1.000000,0.999918,0.000082,,,,8,17,-9,0.470588,0.000000,0,8,17,1,5,0.000000,1.736041,1.000000,0.588235
paper-111919-topk-1-depth-2,1,2,1,1,1.000000,0.999918,0.000082,,,,15707,15290,417,1.027273,0.168684,4474,11233,10816,33,36,1.721191,2.500363,0.681607,0.395945
paper-111919-topk-3-depth-0,3,0,3,3,1.000000,0.952997,0.047003,0.000000,0.000000,0.000000,3,3,0,1.000000,0.200000,1,2,2,2,3,0.918296,1.584963,0.666667,0.333333
paper-111919-topk-3-depth-1,3,1,3,3,1.000000,0.952997,0.047003,0.000000,0.000000,0.000000,52,32,20,1.625000,0.105263,8,44,24,6,8,1.476135,2.169737,0.673077,0.562500
paper-111919-topk-3-depth-2,3,2,3,3,1.000000,0.952997,0.047003,0.000000,0.000000,0.000000,21962,26582,-4620,0.826198,0.597473,18156,3806,8426,35,37,1.798377,2.264458,0.666697,0.523174
paper-111919-topk-5-depth-0,5,0,5,5,1.000000,0.944564,0.055436,0.000000,0.000000,0.000000,5,5,0,1.000000,0.000000,0,5,5,3,4,1.370951,1.921928,0.600000,0.400000
paper-111919-topk-5-depth-1,5,1,5,5,1.000000,0.944564,0.055436,0.000000,0.000000,0.000000,71,53,18,1.339623,0.024793,3,68,50,7,12,1.236768,2.503947,0.788732,0.528302
paper-111919-topk-5-depth-2,5,2,5,5,1.000000,0.944564,0.055436,0.000000,0.000000,0.000000,24336,24415,-79,0.996764,0.514147,16554,7782,7861,35,37,1.809383,2.334473,0.668434,0.492935
paper-111919-topk-10-depth-0,10,0,10,10,1.000000,0.937849,0.062151,0.000000,0.013753,-0.013753,10,10,0,1.000000,0.111111,2,8,8,5,4,1.770951,1.356780,0.600000,0.700000
paper-111919-topk-10-depth-1,10,1,10,10,1.000000,0.937849,0.062151,0.000000,0.013753,-0.013753,120,178,-58,0.674157,0.177866,45,75,133,7,14,1.566911,1.354191,0.691667,0.797753
paper-111919-topk-10-depth-2,10,2,10,10,1.000000,0.937849,0.062151,0.000000,0.013753,-0.013753,33430,32416,1014,1.031281,0.868078,30598,2832,1818,38,37,2.316435,2.240939,0.519743,0.543620
paper-135509-topk-1-depth-0,1,0,1,1,1.000000,0.929870,0.070130,,,,1,1,0,1.000000,0.000000,0,1,1,1,1,0.000000,0.000000,1.000000,1.000000
paper-135509-topk-1-depth-1,1,1,1,1,1.000000,0.929870,0.070130,,,,3,54,-51,0.055556,0.000000,0,3,54,1,4,0.000000,1.349795,1.000000,0.537037
paper-135509-topk-1-depth-2,1,2,1,1,1.000000,0.929870,0.070130,,,,7,23611,-23604,0.000296,0.000000,0,7,23611,1,36,0.000000,2.150566,1.000000,0.541019
paper-135509-topk-3-depth-0,3,0,3,3,1.000000,0.954638,0.045362,0.000000,0.000000,0.000000,3,3,0,1.000000,0.000000,0,3,3,1,3,0.000000,1.584963,1.000000,0.333333
paper-135509-topk-3-depth-1,3,1,3,3,1.000000,0.954638,0.045362,0.000000,0.000000,0.000000,26,135,-109,0.192593,0.000000,0,26,135,1,10,0.000000,1.475340,1.000000,0.740741
paper-135509-topk-3-depth-2,3,2,3,3,1.000000,0.954638,0.045362,0.000000,0.000000,0.000000,4054,8195,-4141,0.494692,0.068196,782,3272,7413,31,32,2.010086,2.540969,0.573754,0.334716
paper-135509-topk-5-depth-0,5,0,5,5,1.000000,0.944947,0.055053,0.000000,0.000000,0.000000,5,5,0,1.000000,0.111111,1,4,4,1,3,0.000000,1.370951,1.000000,0.600000
paper-135509-topk-5-depth-1,5,1,5,5,1.000000,0.944947,0.055053,0.000000,0.000000,0.000000,51,164,-113,0.310976,0.119792,23,28,141,2,10,0.139233,1.282785,0.980392,0.786585
paper-135509-topk-5-depth-2,5,2,5,5,1.000000,0.944947,0.055053,0.000000,0.000000,0.000000,6720,11600,-4880,0.579310,0.342813,4677,2043,6923,33,35,2.121629,2.462811,0.554464,0.398017
paper-135509-topk-10-depth-0,10,0,10,10,1.000000,0.935497,0.064503,0.000000,0.003532,-0.003532,10,10,0,1.000000,0.176471,3,7,7,3,5,0.921928,1.770951,0.800000,0.600000
paper-135509-topk-10-depth-1,10,1,10,10,1.000000,0.935497,0.064503,0.000000,0.003532,-0.003532,77,252,-175,0.305556,0.111486,33,44,219,8,10,1.235295,1.458116,0.805195,0.718254
paper-135509-topk-10-depth-2,10,2,10,10,1.000000,0.935497,0.064503,0.000000,0.003532,-0.003532,19894,35408,-15514,0.561850,0.515580,18813,1081,16595,36,37,2.623465,2.474538,0.307530,0.431343
paper-108470-topk-1-depth-0,1,0,1,1,1.000000,0.999893,0.000107,,,,1,1,0,1.000000,0.000000,0,1,1,1,1,0.000000,0.000000,1.000000,1.000000
paper-108470-topk-1-depth-1,1,1,1,1,1.000000,0.999893,0.000107,,,,31,2,29,15.500000,0.000000,0,31,2,2,1,0.205593,0.000000,0.967742,1.000000
paper-108470-topk-1-depth-2,1,2,1,1,1.000000,0.999893,0.000107,,,,17446,53,17393,329.169811,0.000743,13,17433,40,36,5,2.568881,1.554241,0.301960,0.490566
paper-108470-topk-3-depth-0,3,0,3,3,1.000000,0.954762,0.045238,0.000000,0.006803,-0.006803,3,3,0,1.000000,0.200000,1,2,2,2,2,0.918296,0.918296,0.666667,0.666667
paper-108470-topk-3-depth-1,3,1,3,3,1.000000,0.954762,0.045238,0.000000,0.006803,-0.006803,74,51,23,1.450980,0.488095,41,33,10,7,8,1.729485,2.040151,0.513514,0.568627
paper-108470-topk-3-depth-2,3,2,3,3,1.000000,0.954762,0.045238,0.000000,0.006803,-0.006803,20501,4795,15706,4.275495,0.226889,4678,15823,117,37,28,2.704473,2.636503,0.306034,0.465485
paper-108470-topk-5-depth-0,5,0,5,5,1.000000,0.939938,0.060062,0.000000,0.005051,-0.005051,5,5,0,1.000000,0.000000,0,5,5,3,2,1.370951,0.721928,0.600000,0.800000
paper-108470-topk-5-depth-1,5,1,5,5,1.000000,0.939938,0.060062,0.000000,0.005051,-0.005051,54,85,-31,0.635294,0.053030,7,47,78,7,8,1.608387,1.939796,0.685185,0.588235
paper-108470-topk-5-depth-2,5,2,5,5,1.000000,0.939938,0.060062,0.000000,0.005051,-0.005051,17914,6980,10934,2.566476,0.109161,2450,15464,4530,38,32,2.649384,2.733473,0.296081,0.439255
paper-108470-topk-10-depth-0,10,0,10,10,1.000000,0.934477,0.065523,0.000000,0.006018,-0.006018,10,10,0,1.000000,0.000000,0,10,10,5,3,2.170951,1.370951,0.300000,0.600000
paper-108470-topk-10-depth-1,10,1,10,10,1.000000,0.934477,0.065523,0.000000,0.006018,-0.006018,88,111,-23,0.792793,0.015306,3,85,108,10,11,2.525857,2.264264,0.386364,0.513514
paper-108470-topk-10-depth-2,10,2,10,10,1.000000,0.934477,0.065523,0.000000,0.006018,-0.006018,18410,7424,10986,2.479795,0.107757,2513,15897,4911,38,34,2.678150,2.837342,0.291635,0.419316
paper-133248-topk-1-depth-0,1,0,1,1,1.000000,0.999717,0.000283,,,,1,1,0,1.000000,0.000000,0,1,1,1,1,0.000000,0.000000,1.000000,1.000000
paper-133248-topk-1-depth-1,1,1,1,1,1.000000,0.999717,0.000283,,,,6,5,1,1.200000,0.000000,0,6,5,4,3,1.792481,1.370951,0.500000,0.600000
paper-133248-topk-1-depth-2,1,2,1,1,1.000000,0.999717,0.000283,,,,71,33,38,2.151515,0.000000,0,71,33,8,10,1.895889,3.022302,0.549296,0.242424
paper-133248-topk-3-depth-0,3,0,3,3,1.000000,0.971626,0.028374,0.000000,0.000000,0.000000,3,3,0,1.000000,0.000000,0,3,3,3,2,1.584963,0.918296,0.333333,0.666667
paper-133248-topk-3-depth-1,3,1,3,3,1.000000,0.971626,0.028374,0.000000,0.000000,0.000000,21,10,11,2.100000,0.000000,0,21,10,5,4,1.795683,1.685475,0.571429,0.500000
paper-133248-topk-3-depth-2,3,2,3,3,1.000000,0.971626,0.028374,0.000000,0.000000,0.000000,3616,856,2760,4.224299,0.075776,315,3301,541,29,17,2.433154,1.714851,0.530973,0.718458
paper-133248-topk-5-depth-0,5,0,5,5,1.000000,0.965348,0.034652,0.000000,0.000000,0.000000,5,5,0,1.000000,0.000000,0,5,5,4,2,1.921928,0.970951,0.400000,0.600000
paper-133248-topk-5-depth-1,5,1,5,5,1.000000,0.965348,0.034652,0.000000,0.000000,0.000000,101,17,84,5.941176,0.008547,1,100,16,7,4,1.533792,1.496928,0.683168,0.529412
paper-133248-topk-5-depth-2,5,2,5,5,1.000000,0.965348,0.034652,0.000000,0.000000,0.000000,20212,1125,19087,17.966222,0.022426,468,19744,657,38,19,2.068807,1.861439,0.623343,0.694222
paper-133248-topk-10-depth-0,10,0,10,10,1.000000,0.961385,0.038615,0.000000,0.003175,-0.003175,10,10,0,1.000000,0.111111,2,8,8,5,3,2.046439,1.360964,0.400000,0.500000
paper-133248-topk-10-depth-1,10,1,10,10,1.000000,0.961385,0.038615,0.000000,0.003175,-0.003175,129,57,72,2.263158,0.044944,8,121,49,8,5,1.953726,1.559580,0.534884,0.614035
paper-133248-topk-10-depth-2,10,2,10,10,1.000000,0.961385,0.038615,0.000000,0.003175,-0.003175,20459,5027,15432,4.069823,0.136804,3067,17392,1960,38,28,2.096868,2.119905,0.615817,0.625622
paper-91828-topk-1-depth-0,1,0,1,1,1.000000,0.999889,0.000111,,,,1,1,0,1.000000,0.000000,0,1,1,1,1,0.000000,0.000000,1.000000,1.000000
paper-91828-topk-1-depth-1,1,1,1,1,1.000000,0.999889,0.000111,,,,9,2,7,4.500000,0.000000,0,9,2,2,2,0.503258,1.000000,0.888889,0.500000
paper-91828-topk-1-depth-2,1,2,1,1,1.000000,0.999889,0.000111,,,,208,7,201,29.714286,0.000000,0,208,7,13,4,2.634085,1.664498,0.341346,0.571429
paper-91828-topk-3-depth-0,3,0,3,3,1.000000,0.979974,0.020026,0.000000,0.000000,0.000000,3,3,0,1.000000,0.200000,1,2,2,3,3,1.584963,1.584963,0.333333,0.333333
paper-91828-topk-3-depth-1,3,1,3,3,1.000000,0.979974,0.020026,0.000000,0.000000,0.000000,18,13,5,1.384615,0.148148,4,14,9,5,7,1.945531,2.565448,0.500000,0.307692
paper-91828-topk-3-depth-2,3,2,3,3,1.000000,0.979974,0.020026,0.000000,0.000000,0.000000,238,68,170,3.500000,0.062500,18,220,50,16,9,2.931584,2.468360,0.298319,0.382353
paper-91828-topk-5-depth-0,5,0,5,5,1.000000,0.975384,0.024616,0.000000,0.000000,0.000000,5,5,0,1.000000,0.250000,2,3,3,5,3,2.321928,1.370951,0.200000,0.600000
paper-91828-topk-5-depth-1,5,1,5,5,1.000000,0.975384,0.024616,0.000000,0.000000,0.000000,27,18,9,1.500000,0.153846,6,21,12,7,7,2.470051,2.209691,0.333333,0.500000
paper-91828-topk-5-depth-2,5,2,5,5,1.000000,0.975384,0.024616,0.000000,0.000000,0.000000,264,77,187,3.428571,0.072327,23,241,54,18,9,3.119297,2.402699,0.268939,0.337662
paper-91828-topk-10-depth-0,10,0,10,10,1.000000,0.971329,0.028671,0.000000,0.000000,0.000000,10,10,0,1.000000,0.111111,2,8,8,6,6,2.446439,2.160964,0.300000,0.500000
paper-91828-topk-10-depth-1,10,1,10,10,1.000000,0.971329,0.028671,0.000000,0.000000,0.000000,77,57,20,1.350877,0.046875,6,71,51,10,8,2.866799,2.357221,0.246753,0.280702
paper-91828-topk-10-depth-2,10,2,10,10,1.000000,0.971329,0.028671,0.000000,0.000000,0.000000,1633,611,1022,2.672668,0.020928,46,1587,565,29,21,2.928109,2.811593,0.402327,0.325696
paper-128093-topk-1-depth-0,1,0,1,1,1.000000,0.958575,0.041425,,,,1,1,0,1.000000,0.000000,0,1,1,1,1,0.000000,0.000000,1.000000,1.000000
paper-128093-topk-1-depth-1,1,1,1,1,1.000000,0.958575,0.041425,,,,2,11,-9,0.181818,0.083333,1,1,10,1,1,0.000000,0.000000,1.000000,1.000000
paper-128093-topk-1-depth-2,1,2,1,1,1.000000,0.958575,0.041425,,,,2858,18447,-15589,0.154930,0.154930,2858,0,15589,21,34,0.917181,1.751845,0.861791,0.678322
paper-128093-topk-3-depth-0,3,0,3,3,1.000000,0.955061,0.044939,0.000000,0.103060,-0.103060,3,3,0,1.000000,0.000000,0,3,3,3,1,1.584963,0.000000,0.333333,1.000000
paper-128093-topk-3-depth-1,3,1,3,3,1.000000,0.955061,0.044939,0.000000,0.103060,-0.103060,15,28,-13,0.535714,0.023810,1,14,27,6,2,2.040224,0.371232,0.533333,0.928571
paper-128093-topk-3-depth-2,3,2,3,3,1.000000,0.955061,0.044939,0.000000,0.103060,-0.103060,2953,28122,-25169,0.105007,0.078918,2273,680,25849,32,36,1.867757,2.223295,0.650186,0.543098
paper-128093-topk-5-depth-0,5,0,5,5,1.000000,0.954538,0.045462,0.000000,0.030918,-0.030918,5,5,0,1.000000,0.000000,0,5,5,4,2,1.921928,0.721928,0.400000,0.800000
paper-128093-topk-5-depth-1,5,1,5,5,1.000000,0.954538,0.045462,0.000000,0.030918,-0.030918,33,45,-12,0.733333,0.012987,1,32,44,10,6,2.739735,1.161360,0.333333,0.800000
paper-128093-topk-5-depth-2,5,2,5,5,1.000000,0.954538,0.045462,0.000000,0.030918,-0.030918,4354,28206,-23852,0.154364,0.114572,3347,1007,24859,30,37,1.953568,2.235232,0.587965,0.542473
paper-128093-topk-10-depth-0,10,0,10,10,1.000000,0.958043,0.041957,0.000000,0.019141,-0.019141,10,10,0,1.000000,0.052632,1,9,9,5,3,1.770951,0.921928,0.600000,0.800000
paper-128093-topk-10-depth-1,10,1,10,10,1.000000,0.958043,0.041957,0.000000,0.019141,-0.019141,56,77,-21,0.727273,0.099174,12,44,65,13,8,2.897214,1.268158,0.357143,0.792208
paper-128093-topk-10-depth-2,10,2,10,10,1.000000,0.958043,0.041957,0.000000,0.019141,-0.019141,31084,32264,-1180,0.963427,0.822702,28593,2491,3671,38,37,2.381822,2.311658,0.493888,0.514102
paper-28908-topk-1-depth-0,1,0,1,1,1.000000,0.999901,0.000099,,,,1,1,0,1.000000,0.000000,0,1,1,1,1,0.000000,0.000000,1.000000,1.000000
paper-28908-topk-1-depth-1,1,1,1,1,1.000000,0.999901,0.000099,,,,10,7,3,1.428571,0.062500,1,9,6,2,3,0.468996,1.378783,0.900000,0.571429
paper-28908-topk-1-depth-2,1,2,1,1,1.000000,0.999901,0.000099,,,,18068,11803,6265,1.530797,0.512992,10128,7940,1675,34,33,1.826770,1.498550,0.657461,0.751758
paper-28908-topk-3-depth-0,3,0,3,3,1.000000,0.971096,0.028904,0.000000,0.000000,0.000000,3,3,0,1.000000,0.200000,1,2,2,3,3,1.584963,1.584963,0.333333,0.333333
paper-28908-topk-3-depth-1,3,1,3,3,1.000000,0.971096,0.028904,0.000000,0.000000,0.000000,40,21,19,1.904762,0.089286,5,35,16,7,5,2.231287,1.411205,0.400000,0.714286
paper-28908-topk-3-depth-2,3,2,3,3,1.000000,0.971096,0.028904,0.000000,0.000000,0.000000,23215,19150,4065,1.212272,0.684426,17214,6001,1936,37,34,2.224695,1.745516,0.532113,0.681828
paper-28908-topk-5-depth-0,5,0,5,5,1.000000,0.965604,0.034396,0.000000,0.000000,0.000000,5,5,0,1.000000,0.250000,2,3,3,4,5,1.921928,2.321928,0.400000,0.200000
paper-28908-topk-5-depth-1,5,1,5,5,1.000000,0.965604,0.034396,0.000000,0.000000,0.000000,66,54,12,1.222222,0.111111,12,54,42,8,7,2.360495,2.126173,0.318182,0.351852
paper-28908-topk-5-depth-2,5,2,5,5,1.000000,0.965604,0.034396,0.000000,0.000000,0.000000,30685,31056,-371,0.988054,0.850361,28374,2311,2682,37,37,2.429282,2.361536,0.467166,0.484029
paper-28908-topk-10-depth-0,10,0,10,10,1.000000,0.958831,0.041169,0.000000,0.005920,-0.005920,10,10,0,1.000000,0.111111,2,8,8,7,8,2.721928,2.846439,0.200000,0.300000
paper-28908-topk-10-depth-1,10,1,10,10,1.000000,0.958831,0.041169,0.000000,0.005920,-0.005920,115,138,-23,0.833333,0.058577,14,101,124,10,12,2.522393,2.666168,0.391304,0.340580
paper-28908-topk-10-depth-2,10,2,10,10,1.000000,0.958831,0.041169,0.000000,0.005920,-0.005920,35802,35119,683,1.019448,0.734561,30034,5768,5085,39,39,2.569839,2.420629,0.414139,0.471027
paper-164664-topk-1-depth-0,1,0,1,1,1.000000,0.954329,0.045671,,,,1,1,0,1.000000,0.000000,0,1,1,1,1,0.000000,0.000000,1.000000,1.000000
paper-164664-topk-1-depth-1,1,1,1,1,1.000000,0.954329,0.045671,,,,15,11,4,1.363636,0.000000,0,15,11,5,3,2.105587,1.435371,0.400000,0.545455
paper-164664-topk-1-depth-2,1,2,1,1,1.000000,0.954329,0.045671,,,,2595,13686,-11091,0.189610,0.044524,694,1901,12992,33,36,2.679614,1.953330,0.321773,0.609017
paper-164664-topk-3-depth-0,3,0,3,3,1.000000,0.950062,0.049938,0.000000,0.014493,-0.014493,3,3,0,1.000000,0.000000,0,3,3,2,3,0.918296,1.584963,0.666667,0.333333
paper-164664-topk-3-depth-1,3,1,3,3,1.000000,0.950062,0.049938,0.000000,0.014493,-0.014493,30,27,3,1.111111,0.036364,2,28,25,7,3,2.424210,1.387689,0.333333,0.481481
paper-164664-topk-3-depth-2,3,2,3,3,1.000000,0.950062,0.049938,0.000000,0.014493,-0.014493,20130,19709,421,1.021361,0.601503,14963,5167,4746,36,38,2.057315,2.104995,0.592896,0.576589
paper-164664-topk-5-depth-0,5,0,5,5,1.000000,0.947952,0.052048,0.000000,0.004348,-0.004348,5,5,0,1.000000,0.111111,1,4,4,2,4,0.721928,1.921928,0.800000,0.400000
paper-164664-topk-5-depth-1,5,1,5,5,1.000000,0.947952,0.052048,0.000000,0.004348,-0.004348,51,42,9,1.214286,0.094118,8,43,34,9,5,2.680574,2.102709,0.352941,0.333333
paper-164664-topk-5-depth-2,5,2,5,5,1.000000,0.947952,0.052048,0.000000,0.004348,-0.004348,21985,20958,1027,1.049003,0.566462,15529,6456,5429,37,38,2.204494,2.214500,0.553878,0.545615
paper-164664-topk-10-depth-0,10,0,10,10,1.000000,0.946402,0.053598,0.000000,0.006230,-0.006230,10,10,0,1.000000,0.111111,2,8,8,6,5,2.321928,1.960964,0.400000,0.500000
paper-164664-topk-10-depth-1,10,1,10,10,1.000000,0.946402,0.053598,0.000000,0.006230,-0.006230,145,114,31,1.271930,0.092827,22,123,92,12,9,2.585114,2.149086,0.324138,0.473684
paper-164664-topk-10-depth-2,10,2,10,10,1.000000,0.946402,0.053598,0.000000,0.006230,-0.006230,31292,34189,-2897,0.915265,0.631722,25351,5941,8838,38,40,2.419159,2.437891,0.464719,0.473486
paper-73772-topk-1-depth-0,1,0,1,1,1.000000,0.998475,0.001525,,,,1,1,0,1.000000,0.000000,0,1,1,1,1,0.000000,0.000000,1.000000,1.000000
paper-73772-topk-1-depth-1,1,1,1,1,1.000000,0.998475,0.001525,,,,5,4,1,1.250000,0.000000,0,5,4,2,3,0.721928,1.500000,0.800000,0.500000
paper-73772-topk-1-depth-2,1,2,1,1,1.000000,0.998475,0.001525,,,,261,7,254,37.285714,0.000000,0,261,7,9,5,1.714462,2.128085,0.662835,0.428571
paper-73772-topk-3-depth-0,3,0,3,3,1.000000,0.971160,0.028840,0.000000,0.000000,0.000000,3,3,0,1.000000,0.200000,1,2,2,3,2,1.584963,0.918296,0.333333,0.666667
paper-73772-topk-3-depth-1,3,1,3,3,1.000000,0.971160,0.028840,0.000000,0.000000,0.000000,10,9,1,1.111111,0.187500,3,7,6,4,5,1.846439,2.058814,0.400000,0.444444
paper-73772-topk-3-depth-2,3,2,3,3,1.000000,0.971160,0.028840,0.000000,0.000000,0.000000,296,37,259,8.000000,0.067308,21,275,16,11,10,2.007453,2.913968,0.614865,0.243243
paper-73772-topk-5-depth-0,5,0,5,5,1.000000,0.964949,0.035051,0.000000,0.000000,0.000000,5,5,0,1.000000,0.000000,0,5,5,4,4,1.921928,1.921928,0.400000,0.400000
paper-73772-topk-5-depth-1,5,1,5,5,1.000000,0.964949,0.035051,0.000000,0.000000,0.000000,23,21,2,1.095238,0.023256,1,22,20,8,9,2.772924,2.678032,0.260870,0.380952
paper-73772-topk-5-depth-2,5,2,5,5,1.000000,0.964949,0.035051,0.000000,0.000000,0.000000,12720,17307,-4587,0.734963,0.375114,8191,4529,9116,36,37,1.887141,1.995368,0.670126,0.626221
paper-73772-topk-10-depth-0,10,0,10,10,1.000000,0.959079,0.040921,0.000000,0.000000,0.000000,10,10,0,1.000000,0.052632,1,9,9,6,6,2.446439,2.446439,0.300000,0.300000
paper-73772-topk-10-depth-1,10,1,10,10,1.000000,0.959079,0.040921,0.000000,0.000000,0.000000,66,44,22,1.500000,0.037736,4,62,40,16,11,2.880142,2.753127,0.393939,0.318182
paper-73772-topk-10-depth-2,10,2,10,10,1.000000,0.959079,0.040921,0.000000,0.000000,0.000000,27236,18712,8524,1.455537,0.363361,12246,14990,6466,37,37,2.593584,2.025777,0.429175,0.624840
paper-53823-topk-1-depth-0,1,0,1,1,1.000000,0.999905,0.000095,,,,1,1,0,1.000000,0.000000,0,1,1,1,1,0.000000,0.000000,1.000000,1.000000
paper-53823-topk-1-depth-1,1,1,1,1,1.000000,0.999905,0.000095,,,,30,29,1,1.034483,0.053571,3,27,26,6,4,1.508613,1.722653,0.666667,0.379310
paper-53823-topk-1-depth-2,1,2,1,1,1.000000,0.999905,0.000095,,,,16190,7588,8602,2.133632,0.299984,5487,10703,2101,36,34,1.970789,2.167107,0.594009,0.476937
paper-53823-topk-3-depth-0,3,0,3,3,1.000000,0.980005,0.019995,0.000000,0.049754,-0.049754,3,3,0,1.000000,0.000000,0,3,3,3,2,1.584963,0.918296,0.333333,0.666667
paper-53823-topk-3-depth-1,3,1,3,3,1.000000,0.980005,0.019995,0.000000,0.049754,-0.049754,142,79,63,1.797468,0.032710,7,135,72,8,9,1.827925,1.933984,0.422535,0.392405
paper-53823-topk-3-depth-2,3,2,3,3,1.000000,0.980005,0.019995,0.000000,0.049754,-0.049754,30268,32748,-2480,0.924270,0.704978,26056,4212,6692,39,39,2.542852,2.438663,0.411458,0.466074
paper-53823-topk-5-depth-0,5,0,5,5,1.000000,0.975690,0.024310,0.000000,0.043311,-0.043311,5,5,0,1.000000,0.000000,0,5,5,3,2,1.370951,0.721928,0.600000,0.800000
paper-53823-topk-5-depth-1,5,1,5,5,1.000000,0.975690,0.024310,0.000000,0.043311,-0.043311,374,134,240,2.791045,0.022133,11,363,123,12,12,1.583121,2.106362,0.486631,0.447761
paper-53823-topk-5-depth-2,5,2,5,5,1.000000,0.975690,0.024310,0.000000,0.043311,-0.043311,34962,35365,-403,0.988605,0.739433,29896,5066,5469,39,39,2.471595,2.514678,0.455866,0.445949
paper-53823-topk-10-depth-0,10,0,10,10,1.000000,0.971479,0.028521,0.001066,0.039645,-0.038579,10,10,0,1.000000,0.000000,0,10,10,3,3,1.295462,1.156780,0.600000,0.700000
paper-53823-topk-10-depth-1,10,1,10,10,1.000000,0.971479,0.028521,0.001066,0.039645,-0.038579,1019,288,731,3.538194,0.026709,34,985,254,22,13,1.635147,2.223677,0.623160,0.392361
paper-53823-topk-10-depth-2,10,2,10,10,1.000000,0.971479,0.028521,0.001066,0.039645,-0.038579,40676,39895,781,1.019576,0.733306,34087,6589,5808,40,39,2.497209,2.550426,0.472269,0.437348
paper-15597-topk-1-depth-0,1,0,1,1,1.000000,0.998466,0.001534,,,,1,1,0,1.000000,1.000000,1,0,0,1,1,0.000000,0.000000,1.000000,1.000000
paper-15597-topk-1-depth-1,1,1,1,1,1.000000,0.998466,0.001534,,,,17,17,0,1.000000,1.000000,17,0,0,3,3,0.978016,0.978016,0.764706,0.764706
paper-15597-topk-1-depth-2,1,2,1,1,1.000000,0.998466,0.001534,,,,87,87,0,1.000000,1.000000,87,0,0,9,9,1.317086,1.317086,0.758621,0.758621
paper-15597-topk-3-depth-0,3,0,3,3,1.000000,0.975007,0.024993,0.000000,0.000000,0.000000,3,3,0,1.000000,0.500000,2,1,1,3,3,1.584963,1.584963,0.333333,0.333333
paper-15597-topk-3-depth-1,3,1,3,3,1.000000,0.975007,0.024993,0.000000,0.000000,0.000000,21,24,-3,0.875000,0.730769,19,2,5,7,6,1.875146,1.965771,0.619048,0.541667
paper-15597-topk-3-depth-2,3,2,3,3,1.000000,0.975007,0.024993,0.000000,0.000000,0.000000,112,137,-25,0.817518,0.660000,99,13,38,17,19,2.396948,2.713801,0.589286,0.503650
paper-15597-topk-5-depth-0,5,0,5,5,1.000000,0.969978,0.030022,0.000000,0.000000,0.000000,5,5,0,1.000000,0.250000,2,3,3,4,4,1.921928,1.921928,0.400000,0.400000
paper-15597-topk-5-depth-1,5,1,5,5,1.000000,0.969978,0.030022,0.000000,0.000000,0.000000,30,32,-2,0.937500,0.441860,19,11,13,9,8,2.323231,2.344754,0.533333,0.468750
paper-15597-topk-5-depth-2,5,2,5,5,1.000000,0.969978,0.030022,0.000000,0.000000,0.000000,190,565,-375,0.336283,0.150915,99,91,466,18,30,2.763770,3.011543,0.463158,0.433628
paper-15597-topk-10-depth-0,10,0,10,10,1.000000,0.965623,0.034377,0.000000,0.000000,0.000000,10,10,0,1.000000,0.052632,1,9,9,6,5,2.446439,2.170951,0.300000,0.300000
paper-15597-topk-10-depth-1,10,1,10,10,1.000000,0.965623,0.034377,0.000000,0.000000,0.000000,52,70,-18,0.742857,0.161905,17,35,53,11,11,2.814400,2.410978,0.326923,0.428571
paper-15597-topk-10-depth-2,10,2,10,10,1.000000,0.965623,0.034377,0.000000,0.000000,0.000000,241,1123,-882,0.214604,0.070644,90,151,1033,16,32,2.789030,3.341124,0.381743,0.308994
paper-110424-topk-1-depth-0,1,0,1,1,1.000000,0.999903,0.000097,,,,1,1,0,1.000000,0.000000,0,1,1,1,1,0.000000,0.000000,1.000000,1.000000
paper-110424-topk-1-depth-1,1,1,1,1,1.000000,0.999903,0.000097,,,,12,12,0,1.000000,0.000000,0,12,12,2,1,0.413817,0.000000,0.916667,1.000000
paper-110424-topk-1-depth-2,1,2,1,1,1.000000,0.999903,0.000097,,,,37,50,-13,0.740000,0.000000,0,37,50,5,10,0.710399,2.066692,0.891892,0.600000
paper-110424-topk-3-depth-0,3,0,3,3,1.000000,0.984924,0.015076,0.000000,0.000000,0.000000,3,3,0,1.000000,0.200000,1,2,2,3,2,1.584963,0.918296,0.333333,0.666667
paper-110424-topk-3-depth-1,3,1,3,3,1.000000,0.984924,0.015076,0.000000,0.000000,0.000000,17,24,-7,0.708333,0.413793,12,5,12,4,3,1.451661,1.206908,0.647059,0.500000
paper-110424-topk-3-depth-2,3,2,3,3,1.000000,0.984924,0.015076,0.000000,0.000000,0.000000,156,87,69,1.793103,0.179612,37,119,50,11,15,1.787531,2.473711,0.583333,0.379310
paper-110424-topk-5-depth-0,5,0,5,5,1.000000,0.979207,0.020793,0.000000,0.000000,0.000000,5,5,0,1.000000,0.250000,2,3,3,4,3,1.921928,1.521928,0.400000,0.400000
paper-110424-topk-5-depth-1,5,1,5,5,1.000000,0.979207,0.020793,0.000000,0.000000,0.000000,22,35,-13,0.628571,0.357143,15,7,20,5,7,1.894965,2.194289,0.500000,0.342857
paper-110424-topk-5-depth-2,5,2,5,5,1.000000,0.979207,0.020793,0.000000,0.000000,0.000000,175,2684,-2509,0.065201,0.049559,135,40,2549,14,30,2.215799,2.287170,0.520000,0.484352
paper-110424-topk-10-depth-0,10,0,10,10,1.000000,0.973455,0.026545,0.000000,0.000000,0.000000,10,10,0,1.000000,0.176471,3,7,7,5,7,2.121928,2.721928,0.400000,0.200000
paper-110424-topk-10-depth-1,10,1,10,10,1.000000,0.973455,0.026545,0.000000,0.000000,0.000000,42,65,-23,0.646154,0.258824,22,20,43,10,14,2.980674,3.245854,0.261905,0.184615
paper-110424-topk-10-depth-2,10,2,10,10,1.000000,0.973455,0.026545,0.000000,0.000000,0.000000,702,3193,-2491,0.219856,0.103712,366,336,2827,31,31,3.522307,2.621487,0.223647,0.425932
paper-36429-topk-1-depth-0,1,0,1,1,1.000000,0.998311,0.001689,,,,1,1,0,1.000000,1.000000,1,0,0,1,1,0.000000,0.000000,1.000000,1.000000
paper-36429-topk-1-depth-1,1,1,1,1,1.000000,0.998311,0.001689,,,,2,2,0,1.000000,1.000000,2,0,0,1,1,0.000000,0.000000,1.000000,1.000000
paper-36429-topk-1-depth-2,1,2,1,1,1.000000,0.998311,0.001689,,,,6,6,0,1.000000,1.000000,6,0,0,3,3,1.459148,1.459148,0.500000,0.500000
paper-36429-topk-3-depth-0,3,0,3,3,1.000000,0.979153,0.020847,0.000000,0.000000,0.000000,3,3,0,1.000000,0.000000,0,3,3,3,3,1.584963,1.584963,0.333333,0.333333
paper-36429-topk-3-depth-1,3,1,3,3,1.000000,0.979153,0.020847,0.000000,0.000000,0.000000,36,16,20,2.250000,0.000000,0,36,16,9,7,2.755045,2.524397,0.250000,0.312500
paper-36429-topk-3-depth-2,3,2,3,3,1.000000,0.979153,0.020847,0.000000,0.000000,0.000000,2548,1099,1449,2.318471,0.029935,106,2442,993,38,28,3.062480,2.400367,0.450549,0.455869
paper-36429-topk-5-depth-0,5,0,5,5,1.000000,0.974653,0.025347,0.000000,0.000000,0.000000,5,5,0,1.000000,0.111111,1,4,4,5,4,2.321928,1.921928,0.200000,0.400000
paper-36429-topk-5-depth-1,5,1,5,5,1.000000,0.974653,0.025347,0.000000,0.000000,0.000000,83,59,24,1.406780,0.290909,32,51,27,13,9,2.795682,2.498233,0.301205,0.423729
paper-36429-topk-5-depth-2,5,2,5,5,1.000000,0.974653,0.025347,0.000000,0.000000,0.000000,683,1291,-608,0.529047,0.061290,114,569,1177,26,30,3.625974,2.951042,0.187408,0.388071
paper-36429-topk-10-depth-0,10,0,10,10,1.000000,0.970892,0.029108,0.000000,0.000000,0.000000,10,10,0,1.000000,0.052632,1,9,9,9,7,3.121928,2.646439,0.200000,0.300000
paper-36429-topk-10-depth-1,10,1,10,10,1.000000,0.970892,0.029108,0.000000,0.000000,0.000000,115,93,22,1.236559,0.188571,33,82,60,17,14,3.271037,3.262691,0.243478,0.268817
paper-36429-topk-10-depth-2,10,2,10,10,1.000000,0.970892,0.029108,0.000000,0.000000,0.000000,3438,2848,590,1.207163,0.084915,492,2946,2356,38,34,3.323152,2.986249,0.422048,0.337079
paper-133579-topk-1-depth-0,1,0,1,1,1.000000,0.998521,0.001479,,,,1,1,0,1.000000,0.000000,0,1,1,1,1,0.000000,0.000000,1.000000,1.000000
paper-133579-topk-1-depth-1,1,1,1,1,1.000000,0.998521,0.001479,,,,2,5,-3,0.400000,0.000000,0,2,5,1,2,0.000000,0.721928,1.000000,0.800000
paper-133579-topk-1-depth-2,1,2,1,1,1.000000,0.998521,0.001479,,,,8,102,-94,0.078431,0.000000,0,8,102,3,11,1.061278,2.015957,0.750000,0.549020
paper-133579-topk-3-depth-0,3,0,3,3,1.000000,0.968570,0.031430,0.000000,0.000000,0.000000,3,3,0,1.000000,0.000000,0,3,3,3,2,1.584963,0.918296,0.333333,0.666667
paper-133579-topk-3-depth-1,3,1,3,3,1.000000,0.968570,0.031430,0.000000,0.000000,0.000000,30,11,19,2.727273,0.000000,0,30,11,7,5,2.123231,1.971747,0.533333,0.454545
paper-133579-topk-3-depth-2,3,2,3,3,1.000000,0.968570,0.031430,0.000000,0.000000,0.000000,17514,120,17394,145.950000,0.000511,9,17505,111,38,14,2.652585,2.419863,0.305984,0.475000
paper-133579-topk-5-depth-0,5,0,5,5,1.000000,0.960502,0.039498,0.000000,0.000000,0.000000,5,5,0,1.000000,0.111111,1,4,4,5,4,2.321928,1.921928,0.200000,0.400000
paper-133579-topk-5-depth-1,5,1,5,5,1.000000,0.960502,0.039498,0.000000,0.000000,0.000000,35,16,19,2.187500,0.062500,3,32,13,8,7,2.471582,2.555037,0.457143,0.312500
paper-133579-topk-5-depth-2,5,2,5,5,1.000000,0.960502,0.039498,0.000000,0.000000,0.000000,17524,134,17390,130.776119,0.000907,16,17508,118,38,17,2.654095,2.790876,0.305866,0.425373
paper-133579-topk-10-depth-0,10,0,10,10,1.000000,0.954068,0.045932,0.000000,0.002822,-0.002822,10,10,0,1.000000,0.111111,2,8,8,7,6,2.646439,2.446439,0.300000,0.300000
paper-133579-topk-10-depth-1,10,1,10,10,1.000000,0.954068,0.045932,0.000000,0.002822,-0.002822,72,73,-1,0.986301,0.090226,12,60,61,15,10,3.198011,2.446827,0.208333,0.369863
paper-133579-topk-10-depth-2,10,2,10,10,1.000000,0.954068,0.045932,0.000000,0.002822,-0.002822,477,494,-17,0.965587,0.076497,69,408,425,22,24,3.470079,2.678783,0.259958,0.502024
paper-12900-topk-1-depth-0,1,0,1,1,1.000000,0.999373,0.000627,,,,1,1,0,1.000000,1.000000,1,0,0,1,1,0.000000,0.000000,1.000000,1.000000
paper-12900-topk-1-depth-1,1,1,1,1,1.000000,0.999373,0.000627,,,,2,2,0,1.000000,1.000000,2,0,0,1,1,0.000000,0.000000,1.000000,1.000000
paper-12900-topk-1-depth-2,1,2,1,1,1.000000,0.999373,0.000627,,,,74,74,0,1.000000,1.000000,74,0,0,9,9,1.955503,1.955503,0.554054,0.554054
paper-12900-topk-3-depth-0,3,0,3,3,1.000000,0.978328,0.021672,0.000000,0.000000,0.000000,3,3,0,1.000000,0.200000,1,2,2,3,3,1.584963,1.584963,0.333333,0.333333
paper-12900-topk-3-depth-1,3,1,3,3,1.000000,0.978328,0.021672,0.000000,0.000000,0.000000,19,21,-2,0.904762,0.052632,2,17,19,7,5,2.268473,2.165894,0.421053,0.380952
paper-12900-topk-3-depth-2,3,2,3,3,1.000000,0.978328,0.021672,0.000000,0.000000,0.000000,426,6512,-6086,0.065418,0.015218,104,322,6408,21,37,1.868307,1.873660,0.652582,0.636517
paper-12900-topk-5-depth-0,5,0,5,5,1.000000,0.973352,0.026648,0.000000,0.000000,0.000000,5,5,0,1.000000,0.111111,1,4,4,5,3,2.321928,1.521928,0.200000,0.400000
paper-12900-topk-5-depth-1,5,1,5,5,1.000000,0.973352,0.026648,0.000000,0.000000,0.000000,24,41,-17,0.585366,0.031746,2,22,39,8,6,2.418296,2.170227,0.333333,0.414634
paper-12900-topk-5-depth-2,5,2,5,5,1.000000,0.973352,0.026648,0.000000,0.000000,0.000000,14266,7482,6784,1.906709,0.126489,2442,11824,5040,38,37,2.576051,1.950060,0.365274,0.594493
paper-12900-topk-10-depth-0,10,0,10,10,1.000000,0.969831,0.030169,0.000000,0.000000,0.000000,10,10,0,1.000000,0.176471,3,7,7,7,6,2.646439,2.321928,0.300000,0.400000
paper-12900-topk-10-depth-1,10,1,10,10,1.000000,0.969831,0.030169,0.000000,0.000000,0.000000,65,64,1,1.015625,0.057377,7,58,57,13,7,2.823753,2.518096,0.384615,0.328125
paper-12900-topk-10-depth-2,10,2,10,10,1.000000,0.969831,0.030169,0.000000,0.000000,0.000000,21654,8205,13449,2.639122,0.111115,2986,18668,5219,37,37,2.715802,2.122062,0.310843,0.576843
paper-109144-topk-1-depth-0,1,0,1,1,1.000000,0.999764,0.000236,,,,1,1,0,1.000000,0.000000,0,1,1,1,1,0.000000,0.000000,1.000000,1.000000
paper-109144-topk-1-depth-1,1,1,1,1,1.000000,0.999764,0.000236,,,,13,8,5,1.625000,0.000000,0,13,8,2,2,0.961237,1.000000,0.615385,0.500000
paper-109144-topk-1-depth-2,1,2,1,1,1.000000,0.999764,0.000236,,,,42,47,-5,0.893617,0.000000,0,42,47,3,2,1.117890,0.999673,0.571429,0.510638
paper-109144-topk-3-depth-0,3,0,3,3,1.000000,0.969148,0.030852,0.000000,0.000000,0.000000,3,3,0,1.000000,0.200000,1,2,2,3,2,1.584963,0.918296,0.333333,0.666667
paper-109144-topk-3-depth-1,3,1,3,3,1.000000,0.969148,0.030852,0.000000,0.000000,0.000000,24,28,-4,0.857143,0.333333,13,11,15,4,6,1.903107,1.966324,0.333333,0.428571
paper-109144-topk-3-depth-2,3,2,3,3,1.000000,0.969148,0.030852,0.000000,0.000000,0.000000,106,120,-14,0.883333,0.228261,42,64,78,7,9,2.075316,2.058691,0.462264,0.391667
paper-109144-topk-5-depth-0,5,0,5,5,1.000000,0.962261,0.037739,0.000000,0.000000,0.000000,5,5,0,1.000000,0.111111,1,4,4,4,4,1.921928,1.921928,0.400000,0.400000
paper-109144-topk-5-depth-1,5,1,5,5,1.000000,0.962261,0.037739,0.000000,0.000000,0.000000,44,57,-13,0.771930,0.147727,13,31,44,7,6,2.464679,2.276517,0.295455,0.315789
paper-109144-topk-5-depth-2,5,2,5,5,1.000000,0.962261,0.037739,0.000000,0.000000,0.000000,666,263,403,2.532319,0.047351,42,624,221,20,9,2.567106,2.386741,0.435435,0.384030
paper-109144-topk-10-depth-0,10,0,10,10,1.000000,0.957338,0.042662,0.000000,0.000000,0.000000,10,10,0,1.000000,0.111111,2,8,8,7,5,2.646439,2.046439,0.300000,0.400000
paper-109144-topk-10-depth-1,10,1,10,10,1.000000,0.957338,0.042662,0.000000,0.000000,0.000000,75,96,-21,0.781250,0.140000,21,54,75,10,10,2.909685,2.572159,0.266667,0.312500
paper-109144-topk-10-depth-2,10,2,10,10,1.000000,0.957338,0.042662,0.000000,0.000000,0.000000,878,509,369,1.724951,0.064467,84,794,425,26,18,3.032709,2.859678,0.330296,0.294695
paper-21152-topk-1-depth-0,1,0,1,1,1.000000,0.971208,0.028792,,,,1,1,0,1.000000,0.000000,0,1,1,1,1,0.000000,0.000000,1.000000,1.000000
paper-21152-topk-1-depth-1,1,1,1,1,1.000000,0.971208,0.028792,,,,5,22,-17,0.227273,0.000000,0,5,22,2,4,0.970951,1.617190,0.600000,0.545455
paper-21152-topk-1-depth-2,1,2,1,1,1.000000,0.971208,0.028792,,,,33,15037,-15004,0.002195,0.000531,8,25,15029,2,36,0.918296,2.663759,0.666667,0.329587
paper-21152-topk-3-depth-0,3,0,3,3,1.000000,0.980694,0.019306,0.000000,0.000000,0.000000,3,3,0,1.000000,0.200000,1,2,2,3,2,1.584963,0.918296,0.333333,0.666667
paper-21152-topk-3-depth-1,3,1,3,3,1.000000,0.980694,0.019306,0.000000,0.000000,0.000000,12,29,-17,0.413793,0.138889,5,7,24,6,4,2.355389,1.646967,0.333333,0.551724
paper-21152-topk-3-depth-2,3,2,3,3,1.000000,0.980694,0.019306,0.000000,0.000000,0.000000,3786,15105,-11319,0.250645,0.048335,871,2915,14234,28,36,2.513503,2.667950,0.489699,0.328103
paper-21152-topk-5-depth-0,5,0,5,5,1.000000,0.976813,0.023187,0.000000,0.011692,-0.011692,5,5,0,1.000000,0.111111,1,4,4,3,2,1.370951,0.970951,0.600000,0.600000
paper-21152-topk-5-depth-1,5,1,5,5,1.000000,0.976813,0.023187,0.000000,0.011692,-0.011692,69,73,-4,0.945205,0.051852,7,62,66,7,5,1.917856,1.676897,0.536232,0.575342
paper-21152-topk-5-depth-2,5,2,5,5,1.000000,0.976813,0.023187,0.000000,0.011692,-0.011692,7170,26163,-18993,0.274051,0.144402,4206,2964,21957,34,36,2.475645,2.503572,0.398326,0.429614
paper-21152-topk-10-depth-0,10,0,10,10,1.000000,0.971315,0.028685,0.000000,0.008509,-0.008509,10,10,0,1.000000,0.052632,1,9,9,5,4,1.960964,1.570951,0.500000,0.600000
paper-21152-topk-10-depth-1,10,1,10,10,1.000000,0.971315,0.028685,0.000000,0.008509,-0.008509,121,187,-66,0.647059,0.051195,15,106,172,13,8,2.370813,2.024004,0.454545,0.491979
paper-21152-topk-10-depth-2,10,2,10,10,1.000000,0.971315,0.028685,0.000000,0.008509,-0.008509,24320,35417,-11097,0.686676,0.458423,18777,5543,16640,39,38,2.669936,2.457121,0.284745,0.470819
paper-10915-topk-1-depth-0,1,0,1,1,1.000000,0.959780,0.040220,,,,1,1,0,1.000000,0.000000,0,1,1,1,1,0.000000,0.000000,1.000000,1.000000
paper-10915-topk-1-depth-1,1,1,1,1,1.000000,0.959780,0.040220,,,,26,2,24,13.000000,0.000000,0,26,2,4,1,1.372661,0.000000,0.538462,1.000000
paper-10915-topk-1-depth-2,1,2,1,1,1.000000,0.959780,0.040220,,,,173,3,170,57.666667,0.000000,0,173,3,17,1,2.718230,0.000000,0.341040,1.000000
paper-10915-topk-3-depth-0,3,0,3,3,1.000000,0.958721,0.041279,0.000000,0.000000,0.000000,3,3,0,1.000000,0.200000,1,2,2,3,3,1.584963,1.584963,0.333333,0.333333
paper-10915-topk-3-depth-1,3,1,3,3,1.000000,0.958721,0.041279,0.000000,0.000000,0.000000,46,10,36,4.600000,0.076923,4,42,6,7,3,1.678818,1.521928,0.652174,0.400000
paper-10915-topk-3-depth-2,3,2,3,3,1.000000,0.958721,0.041279,0.000000,0.000000,0.000000,24079,62,24017,388.370968,0.000663,16,24063,46,38,9,2.383694,2.084381,0.476681,0.564516
paper-10915-topk-5-depth-0,5,0,5,5,1.000000,0.959100,0.040900,0.000000,0.000000,0.000000,5,5,0,1.000000,0.250000,2,3,3,3,4,1.370951,1.921928,0.600000,0.400000
paper-10915-topk-5-depth-1,5,1,5,5,1.000000,0.959100,0.040900,0.000000,0.000000,0.000000,65,27,38,2.407407,0.210526,16,49,11,10,7,2.362710,2.652855,0.461538,0.296296
paper-10915-topk-5-depth-2,5,2,5,5,1.000000,0.959100,0.040900,0.000000,0.000000,0.000000,24187,257,23930,94.112840,0.003078,75,24112,182,38,21,2.414046,3.183713,0.474552,0.377432
paper-10915-topk-10-depth-0,10,0,10,10,1.000000,0.962822,0.037178,0.000000,0.000000,0.000000,10,10,0,1.000000,0.333333,5,5,5,6,7,2.160964,2.646439,0.500000,0.300000
paper-10915-topk-10-depth-1,10,1,10,10,1.000000,0.962822,0.037178,0.000000,0.000000,0.000000,112,95,17,1.178947,0.437500,63,49,32,15,14,3.153891,3.070315,0.285714,0.389474
paper-10915-topk-10-depth-2,10,2,10,10,1.000000,0.962822,0.037178,0.000000,0.000000,0.000000,24582,24747,-165,0.993333,0.968671,24272,310,475,38,38,2.491130,2.479212,0.467008,0.467006
paper-134530-topk-1-depth-0,1,0,1,1,1.000000,0.998413,0.001587,,,,1,1,0,1.000000,0.000000,0,1,1,1,1,0.000000,0.000000,1.000000,1.000000
paper-134530-topk-1-depth-1,1,1,1,1,1.000000,0.998413,0.001587,,,,40,4,36,10.000000,0.000000,0,40,4,9,3,2.358695,1.500000,0.400000,0.500000
paper-134530-topk-1-depth-2,1,2,1,1,1.000000,0.998413,0.001587,,,,11167,45,11122,248.155556,0.001071,12,11155,33,36,7,1.874264,2.004454,0.667055,0.533333
paper-134530-topk-3-depth-0,3,0,3,3,1.000000,0.977800,0.022200,0.000000,0.000000,0.000000,3,3,0,1.000000,0.000000,0,3,3,2,3,0.918296,1.584963,0.666667,0.333333
paper-134530-topk-3-depth-1,3,1,3,3,1.000000,0.977800,0.022200,0.000000,0.000000,0.000000,50,41,9,1.219512,0.022472,2,48,39,9,7,2.312431,1.937021,0.460000,0.414634
paper-134530-topk-3-depth-2,3,2,3,3,1.000000,0.977800,0.022200,0.000000,0.000000,0.000000,22062,20779,1283,1.061745,0.558308,15349,6713,5430,38,38,2.406679,2.531859,0.486538,0.384715
paper-134530-topk-5-depth-0,5,0,5,5,1.000000,0.973181,0.026819,0.000000,0.000000,0.000000,5,5,0,1.000000,0.000000,0,5,5,3,3,1.370951,1.521928,0.600000,0.400000
paper-134530-topk-5-depth-1,5,1,5,5,1.000000,0.973181,0.026819,0.000000,0.000000,0.000000,65,59,6,1.101695,0.024793,3,62,56,10,8,2.440051,1.859022,0.430769,0.525424
paper-134530-topk-5-depth-2,5,2,5,5,1.000000,0.973181,0.026819,0.000000,0.000000,0.000000,28016,28013,3,1.000107,0.654432,22163,5853,5850,39,38,2.552618,2.379048,0.413085,0.477278
paper-134530-topk-10-depth-0,10,0,10,10,1.000000,0.969152,0.030848,0.000000,0.002123,-0.002123,10,10,0,1.000000,0.052632,1,9,9,4,3,1.685475,1.295462,0.500000,0.600000
paper-134530-topk-10-depth-1,10,1,10,10,1.000000,0.969152,0.030848,0.000000,0.002123,-0.002123,209,102,107,2.049020,0.033223,10,199,92,15,11,2.263133,2.339061,0.363636,0.411765
paper-134530-topk-10-depth-2,10,2,10,10,1.000000,0.969152,0.030848,0.000000,0.002123,-0.002123,36065,29775,6290,1.211251,0.630429,25458,10607,4317,38,39,2.500150,2.448198,0.443782,0.465458
paper-5505-topk-1-depth-0,1,0,1,1,1.000000,0.926160,0.073840,,,,1,1,0,1.000000,0.000000,0,1,1,1,1,0.000000,0.000000,1.000000,1.000000
paper-5505-topk-1-depth-1,1,1,1,1,1.000000,0.926160,0.073840,,,,6,15,-9,0.400000,0.000000,0,6,15,2,2,0.650022,0.353359,0.833333,0.933333
paper-5505-topk-1-depth-2,1,2,1,1,1.000000,0.926160,0.073840,,,,74,3115,-3041,0.023756,0.000314,1,73,3114,8,24,1.156437,1.670555,0.810811,0.705297
paper-5505-topk-3-depth-0,3,0,3,3,1.000000,0.928250,0.071750,0.000000,0.000000,0.000000,3,3,0,1.000000,0.000000,0,3,3,3,3,1.584963,1.584963,0.333333,0.333333
paper-5505-topk-3-depth-1,3,1,3,3,1.000000,0.928250,0.071750,0.000000,0.000000,0.000000,10,13,-3,0.769231,0.000000,0,10,13,6,4,2.446439,1.922023,0.300000,0.384615
paper-5505-topk-3-depth-2,3,2,3,3,1.000000,0.928250,0.071750,0.000000,0.000000,0.000000,52,91,-39,0.571429,0.000000,0,52,91,13,11,2.893132,1.845754,0.307692,0.659341
paper-5505-topk-5-depth-0,5,0,5,5,1.000000,0.927423,0.072577,0.000000,0.000000,0.000000,5,5,0,1.000000,0.000000,0,5,5,4,5,1.921928,2.321928,0.400000,0.200000
paper-5505-topk-5-depth-1,5,1,5,5,1.000000,0.927423,0.072577,0.000000,0.000000,0.000000,24,42,-18,0.571429,0.000000,0,24,42,9,7,2.703243,2.303619,0.291667,0.333333
paper-5505-topk-5-depth-2,5,2,5,5,1.000000,0.927423,0.072577,0.000000,0.000000,0.000000,162,3236,-3074,0.050062,0.002064,7,155,3229,22,27,3.269686,1.883868,0.345679,0.678925
paper-5505-topk-10-depth-0,10,0,10,10,1.000000,0.927318,0.072682,0.000000,0.001897,-0.001897,10,10,0,1.000000,0.052632,1,9,9,6,7,2.446439,2.646439,0.300000,0.300000
paper-5505-topk-10-depth-1,10,1,10,10,1.000000,0.927318,0.072682,0.000000,0.001897,-0.001897,56,108,-52,0.518519,0.037975,6,50,102,14,12,3.145793,2.320094,0.214286,0.472222
paper-5505-topk-10-depth-2,10,2,10,10,1.000000,0.927318,0.072682,0.000000,0.001897,-0.001897,1043,7561,-6518,0.137945,0.013547,115,928,7446,34,35,3.551957,2.369419,0.232023,0.410395
paper-8255-topk-1-depth-0,1,0,1,1,1.000000,0.975740,0.024260,,,,1,1,0,1.000000,0.000000,0,1,1,1,1,0.000000,0.000000,1.000000,1.000000
paper-8255-topk-1-depth-1,1,1,1,1,1.000000,0.975740,0.024260,,,,7,59,-52,0.118644,0.064516,4,3,55,2,7,0.591673,1.934686,0.857143,0.508475
paper-8255-topk-1-depth-2,1,2,1,1,1.000000,0.975740,0.024260,,,,498,3160,-2662,0.157595,0.090313,303,195,2857,16,31,2.038464,2.739438,0.578313,0.357278
paper-8255-topk-3-depth-0,3,0,3,3,1.000000,0.976648,0.023352,0.000000,0.014541,-0.014541,3,3,0,1.000000,0.000000,0,3,3,1,1,0.000000,0.000000,1.000000,1.000000
paper-8255-topk-3-depth-1,3,1,3,3,1.000000,0.976648,0.023352,0.000000,0.014541,-0.014541,28,93,-65,0.301075,0.043103,5,23,88,3,9,1.067690,1.869368,0.678571,0.591398
paper-8255-topk-3-depth-2,3,2,3,3,1.000000,0.976648,0.023352,0.000000,0.014541,-0.014541,2921,6354,-3433,0.459710,0.264485,1940,981,4414,31,36,2.619251,2.834860,0.475522,0.410450
paper-8255-topk-5-depth-0,5,0,5,5,1.000000,0.972587,0.027413,0.000000,0.017999,-0.017999,5,5,0,1.000000,0.000000,0,5,5,1,1,0.000000,0.000000,1.000000,1.000000
paper-8255-topk-5-depth-1,5,1,5,5,1.000000,0.972587,0.027413,0.000000,0.017999,-0.017999,48,113,-65,0.424779,0.059211,9,39,104,6,9,1.429029,1.779098,0.604167,0.610619
paper-8255-topk-5-depth-2,5,2,5,5,1.000000,0.972587,0.027413,0.000000,0.017999,-0.017999,4475,6896,-2421,0.648927,0.358056,2998,1477,3898,35,37,2.806918,2.852719,0.459888,0.412268
paper-8255-topk-10-depth-0,10,0,10,10,1.000000,0.969595,0.030405,0.000000,0.007287,-0.007287,10,10,0,1.000000,0.052632,1,9,9,5,3,1.770951,0.921928,0.600000,0.800000
paper-8255-topk-10-depth-1,10,1,10,10,1.000000,0.969595,0.030405,0.000000,0.007287,-0.007287,137,149,-12,0.919463,0.067164,18,119,131,15,12,2.969466,1.939129,0.313869,0.610738
paper-8255-topk-10-depth-2,10,2,10,10,1.000000,0.969595,0.030405,0.000000,0.007287,-0.007287,18276,8108,10168,2.254070,0.189326,4200,14076,3908,38,38,2.473311,2.967773,0.486266,0.398619
paper-116388-topk-1-depth-0,1,0,1,1,1.000000,0.999297,0.000703,,,,1,1,0,1.000000,0.000000,0,1,1,1,1,0.000000,0.000000,1.000000,1.000000
paper-116388-topk-1-depth-1,1,1,1,1,1.000000,0.999297,0.000703,,,,28,43,-15,0.651163,0.059701,4,24,39,2,3,0.905928,0.317901,0.678571,0.953488
paper-116388-topk-1-depth-2,1,2,1,1,1.000000,0.999297,0.000703,,,,17594,12622,4972,1.393915,0.226199,5574,12020,7048,36,32,2.444284,1.569164,0.424008,0.728015
paper-116388-topk-3-depth-0,3,0,3,3,1.000000,0.983422,0.016578,0.000000,0.090093,-0.090093,3,3,0,1.000000,0.000000,0,3,3,1,1,0.000000,0.000000,1.000000,1.000000
paper-116388-topk-3-depth-1,3,1,3,3,1.000000,0.983422,0.016578,0.000000,0.090093,-0.090093,43,70,-27,0.614286,0.046296,5,38,65,2,5,0.740147,0.635445,0.790698,0.900000
paper-116388-topk-3-depth-2,3,2,3,3,1.000000,0.983422,0.016578,0.000000,0.090093,-0.090093,19165,28412,-9247,0.674539,0.570613,17285,1880,11127,36,36,2.371638,2.243567,0.459953,0.531958
paper-116388-topk-5-depth-0,5,0,5,5,1.000000,0.979521,0.020479,0.000000,0.028695,-0.028695,5,5,0,1.000000,0.111111,1,4,4,1,1,0.000000,0.000000,1.000000,1.000000
paper-116388-topk-5-depth-1,5,1,5,5,1.000000,0.979521,0.020479,0.000000,0.028695,-0.028695,86,100,-14,0.860000,0.162500,26,60,74,3,6,0.376465,0.605667,0.941860,0.910000
paper-116388-topk-5-depth-2,5,2,5,5,1.000000,0.979521,0.020479,0.000000,0.028695,-0.028695,26845,29640,-2795,0.905702,0.782480,24796,2049,4844,37,36,2.226236,2.234664,0.549004,0.537753
paper-116388-topk-10-depth-0,10,0,10,10,1.000000,0.975953,0.024047,0.000000,0.040551,-0.040551,10,10,0,1.000000,0.052632,1,9,9,2,1,0.721928,0.000000,0.800000,1.000000
paper-116388-topk-10-depth-1,10,1,10,10,1.000000,0.975953,0.024047,0.000000,0.040551,-0.040551,156,204,-48,0.764706,0.208054,62,94,142,4,7,0.543759,0.770545,0.903846,0.872549
paper-116388-topk-10-depth-2,10,2,10,10,1.000000,0.975953,0.024047,0.000000,0.040551,-0.040551,29370,32575,-3205,0.901612,0.755214,26653,2717,5922,38,36,2.239341,2.247981,0.544808,0.538542
paper-64879-topk-1-depth-0,1,0,1,1,1.000000,0.999572,0.000428,,,,1,1,0,1.000000,0.000000,0,1,1,1,1,0.000000,0.000000,1.000000,1.000000
paper-64879-topk-1-depth-1,1,1,1,1,1.000000,0.999572,0.000428,,,,5,17,-12,0.294118,0.000000,0,5,17,3,4,1.521928,1.277202,0.400000,0.705882
paper-64879-topk-1-depth-2,1,2,1,1,1.000000,0.999572,0.000428,,,,116,8129,-8013,0.014270,0.002188,18,98,8111,18,33,3.183038,2.327685,0.327586,0.523066
paper-64879-topk-3-depth-0,3,0,3,3,1.000000,0.981440,0.018560,0.000000,0.020202,-0.020202,3,3,0,1.000000,0.000000,0,3,3,2,2,0.918296,0.918296,0.666667,0.666667
paper-64879-topk-3-depth-1,3,1,3,3,1.000000,0.981440,0.018560,0.000000,0.020202,-0.020202,24,52,-28,0.461538,0.000000,0,24,52,5,7,1.678412,1.359280,0.541667,0.750000
paper-64879-topk-3-depth-2,3,2,3,3,1.000000,0.981440,0.018560,0.000000,0.020202,-0.020202,3701,20687,-16986,0.178905,0.102133,2260,1441,18427,30,37,2.536402,2.621188,0.516617,0.321893
paper-64879-topk-5-depth-0,5,0,5,5,1.000000,0.977497,0.022503,0.000000,0.014150,-0.014150,5,5,0,1.000000,0.000000,0,5,5,2,3,0.970951,1.370951,0.600000,0.600000
paper-64879-topk-5-depth-1,5,1,5,5,1.000000,0.977497,0.022503,0.000000,0.014150,-0.014150,36,112,-76,0.321429,0.027778,4,32,108,5,9,1.502094,1.661815,0.638889,0.696429
paper-64879-topk-5-depth-2,5,2,5,5,1.000000,0.977497,0.022503,0.000000,0.014150,-0.014150,9322,23945,-14623,0.389309,0.322796,8118,1204,15827,34,38,2.288361,2.623609,0.560609,0.301775
paper-64879-topk-10-depth-0,10,0,10,10,1.000000,0.974327,0.025673,0.000000,0.011405,-0.011405,10,10,0,1.000000,0.000000,0,10,10,6,4,2.321928,1.356780,0.400000,0.700000
paper-64879-topk-10-depth-1,10,1,10,10,1.000000,0.974327,0.025673,0.000000,0.011405,-0.011405,151,187,-36,0.807487,0.049689,16,135,171,10,10,1.995202,1.567236,0.543046,0.721925
paper-64879-topk-10-depth-2,10,2,10,10,1.000000,0.974327,0.025673,0.000000,0.011405,-0.011405,37386,28317,9069,1.320267,0.636316,25550,11836,2767,38,39,2.518654,2.613952,0.423929,0.343610
paper-38995-topk-1-depth-0,1,0,1,1,1.000000,0.999892,0.000108,,,,1,1,0,1.000000,0.000000,0,1,1,1,1,0.000000,0.000000,1.000000,1.000000
paper-38995-topk-1-depth-1,1,1,1,1,1.000000,0.999892,0.000108,,,,3,2,1,1.500000,0.000000,0,3,2,1,1,0.000000,0.000000,1.000000,1.000000
paper-38995-topk-1-depth-2,1,2,1,1,1.000000,0.999892,0.000108,,,,18,3,15,6.000000,0.000000,0,18,3,3,1,0.614369,0.000000,0.888889,1.000000
paper-38995-topk-3-depth-0,3,0,3,3,1.000000,0.981944,0.018056,0.000000,0.000000,0.000000,3,3,0,1.000000,0.000000,0,3,3,3,3,1.584963,1.584963,0.333333,0.333333
paper-38995-topk-3-depth-1,3,1,3,3,1.000000,0.981944,0.018056,0.000000,0.000000,0.000000,12,27,-15,0.444444,0.000000,0,12,27,6,10,2.355389,2.661209,0.333333,0.444444
paper-38995-topk-3-depth-2,3,2,3,3,1.000000,0.981944,0.018056,0.000000,0.000000,0.000000,630,536,94,1.175373,0.018341,21,609,515,18,20,1.527640,2.160301,0.673016,0.567164
paper-38995-topk-5-depth-0,5,0,5,5,1.000000,0.978164,0.021836,0.000000,0.000000,0.000000,5,5,0,1.000000,0.000000,0,5,5,5,4,2.321928,1.921928,0.200000,0.400000
paper-38995-topk-5-depth-1,5,1,5,5,1.000000,0.978164,0.021836,0.000000,0.000000,0.000000,17,41,-24,0.414634,0.000000,0,17,41,9,12,2.984234,3.031111,0.235294,0.292683
paper-38995-topk-5-depth-2,5,2,5,5,1.000000,0.978164,0.021836,0.000000,0.000000,0.000000,734,597,137,1.229481,0.020706,27,707,570,20,22,2.089970,2.479756,0.573569,0.509213
paper-38995-topk-10-depth-0,10,0,10,10,1.000000,0.975460,0.024540,0.000000,0.000000,0.000000,10,10,0,1.000000,0.000000,0,10,10,9,8,3.121928,2.846439,0.200000,0.300000
paper-38995-topk-10-depth-1,10,1,10,10,1.000000,0.975460,0.024540,0.000000,0.000000,0.000000,36,86,-50,0.418605,0.000000,0,36,86,12,22,3.369122,3.666345,0.138889,0.220930
paper-38995-topk-10-depth-2,10,2,10,10,1.000000,0.975460,0.024540,0.000000,0.000000,0.000000,1276,2229,-953,0.572454,0.022760,78,1198,2151,29,34,2.843654,3.254410,0.357367,0.228354
paper-63087-topk-1-depth-0,1,0,1,1,1.000000,0.894613,0.105387,,,,1,1,0,1.000000,0.000000,0,1,1,1,1,0.000000,0.000000,1.000000,1.000000
paper-63087-topk-1-depth-1,1,1,1,1,1.000000,0.894613,0.105387,,,,14,15,-1,0.933333,0.000000,0,14,15,4,2,1.429911,0.353359,0.642857,0.933333
paper-63087-topk-1-depth-2,1,2,1,1,1.000000,0.894613,0.105387,,,,13474,1299,12175,10.372594,0.029406,422,13052,877,37,21,2.577365,2.040030,0.358988,0.464203
paper-63087-topk-3-depth-0,3,0,3,3,1.000000,0.887571,0.112429,0.000000,0.000000,0.000000,3,3,0,1.000000,0.000000,0,3,3,2,3,0.918296,1.584963,0.666667,0.333333
paper-63087-topk-3-depth-1,3,1,3,3,1.000000,0.887571,0.112429,0.000000,0.000000,0.000000,422,33,389,12.787879,0.000000,0,422,33,13,5,1.664331,1.791897,0.656398,0.454545
paper-63087-topk-3-depth-2,3,2,3,3,1.000000,0.887571,0.112429,0.000000,0.000000,0.000000,15319,1438,13881,10.652990,0.028289,461,14858,977,38,26,2.744413,2.404337,0.327698,0.433241
paper-63087-topk-5-depth-0,5,0,5,5,1.000000,0.886408,0.113592,0.000000,0.003030,-0.003030,5,5,0,1.000000,0.000000,0,5,5,3,4,1.370951,1.921928,0.600000,0.400000
paper-63087-topk-5-depth-1,5,1,5,5,1.000000,0.886408,0.113592,0.000000,0.003030,-0.003030,429,82,347,5.231707,0.000000,0,429,82,13,10,1.709125,2.462026,0.645688,0.317073
paper-63087-topk-5-depth-2,5,2,5,5,1.000000,0.886408,0.113592,0.000000,0.003030,-0.003030,15462,19878,-4416,0.777845,0.176471,5301,10161,14577,38,37,2.755845,2.579207,0.324861,0.405172
paper-63087-topk-10-depth-0,10,0,10,10,1.000000,0.899157,0.100843,0.000000,0.000673,-0.000673,10,10,0,1.000000,0.052632,1,9,9,5,5,1.960964,1.960964,0.500000,0.500000
paper-63087-topk-10-depth-1,10,1,10,10,1.000000,0.899157,0.100843,0.000000,0.000673,-0.000673,505,122,383,4.139344,0.038079,23,482,99,22,13,2.293667,2.311057,0.548515,0.573770
paper-63087-topk-10-depth-2,10,2,10,10,1.000000,0.899157,0.100843,0.000000,0.000673,-0.000673,16664,13873,2791,1.201182,0.134656,3624,13040,10249,39,37,2.966858,2.197706,0.304249,0.551287
paper-105773-topk-1-depth-0,1,0,1,1,1.000000,0.999894,0.000106,,,,1,1,0,1.000000,0.000000,0,1,1,1,1,0.000000,0.000000,1.000000,1.000000
paper-105773-topk-1-depth-1,1,1,1,1,1.000000,0.999894,0.000106,,,,14,18,-4,0.777778,0.000000,0,14,18,2,6,0.371232,2.210974,0.928571,0.388889
paper-105773-topk-1-depth-2,1,2,1,1,1.000000,0.999894,0.000106,,,,1044,18385,-17341,0.056785,0.009823,189,855,18196,25,37,2.249968,2.611415,0.654215,0.327278
paper-105773-topk-3-depth-0,3,0,3,3,1.000000,0.981554,0.018446,0.000000,0.015152,-0.015152,3,3,0,1.000000,0.200000,1,2,2,3,1,1.584963,0.000000,0.333333,1.000000
paper-105773-topk-3-depth-1,3,1,3,3,1.000000,0.981554,0.018446,0.000000,0.015152,-0.015152,33,42,-9,0.785714,0.315789,18,15,24,6,7,1.708332,1.657303,0.606061,0.666667
paper-105773-topk-3-depth-2,3,2,3,3,1.000000,0.981554,0.018446,0.000000,0.015152,-0.015152,17654,19331,-1677,0.913248,0.771906,16112,1542,3219,37,37,2.581100,2.658951,0.359465,0.311624
paper-105773-topk-5-depth-0,5,0,5,5,1.000000,0.972131,0.027869,0.000000,0.040330,-0.040330,5,5,0,1.000000,0.111111,1,4,4,4,2,1.921928,0.721928,0.400000,0.800000
paper-105773-topk-5-depth-1,5,1,5,5,1.000000,0.972131,0.027869,0.000000,0.040330,-0.040330,49,79,-30,0.620253,0.347368,33,16,46,11,11,2.329598,1.726335,0.571429,0.708861
paper-105773-topk-5-depth-2,5,2,5,5,1.000000,0.972131,0.027869,0.000000,0.040330,-0.040330,21255,23570,-2315,0.901782,0.853192,20637,618,2933,38,37,2.641081,2.645241,0.358363,0.335511
paper-105773-topk-10-depth-0,10,0,10,10,1.000000,0.963007,0.036993,0.000000,0.016842,-0.016842,10,10,0,1.000000,0.111111,2,8,8,4,4,1.356780,1.356780,0.700000,0.700000
paper-105773-topk-10-depth-1,10,1,10,10,1.000000,0.963007,0.036993,0.000000,0.016842,-0.016842,108,137,-29,0.788321,0.155660,33,75,104,12,14,2.350957,2.217772,0.416667,0.591241
paper-105773-topk-10-depth-2,10,2,10,10,1.000000,0.963007,0.036993,0.000000,0.016842,-0.016842,34687,36408,-1721,0.952730,0.791889,31419,3268,4989,37,38,2.533538,2.472803,0.423992,0.449736
paper-91852-topk-1-depth-0,1,0,1,1,1.000000,0.999900,0.000100,,,,1,1,0,1.000000,0.000000,0,1,1,1,1,0.000000,0.000000,1.000000,1.000000
paper-91852-topk-1-depth-1,1,1,1,1,1.000000,0.999900,0.000100,,,,20,51,-31,0.392157,0.000000,0,20,51,6,5,1.980482,1.071249,0.500000,0.764706
paper-91852-topk-1-depth-2,1,2,1,1,1.000000,0.999900,0.000100,,,,583,15595,-15012,0.037384,0.008415,135,448,15460,21,34,2.568818,1.836471,0.495712,0.642706
paper-91852-topk-3-depth-0,3,0,3,3,1.000000,0.969554,0.030446,0.000000,0.016461,-0.016461,3,3,0,1.000000,0.000000,0,3,3,3,2,1.584963,0.918296,0.333333,0.666667
paper-91852-topk-3-depth-1,3,1,3,3,1.000000,0.969554,0.030446,0.000000,0.016461,-0.016461,33,85,-52,0.388235,0.000000,0,33,85,7,7,2.312733,1.002578,0.393939,0.823529
paper-91852-topk-3-depth-2,3,2,3,3,1.000000,0.969554,0.030446,0.000000,0.016461,-0.016461,1030,17591,-16561,0.058553,0.013774,253,777,17338,28,34,2.600555,1.821108,0.502913,0.648741
paper-91852-topk-5-depth-0,5,0,5,5,1.000000,0.963690,0.036310,0.000000,0.030606,-0.030606,5,5,0,1.000000,0.000000,0,5,5,4,2,1.921928,0.721928,0.400000,0.800000
paper-91852-topk-5-depth-1,5,1,5,5,1.000000,0.963690,0.036310,0.000000,0.030606,-0.030606,172,242,-70,0.710744,0.002421,1,171,241,13,9,2.173869,0.803868,0.465116,0.876033
paper-91852-topk-5-depth-2,5,2,5,5,1.000000,0.963690,0.036310,0.000000,0.030606,-0.030606,19220,33007,-13787,0.582301,0.413030,15266,3954,17741,38,37,2.221209,2.292720,0.566389,0.525858
paper-91852-topk-10-depth-0,10,0,10,10,1.000000,0.957874,0.042126,0.000000,0.037741,-0.037741,10,10,0,1.000000,0.000000,0,10,10,5,4,1.770951,1.685475,0.600000,0.500000
paper-91852-topk-10-depth-1,10,1,10,10,1.000000,0.957874,0.042126,0.000000,0.037741,-0.037741,182,308,-126,0.590909,0.006160,3,179,305,17,14,2.429234,1.616452,0.434066,0.717532
paper-91852-topk-10-depth-2,10,2,10,10,1.000000,0.957874,0.042126,0.000000,0.037741,-0.037741,18031,37859,-19828,0.476267,0.381603,15437,2594,22422,38,39,2.196041,2.479286,0.586989,0.480203
paper-1791-topk-1-depth-0,1,0,1,1,1.000000,0.999838,0.000162,,,,1,1,0,1.000000,0.000000,0,1,1,1,1,0.000000,0.000000,1.000000,1.000000
paper-1791-topk-1-depth-1,1,1,1,1,1.000000,0.999838,0.000162,,,,6,17,-11,0.352941,0.045455,1,5,16,2,7,0.650022,2.129568,0.833333,0.529412
paper-1791-topk-1-depth-2,1,2,1,1,1.000000,0.999838,0.000162,,,,9298,9402,-104,0.988939,0.981142,9261,37,141,32,32,1.594411,1.637488,0.728329,0.720060
paper-1791-topk-3-depth-0,3,0,3,3,1.000000,0.981711,0.018289,0.000000,0.000000,0.000000,3,3,0,1.000000,0.000000,0,3,3,2,3,0.918296,1.584963,0.666667,0.333333
paper-1791-topk-3-depth-1,3,1,3,3,1.000000,0.981711,0.018289,0.000000,0.000000,0.000000,26,38,-12,0.684211,0.015873,1,25,37,5,9,1.867232,2.590044,0.423077,0.342105
paper-1791-topk-3-depth-2,3,2,3,3,1.000000,0.981711,0.018289,0.000000,0.000000,0.000000,17578,10140,7438,1.733531,0.512826,9396,8182,744,34,32,1.812980,1.759580,0.657640,0.700789
paper-1791-topk-5-depth-0,5,0,5,5,1.000000,0.978218,0.021782,0.000000,0.000000,0.000000,5,5,0,1.000000,0.111111,1,4,4,2,4,0.970951,1.921928,0.600000,0.400000
paper-1791-topk-5-depth-1,5,1,5,5,1.000000,0.978218,0.021782,0.000000,0.000000,0.000000,81,55,26,1.472727,0.172414,20,61,35,6,9,1.893817,2.540616,0.456790,0.363636
paper-1791-topk-5-depth-2,5,2,5,5,1.000000,0.978218,0.021782,0.000000,0.000000,0.000000,26713,13542,13171,1.972604,0.387625,11245,15468,2297,36,35,2.300172,1.890336,0.516378,0.674494
paper-1791-topk-10-depth-0,10,0,10,10,1.000000,0.974324,0.025676,0.000000,0.007993,-0.007993,10,10,0,1.000000,0.176471,3,7,7,5,5,2.121928,1.960964,0.400000,0.500000
paper-1791-topk-10-depth-1,10,1,10,10,1.000000,0.974324,0.025676,0.000000,0.007993,-0.007993,173,84,89,2.059524,0.142222,32,141,52,11,10,1.867550,2.459327,0.595376,0.440476
paper-1791-topk-10-depth-2,10,2,10,10,1.000000,0.974324,0.025676,0.000000,0.007993,-0.007993,31267,31384,-117,0.996272,0.861455,28994,2273,2390,38,38,2.377826,2.426358,0.501615,0.489740
paper-163384-topk-1-depth-0,1,0,1,1,1.000000,0.999827,0.000173,,,,1,1,0,1.000000,0.000000,0,1,1,1,1,0.000000,0.000000,1.000000,1.000000
paper-163384-topk-1-depth-1,1,1,1,1,1.000000,0.999827,0.000173,,,,2,6,-4,0.333333,0.000000,0,2,6,1,4,0.000000,1.918296,1.000000,0.333333
paper-163384-topk-1-depth-2,1,2,1,1,1.000000,0.999827,0.000173,,,,3,136,-133,0.022059,0.000000,0,3,136,2,20,0.918296,2.914152,0.666667,0.448529
paper-163384-topk-3-depth-0,3,0,3,3,1.000000,0.977550,0.022450,0.000000,0.000000,0.000000,3,3,0,1.000000,0.000000,0,3,3,3,3,1.584963,1.584963,0.333333,0.333333
paper-163384-topk-3-depth-1,3,1,3,3,1.000000,0.977550,0.022450,0.000000,0.000000,0.000000,18,306,-288,0.058824,0.012500,4,14,302,7,21,2.350209,3.075878,0.444444,0.248366
paper-163384-topk-3-depth-2,3,2,3,3,1.000000,0.977550,0.022450,0.000000,0.000000,0.000000,732,19364,-18632,0.037802,0.029825,582,150,18782,33,40,3.506726,2.371971,0.290984,0.540488
paper-163384-topk-5-depth-0,5,0,5,5,1.000000,0.972486,0.027514,0.000000,0.000000,0.000000,5,5,0,1.000000,0.000000,0,5,5,4,3,1.921928,1.521928,0.400000,0.400000
paper-163384-topk-5-depth-1,5,1,5,5,1.000000,0.972486,0.027514,0.000000,0.000000,0.000000,61,313,-252,0.194888,0.010811,4,57,309,13,21,2.640726,3.137210,0.491803,0.242812
paper-163384-topk-5-depth-2,5,2,5,5,1.000000,0.972486,0.027514,0.000000,0.000000,0.000000,1060,19383,-18323,0.054687,0.035823,707,353,18676,34,40,3.316737,2.378796,0.359434,0.539958
paper-163384-topk-10-depth-0,10,0,10,10,1.000000,0.968223,0.031777,0.000000,0.000000,0.000000,10,10,0,1.000000,0.000000,0,10,10,6,6,2.521928,2.446439,0.200000,0.300000
paper-163384-topk-10-depth-1,10,1,10,10,1.000000,0.968223,0.031777,0.000000,0.000000,0.000000,71,350,-279,0.202857,0.009592,4,67,346,16,25,3.034523,3.386008,0.422535,0.222857
paper-163384-topk-10-depth-2,10,2,10,10,1.000000,0.968223,0.031777,0.000000,0.000000,0.000000,1200,20744,-19544,0.057848,0.033583,713,487,20031,37,40,3.546714,2.501434,0.317500,0.506894
paper-100000-topk-1-depth-0,1,0,1,1,1.000000,0.999874,0.000126,,,,1,1,0,1.000000,0.000000,0,1,1,1,1,0.000000,0.000000,1.000000,1.000000
paper-100000-topk-1-depth-1,1,1,1,1,1.000000,0.999874,0.000126,,,,3,9,-6,0.333333,0.000000,0,3,9,3,3,1.584963,1.435521,0.333333,0.555556
paper-100000-topk-1-depth-2,1,2,1,1,1.000000,0.999874,0.000126,,,,4051,1461,2590,2.772758,0.012677,69,3982,1392,30,33,2.061651,2.808789,0.581091,0.377823
paper-100000-topk-3-depth-0,3,0,3,3,1.000000,0.981351,0.018649,0.000000,0.000000,0.000000,3,3,0,1.000000,0.000000,0,3,3,2,2,0.918296,0.918296,0.666667,0.666667
paper-100000-topk-3-depth-1,3,1,3,3,1.000000,0.981351,0.018649,0.000000,0.000000,0.000000,17,36,-19,0.472222,0.000000,0,17,36,4,4,1.140068,1.052826,0.764706,0.777778
paper-100000-topk-3-depth-2,3,2,3,3,1.000000,0.981351,0.018649,0.000000,0.000000,0.000000,5752,19301,-13549,0.298016,0.123755,2759,2993,16542,35,38,2.370936,2.510486,0.433414,0.398477
paper-100000-topk-5-depth-0,5,0,5,5,1.000000,0.976960,0.023040,0.000000,0.004444,-0.004444,5,5,0,1.000000,0.111111,1,4,4,2,2,0.721928,0.970951,0.800000,0.600000
paper-100000-topk-5-depth-1,5,1,5,5,1.000000,0.976960,0.023040,0.000000,0.004444,-0.004444,104,61,43,1.704918,0.031250,5,99,56,12,7,1.423237,1.582668,0.788462,0.688525
paper-100000-topk-5-depth-2,5,2,5,5,1.000000,0.976960,0.023040,0.000000,0.004444,-0.004444,28182,31078,-2896,0.906815,0.788171,26120,2062,4958,38,39,2.493981,2.516418,0.432120,0.418367
paper-100000-topk-10-depth-0,10,0,10,10,1.000000,0.973328,0.026672,0.000000,0.010594,-0.010594,10,10,0,1.000000,0.052632,1,9,9,4,3,1.570951,1.295462,0.600000,0.600000
paper-100000-topk-10-depth-1,10,1,10,10,1.000000,0.973328,0.026672,0.000000,0.010594,-0.010594,145,95,50,1.526316,0.048035,11,134,84,15,8,1.924433,1.933111,0.662069,0.589474
paper-100000-topk-10-depth-2,10,2,10,10,1.000000,0.973328,0.026672,0.000000,0.010594,-0.010594,31591,32003,-412,0.987126,0.786850,28004,3587,3999,40,39,2.577874,2.545941,0.415023,0.411086
paper-164961-topk-1-depth-0,1,0,1,1,1.000000,0.935221,0.064779,,,,1,1,0,1.000000,0.000000,0,1,1,1,1,0.000000,0.000000,1.000000,1.000000
paper-164961-topk-1-depth-1,1,1,1,1,1.000000,0.935221,0.064779,,,,7,15,-8,0.466667,0.100000,2,5,13,2,2,0.591673,0.721928,0.857143,0.800000
paper-164961-topk-1-depth-2,1,2,1,1,1.000000,0.935221,0.064779,,,,51,53,-2,0.962264,0.316456,25,26,28,6,3,1.045227,0.641248,0.823529,0.867925
paper-164961-topk-3-depth-0,3,0,3,3,1.000000,0.964498,0.035502,0.000000,0.000000,0.000000,3,3,0,1.000000,0.000000,0,3,3,2,1,0.918296,0.000000,0.666667,1.000000
paper-164961-topk-3-depth-1,3,1,3,3,1.000000,0.964498,0.035502,0.000000,0.000000,0.000000,32,21,11,1.523810,0.000000,0,32,21,5,3,1.473051,0.856996,0.687500,0.809524
paper-164961-topk-3-depth-2,3,2,3,3,1.000000,0.964498,0.035502,0.000000,0.000000,0.000000,160,126,34,1.269841,0.047619,13,147,113,9,3,1.824451,1.279362,0.587500,0.634921
paper-164961-topk-5-depth-0,5,0,5,5,1.000000,0.956683,0.043317,0.000000,0.050000,-0.050000,5,5,0,1.000000,0.000000,0,5,5,5,2,2.321928,0.721928,0.200000,0.800000
paper-164961-topk-5-depth-1,5,1,5,5,1.000000,0.956683,0.043317,0.000000,0.050000,-0.050000,56,27,29,2.074074,0.050633,4,52,23,8,3,2.543035,0.725376,0.267857,0.851852
paper-164961-topk-5-depth-2,5,2,5,5,1.000000,0.956683,0.043317,0.000000,0.050000,-0.050000,16796,151,16645,111.231788,0.001951,33,16763,118,37,3,2.043994,1.197580,0.614372,0.675497
paper-164961-topk-10-depth-0,10,0,10,10,1.000000,0.947505,0.052495,0.000000,0.026341,-0.026341,10,10,0,1.000000,0.000000,0,10,10,7,3,2.521928,0.921928,0.400000,0.800000
paper-164961-topk-10-depth-1,10,1,10,10,1.000000,0.947505,0.052495,0.000000,0.026341,-0.026341,126,54,72,2.333333,0.071429,12,114,42,10,6,2.479086,1.160734,0.277778,0.796296
paper-164961-topk-10-depth-2,10,2,10,10,1.000000,0.947505,0.052495,0.000000,0.026341,-0.026341,22425,256,22169,87.597656,0.004651,105,22320,151,38,12,2.355804,2.023280,0.494448,0.562500
paper-7378-topk-1-depth-0,1,0,1,1,1.000000,0.998679,0.001321,,,,1,1,0,1.000000,1.000000,1,0,0,1,1,0.000000,0.000000,1.000000,1.000000
paper-7378-topk-1-depth-1,1,1,1,1,1.000000,0.998679,0.001321,,,,28,28,0,1.000000,1.000000,28,0,0,5,5,1.843294,1.843294,0.428571,0.428571
paper-7378-topk-1-depth-2,1,2,1,1,1.000000,0.998679,0.001321,,,,2857,2857,0,1.000000,1.000000,2857,0,0,29,29,2.636788,2.636788,0.276514,0.276514
paper-7378-topk-3-depth-0,3,0,3,3,1.000000,0.977829,0.022171,0.000000,0.011494,-0.011494,3,3,0,1.000000,0.200000,1,2,2,3,2,1.584963,0.918296,0.333333,0.666667
paper-7378-topk-3-depth-1,3,1,3,3,1.000000,0.977829,0.022171,0.000000,0.011494,-0.011494,45,36,9,1.250000,0.528302,28,17,8,9,5,2.608004,1.797255,0.311111,0.416667
paper-7378-topk-3-depth-2,3,2,3,3,1.000000,0.977829,0.022171,0.000000,0.011494,-0.011494,4881,3022,1859,1.615156,0.569925,2869,2012,153,35,30,3.026003,2.642388,0.300553,0.265056
paper-7378-topk-5-depth-0,5,0,5,5,1.000000,0.971988,0.028012,0.000000,0.003448,-0.003448,5,5,0,1.000000,0.250000,2,3,3,3,3,1.521928,1.370951,0.400000,0.600000
paper-7378-topk-5-depth-1,5,1,5,5,1.000000,0.971988,0.028012,0.000000,0.003448,-0.003448,62,43,19,1.441860,0.418919,31,31,12,11,7,2.851331,2.042000,0.290323,0.441860
paper-7378-topk-5-depth-2,5,2,5,5,1.000000,0.971988,0.028012,0.000000,0.003448,-0.003448,9800,3050,6750,3.213115,0.290938,2896,6904,154,37,31,2.808382,2.654802,0.377551,0.265902
paper-7378-topk-10-depth-0,10,0,10,10,1.000000,0.966582,0.033418,0.000000,0.008769,-0.008769,10,10,0,1.000000,0.176471,3,7,7,5,3,2.121928,1.360964,0.400000,0.500000
paper-7378-topk-10-depth-1,10,1,10,10,1.000000,0.966582,0.033418,0.000000,0.008769,-0.008769,147,125,22,1.176000,0.214286,48,99,77,15,12,2.871724,2.394240,0.306122,0.408000
paper-7378-topk-10-depth-2,10,2,10,10,1.000000,0.966582,0.033418,0.000000,0.008769,-0.008769,16234,23464,-7230,0.691868,0.421899,11779,4455,11685,38,37,2.834511,2.793558,0.361833,0.287632
paper-52533-topk-1-depth-0,1,0,1,1,1.000000,0.965230,0.034770,,,,1,1,0,1.000000,0.000000,0,1,1,1,1,0.000000,0.000000,1.000000,1.000000
paper-52533-topk-1-depth-1,1,1,1,1,1.000000,0.965230,0.034770,,,,7,6,1,1.166667,0.000000,0,7,6,3,2,1.378783,0.918296,0.571429,0.666667
paper-52533-topk-1-depth-2,1,2,1,1,1.000000,0.965230,0.034770,,,,1069,113,956,9.460177,0.008532,10,1059,103,23,12,2.720068,1.692356,0.440599,0.716814
paper-52533-topk-3-depth-0,3,0,3,3,1.000000,0.964605,0.035395,0.000000,0.000000,0.000000,3,3,0,1.000000,0.200000,1,2,2,2,3,0.918296,1.584963,0.666667,0.333333
paper-52533-topk-3-depth-1,3,1,3,3,1.000000,0.964605,0.035395,0.000000,0.000000,0.000000,39,39,0,1.000000,0.392857,22,17,17,8,8,2.287408,2.531964,0.384615,0.307692
paper-52533-topk-3-depth-2,3,2,3,3,1.000000,0.964605,0.035395,0.000000,0.000000,0.000000,9173,19200,-10027,0.477760,0.365991,7602,1571,11598,37,38,2.659932,2.719712,0.431811,0.293073
paper-52533-topk-5-depth-0,5,0,5,5,1.000000,0.970754,0.029246,0.000000,0.000000,0.000000,5,5,0,1.000000,0.000000,0,5,5,3,3,1.370951,1.370951,0.600000,0.600000
paper-52533-topk-5-depth-1,5,1,5,5,1.000000,0.970754,0.029246,0.000000,0.000000,0.000000,51,48,3,1.062500,0.010204,1,50,47,8,9,1.918179,2.468203,0.549020,0.395833
paper-52533-topk-5-depth-2,5,2,5,5,1.000000,0.970754,0.029246,0.000000,0.000000,0.000000,21309,19363,1946,1.100501,0.563887,14665,6644,4698,39,38,2.632579,2.725694,0.313013,0.290864
paper-52533-topk-10-depth-0,10,0,10,10,1.000000,0.967681,0.032319,0.000000,0.000000,0.000000,10,10,0,1.000000,0.000000,0,10,10,4,5,1.685475,1.770951,0.500000,0.600000
paper-52533-topk-10-depth-1,10,1,10,10,1.000000,0.967681,0.032319,0.000000,0.000000,0.000000,97,106,-9,0.915094,0.025253,5,92,101,13,16,2.623001,3.009183,0.350515,0.330189
paper-52533-topk-10-depth-2,10,2,10,10,1.000000,0.967681,0.032319,0.000000,0.000000,0.000000,28443,28396,47,1.001655,0.527314,19624,8819,8772,39,40,2.689582,2.780640,0.353760,0.333005
paper-76178-topk-1-depth-0,1,0,1,1,1.000000,0.999887,0.000113,,,,1,1,0,1.000000,0.000000,0,1,1,1,1,0.000000,0.000000,1.000000,1.000000
paper-76178-topk-1-depth-1,1,1,1,1,1.000000,0.999887,0.000113,,,,12,3,9,4.000000,0.000000,0,12,3,3,2,0.816689,0.918296,0.833333,0.666667
paper-76178-topk-1-depth-2,1,2,1,1,1.000000,0.999887,0.000113,,,,43,36,7,1.194444,0.000000,0,43,36,7,5,1.408709,1.320593,0.744186,0.722222
paper-76178-topk-3-depth-0,3,0,3,3,1.000000,0.967397,0.032603,0.000000,0.000000,0.000000,3,3,0,1.000000,0.200000,1,2,2,2,3,0.918296,1.584963,0.666667,0.333333
paper-76178-topk-3-depth-1,3,1,3,3,1.000000,0.967397,0.032603,0.000000,0.000000,0.000000,17,26,-9,0.653846,0.387097,12,5,14,4,5,1.277202,1.740136,0.705882,0.576923
paper-76178-topk-3-depth-2,3,2,3,3,1.000000,0.967397,0.032603,0.000000,0.000000,0.000000,148,153,-5,0.967320,0.166667,43,105,110,10,16,1.925267,2.506743,0.439189,0.542484
paper-76178-topk-5-depth-0,5,0,5,5,1.000000,0.960800,0.039200,0.000000,0.000000,0.000000,5,5,0,1.000000,0.000000,0,5,5,4,4,1.921928,1.921928,0.400000,0.400000
paper-76178-topk-5-depth-1,5,1,5,5,1.000000,0.960800,0.039200,0.000000,0.000000,0.000000,25,48,-23,0.520833,0.000000,0,25,48,6,7,2.504498,2.439217,0.240000,0.312500
paper-76178-topk-5-depth-2,5,2,5,5,1.000000,0.960800,0.039200,0.000000,0.000000,0.000000,835,389,446,2.146530,0.018303,22,813,367,23,21,2.632764,2.806301,0.379641,0.367609
paper-76178-topk-10-depth-0,10,0,10,10,1.000000,0.955352,0.044648,0.000000,0.000000,0.000000,10,10,0,1.000000,0.052632,1,9,9,4,7,1.846439,2.646439,0.400000,0.300000
paper-76178-topk-10-depth-1,10,1,10,10,1.000000,0.955352,0.044648,0.000000,0.000000,0.000000,49,64,-15,0.765625,0.118812,12,37,52,7,9,2.401936,2.799150,0.326531,0.296875
paper-76178-topk-10-depth-2,10,2,10,10,1.000000,0.955352,0.044648,0.000000,0.000000,0.000000,1009,482,527,2.093361,0.042657,61,948,421,27,23,2.743649,3.122846,0.316155,0.296680
paper-32269-topk-1-depth-0,1,0,1,1,1.000000,0.999155,0.000845,,,,1,1,0,1.000000,0.000000,0,1,1,1,1,0.000000,0.000000,1.000000,1.000000
paper-32269-topk-1-depth-1,1,1,1,1,1.000000,0.999155,0.000845,,,,19,6,13,3.166667,0.000000,0,19,6,2,2,0.981941,0.650022,0.578947,0.833333
paper-32269-topk-1-depth-2,1,2,1,1,1.000000,0.999155,0.000845,,,,98,98,0,1.000000,0.031579,6,92,92,11,6,1.994805,1.358170,0.438776,0.693878
paper-32269-topk-3-depth-0,3,0,3,3,1.000000,0.983430,0.016570,0.000000,0.000000,0.000000,3,3,0,1.000000,0.500000,2,1,1,1,1,0.000000,0.000000,1.000000,1.000000
paper-32269-topk-3-depth-1,3,1,3,3,1.000000,0.983430,0.016570,0.000000,0.000000,0.000000,32,35,-3,0.914286,0.595238,25,7,10,3,5,1.226113,1.406643,0.593750,0.600000
paper-32269-topk-3-depth-2,3,2,3,3,1.000000,0.983430,0.016570,0.000000,0.000000,0.000000,277,381,-104,0.727034,0.412017,192,85,189,18,17,2.079540,2.022687,0.606498,0.640420
paper-32269-topk-5-depth-0,5,0,5,5,1.000000,0.978008,0.021992,0.000000,0.000000,0.000000,5,5,0,1.000000,0.250000,2,3,3,3,2,1.370951,0.721928,0.600000,0.800000
paper-32269-topk-5-depth-1,5,1,5,5,1.000000,0.978008,0.021992,0.000000,0.000000,0.000000,48,45,3,1.066667,0.409091,27,21,18,6,7,1.989728,1.917459,0.479167,0.533333
paper-32269-topk-5-depth-2,5,2,5,5,1.000000,0.978008,0.021992,0.000000,0.000000,0.000000,1707,471,1236,3.624204,0.127329,246,1461,225,24,20,2.074051,2.166751,0.567077,0.628450
paper-32269-topk-10-depth-0,10,0,10,10,1.000000,0.973262,0.026738,0.000000,0.008974,-0.008974,10,10,0,1.000000,0.052632,1,9,9,5,3,1.770951,1.156780,0.600000,0.700000
paper-32269-topk-10-depth-1,10,1,10,10,1.000000,0.973262,0.026738,0.000000,0.008974,-0.008974,74,81,-7,0.913580,0.174242,23,51,58,8,9,1.938291,2.172911,0.554054,0.530864
paper-32269-topk-10-depth-2,10,2,10,10,1.000000,0.973262,0.026738,0.000000,0.008974,-0.008974,1084,789,295,1.373891,0.175031,279,805,510,27,25,2.803896,2.821120,0.506458,0.477820
paper-159669-topk-1-depth-0,1,0,1,1,1.000000,0.999910,0.000090,,,,1,1,0,1.000000,0.000000,0,1,1,1,1,0.000000,0.000000,1.000000,1.000000
paper-159669-topk-1-depth-1,1,1,1,1,1.000000,0.999910,0.000090,,,,29,15,14,1.933333,0.047619,2,27,13,3,3,1.391453,1.521928,0.551724,0.400000
paper-159669-topk-1-depth-2,1,2,1,1,1.000000,0.999910,0.000090,,,,5029,28263,-23234,0.177936,0.143701,4183,846,24080,28,37,1.997708,2.314590,0.506463,0.506988
paper-159669-topk-3-depth-0,3,0,3,3,1.000000,0.989343,0.010657,0.008311,0.062389,-0.054078,3,3,0,1.000000,0.000000,0,3,3,2,2,0.918296,0.918296,0.666667,0.666667
paper-159669-topk-3-depth-1,3,1,3,3,1.000000,0.989343,0.010657,0.008311,0.062389,-0.054078,1150,161,989,7.142857,0.028235,36,1114,125,21,8,1.688614,1.693442,0.649565,0.447205
paper-159669-topk-3-depth-2,3,2,3,3,1.000000,0.989343,0.010657,0.008311,0.062389,-0.054078,36151,29609,6542,1.220946,0.781148,28840,7311,769,39,37,2.484413,2.320908,0.468535,0.504070
paper-159669-topk-5-depth-0,5,0,5,5,1.000000,0.983607,0.016393,0.003774,0.080399,-0.076625,5,5,0,1.000000,0.111111,1,4,4,1,2,0.000000,0.721928,1.000000,0.800000
paper-159669-topk-5-depth-1,5,1,5,5,1.000000,0.983607,0.016393,0.003774,0.080399,-0.076625,1189,214,975,5.556075,0.066109,87,1102,127,22,8,1.736107,1.676510,0.635828,0.443925
paper-159669-topk-5-depth-2,5,2,5,5,1.000000,0.983607,0.016393,0.003774,0.080399,-0.076625,38138,32141,5997,1.186584,0.809542,31441,6697,700,39,38,2.537508,2.325176,0.447139,0.505523
paper-159669-topk-10-depth-0,10,0,10,10,1.000000,0.977987,0.022013,0.004239,0.035735,-0.031496,10,10,0,1.000000,0.052632,1,9,9,3,3,1.295462,0.921928,0.600000,0.800000
paper-159669-topk-10-depth-1,10,1,10,10,1.000000,0.977987,0.022013,0.004239,0.035735,-0.031496,1324,1301,23,1.017679,0.739563,1116,208,185,24,22,1.728687,1.726527,0.598943,0.621829
paper-159669-topk-10-depth-2,10,2,10,10,1.000000,0.977987,0.022013,0.004239,0.035735,-0.031496,39614,37508,2106,1.056148,0.891497,36349,3265,1159,39,39,2.521062,2.463570,0.453198,0.471633
paper-56967-topk-1-depth-0,1,0,1,1,1.000000,0.999898,0.000102,,,,1,1,0,1.000000,1.000000,1,0,0,1,1,0.000000,0.000000,1.000000,1.000000
paper-56967-topk-1-depth-1,1,1,1,1,1.000000,0.999898,0.000102,,,,3,3,0,1.000000,1.000000,3,0,0,1,1,0.000000,0.000000,1.000000,1.000000
paper-56967-topk-1-depth-2,1,2,1,1,1.000000,0.999898,0.000102,,,,56,56,0,1.000000,1.000000,56,0,0,3,3,0.429181,0.429181,0.928571,0.928571
paper-56967-topk-3-depth-0,3,0,3,3,1.000000,0.984478,0.015522,0.000000,0.000000,0.000000,3,3,0,1.000000,0.200000,1,2,2,3,3,1.584963,1.584963,0.333333,0.333333
paper-56967-topk-3-depth-1,3,1,3,3,1.000000,0.984478,0.015522,0.000000,0.000000,0.000000,18,13,5,1.384615,0.107143,3,15,10,4,4,1.765247,1.826245,0.500000,0.384615
paper-56967-topk-3-depth-2,3,2,3,3,1.000000,0.984478,0.015522,0.000000,0.000000,0.000000,122,316,-194,0.386076,0.149606,57,65,259,9,22,2.081017,2.645994,0.434426,0.360759
paper-56967-topk-5-depth-0,5,0,5,5,1.000000,0.980925,0.019075,0.000000,0.000000,0.000000,5,5,0,1.000000,0.111111,1,4,4,3,3,1.370951,1.521928,0.600000,0.400000
paper-56967-topk-5-depth-1,5,1,5,5,1.000000,0.980925,0.019075,0.000000,0.000000,0.000000,23,23,0,1.000000,0.069767,3,20,20,4,3,1.564525,1.337778,0.608696,0.478261
paper-56967-topk-5-depth-2,5,2,5,5,1.000000,0.980925,0.019075,0.000000,0.000000,0.000000,232,818,-586,0.283619,0.057402,57,175,761,18,21,2.367451,1.951003,0.491379,0.536675
paper-56967-topk-10-depth-0,10,0,10,10,1.000000,0.975371,0.024629,0.000000,0.000000,0.000000,10,10,0,1.000000,0.000000,0,10,10,5,6,2.046439,2.321928,0.400000,0.400000
paper-56967-topk-10-depth-1,10,1,10,10,1.000000,0.975371,0.024629,0.000000,0.000000,0.000000,75,125,-50,0.600000,0.000000,0,75,125,13,15,2.479279,3.010658,0.453333,0.336000
paper-56967-topk-10-depth-2,10,2,10,10,1.000000,0.975371,0.024629,0.000000,0.000000,0.000000,7787,11051,-3264,0.704642,0.051991,931,6856,10120,35,37,2.969380,2.098387,0.291640,0.640756
paper-56808-topk-1-depth-0,1,0,1,1,1.000000,0.999897,0.000103,,,,1,1,0,1.000000,1.000000,1,0,0,1,1,0.000000,0.000000,1.000000,1.000000
paper-56808-topk-1-depth-1,1,1,1,1,1.000000,0.999897,0.000103,,,,5,5,0,1.000000,1.000000,5,0,0,2,2,0.721928,0.721928,0.800000,0.800000
paper-56808-topk-1-depth-2,1,2,1,1,1.000000,0.999897,0.000103,,,,23,23,0,1.000000,1.000000,23,0,0,2,2,0.258019,0.258019,0.956522,0.956522
paper-56808-topk-3-depth-0,3,0,3,3,1.000000,0.986023,0.013977,0.000000,0.133048,-0.133048,3,3,0,1.000000,0.000000,0,3,3,2,1,0.918296,0.000000,0.666667,1.000000
paper-56808-topk-3-depth-1,3,1,3,3,1.000000,0.986023,0.013977,0.000000,0.133048,-0.133048,33,14,19,2.357143,0.000000,0,33,14,6,2,1.750133,0.371232,0.575758,0.928571
paper-56808-topk-3-depth-2,3,2,3,3,1.000000,0.986023,0.013977,0.000000,0.133048,-0.133048,15655,327,15328,47.874618,0.005284,84,15571,243,38,14,2.691861,1.056654,0.333695,0.853211
paper-56808-topk-5-depth-0,5,0,5,5,1.000000,0.977997,0.022003,0.000000,0.039915,-0.039915,5,5,0,1.000000,0.000000,0,5,5,3,1,1.521928,0.000000,0.400000,1.000000
paper-56808-topk-5-depth-1,5,1,5,5,1.000000,0.977997,0.022003,0.000000,0.039915,-0.039915,44,33,11,1.333333,0.000000,0,44,33,7,4,2.092527,0.583584,0.454545,0.909091
paper-56808-topk-5-depth-2,5,2,5,5,1.000000,0.977997,0.022003,0.000000,0.039915,-0.039915,15713,675,15038,23.278519,0.007129,116,15597,559,38,21,2.706367,1.631258,0.332464,0.748148
paper-56808-topk-10-depth-0,10,0,10,10,1.000000,0.971024,0.028976,0.000000,0.008870,-0.008870,10,10,0,1.000000,0.000000,0,10,10,4,2,1.846439,0.881291,0.400000,0.700000
paper-56808-topk-10-depth-1,10,1,10,10,1.000000,0.971024,0.028976,0.000000,0.008870,-0.008870,111,171,-60,0.649123,0.014388,4,107,167,13,16,2.072374,2.085296,0.576577,0.567251
paper-56808-topk-10-depth-2,10,2,10,10,1.000000,0.971024,0.028976,0.000000,0.008870,-0.008870,16574,15576,998,1.064073,0.167859,4621,11953,10955,38,37,2.777393,2.338503,0.315373,0.526066
paper-142074-topk-1-depth-0,1,0,1,1,1.000000,0.998945,0.001055,,,,1,1,0,1.000000,0.000000,0,1,1,1,1,0.000000,0.000000,1.000000,1.000000
paper-142074-topk-1-depth-1,1,1,1,1,1.000000,0.998945,0.001055,,,,2,4,-2,0.500000,0.000000,0,2,4,1,1,0.000000,0.000000,1.000000,1.000000
paper-142074-topk-1-depth-2,1,2,1,1,1.000000,0.998945,0.001055,,,,3,20,-17,0.150000,0.000000,0,3,20,1,3,0.000000,0.747585,1.000000,0.850000
paper-142074-topk-3-depth-0,3,0,3,3,1.000000,0.981910,0.018090,0.000000,0.000000,0.000000,3,3,0,1.000000,0.200000,1,2,2,2,2,0.918296,0.918296,0.666667,0.666667
paper-142074-topk-3-depth-1,3,1,3,3,1.000000,0.981910,0.018090,0.000000,0.000000,0.000000,9,10,-1,0.900000,0.117647,2,7,8,3,4,1.351644,1.356780,0.555556,0.700000
paper-142074-topk-3-depth-2,3,2,3,3,1.000000,0.981910,0.018090,0.000000,0.000000,0.000000,49,40,9,1.225000,0.202703,15,34,25,11,8,2.773700,2.033206,0.408163,0.600000
paper-142074-topk-5-depth-0,5,0,5,5,1.000000,0.978341,0.021659,0.000000,0.000000,0.000000,5,5,0,1.000000,0.111111,1,4,4,2,3,0.970951,1.370951,0.600000,0.600000
paper-142074-topk-5-depth-1,5,1,5,5,1.000000,0.978341,0.021659,0.000000,0.000000,0.000000,16,21,-5,0.761905,0.057143,2,14,19,6,7,2.000000,2.262362,0.500000,0.476190
paper-142074-topk-5-depth-2,5,2,5,5,1.000000,0.978341,0.021659,0.000000,0.000000,0.000000,128,126,2,1.015873,0.067227,16,112,110,17,18,3.245737,3.310823,0.351562,0.269841
paper-142074-topk-10-depth-0,10,0,10,10,1.000000,0.974232,0.025768,0.000000,0.002469,-0.002469,10,10,0,1.000000,0.052632,1,9,9,8,6,2.846439,2.160964,0.300000,0.500000
paper-142074-topk-10-depth-1,10,1,10,10,1.000000,0.974232,0.025768,0.000000,0.002469,-0.002469,98,50,48,1.960000,0.020690,3,95,47,17,12,3.631600,2.879448,0.214286,0.380000
paper-142074-topk-10-depth-2,10,2,10,10,1.000000,0.974232,0.025768,0.000000,0.002469,-0.002469,9921,406,9515,24.435961,0.005550,57,9864,349,37,26,2.078083,3.538128,0.648624,0.221675
paper-66899-topk-1-depth-0,1,0,1,1,1.000000,0.939919,0.060081,,,,1,1,0,1.000000,0.000000,0,1,1,1,1,0.000000,0.000000,1.000000,1.000000
paper-66899-topk-1-depth-1,1,1,1,1,1.000000,0.939919,0.060081,,,,6,2,4,3.000000,0.000000,0,6,2,1,2,0.000000,1.000000,1.000000,0.500000
paper-66899-topk-1-depth-2,1,2,1,1,1.000000,0.939919,0.060081,,,,27,126,-99,0.214286,0.000000,0,27,126,3,18,0.455021,3.464914,0.925926,0.261905
paper-66899-topk-3-depth-0,3,0,3,3,1.000000,0.936975,0.063025,0.000000,0.000000,0.000000,3,3,0,1.000000,0.200000,1,2,2,3,2,1.584963,0.918296,0.333333,0.666667
paper-66899-topk-3-depth-1,3,1,3,3,1.000000,0.936975,0.063025,0.000000,0.000000,0.000000,11,7,4,1.571429,0.125000,2,9,5,4,3,1.980826,1.148835,0.272727,0.714286
paper-66899-topk-3-depth-2,3,2,3,3,1.000000,0.936975,0.063025,0.000000,0.000000,0.000000,75,186,-111,0.403226,0.165179,37,38,149,9,23,2.034024,3.631141,0.480000,0.225806
paper-66899-topk-5-depth-0,5,0,5,5,1.000000,0.935961,0.064039,0.000000,0.000000,0.000000,5,5,0,1.000000,0.111111,1,4,4,3,3,1.521928,1.370951,0.400000,0.600000
paper-66899-topk-5-depth-1,5,1,5,5,1.000000,0.935961,0.064039,0.000000,0.000000,0.000000,20,16,4,1.250000,0.058824,2,18,14,4,4,1.782229,1.702820,0.450000,0.500000
paper-66899-topk-5-depth-2,5,2,5,5,1.000000,0.935961,0.064039,0.000000,0.000000,0.000000,98,249,-151,0.393574,0.119355,37,61,212,7,23,1.902666,3.610940,0.387755,0.200803
paper-66899-topk-10-depth-0,10,0,10,10,1.000000,0.935624,0.064376,0.000000,0.000000,0.000000,10,10,0,1.000000,0.052632,1,9,9,6,4,2.446439,1.895462,0.300000,0.300000
paper-66899-topk-10-depth-1,10,1,10,10,1.000000,0.935624,0.064376,0.000000,0.000000,0.000000,35,39,-4,0.897436,0.042254,3,32,36,7,6,2.388900,2.077534,0.342857,0.384615
paper-66899-topk-10-depth-2,10,2,10,10,1.000000,0.935624,0.064376,0.000000,0.000000,0.000000,277,350,-73,0.791429,0.081034,47,230,303,22,25,3.330266,3.541146,0.212996,0.217143
paper-92449-topk-1-depth-0,1,0,1,1,1.000000,0.955637,0.044363,,,,1,1,0,1.000000,0.000000,0,1,1,1,1,0.000000,0.000000,1.000000,1.000000
paper-92449-topk-1-depth-1,1,1,1,1,1.000000,0.955637,0.044363,,,,14,31,-17,0.451613,0.046512,2,12,29,1,2,0.000000,0.345117,1.000000,0.935484
paper-92449-topk-1-depth-2,1,2,1,1,1.000000,0.955637,0.044363,,,,14933,14536,397,1.027312,0.795030,13052,1881,1484,32,34,1.723428,1.805336,0.674546,0.646946
paper-92449-topk-3-depth-0,3,0,3,3,1.000000,0.955079,0.044921,0.000000,0.006803,-0.006803,3,3,0,1.000000,0.000000,0,3,3,2,2,0.918296,0.918296,0.666667,0.666667
paper-92449-topk-3-depth-1,3,1,3,3,1.000000,0.955079,0.044921,0.000000,0.006803,-0.006803,24,90,-66,0.266667,0.000000,0,24,90,3,4,1.325011,1.463965,0.500000,0.555556
paper-92449-topk-3-depth-2,3,2,3,3,1.000000,0.955079,0.044921,0.000000,0.006803,-0.006803,9958,21927,-11969,0.454143,0.194150,5184,4774,16743,32,36,2.531978,2.203647,0.372163,0.500524
paper-92449-topk-5-depth-0,5,0,5,5,1.000000,0.953604,0.046396,0.000000,0.002740,-0.002740,5,5,0,1.000000,0.000000,0,5,5,3,3,1.521928,1.370951,0.400000,0.600000
paper-92449-topk-5-depth-1,5,1,5,5,1.000000,0.953604,0.046396,0.000000,0.002740,-0.002740,54,206,-152,0.262136,0.027668,7,47,199,3,8,1.486566,1.199163,0.481481,0.757282
paper-92449-topk-5-depth-2,5,2,5,5,1.000000,0.953604,0.046396,0.000000,0.002740,-0.002740,26081,26854,-773,0.971215,0.566495,19143,6938,7711,37,36,2.371634,2.181825,0.457613,0.541148
paper-92449-topk-10-depth-0,10,0,10,10,1.000000,0.957615,0.042385,0.000000,0.013955,-0.013955,10,10,0,1.000000,0.052632,1,9,9,5,4,2.170951,1.570951,0.300000,0.600000
paper-92449-topk-10-depth-1,10,1,10,10,1.000000,0.957615,0.042385,0.000000,0.013955,-0.013955,110,271,-161,0.405904,0.082386,29,81,242,11,10,2.217377,1.329650,0.436364,0.704797
paper-92449-topk-10-depth-2,10,2,10,10,1.000000,0.957615,0.042385,0.000000,0.013955,-0.013955,27561,32643,-5082,0.844316,0.476457,19428,8133,13215,37,37,2.554685,2.297122,0.420558,0.511840
paper-123678-topk-1-depth-0,1,0,1,1,1.000000,0.977211,0.022789,,,,1,1,0,1.000000,0.000000,0,1,1,1,1,0.000000,0.000000,1.000000,1.000000
paper-123678-topk-1-depth-1,1,1,1,1,1.000000,0.977211,0.022789,,,,124,12,112,10.333333,0.038168,5,119,7,8,4,1.446670,1.729574,0.709677,0.500000
paper-123678-topk-1-depth-2,1,2,1,1,1.000000,0.977211,0.022789,,,,18266,1284,16982,14.225857,0.042778,802,17464,482,36,29,2.444538,2.660778,0.429213,0.478193
paper-123678-topk-3-depth-0,3,0,3,3,1.000000,0.974864,0.025136,0.002604,0.064073,-0.061469,3,3,0,1.000000,0.200000,1,2,2,2,2,0.918296,0.918296,0.666667,0.666667
paper-123678-topk-3-depth-1,3,1,3,3,1.000000,0.974864,0.025136,0.002604,0.064073,-0.061469,138,31,107,4.451613,0.119205,18,120,13,8,4,1.443324,1.327146,0.702899,0.645161
paper-123678-topk-3-depth-2,3,2,3,3,1.000000,0.974864,0.025136,0.002604,0.064073,-0.061469,28883,22879,6004,1.262424,0.687213,21083,7800,1796,36,35,2.280840,1.950337,0.522176,0.630141
paper-123678-topk-5-depth-0,5,0,5,5,1.000000,0.973024,0.026976,0.002323,0.109563,-0.107240,5,5,0,1.000000,0.111111,1,4,4,1,2,0.000000,0.970951,1.000000,0.600000
paper-123678-topk-5-depth-1,5,1,5,5,1.000000,0.973024,0.026976,0.002323,0.109563,-0.107240,151,34,117,4.441176,0.121212,20,131,14,9,4,1.382043,1.262700,0.728477,0.676471
paper-123678-topk-5-depth-2,5,2,5,5,1.000000,0.973024,0.026976,0.002323,0.109563,-0.107240,30584,23668,6916,1.292209,0.681503,21988,8596,1680,37,35,2.259069,1.935002,0.526746,0.635330
paper-123678-topk-10-depth-0,10,0,10,10,1.000000,0.970861,0.029139,0.011526,0.077864,-0.066337,10,10,0,1.000000,0.000000,0,10,10,1,2,0.000000,0.970951,1.000000,0.600000
paper-123678-topk-10-depth-1,10,1,10,10,1.000000,0.970861,0.029139,0.011526,0.077864,-0.066337,124,166,-42,0.746988,0.128405,33,91,133,10,9,1.491404,1.462567,0.725806,0.698795
paper-123678-topk-10-depth-2,10,2,10,10,1.000000,0.970861,0.029139,0.011526,0.077864,-0.066337,35386,31915,3471,1.108758,0.802335,29960,5426,1955,37,36,2.386742,2.296788,0.490392,0.525458
paper-144856-topk-1-depth-0,1,0,1,1,1.000000,0.959258,0.040742,,,,1,1,0,1.000000,0.000000,0,1,1,1,1,0.000000,0.000000,1.000000,1.000000
paper-144856-topk-1-depth-1,1,1,1,1,1.000000,0.959258,0.040742,,,,4,19,-15,0.210526,0.045455,1,3,18,1,2,0.000000,0.485461,1.000000,0.894737
paper-144856-topk-1-depth-2,1,2,1,1,1.000000,0.959258,0.040742,,,,1448,16969,-15521,0.085332,0.025845,464,984,16505,20,36,1.342292,2.363217,0.776243,0.473687
paper-144856-topk-3-depth-0,3,0,3,3,1.000000,0.957931,0.042069,0.000000,0.033375,-0.033375,3,3,0,1.000000,0.000000,0,3,3,1,1,0.000000,0.000000,1.000000,1.000000
paper-144856-topk-3-depth-1,3,1,3,3,1.000000,0.957931,0.042069,0.000000,0.033375,-0.033375,22,48,-26,0.458333,0.029412,2,20,46,2,4,0.266765,1.052074,0.954545,0.729167
paper-144856-topk-3-depth-2,3,2,3,3,1.000000,0.957931,0.042069,0.000000,0.033375,-0.033375,11855,30931,-19076,0.383272,0.296781,9792,2063,21139,34,38,1.663538,2.324534,0.706959,0.510265
paper-144856-topk-5-depth-0,5,0,5,5,1.000000,0.957231,0.042769,0.000000,0.034507,-0.034507,5,5,0,1.000000,0.111111,1,4,4,2,1,0.721928,0.000000,0.800000,1.000000
paper-144856-topk-5-depth-1,5,1,5,5,1.000000,0.957231,0.042769,0.000000,0.034507,-0.034507,35,70,-35,0.500000,0.117021,11,24,59,5,4,1.472140,1.025691,0.457143,0.714286
paper-144856-topk-5-depth-2,5,2,5,5,1.000000,0.957231,0.042769,0.000000,0.034507,-0.034507,19408,31804,-12396,0.610238,0.572609,18647,761,13157,36,38,2.365274,2.317451,0.473001,0.511005
paper-144856-topk-10-depth-0,10,0,10,10,1.000000,0.956594,0.043406,0.000000,0.019050,-0.019050,10,10,0,1.000000,0.176471,3,7,7,2,1,0.468996,0.000000,0.900000,1.000000
paper-144856-topk-10-depth-1,10,1,10,10,1.000000,0.956594,0.043406,0.000000,0.019050,-0.019050,60,109,-49,0.550459,0.126667,19,41,90,6,4,1.475279,0.832637,0.666667,0.798165
paper-144856-topk-10-depth-2,10,2,10,10,1.000000,0.956594,0.043406,0.000000,0.019050,-0.019050,31010,34023,-3013,0.911442,0.787308,28647,2363,5376,36,38,2.323657,2.289507,0.512157,0.521677
paper-87969-topk-1-depth-0,1,0,1,1,1.000000,0.998538,0.001462,,,,1,1,0,1.000000,1.000000,1,0,0,1,1,0.000000,0.000000,1.000000,1.000000
paper-87969-topk-1-depth-1,1,1,1,1,1.000000,0.998538,0.001462,,,,2,2,0,1.000000,1.000000,2,0,0,2,2,1.000000,1.000000,0.500000,0.500000
paper-87969-topk-1-depth-2,1,2,1,1,1.000000,0.998538,0.001462,,,,9,9,0,1.000000,1.000000,9,0,0,3,3,1.224394,1.224394,0.666667,0.666667
paper-87969-topk-3-depth-0,3,0,3,3,1.000000,0.971190,0.028810,0.000000,0.000000,0.000000,3,3,0,1.000000,0.000000,0,3,3,3,3,1.584963,1.584963,0.333333,0.333333
paper-87969-topk-3-depth-1,3,1,3,3,1.000000,0.971190,0.028810,0.000000,0.000000,0.000000,12,35,-23,0.342857,0.000000,0,12,35,5,11,2.084963,3.019327,0.333333,0.285714
paper-87969-topk-3-depth-2,3,2,3,3,1.000000,0.971190,0.028810,0.000000,0.000000,0.000000,433,6753,-6320,0.064120,0.014828,105,328,6648,15,36,2.514605,2.984878,0.480370,0.294536
paper-87969-topk-5-depth-0,5,0,5,5,1.000000,0.964752,0.035248,0.000000,0.002326,-0.002326,5,5,0,1.000000,0.111111,1,4,4,4,5,1.921928,2.321928,0.400000,0.200000
paper-87969-topk-5-depth-1,5,1,5,5,1.000000,0.964752,0.035248,0.000000,0.002326,-0.002326,41,60,-19,0.683333,0.328947,25,16,35,11,13,3.119781,3.032645,0.243902,0.283333
paper-87969-topk-5-depth-2,5,2,5,5,1.000000,0.964752,0.035248,0.000000,0.002326,-0.002326,10823,7122,3701,1.519657,0.590023,6659,4164,463,37,36,2.843173,2.998679,0.297422,0.281101
paper-87969-topk-10-depth-0,10,0,10,10,1.000000,0.959715,0.040285,0.000000,0.001190,-0.001190,10,10,0,1.000000,0.052632,1,9,9,7,8,2.721928,2.921928,0.200000,0.200000
paper-87969-topk-10-depth-1,10,1,10,10,1.000000,0.959715,0.040285,0.000000,0.001190,-0.001190,68,89,-21,0.764045,0.189394,25,43,64,13,16,3.242726,3.355588,0.250000,0.224719
paper-87969-topk-10-depth-2,10,2,10,10,1.000000,0.959715,0.040285,0.000000,0.001190,-0.001190,12169,8460,3709,1.438416,0.516504,7026,5143,1434,38,36,2.831005,2.956861,0.274961,0.317258
paper-85416-topk-1-depth-0,1,0,1,1,1.000000,0.999875,0.000125,,,,1,1,0,1.000000,1.000000,1,0,0,1,1,0.000000,0.000000,1.000000,1.000000
paper-85416-topk-1-depth-1,1,1,1,1,1.000000,0.999875,0.000125,,,,3,3,0,1.000000,1.000000,3,0,0,1,1,0.000000,0.000000,1.000000,1.000000
paper-85416-topk-1-depth-2,1,2,1,1,1.000000,0.999875,0.000125,,,,48,48,0,1.000000,1.000000,48,0,0,3,3,1.187200,1.187200,0.562500,0.562500
paper-85416-topk-3-depth-0,3,0,3,3,1.000000,0.974494,0.025506,0.000000,0.000000,0.000000,3,3,0,1.000000,0.200000,1,2,2,2,2,0.918296,0.918296,0.666667,0.666667
paper-85416-topk-3-depth-1,3,1,3,3,1.000000,0.974494,0.025506,0.000000,0.000000,0.000000,9,25,-16,0.360000,0.096774,3,6,22,3,4,1.224394,1.383465,0.666667,0.640000
paper-85416-topk-3-depth-2,3,2,3,3,1.000000,0.974494,0.025506,0.000000,0.000000,0.000000,88,476,-388,0.184874,0.093023,48,40,428,6,14,1.678328,1.881303,0.568182,0.647059
paper-85416-topk-5-depth-0,5,0,5,5,1.000000,0.967152,0.032848,0.000000,0.000000,0.000000,5,5,0,1.000000,0.000000,0,5,5,3,3,1.370951,1.521928,0.600000,0.400000
paper-85416-topk-5-depth-1,5,1,5,5,1.000000,0.967152,0.032848,0.000000,0.000000,0.000000,47,30,17,1.566667,0.000000,0,47,30,3,6,1.422950,1.893345,0.446809,0.533333
paper-85416-topk-5-depth-2,5,2,5,5,1.000000,0.967152,0.032848,0.000000,0.000000,0.000000,1019,520,499,1.959615,0.015172,23,996,497,15,19,1.278629,2.167571,0.731109,0.594231
paper-85416-topk-10-depth-0,10,0,10,10,1.000000,0.960414,0.039586,0.000000,0.000000,0.000000,10,10,0,1.000000,0.052632,1,9,9,5,6,1.960964,2.321928,0.500000,0.400000
paper-85416-topk-10-depth-1,10,1,10,10,1.000000,0.960414,0.039586,0.000000,0.000000,0.000000,75,153,-78,0.490196,0.117647,24,51,129,11,13,2.733240,2.390094,0.280000,0.464052
paper-85416-topk-10-depth-2,10,2,10,10,1.000000,0.960414,0.039586,0.000000,0.000000,0.000000,1541,19221,-17680,0.080173,0.042269,842,699,18379,28,37,2.761811,2.126158,0.475016,0.608917
paper-118242-topk-1-depth-0,1,0,1,1,1.000000,0.934424,0.065576,,,,1,1,0,1.000000,0.000000,0,1,1,1,1,0.000000,0.000000,1.000000,1.000000
paper-118242-topk-1-depth-1,1,1,1,1,1.000000,0.934424,0.065576,,,,4,8,-4,0.500000,0.000000,0,4,8,1,2,0.000000,0.543564,1.000000,0.875000
paper-118242-topk-1-depth-2,1,2,1,1,1.000000,0.934424,0.065576,,,,33,5506,-5473,0.005993,0.000000,0,33,5506,4,30,1.113908,2.498379,0.757576,0.504177
paper-118242-topk-3-depth-0,3,0,3,3,1.000000,0.930766,0.069234,0.000000,0.000000,0.000000,3,3,0,1.000000,0.200000,1,2,2,3,2,1.584963,0.918296,0.333333,0.666667
paper-118242-topk-3-depth-1,3,1,3,3,1.000000,0.930766,0.069234,0.000000,0.000000,0.000000,14,28,-14,0.500000,0.235294,8,6,20,4,4,1.689392,1.222994,0.500000,0.678571
paper-118242-topk-3-depth-2,3,2,3,3,1.000000,0.930766,0.069234,0.000000,0.000000,0.000000,5555,16774,-11219,0.331167,0.327369,5507,48,11267,30,36,2.536170,2.309512,0.499730,0.526052
paper-118242-topk-5-depth-0,5,0,5,5,1.000000,0.934335,0.065665,0.000000,0.000000,0.000000,5,5,0,1.000000,0.000000,0,5,5,5,4,2.321928,1.921928,0.200000,0.400000
paper-118242-topk-5-depth-1,5,1,5,5,1.000000,0.934335,0.065665,0.000000,0.000000,0.000000,22,83,-61,0.265060,0.000000,0,22,83,7,7,2.401058,1.662868,0.409091,0.662651
paper-118242-topk-5-depth-2,5,2,5,5,1.000000,0.934335,0.065665,0.000000,0.000000,0.000000,202,18655,-18453,0.010828,0.000159,3,199,18652,20,36,3.389995,2.301423,0.242574,0.534763
paper-118242-topk-10-depth-0,10,0,10,10,1.000000,0.925463,0.074537,0.000000,0.001998,-0.001998,10,10,0,1.000000,0.052632,1,9,9,8,6,2.921928,2.321928,0.200000,0.400000
paper-118242-topk-10-depth-1,10,1,10,10,1.000000,0.925463,0.074537,0.000000,0.001998,-0.001998,54,190,-136,0.284211,0.020921,5,49,185,11,10,3.167804,1.527603,0.203704,0.747368
paper-118242-topk-10-depth-2,10,2,10,10,1.000000,0.925463,0.074537,0.000000,0.001998,-0.001998,628,23043,-22415,0.027253,0.003944,93,535,22950,27,38,3.053117,2.322925,0.461783,0.562427
paper-93637-topk-1-depth-0,1,0,1,1,1.000000,0.999905,0.000095,,,,1,1,0,1.000000,0.000000,0,1,1,1,1,0.000000,0.000000,1.000000,1.000000
paper-93637-topk-1-depth-1,1,1,1,1,1.000000,0.999905,0.000095,,,,30,7,23,4.285714,0.000000,0,30,7,2,1,0.353359,0.000000,0.933333,1.000000
paper-93637-topk-1-depth-2,1,2,1,1,1.000000,0.999905,0.000095,,,,17981,1467,16514,12.256987,0.053921,995,16986,472,36,20,2.552263,1.160256,0.304989,0.824813
paper-93637-topk-3-depth-0,3,0,3,3,1.000000,0.979221,0.020779,0.000000,0.023810,-0.023810,3,3,0,1.000000,0.000000,0,3,3,3,1,1.584963,0.000000,0.333333,1.000000
paper-93637-topk-3-depth-1,3,1,3,3,1.000000,0.979221,0.020779,0.000000,0.023810,-0.023810,50,32,18,1.562500,0.025000,2,48,30,6,5,1.571331,1.160897,0.660000,0.781250
paper-93637-topk-3-depth-2,3,2,3,3,1.000000,0.979221,0.020779,0.000000,0.023810,-0.023810,20214,11406,8808,1.772225,0.296327,7228,12986,4178,37,36,2.607655,2.383323,0.301029,0.525338
paper-93637-topk-5-depth-0,5,0,5,5,1.000000,0.973892,0.026108,0.000000,0.013025,-0.013025,5,5,0,1.000000,0.000000,0,5,5,3,2,1.521928,0.721928,0.400000,0.800000
paper-93637-topk-5-depth-1,5,1,5,5,1.000000,0.973892,0.026108,0.000000,0.013025,-0.013025,70,46,24,1.521739,0.045045,5,65,41,6,7,1.764139,1.382616,0.571429,0.739130
paper-93637-topk-5-depth-2,5,2,5,5,1.000000,0.973892,0.026108,0.000000,0.013025,-0.013025,21566,13805,7761,1.562188,0.370225,9557,12009,4248,37,37,2.594808,2.458297,0.314662,0.482869
paper-93637-topk-10-depth-0,10,0,10,10,1.000000,0.967811,0.032189,0.000000,0.003939,-0.003939,10,10,0,1.000000,0.000000,0,10,10,4,5,1.846439,1.960964,0.400000,0.500000
paper-93637-topk-10-depth-1,10,1,10,10,1.000000,0.967811,0.032189,0.000000,0.003939,-0.003939,113,164,-51,0.689024,0.018382,5,108,159,10,11,2.209068,2.039241,0.451327,0.512195
paper-93637-topk-10-depth-2,10,2,10,10,1.000000,0.967811,0.032189,0.000000,0.003939,-0.003939,19583,32456,-12873,0.603371,0.504235,17444,2139,15012,38,38,2.670290,2.596917,0.329265,0.373182
paper-77612-topk-1-depth-0,1,0,1,1,1.000000,0.999699,0.000301,,,,1,1,0,1.000000,0.000000,0,1,1,1,1,0.000000,0.000000,1.000000,1.000000
paper-77612-topk-1-depth-1,1,1,1,1,1.000000,0.999699,0.000301,,,,2,3,-1,0.666667,0.000000,0,2,3,2,1,1.000000,0.000000,0.500000,1.000000
paper-77612-topk-1-depth-2,1,2,1,1,1.000000,0.999699,0.000301,,,,4,9,-5,0.444444,0.000000,0,4,9,3,1,1.500000,0.000000,0.500000,1.000000
paper-77612-topk-3-depth-0,3,0,3,3,1.000000,0.983269,0.016731,0.000000,0.000000,0.000000,3,3,0,1.000000,0.000000,0,3,3,2,1,0.918296,0.000000,0.666667,1.000000
paper-77612-topk-3-depth-1,3,1,3,3,1.000000,0.983269,0.016731,0.000000,0.000000,0.000000,11,10,1,1.100000,0.000000,0,11,10,5,1,2.004886,0.000000,0.363636,1.000000
paper-77612-topk-3-depth-2,3,2,3,3,1.000000,0.983269,0.016731,0.000000,0.000000,0.000000,50,59,-9,0.847458,0.000000,0,50,59,11,5,2.654697,0.948393,0.420000,0.830508
paper-77612-topk-5-depth-0,5,0,5,5,1.000000,0.979349,0.020651,0.000000,0.000000,0.000000,5,5,0,1.000000,0.000000,0,5,5,3,2,1.370951,0.721928,0.600000,0.800000
paper-77612-topk-5-depth-1,5,1,5,5,1.000000,0.979349,0.020651,0.000000,0.000000,0.000000,22,187,-165,0.117647,0.000000,0,22,187,7,17,2.556054,2.543377,0.272727,0.481283
paper-77612-topk-5-depth-2,5,2,5,5,1.000000,0.979349,0.020651,0.000000,0.000000,0.000000,94,2970,-2876,0.031650,0.000980,3,91,2967,19,36,3.324099,2.907787,0.351064,0.433333
paper-77612-topk-10-depth-0,10,0,10,10,1.000000,0.976907,0.023093,0.000000,0.005556,-0.005556,10,10,0,1.000000,0.052632,1,9,9,6,3,2.160964,1.156780,0.500000,0.700000
paper-77612-topk-10-depth-1,10,1,10,10,1.000000,0.976907,0.023093,0.000000,0.005556,-0.005556,210,205,5,1.024390,0.707819,172,38,33,22,17,3.050734,2.603781,0.428571,0.443902
paper-77612-topk-10-depth-2,10,2,10,10,1.000000,0.976907,0.023093,0.000000,0.005556,-0.005556,3163,3100,63,1.020323,0.863434,2902,261,198,38,36,3.145003,2.952687,0.410370,0.416129
paper-111745-topk-1-depth-0,1,0,1,1,1.000000,0.996071,0.003929,,,,1,1,0,1.000000,0.000000,0,1,1,1,1,0.000000,0.000000,1.000000,1.000000
paper-111745-topk-1-depth-1,1,1,1,1,1.000000,0.996071,0.003929,,,,87,4,83,21.750000,0.000000,0,87,4,4,2,0.787439,1.000000,0.850575,0.500000
paper-111745-topk-1-depth-2,1,2,1,1,1.000000,0.996071,0.003929,,,,15991,15227,764,1.050174,0.349851,8091,7900,7136,32,32,1.546024,1.909823,0.748421,0.616405
paper-111745-topk-3-depth-0,3,0,3,3,1.000000,0.973183,0.026817,0.000000,0.012346,-0.012346,3,3,0,1.000000,0.000000,0,3,3,2,2,0.918296,0.918296,0.666667,0.666667
paper-111745-topk-3-depth-1,3,1,3,3,1.000000,0.973183,0.026817,0.000000,0.012346,-0.012346,18,84,-66,0.214286,0.000000,0,18,84,4,7,1.568318,1.894862,0.555556,0.523810
paper-111745-topk-3-depth-2,3,2,3,3,1.000000,0.973183,0.026817,0.000000,0.012346,-0.012346,66,31384,-31318,0.002103,0.000064,2,64,31382,9,38,2.107687,2.477059,0.484848,0.431016
paper-111745-topk-5-depth-0,5,0,5,5,1.000000,0.968242,0.031758,0.000000,0.003704,-0.003704,5,5,0,1.000000,0.111111,1,4,4,3,4,1.370951,1.921928,0.600000,0.400000
paper-111745-topk-5-depth-1,5,1,5,5,1.000000,0.968242,0.031758,0.000000,0.003704,-0.003704,32,91,-59,0.351648,0.025000,3,29,88,6,10,2.111295,2.232725,0.312500,0.483516
paper-111745-topk-5-depth-2,5,2,5,5,1.000000,0.968242,0.031758,0.000000,0.003704,-0.003704,656,31418,-30762,0.020880,0.007982,254,402,31164,25,38,2.052796,2.483645,0.673780,0.430549
paper-111745-topk-10-depth-0,10,0,10,10,1.000000,0.963563,0.036437,0.000000,0.001108,-0.001108,10,10,0,1.000000,0.052632,1,9,9,6,6,2.446439,2.521928,0.300000,0.200000
paper-111745-topk-10-depth-1,10,1,10,10,1.000000,0.963563,0.036437,0.000000,0.001108,-0.001108,69,216,-147,0.319444,0.010638,3,66,213,10,15,2.576098,2.368482,0.376812,0.430556
paper-111745-topk-10-depth-2,10,2,10,10,1.000000,0.963563,0.036437,0.000000,0.001108,-0.001108,4881,37523,-32642,0.130080,0.092633,3595,1286,33928,35,38,2.703759,2.457373,0.444991,0.459771
paper-165834-topk-1-depth-0,1,0,1,1,1.000000,0.997681,0.002319,,,,1,1,0,1.000000,0.000000,0,1,1,1,1,0.000000,0.000000,1.000000,1.000000
paper-165834-topk-1-depth-1,1,1,1,1,1.000000,0.997681,0.002319,,,,6,11,-5,0.545455,0.000000,0,6,11,3,3,1.459148,1.494919,0.500000,0.454545
paper-165834-topk-1-depth-2,1,2,1,1,1.000000,0.997681,0.002319,,,,32,379,-347,0.084433,0.000000,0,32,379,3,22,1.494350,2.419477,0.500000,0.509235
paper-165834-topk-3-depth-0,3,0,3,3,1.000000,0.977027,0.022973,0.000000,0.000000,0.000000,3,3,0,1.000000,0.000000,0,3,3,3,2,1.584963,0.918296,0.333333,0.666667
paper-165834-topk-3-depth-1,3,1,3,3,1.000000,0.977027,0.022973,0.000000,0.000000,0.000000,19,19,0,1.000000,0.000000,0,19,19,7,5,2.589518,2.164569,0.315789,0.263158
paper-165834-topk-3-depth-2,3,2,3,3,1.000000,0.977027,0.022973,0.000000,0.000000,0.000000,286,435,-149,0.657471,0.002782,2,284,433,18,24,1.977967,2.746089,0.692308,0.462069
paper-165834-topk-5-depth-0,5,0,5,5,1.000000,0.971276,0.028724,0.000000,0.000000,0.000000,5,5,0,1.000000,0.111111,1,4,4,4,3,1.921928,1.521928,0.400000,0.400000
paper-165834-topk-5-depth-1,5,1,5,5,1.000000,0.971276,0.028724,0.000000,0.000000,0.000000,53,27,26,1.962963,0.081081,6,47,21,8,6,2.023487,2.290245,0.584906,0.333333
paper-165834-topk-5-depth-2,5,2,5,5,1.000000,0.971276,0.028724,0.000000,0.000000,0.000000,556,497,59,1.118712,0.030333,31,525,466,20,26,2.209448,2.878085,0.447842,0.414487
paper-165834-topk-10-depth-0,10,0,10,10,1.000000,0.967542,0.032458,0.000000,0.000000,0.000000,10,10,0,1.000000,0.111111,2,8,8,9,7,3.121928,2.646439,0.200000,0.300000
paper-165834-topk-10-depth-1,10,1,10,10,1.000000,0.967542,0.032458,0.000000,0.000000,0.000000,75,63,12,1.190476,0.243243,27,48,36,12,10,3.173074,2.764740,0.266667,0.301587
paper-165834-topk-10-depth-2,10,2,10,10,1.000000,0.967542,0.032458,0.000000,0.000000,0.000000,16069,15688,381,1.024286,0.923035,15243,826,445,38,37,2.724647,2.587885,0.393988,0.399414
paper-21749-topk-1-depth-0,1,0,1,1,1.000000,0.997865,0.002135,,,,1,1,0,1.000000,0.000000,0,1,1,1,1,0.000000,0.000000,1.000000,1.000000
paper-21749-topk-1-depth-1,1,1,1,1,1.000000,0.997865,0.002135,,,,3,2,1,1.500000,0.000000,0,3,2,1,2,0.000000,1.000000,1.000000,0.500000
paper-21749-topk-1-depth-2,1,2,1,1,1.000000,0.997865,0.002135,,,,13,12,1,1.083333,0.000000,0,13,12,5,4,2.038160,1.418296,0.384615,0.666667
paper-21749-topk-3-depth-0,3,0,3,3,1.000000,0.980333,0.019667,0.000000,0.000000,0.000000,3,3,0,1.000000,0.200000,1,2,2,3,3,1.584963,1.584963,0.333333,0.333333
paper-21749-topk-3-depth-1,3,1,3,3,1.000000,0.980333,0.019667,0.000000,0.000000,0.000000,9,19,-10,0.473684,0.076923,2,7,17,6,5,2.281036,1.683240,0.444444,0.526316
paper-21749-topk-3-depth-2,3,2,3,3,1.000000,0.980333,0.019667,0.000000,0.000000,0.000000,34,109,-75,0.311927,0.091603,12,22,97,10,14,2.875688,1.900000,0.264706,0.651376
paper-21749-topk-5-depth-0,5,0,5,5,1.000000,0.975658,0.024342,0.000000,0.000000,0.000000,5,5,0,1.000000,0.000000,0,5,5,4,4,1.921928,1.921928,0.400000,0.400000
paper-21749-topk-5-depth-1,5,1,5,5,1.000000,0.975658,0.024342,0.000000,0.000000,0.000000,16,24,-8,0.666667,0.000000,0,16,24,6,6,2.352217,1.928771,0.312500,0.416667
paper-21749-topk-5-depth-2,5,2,5,5,1.000000,0.975658,0.024342,0.000000,0.000000,0.000000,248,118,130,2.101695,0.000000,0,248,118,12,15,1.670679,1.994147,0.697581,0.644068
paper-21749-topk-10-depth-0,10,0,10,10,1.000000,0.971689,0.028311,0.000000,0.001170,-0.001170,10,10,0,1.000000,0.052632,1,9,9,5,6,2.170951,2.446439,0.300000,0.300000
paper-21749-topk-10-depth-1,10,1,10,10,1.000000,0.971689,0.028311,0.000000,0.001170,-0.001170,41,70,-29,0.585714,0.018349,2,39,68,13,12,2.914996,2.402907,0.317073,0.514286
paper-21749-topk-10-depth-2,10,2,10,10,1.000000,0.971689,0.028311,0.000000,0.001170,-0.001170,558,377,181,1.480106,0.015201,14,544,363,21,24,2.227270,3.179030,0.632616,0.323607
paper-93440-topk-1-depth-0,1,0,1,1,1.000000,0.999334,0.000666,,,,1,1,0,1.000000,0.000000,0,1,1,1,1,0.000000,0.000000,1.000000,1.000000
paper-93440-topk-1-depth-1,1,1,1,1,1.000000,0.999334,0.000666,,,,2,10,-8,0.200000,0.000000,0,2,10,2,4,1.000000,1.721928,0.500000,0.400000
paper-93440-topk-1-depth-2,1,2,1,1,1.000000,0.999334,0.000666,,,,3,459,-456,0.006536,0.000000,0,3,459,2,18,0.918296,2.622686,0.666667,0.522876
paper-93440-topk-3-depth-0,3,0,3,3,1.000000,0.978740,0.021260,0.000000,0.000000,0.000000,3,3,0,1.000000,0.000000,0,3,3,2,2,0.918296,0.918296,0.666667,0.666667
paper-93440-topk-3-depth-1,3,1,3,3,1.000000,0.978740,0.021260,0.000000,0.000000,0.000000,7,22,-15,0.318182,0.000000,0,7,22,3,8,1.378783,2.521741,0.571429,0.272727
paper-93440-topk-3-depth-2,3,2,3,3,1.000000,0.978740,0.021260,0.000000,0.000000,0.000000,19,579,-560,0.032815,0.000000,0,19,579,7,27,2.292072,3.085644,0.368421,0.433506
paper-93440-topk-5-depth-0,5,0,5,5,1.000000,0.975152,0.024848,0.000000,0.000000,0.000000,5,5,0,1.000000,0.000000,0,5,5,4,4,1.921928,1.921928,0.400000,0.400000
paper-93440-topk-5-depth-1,5,1,5,5,1.000000,0.975152,0.024848,0.000000,0.000000,0.000000,23,32,-9,0.718750,0.000000,0,23,32,7,9,2.592850,2.792838,0.304348,0.250000
paper-93440-topk-5-depth-2,5,2,5,5,1.000000,0.975152,0.024848,0.000000,0.000000,0.000000,16821,826,15995,20.364407,0.003355,59,16762,767,37,32,2.609328,3.570906,0.320195,0.331719
paper-93440-topk-10-depth-0,10,0,10,10,1.000000,0.970324,0.029676,0.000000,0.000000,0.000000,10,10,0,1.000000,0.000000,0,10,10,6,7,2.521928,2.521928,0.200000,0.400000
paper-93440-topk-10-depth-1,10,1,10,10,1.000000,0.970324,0.029676,0.000000,0.000000,0.000000,51,74,-23,0.689189,0.008065,1,50,73,12,16,3.034420,3.423263,0.274510,0.216216
paper-93440-topk-10-depth-2,10,2,10,10,1.000000,0.970324,0.029676,0.000000,0.000000,0.000000,17021,19857,-2836,0.857179,0.194971,6017,11004,13840,37,38,2.652782,2.172087,0.317784,0.587954
paper-37777-topk-1-depth-0,1,0,1,1,1.000000,0.999223,0.000777,,,,1,1,0,1.000000,0.000000,0,1,1,1,1,0.000000,0.000000,1.000000,1.000000
paper-37777-topk-1-depth-1,1,1,1,1,1.000000,0.999223,0.000777,,,,3,6,-3,0.500000,0.000000,0,3,6,1,2,0.000000,0.650022,1.000000,0.833333
paper-37777-topk-1-depth-2,1,2,1,1,1.000000,0.999223,0.000777,,,,6,74,-68,0.081081,0.000000,0,6,74,3,8,1.251629,1.156437,0.666667,0.810811
paper-37777-topk-3-depth-0,3,0,3,3,1.000000,0.979725,0.020275,0.000000,0.000000,0.000000,3,3,0,1.000000,0.200000,1,2,2,3,2,1.584963,0.918296,0.333333,0.666667
paper-37777-topk-3-depth-1,3,1,3,3,1.000000,0.979725,0.020275,0.000000,0.000000,0.000000,11,17,-6,0.647059,0.120000,3,8,14,5,5,2.162644,2.133387,0.272727,0.294118
paper-37777-topk-3-depth-2,3,2,3,3,1.000000,0.979725,0.020275,0.000000,0.000000,0.000000,76,97,-21,0.783505,0.035928,6,70,91,14,10,3.052710,1.818102,0.289474,0.649485
paper-37777-topk-5-depth-0,5,0,5,5,1.000000,0.975021,0.024979,0.000000,0.000000,0.000000,5,5,0,1.000000,0.111111,1,4,4,4,4,1.921928,1.921928,0.400000,0.400000
paper-37777-topk-5-depth-1,5,1,5,5,1.000000,0.975021,0.024979,0.000000,0.000000,0.000000,34,45,-11,0.755556,0.053333,4,30,41,9,11,2.828264,3.221742,0.235294,0.200000
paper-37777-topk-5-depth-2,5,2,5,5,1.000000,0.975021,0.024979,0.000000,0.000000,0.000000,14382,2981,11401,4.824556,0.113798,1774,12608,1207,37,32,2.025270,1.972816,0.589000,0.622945
paper-37777-topk-10-depth-0,10,0,10,10,1.000000,0.971019,0.028981,0.000000,0.000000,0.000000,10,10,0,1.000000,0.111111,2,8,8,7,6,2.646439,2.521928,0.300000,0.200000
paper-37777-topk-10-depth-1,10,1,10,10,1.000000,0.971019,0.028981,0.000000,0.000000,0.000000,99,61,38,1.622951,0.066667,10,89,51,19,13,3.612848,3.374941,0.171717,0.163934
paper-37777-topk-10-depth-2,10,2,10,10,1.000000,0.971019,0.028981,0.000000,0.000000,0.000000,14984,3051,11933,4.911177,0.114235,1849,13135,1202,39,32,2.247663,2.072386,0.565737,0.608653
paper-62155-topk-1-depth-0,1,0,1,1,1.000000,0.999429,0.000571,,,,1,1,0,1.000000,0.000000,0,1,1,1,1,0.000000,0.000000,1.000000,1.000000
paper-62155-topk-1-depth-1,1,1,1,1,1.000000,0.999429,0.000571,,,,19,4,15,4.750000,0.000000,0,19,4,2,2,0.899744,0.811278,0.684211,0.750000
paper-62155-topk-1-depth-2,1,2,1,1,1.000000,0.999429,0.000571,,,,13667,125,13542,109.336000,0.000290,4,13663,121,36,12,2.552691,2.192259,0.362479,0.512000
paper-62155-topk-3-depth-0,3,0,3,3,1.000000,0.970398,0.029602,0.000000,0.000000,0.000000,3,3,0,1.000000,0.000000,0,3,3,1,2,0.000000,0.918296,1.000000,0.666667
paper-62155-topk-3-depth-1,3,1,3,3,1.000000,0.970398,0.029602,0.000000,0.000000,0.000000,24,38,-14,0.631579,0.000000,0,24,38,3,3,1.099484,1.252760,0.666667,0.605263
paper-62155-topk-3-depth-2,3,2,3,3,1.000000,0.970398,0.029602,0.000000,0.000000,0.000000,13733,8505,5228,1.614697,0.142754,2778,10955,5727,37,34,2.564280,2.138774,0.361247,0.543327
paper-62155-topk-5-depth-0,5,0,5,5,1.000000,0.967237,0.032763,0.000000,0.000000,0.000000,5,5,0,1.000000,0.000000,0,5,5,2,2,0.721928,0.721928,0.800000,0.800000
paper-62155-topk-5-depth-1,5,1,5,5,1.000000,0.967237,0.032763,0.000000,0.000000,0.000000,43,45,-2,0.955556,0.011494,1,42,44,6,4,1.958604,1.299500,0.488372,0.644444
paper-62155-topk-5-depth-2,5,2,5,5,1.000000,0.967237,0.032763,0.000000,0.000000,0.000000,14453,8706,5747,1.660119,0.141231,2866,11587,5840,39,35,2.692023,2.160194,0.349962,0.536067
paper-62155-topk-10-depth-0,10,0,10,10,1.000000,0.962188,0.037812,0.000000,0.008148,-0.008148,10,10,0,1.000000,0.111111,2,8,8,4,2,1.570951,0.468996,0.600000,0.900000
paper-62155-topk-10-depth-1,10,1,10,10,1.000000,0.962188,0.037812,0.000000,0.008148,-0.008148,83,125,-42,0.664000,0.333333,52,31,73,7,10,1.920156,1.791236,0.493976,0.560000
paper-62155-topk-10-depth-2,10,2,10,10,1.000000,0.962188,0.037812,0.000000,0.008148,-0.008148,19821,25154,-5333,0.787986,0.750204,19278,543,5876,38,38,2.549633,2.453385,0.418445,0.462392
paper-169316-topk-1-depth-0,1,0,1,1,1.000000,0.964984,0.035016,,,,1,1,0,1.000000,1.000000,1,0,0,1,1,0.000000,0.000000,1.000000,1.000000
paper-169316-topk-1-depth-1,1,1,1,1,1.000000,0.964984,0.035016,,,,2,2,0,1.000000,1.000000,2,0,0,1,1,0.000000,0.000000,1.000000,1.000000
paper-169316-topk-1-depth-2,1,2,1,1,1.000000,0.964984,0.035016,,,,9,9,0,1.000000,1.000000,9,0,0,3,3,0.986427,0.986427,0.777778,0.777778
paper-169316-topk-3-depth-0,3,0,3,3,1.000000,0.962934,0.037066,0.000000,0.000000,0.000000,3,3,0,1.000000,0.000000,0,3,3,3,1,1.584963,0.000000,0.333333,1.000000
paper-169316-topk-3-depth-1,3,1,3,3,1.000000,0.962934,0.037066,0.000000,0.000000,0.000000,15,18,-3,0.833333,0.000000,0,15,18,4,3,1.604936,0.944489,0.600000,0.777778
paper-169316-topk-3-depth-2,3,2,3,3,1.000000,0.962934,0.037066,0.000000,0.000000,0.000000,715,282,433,2.535461,0.000000,0,715,282,22,19,1.914596,2.440422,0.650350,0.457447
paper-169316-topk-5-depth-0,5,0,5,5,1.000000,0.960923,0.039077,0.000000,0.000000,0.000000,5,5,0,1.000000,0.111111,1,4,4,4,2,1.921928,0.721928,0.400000,0.800000
paper-169316-topk-5-depth-1,5,1,5,5,1.000000,0.960923,0.039077,0.000000,0.000000,0.000000,19,25,-6,0.760000,0.047619,2,17,23,5,5,2.009542,1.371315,0.473684,0.720000
paper-169316-topk-5-depth-2,5,2,5,5,1.000000,0.960923,0.039077,0.000000,0.000000,0.000000,727,799,-72,0.909887,0.005933,9,718,790,22,30,1.972289,3.140792,0.640990,0.297872
paper-169316-topk-10-depth-0,10,0,10,10,1.000000,0.960228,0.039772,0.000000,0.000000,0.000000,10,10,0,1.000000,0.052632,1,9,9,5,4,1.960964,1.356780,0.500000,0.700000
paper-169316-topk-10-depth-1,10,1,10,10,1.000000,0.960228,0.039772,0.000000,0.000000,0.000000,79,60,19,1.316667,0.045113,6,73,54,11,10,2.373024,2.248810,0.544304,0.483333
paper-169316-topk-10-depth-2,10,2,10,10,1.000000,0.960228,0.039772,0.000000,0.000000,0.000000,17115,1045,16070,16.377990,0.012489,224,16891,821,38,30,2.795205,3.447793,0.305171,0.275598
paper-131473-topk-1-depth-0,1,0,1,1,1.000000,0.999901,0.000099,,,,1,1,0,1.000000,0.000000,0,1,1,1,1,0.000000,0.000000,1.000000,1.000000
paper-131473-topk-1-depth-1,1,1,1,1,1.000000,0.999901,0.000099,,,,10,3,7,3.333333,0.000000,0,10,3,1,2,0.000000,0.918296,1.000000,0.666667
paper-131473-topk-1-depth-2,1,2,1,1,1.000000,0.999901,0.000099,,,,107,251,-144,0.426295,0.000000,0,107,251,6,21,1.149782,2.887793,0.803738,0.430279
paper-131473-topk-3-depth-0,3,0,3,3,1.000000,0.986362,0.013638,0.000000,0.066667,-0.066667,3,3,0,1.000000,0.000000,0,3,3,2,2,0.918296,0.918296,0.666667,0.666667
paper-131473-topk-3-depth-1,3,1,3,3,1.000000,0.986362,0.013638,0.000000,0.066667,-0.066667,43,11,32,3.909091,0.000000,0,43,11,8,4,1.948384,1.685816,0.558140,0.545455
paper-131473-topk-3-depth-2,3,2,3,3,1.000000,0.986362,0.013638,0.000000,0.066667,-0.066667,1139,424,715,2.686321,0.014276,22,1117,402,28,26,2.872848,3.127296,0.321335,0.365566
paper-131473-topk-5-depth-0,5,0,5,5,1.000000,0.981071,0.018929,0.000000,0.020000,-0.020000,5,5,0,1.000000,0.000000,0,5,5,4,3,1.921928,1.521928,0.400000,0.400000
paper-131473-topk-5-depth-1,5,1,5,5,1.000000,0.981071,0.018929,0.000000,0.020000,-0.020000,70,28,42,2.500000,0.000000,0,70,28,9,4,2.455578,1.397872,0.414286,0.678571
paper-131473-topk-5-depth-2,5,2,5,5,1.000000,0.981071,0.018929,0.000000,0.020000,-0.020000,1383,629,754,2.198728,0.015136,30,1353,599,29,26,2.979630,2.864198,0.290672,0.468998
paper-131473-topk-10-depth-0,10,0,10,10,1.000000,0.976386,0.023614,0.000000,0.006032,-0.006032,10,10,0,1.000000,0.052632,1,9,9,6,4,2.446439,1.895462,0.300000,0.300000
paper-131473-topk-10-depth-1,10,1,10,10,1.000000,0.976386,0.023614,0.000000,0.006032,-0.006032,160,87,73,1.839080,0.033473,8,152,79,10,7,2.437736,1.903364,0.300000,0.563218
paper-131473-topk-10-depth-2,10,2,10,10,1.000000,0.976386,0.023614,0.000000,0.006032,-0.006032,2530,1196,1334,2.115385,0.114234,382,2148,814,31,29,2.983319,2.820312,0.283399,0.480769
paper-145212-topk-1-depth-0,1,0,1,1,1.000000,0.998129,0.001871,,,,1,1,0,1.000000,0.000000,0,1,1,1,1,0.000000,0.000000,1.000000,1.000000
paper-145212-topk-1-depth-1,1,1,1,1,1.000000,0.998129,0.001871,,,,4,4,0,1.000000,0.000000,0,4,4,3,1,1.500000,0.000000,0.500000,1.000000
paper-145212-topk-1-depth-2,1,2,1,1,1.000000,0.998129,0.001871,,,,21,11,10,1.909091,0.066667,2,19,9,8,2,2.548077,0.439497,0.285714,0.909091
paper-145212-topk-3-depth-0,3,0,3,3,1.000000,0.978331,0.021669,0.000000,0.000000,0.000000,3,3,0,1.000000,0.200000,1,2,2,1,1,0.000000,0.000000,1.000000,1.000000
paper-145212-topk-3-depth-1,3,1,3,3,1.000000,0.978331,0.021669,0.000000,0.000000,0.000000,22,14,8,1.571429,0.161290,5,17,9,7,6,2.205622,1.769546,0.454545,0.642857
paper-145212-topk-3-depth-2,3,2,3,3,1.000000,0.978331,0.021669,0.000000,0.000000,0.000000,347,273,74,1.271062,0.581633,228,119,45,27,27,3.427957,3.626345,0.230548,0.164835
paper-145212-topk-5-depth-0,5,0,5,5,1.000000,0.972436,0.027564,0.000000,0.011111,-0.011111,5,5,0,1.000000,0.111111,1,4,4,2,1,0.721928,0.000000,0.800000,1.000000
paper-145212-topk-5-depth-1,5,1,5,5,1.000000,0.972436,0.027564,0.000000,0.011111,-0.011111,20,21,-1,0.952381,0.138889,5,15,16,6,7,1.981496,1.601681,0.550000,0.714286
paper-145212-topk-5-depth-2,5,2,5,5,1.000000,0.972436,0.027564,0.000000,0.011111,-0.011111,341,286,55,1.192308,0.571429,228,113,58,28,27,3.539958,3.615118,0.178886,0.160839
paper-145212-topk-10-depth-0,10,0,10,10,1.000000,0.966468,0.033532,0.000000,0.002469,-0.002469,10,10,0,1.000000,0.111111,2,8,8,5,4,1.960964,1.356780,0.500000,0.700000
paper-145212-topk-10-depth-1,10,1,10,10,1.000000,0.966468,0.033532,0.000000,0.002469,-0.002469,47,35,12,1.342857,0.093333,7,40,28,15,13,3.320555,2.722376,0.276596,0.485714
paper-145212-topk-10-depth-2,10,2,10,10,1.000000,0.966468,0.033532,0.000000,0.002469,-0.002469,2479,1193,1286,2.077955,0.082228,279,2200,914,31,33,3.082788,3.167478,0.439693,0.432523
paper-39511-topk-1-depth-0,1,0,1,1,1.000000,0.999309,0.000691,,,,1,1,0,1.000000,0.000000,0,1,1,1,1,0.000000,0.000000,1.000000,1.000000
paper-39511-topk-1-depth-1,1,1,1,1,1.000000,0.999309,0.000691,,,,8,16,-8,0.500000,0.000000,0,8,16,1,1,0.000000,0.000000,1.000000,1.000000
paper-39511-topk-1-depth-2,1,2,1,1,1.000000,0.999309,0.000691,,,,348,18490,-18142,0.018821,0.014268,265,83,18225,10,34,0.743524,1.747316,0.876437,0.679502
paper-39511-topk-3-depth-0,3,0,3,3,1.000000,0.974192,0.025808,0.000000,0.000000,0.000000,3,3,0,1.000000,0.000000,0,3,3,1,1,0.000000,0.000000,1.000000,1.000000
paper-39511-topk-3-depth-1,3,1,3,3,1.000000,0.974192,0.025808,0.000000,0.000000,0.000000,27,37,-10,0.729730,0.066667,4,23,33,2,5,0.228538,0.950532,0.962963,0.837838
paper-39511-topk-3-depth-2,3,2,3,3,1.000000,0.974192,0.025808,0.000000,0.000000,0.000000,18170,18692,-522,0.972074,0.881578,17271,899,1421,34,34,1.800495,1.779048,0.662576,0.676760
paper-39511-topk-5-depth-0,5,0,5,5,1.000000,0.968708,0.031292,0.000000,0.007143,-0.007143,5,5,0,1.000000,0.000000,0,5,5,2,1,0.721928,0.000000,0.800000,1.000000
paper-39511-topk-5-depth-1,5,1,5,5,1.000000,0.968708,0.031292,0.000000,0.007143,-0.007143,43,59,-16,0.728814,0.085106,8,35,51,5,6,1.147781,0.790730,0.767442,0.881356
paper-39511-topk-5-depth-2,5,2,5,5,1.000000,0.968708,0.031292,0.000000,0.007143,-0.007143,27510,20460,7050,1.344575,0.653397,18957,8553,1503,36,34,2.255063,1.744506,0.530789,0.688270
paper-39511-topk-10-depth-0,10,0,10,10,1.000000,0.963465,0.036535,0.000000,0.007812,-0.007812,10,10,0,1.000000,0.052632,1,9,9,5,2,1.960964,0.468996,0.500000,0.900000
paper-39511-topk-10-depth-1,10,1,10,10,1.000000,0.963465,0.036535,0.000000,0.007812,-0.007812,103,93,10,1.107527,0.101124,18,85,75,8,7,2.323724,0.763586,0.378641,0.892473
paper-39511-topk-10-depth-2,10,2,10,10,1.000000,0.963465,0.036535,0.000000,0.007812,-0.007812,28297,20827,7470,1.358669,0.641955,19206,9091,1621,37,34,2.286599,1.747583,0.523024,0.687473
paper-147541-topk-1-depth-0,1,0,1,1,1.000000,0.948790,0.051210,,,,1,1,0,1.000000,0.000000,0,1,1,1,1,0.000000,0.000000,1.000000,1.000000
paper-147541-topk-1-depth-1,1,1,1,1,1.000000,0.948790,0.051210,,,,2,15,-13,0.133333,0.000000,0,2,15,2,4,1.000000,1.889246,0.500000,0.400000
paper-147541-topk-1-depth-2,1,2,1,1,1.000000,0.948790,0.051210,,,,3,6165,-6162,0.000487,0.000000,0,3,6165,2,30,0.918296,2.627443,0.666667,0.451095
paper-147541-topk-3-depth-0,3,0,3,3,1.000000,0.967470,0.032530,0.000000,0.000000,0.000000,3,3,0,1.000000,0.000000,0,3,3,2,2,0.918296,0.918296,0.666667,0.666667
paper-147541-topk-3-depth-1,3,1,3,3,1.000000,0.967470,0.032530,0.000000,0.000000,0.000000,14,28,-14,0.500000,0.000000,0,14,28,5,9,1.870254,2.707570,0.428571,0.321429
paper-147541-topk-3-depth-2,3,2,3,3,1.000000,0.967470,0.032530,0.000000,0.000000,0.000000,84,6285,-6201,0.013365,0.000943,6,78,6279,12,33,2.739028,2.722556,0.345238,0.442482
paper-147541-topk-5-depth-0,5,0,5,5,1.000000,0.962122,0.037878,0.000000,0.000000,0.000000,5,5,0,1.000000,0.111111,1,4,4,2,2,0.970951,0.970951,0.600000,0.600000
paper-147541-topk-5-depth-1,5,1,5,5,1.000000,0.962122,0.037878,0.000000,0.000000,0.000000,28,26,2,1.076923,0.227273,10,18,16,7,6,1.941111,1.773011,0.535714,0.576923
paper-147541-topk-5-depth-2,5,2,5,5,1.000000,0.962122,0.037878,0.000000,0.000000,0.000000,194,175,19,1.108571,0.397727,105,89,70,15,13,2.443996,2.267225,0.546392,0.520000
paper-147541-topk-10-depth-0,10,0,10,10,1.000000,0.955341,0.044659,0.000000,0.001235,-0.001235,10,10,0,1.000000,0.176471,3,7,7,4,5,1.570951,2.046439,0.600000,0.400000
paper-147541-topk-10-depth-1,10,1,10,10,1.000000,0.955341,0.044659,0.000000,0.001235,-0.001235,39,76,-37,0.513158,0.173469,17,22,59,9,11,2.533289,2.838052,0.384615,0.263158
paper-147541-topk-10-depth-2,10,2,10,10,1.000000,0.955341,0.044659,0.000000,0.001235,-0.001235,234,7471,-7237,0.031321,0.017296,131,103,7340,16,36,2.798009,2.857095,0.452991,0.410655
paper-65914-topk-1-depth-0,1,0,1,1,1.000000,0.998489,0.001511,,,,1,1,0,1.000000,0.000000,0,1,1,1,1,0.000000,0.000000,1.000000,1.000000
paper-65914-topk-1-depth-1,1,1,1,1,1.000000,0.998489,0.001511,,,,4,10,-6,0.400000,0.000000,0,4,10,1,2,0.000000,0.721928,1.000000,0.800000
paper-65914-topk-1-depth-2,1,2,1,1,1.000000,0.998489,0.001511,,,,9,1058,-1049,0.008507,0.000000,0,9,1058,1,22,0.000000,2.275079,1.000000,0.400756
paper-65914-topk-3-depth-0,3,0,3,3,1.000000,0.979471,0.020529,0.000000,0.000000,0.000000,3,3,0,1.000000,0.000000,0,3,3,3,2,1.584963,0.918296,0.333333,0.666667
paper-65914-topk-3-depth-1,3,1,3,3,1.000000,0.979471,0.020529,0.000000,0.000000,0.000000,17,40,-23,0.425000,0.000000,0,17,40,5,3,2.116300,0.991760,0.352941,0.750000
paper-65914-topk-3-depth-2,3,2,3,3,1.000000,0.979471,0.020529,0.000000,0.000000,0.000000,2211,3944,-1733,0.560598,0.025662,154,2057,3790,26,31,2.197443,2.197035,0.490276,0.445487
paper-65914-topk-5-depth-0,5,0,5,5,1.000000,0.975736,0.024264,0.000000,0.000000,0.000000,5,5,0,1.000000,0.111111,1,4,4,4,3,1.921928,1.521928,0.400000,0.400000
paper-65914-topk-5-depth-1,5,1,5,5,1.000000,0.975736,0.024264,0.000000,0.000000,0.000000,31,58,-27,0.534483,0.126582,10,21,48,5,4,1.756185,1.439364,0.548387,0.603448
paper-65914-topk-5-depth-2,5,2,5,5,1.000000,0.975736,0.024264,0.000000,0.000000,0.000000,3317,17655,-14338,0.187879,0.108750,2057,1260,15598,29,37,2.159284,2.522662,0.552005,0.338771
paper-65914-topk-10-depth-0,10,0,10,10,1.000000,0.971823,0.028177,0.000000,0.002180,-0.002180,10,10,0,1.000000,0.052632,1,9,9,6,8,2.321928,2.921928,0.400000,0.200000
paper-65914-topk-10-depth-1,10,1,10,10,1.000000,0.971823,0.028177,0.000000,0.002180,-0.002180,60,98,-38,0.612245,0.074830,11,49,87,10,12,2.486658,2.511937,0.350000,0.438776
paper-65914-topk-10-depth-2,10,2,10,10,1.000000,0.971823,0.028177,0.000000,0.002180,-0.002180,4086,23053,-18967,0.177244,0.119272,2892,1194,20161,32,38,2.541323,2.548029,0.476995,0.360994
paper-40243-topk-1-depth-0,1,0,1,1,1.000000,0.999897,0.000103,,,,1,1,0,1.000000,1.000000,1,0,0,1,1,0.000000,0.000000,1.000000,1.000000
paper-40243-topk-1-depth-1,1,1,1,1,1.000000,0.999897,0.000103,,,,3,3,0,1.000000,1.000000,3,0,0,1,1,0.000000,0.000000,1.000000,1.000000
paper-40243-topk-1-depth-2,1,2,1,1,1.000000,0.999897,0.000103,,,,959,959,0,1.000000,1.000000,959,0,0,15,15,0.874155,0.874155,0.864442,0.864442
paper-40243-topk-3-depth-0,3,0,3,3,1.000000,0.987898,0.012102,0.000000,0.000000,0.000000,3,3,0,1.000000,0.500000,2,1,1,2,1,0.918296,0.000000,0.666667,1.000000
paper-40243-topk-3-depth-1,3,1,3,3,1.000000,0.987898,0.012102,0.000000,0.000000,0.000000,28,14,14,2.000000,0.400000,12,16,2,7,2,2.115989,0.371232,0.535714,0.928571
paper-40243-topk-3-depth-2,3,2,3,3,1.000000,0.987898,0.012102,0.000000,0.000000,0.000000,21262,21578,-316,0.985355,0.928600,20627,635,951,35,35,1.901876,1.835837,0.647681,0.666280
paper-40243-topk-5-depth-0,5,0,5,5,1.000000,0.984768,0.015232,0.000000,0.005882,-0.005882,5,5,0,1.000000,0.250000,2,3,3,1,1,0.000000,0.000000,1.000000,1.000000
paper-40243-topk-5-depth-1,5,1,5,5,1.000000,0.984768,0.015232,0.000000,0.005882,-0.005882,51,46,5,1.108696,0.102273,9,42,37,3,2,0.712016,0.151097,0.843137,0.978261
paper-40243-topk-5-depth-2,5,2,5,5,1.000000,0.984768,0.015232,0.000000,0.005882,-0.005882,20572,23447,-2875,0.877383,0.713468,18329,2243,5118,35,35,1.774837,1.851913,0.669551,0.662814
paper-40243-topk-10-depth-0,10,0,10,10,1.000000,0.982015,0.017985,0.000000,0.011718,-0.011718,10,10,0,1.000000,0.111111,2,8,8,4,2,1.356780,0.468996,0.700000,0.900000
paper-40243-topk-10-depth-1,10,1,10,10,1.000000,0.982015,0.017985,0.000000,0.011718,-0.011718,115,313,-198,0.367412,0.041363,17,98,296,8,11,1.641733,0.839228,0.626087,0.881789
paper-40243-topk-10-depth-2,10,2,10,10,1.000000,0.982015,0.017985,0.000000,0.011718,-0.011718,34883,26976,7907,1.293112,0.594633,23067,11816,3909,39,36,2.422895,1.941764,0.470860,0.643127
paper-93415-topk-1-depth-0,1,0,1,1,1.000000,0.999888,0.000112,,,,1,1,0,1.000000,0.000000,0,1,1,1,1,0.000000,0.000000,1.000000,1.000000
paper-93415-topk-1-depth-1,1,1,1,1,1.000000,0.999888,0.000112,,,,4,6,-2,0.666667,0.000000,0,4,6,1,2,0.000000,1.000000,1.000000,0.500000
paper-93415-topk-1-depth-2,1,2,1,1,1.000000,0.999888,0.000112,,,,19,48,-29,0.395833,0.000000,0,19,48,1,4,0.000000,1.220315,1.000000,0.708333
paper-93415-topk-3-depth-0,3,0,3,3,1.000000,0.966514,0.033486,0.000000,0.000000,0.000000,3,3,0,1.000000,0.200000,1,2,2,2,2,0.918296,0.918296,0.666667,0.666667
paper-93415-topk-3-depth-1,3,1,3,3,1.000000,0.966514,0.033486,0.000000,0.000000,0.000000,8,11,-3,0.727273,0.117647,2,6,9,2,3,1.000000,1.435371,0.500000,0.545455
paper-93415-topk-3-depth-2,3,2,3,3,1.000000,0.966514,0.033486,0.000000,0.000000,0.000000,29,62,-33,0.467742,0.083333,7,22,55,3,5,1.233257,1.421831,0.655172,0.677419
paper-93415-topk-5-depth-0,5,0,5,5,1.000000,0.958590,0.041410,0.000000,0.000000,0.000000,5,5,0,1.000000,0.111111,1,4,4,4,3,1.921928,1.370951,0.400000,0.600000
paper-93415-topk-5-depth-1,5,1,5,5,1.000000,0.958590,0.041410,0.000000,0.000000,0.000000,13,19,-6,0.684211,0.066667,2,11,17,5,4,2.038160,1.779830,0.384615,0.473684
paper-93415-topk-5-depth-2,5,2,5,5,1.000000,0.958590,0.041410,0.000000,0.000000,0.000000,51,109,-58,0.467890,0.045752,7,44,102,6,7,1.989531,1.922494,0.372549,0.422018
paper-93415-topk-10-depth-0,10,0,10,10,1.000000,0.951493,0.048507,0.000000,0.000000,0.000000,10,10,0,1.000000,0.111111,2,8,8,4,4,1.846439,1.760964,0.400000,0.500000
paper-93415-topk-10-depth-1,10,1,10,10,1.000000,0.951493,0.048507,0.000000,0.000000,0.000000,63,56,7,1.125000,0.252632,24,39,32,8,7,1.950519,1.913165,0.603175,0.589286
paper-93415-topk-10-depth-2,10,2,10,10,1.000000,0.951493,0.048507,0.000000,0.000000,0.000000,859,621,238,1.383253,0.471173,474,385,147,22,22,2.516514,2.388695,0.511059,0.565217
paper-47302-topk-1-depth-0,1,0,1,1,1.000000,0.999458,0.000542,,,,1,1,0,1.000000,0.000000,0,1,1,1,1,0.000000,0.000000,1.000000,1.000000
paper-47302-topk-1-depth-1,1,1,1,1,1.000000,0.999458,0.000542,,,,6,7,-1,0.857143,0.000000,0,6,7,2,3,1.000000,1.448816,0.500000,0.428571
paper-47302-topk-1-depth-2,1,2,1,1,1.000000,0.999458,0.000542,,,,1033,5823,-4790,0.177400,0.111363,687,346,5136,19,31,2.530440,2.567956,0.493708,0.479993
paper-47302-topk-3-depth-0,3,0,3,3,1.000000,0.976723,0.023277,0.000000,0.000000,0.000000,3,3,0,1.000000,0.200000,1,2,2,3,2,1.584963,0.918296,0.333333,0.666667
paper-47302-topk-3-depth-1,3,1,3,3,1.000000,0.976723,0.023277,0.000000,0.000000,0.000000,27,26,1,1.038462,0.152174,7,20,19,5,5,1.972470,1.959733,0.481481,0.384615
paper-47302-topk-3-depth-2,3,2,3,3,1.000000,0.976723,0.023277,0.000000,0.000000,0.000000,6362,7119,-757,0.893665,0.771718,5872,490,1247,33,32,2.693499,2.625961,0.463219,0.445709
paper-47302-topk-5-depth-0,5,0,5,5,1.000000,0.971115,0.028885,0.000000,0.000000,0.000000,5,5,0,1.000000,0.000000,0,5,5,3,4,1.521928,1.921928,0.400000,0.400000
paper-47302-topk-5-depth-1,5,1,5,5,1.000000,0.971115,0.028885,0.000000,0.000000,0.000000,77,40,37,1.925000,0.017391,2,75,38,9,7,2.612555,2.211691,0.337662,0.325000
paper-47302-topk-5-depth-2,5,2,5,5,1.000000,0.971115,0.028885,0.000000,0.000000,0.000000,7863,7153,710,1.099259,0.601365,5639,2224,1514,35,32,2.728396,2.628528,0.433295,0.445547
paper-47302-topk-10-depth-0,10,0,10,10,1.000000,0.966629,0.033371,0.000000,0.000000,0.000000,10,10,0,1.000000,0.052632,1,9,9,5,7,1.960964,2.721928,0.500000,0.200000
paper-47302-topk-10-depth-1,10,1,10,10,1.000000,0.966629,0.033371,0.000000,0.000000,0.000000,95,77,18,1.233766,0.029940,5,90,72,10,12,2.889549,3.110273,0.231579,0.207792
paper-47302-topk-10-depth-2,10,2,10,10,1.000000,0.966629,0.033371,0.000000,0.000000,0.000000,20582,19042,1540,1.080874,0.300896,9165,11417,9877,38,38,2.798299,2.613684,0.295841,0.448325
paper-55698-topk-1-depth-0,1,0,1,1,1.000000,0.999905,0.000095,,,,1,1,0,1.000000,0.000000,0,1,1,1,1,0.000000,0.000000,1.000000,1.000000
paper-55698-topk-1-depth-1,1,1,1,1,1.000000,0.999905,0.000095,,,,17,5,12,3.400000,0.000000,0,17,5,2,3,0.787127,1.521928,0.764706,0.400000
paper-55698-topk-1-depth-2,1,2,1,1,1.000000,0.999905,0.000095,,,,253,45,208,5.622222,0.000000,0,253,45,14,9,1.779111,2.434343,0.695652,0.400000
paper-55698-topk-3-depth-0,3,0,3,3,1.000000,0.975879,0.024121,0.000000,0.000000,0.000000,3,3,0,1.000000,0.200000,1,2,2,3,2,1.584963,0.918296,0.333333,0.666667
paper-55698-topk-3-depth-1,3,1,3,3,1.000000,0.975879,0.024121,0.000000,0.000000,0.000000,29,13,16,2.230769,0.135135,5,24,8,5,5,1.870566,2.045842,0.448276,0.461538
paper-55698-topk-3-depth-2,3,2,3,3,1.000000,0.975879,0.024121,0.000000,0.000000,0.000000,431,64,367,6.734375,0.100000,45,386,19,20,12,2.612485,2.622412,0.408353,0.453125
paper-55698-topk-5-depth-0,5,0,5,5,1.000000,0.971691,0.028309,0.000000,0.012500,-0.012500,5,5,0,1.000000,0.000000,0,5,5,5,2,2.321928,0.721928,0.200000,0.800000
paper-55698-topk-5-depth-1,5,1,5,5,1.000000,0.971691,0.028309,0.000000,0.012500,-0.012500,61,39,22,1.564103,0.010101,1,60,38,11,6,2.933228,1.377935,0.245902,0.743590
paper-55698-topk-5-depth-2,5,2,5,5,1.000000,0.971691,0.028309,0.000000,0.012500,-0.012500,567,175,392,3.240000,0.053977,38,529,137,26,16,3.196490,2.236668,0.315697,0.611429
paper-55698-topk-10-depth-0,10,0,10,10,1.000000,0.966075,0.033925,0.000000,0.008043,-0.008043,10,10,0,1.000000,0.176471,3,7,7,6,3,2.370951,1.360964,0.300000,0.500000
paper-55698-topk-10-depth-1,10,1,10,10,1.000000,0.966075,0.033925,0.000000,0.008043,-0.008043,84,62,22,1.354839,0.106061,14,70,48,14,9,3.087055,1.941236,0.285714,0.596774
paper-55698-topk-10-depth-2,10,2,10,10,1.000000,0.966075,0.033925,0.000000,0.008043,-0.008043,1516,617,899,2.457050,0.220252,385,1131,232,30,24,3.097904,3.285977,0.347625,0.264182
paper-122879-topk-1-depth-0,1,0,1,1,1.000000,0.997607,0.002393,,,,1,1,0,1.000000,0.000000,0,1,1,1,1,0.000000,0.000000,1.000000,1.000000
paper-122879-topk-1-depth-1,1,1,1,1,1.000000,0.997607,0.002393,,,,4,4,0,1.000000,0.000000,0,4,4,3,2,1.500000,1.000000,0.500000,0.500000
paper-122879-topk-1-depth-2,1,2,1,1,1.000000,0.997607,0.002393,,,,71,1644,-1573,0.043187,0.000000,0,71,1644,13,17,2.206234,0.974031,0.619718,0.854015
paper-122879-topk-3-depth-0,3,0,3,3,1.000000,0.977413,0.022587,0.000000,0.000000,0.000000,3,3,0,1.000000,0.200000,1,2,2,3,3,1.584963,1.584963,0.333333,0.333333
paper-122879-topk-3-depth-1,3,1,3,3,1.000000,0.977413,0.022587,0.000000,0.000000,0.000000,18,21,-3,0.857143,0.114286,4,14,17,6,10,1.949138,2.980342,0.555556,0.333333
paper-122879-topk-3-depth-2,3,2,3,3,1.000000,0.977413,0.022587,0.000000,0.000000,0.000000,9412,1855,7557,5.073854,0.066749,705,8707,1150,33,24,1.640131,1.617137,0.725563,0.757951
paper-122879-topk-5-depth-0,5,0,5,5,1.000000,0.972892,0.027108,0.000000,0.000000,0.000000,5,5,0,1.000000,0.250000,2,3,3,3,4,1.521928,1.921928,0.400000,0.400000
paper-122879-topk-5-depth-1,5,1,5,5,1.000000,0.972892,0.027108,0.000000,0.000000,0.000000,36,33,3,1.090909,0.232143,13,23,20,6,11,1.788737,2.990138,0.555556,0.272727
paper-122879-topk-5-depth-2,5,2,5,5,1.000000,0.972892,0.027108,0.000000,0.000000,0.000000,9877,7914,1963,1.248041,0.592606,6620,3257,1294,33,36,1.637061,1.755120,0.723600,0.725171
paper-122879-topk-10-depth-0,10,0,10,10,1.000000,0.968027,0.031973,0.000000,0.012821,-0.012821,10,10,0,1.000000,0.111111,2,8,8,3,5,1.360964,1.770951,0.500000,0.600000
paper-122879-topk-10-depth-1,10,1,10,10,1.000000,0.968027,0.031973,0.000000,0.012821,-0.012821,73,56,17,1.303571,0.131579,15,58,41,8,11,1.725602,2.577981,0.616438,0.357143
paper-122879-topk-10-depth-2,10,2,10,10,1.000000,0.968027,0.031973,0.000000,0.012821,-0.012821,14765,16193,-1428,0.911814,0.557949,11087,3678,5106,35,37,1.633050,1.807509,0.726719,0.701599
paper-160655-topk-1-depth-0,1,0,1,1,1.000000,0.999637,0.000363,,,,1,1,0,1.000000,0.000000,0,1,1,1,1,0.000000,0.000000,1.000000,1.000000
paper-160655-topk-1-depth-1,1,1,1,1,1.000000,0.999637,0.000363,,,,32,5,27,6.400000,0.000000,0,32,5,3,1,1.168645,0.000000,0.500000,1.000000
paper-160655-topk-1-depth-2,1,2,1,1,1.000000,0.999637,0.000363,,,,3570,52,3518,68.653846,0.000829,3,3567,49,29,5,1.840078,1.268886,0.526050,0.730769
paper-160655-topk-3-depth-0,3,0,3,3,1.000000,0.980874,0.019126,0.000000,0.066667,-0.066667,3,3,0,1.000000,0.200000,1,2,2,2,2,0.918296,0.918296,0.666667,0.666667
paper-160655-topk-3-depth-1,3,1,3,3,1.000000,0.980874,0.019126,0.000000,0.066667,-0.066667,120,16,104,7.500000,0.070866,9,111,7,12,5,1.546883,2.055037,0.741667,0.375000
paper-160655-topk-3-depth-2,3,2,3,3,1.000000,0.980874,0.019126,0.000000,0.066667,-0.066667,20247,13419,6828,1.508831,0.153143,4471,15776,8948,37,38,2.246842,2.602545,0.569763,0.359192
paper-160655-topk-5-depth-0,5,0,5,5,1.000000,0.975402,0.024598,0.000000,0.025556,-0.025556,5,5,0,1.000000,0.111111,1,4,4,3,3,1.521928,1.521928,0.400000,0.400000
paper-160655-topk-5-depth-1,5,1,5,5,1.000000,0.975402,0.024598,0.000000,0.025556,-0.025556,156,36,120,4.333333,0.060773,11,145,25,14,6,2.056566,1.931913,0.570513,0.500000
paper-160655-topk-5-depth-2,5,2,5,5,1.000000,0.975402,0.024598,0.000000,0.025556,-0.025556,32820,27476,5344,1.194497,0.595977,22516,10304,4960,38,38,2.549407,2.266470,0.432176,0.530172
paper-160655-topk-10-depth-0,10,0,10,10,1.000000,0.969312,0.030688,0.000112,0.029985,-0.029874,10,10,0,1.000000,0.111111,2,8,8,3,3,1.360964,1.485475,0.500000,0.500000
paper-160655-topk-10-depth-1,10,1,10,10,1.000000,0.969312,0.030688,0.000112,0.029985,-0.029874,549,387,162,1.418605,0.583756,345,204,42,15,15,1.430100,1.742374,0.724954,0.658915
paper-160655-topk-10-depth-2,10,2,10,10,1.000000,0.969312,0.030688,0.000112,0.029985,-0.029874,36087,34094,1993,1.058456,0.797255,31132,4955,2962,38,38,2.402468,2.370272,0.475213,0.498533
paper-143974-topk-1-depth-0,1,0,1,1,1.000000,0.999876,0.000124,,,,1,1,0,1.000000,0.000000,0,1,1,1,1,0.000000,0.000000,1.000000,1.000000
paper-143974-topk-1-depth-1,1,1,1,1,1.000000,0.999876,0.000124,,,,3,3,0,1.000000,0.000000,0,3,3,1,2,0.000000,0.918296,1.000000,0.666667
paper-143974-topk-1-depth-2,1,2,1,1,1.000000,0.999876,0.000124,,,,7,7,0,1.000000,0.000000,0,7,7,3,3,1.148835,1.148835,0.714286,0.714286
paper-143974-topk-3-depth-0,3,0,3,3,1.000000,0.968959,0.031041,0.000000,0.000000,0.000000,3,3,0,1.000000,0.200000,1,2,2,2,3,0.918296,1.584963,0.666667,0.333333
paper-143974-topk-3-depth-1,3,1,3,3,1.000000,0.968959,0.031041,0.000000,0.000000,0.000000,10,10,0,1.000000,0.176471,3,7,7,4,3,1.846439,1.485475,0.400000,0.500000
paper-143974-topk-3-depth-2,3,2,3,3,1.000000,0.968959,0.031041,0.000000,0.000000,0.000000,45,19,26,2.368421,0.122807,7,38,12,9,3,2.473408,1.557432,0.422222,0.421053
paper-143974-topk-5-depth-0,5,0,5,5,1.000000,0.961534,0.038466,0.000000,0.000000,0.000000,5,5,0,1.000000,0.250000,2,3,3,4,3,1.921928,1.370951,0.400000,0.600000
paper-143974-topk-5-depth-1,5,1,5,5,1.000000,0.961534,0.038466,0.000000,0.000000,0.000000,24,24,0,1.000000,0.170732,7,17,17,7,4,2.450826,1.546937,0.333333,0.583333
paper-143974-topk-5-depth-2,5,2,5,5,1.000000,0.961534,0.038466,0.000000,0.000000,0.000000,119,220,-101,0.540909,0.046296,15,104,205,12,15,2.453546,1.978993,0.495798,0.659091
paper-143974-topk-10-depth-0,10,0,10,10,1.000000,0.954177,0.045823,0.000000,0.000000,0.000000,10,10,0,1.000000,0.111111,2,8,8,6,5,2.446439,2.121928,0.300000,0.400000
paper-143974-topk-10-depth-1,10,1,10,10,1.000000,0.954177,0.045823,0.000000,0.000000,0.000000,96,82,14,1.170732,0.040936,7,89,75,15,9,3.089818,2.234862,0.250000,0.475610
paper-143974-topk-10-depth-2,10,2,10,10,1.000000,0.954177,0.045823,0.000000,0.000000,0.000000,686,1003,-317,0.683948,0.028624,47,639,956,28,26,3.282805,3.157871,0.234694,0.334995
paper-166024-topk-1-depth-0,1,0,1,1,1.000000,0.999556,0.000444,,,,1,1,0,1.000000,0.000000,0,1,1,1,1,0.000000,0.000000,1.000000,1.000000
paper-166024-topk-1-depth-1,1,1,1,1,1.000000,0.999556,0.000444,,,,4,9,-5,0.444444,0.000000,0,4,9,2,3,0.811278,1.351644,0.750000,0.555556
paper-166024-topk-1-depth-2,1,2,1,1,1.000000,0.999556,0.000444,,,,537,716,-179,0.750000,0.026208,32,505,684,22,22,2.410098,2.804769,0.545624,0.318436
paper-166024-topk-3-depth-0,3,0,3,3,1.000000,0.986170,0.013830,0.000000,0.000000,0.000000,3,3,0,1.000000,0.200000,1,2,2,2,2,0.918296,0.918296,0.666667,0.666667
paper-166024-topk-3-depth-1,3,1,3,3,1.000000,0.986170,0.013830,0.000000,0.000000,0.000000,27,31,-4,0.870968,0.487179,19,8,12,6,6,1.966998,1.981310,0.407407,0.419355
paper-166024-topk-3-depth-2,3,2,3,3,1.000000,0.986170,0.013830,0.000000,0.000000,0.000000,15510,15123,387,1.025590,0.961516,15016,494,107,39,38,2.296003,2.260740,0.544810,0.555181
paper-166024-topk-5-depth-0,5,0,5,5,1.000000,0.982161,0.017839,0.000000,0.081975,-0.081975,5,5,0,1.000000,0.250000,2,3,3,2,2,0.970951,0.970951,0.600000,0.600000
paper-166024-topk-5-depth-1,5,1,5,5,1.000000,0.982161,0.017839,0.000000,0.081975,-0.081975,49,46,3,1.065217,0.338028,24,25,22,8,8,2.079295,2.249576,0.428571,0.347826
paper-166024-topk-5-depth-2,5,2,5,5,1.000000,0.982161,0.017839,0.000000,0.081975,-0.081975,15739,21386,-5647,0.735949,0.690266,15161,578,6225,39,38,2.318463,2.148482,0.538217,0.601983
paper-166024-topk-10-depth-0,10,0,10,10,1.000000,0.976824,0.023176,0.000000,0.027848,-0.027848,10,10,0,1.000000,0.111111,2,8,8,4,4,1.685475,1.685475,0.500000,0.500000
paper-166024-topk-10-depth-1,10,1,10,10,1.000000,0.976824,0.023176,0.000000,0.027848,-0.027848,93,100,-7,0.930000,0.169697,28,65,72,13,11,2.965640,2.365957,0.290323,0.390000
paper-166024-topk-10-depth-2,10,2,10,10,1.000000,0.976824,0.023176,0.000000,0.027848,-0.027848,22470,31635,-9165,0.710289,0.636867,21051,1419,10584,40,40,2.279598,2.449701,0.578371,0.500933
paper-144113-topk-1-depth-0,1,0,1,1,1.000000,0.938835,0.061165,,,,1,1,0,1.000000,0.000000,0,1,1,1,1,0.000000,0.000000,1.000000,1.000000
paper-144113-topk-1-depth-1,1,1,1,1,1.000000,0.938835,0.061165,,,,8,7,1,1.142857,0.000000,0,8,7,3,3,1.298795,1.148835,0.625000,0.714286
paper-144113-topk-1-depth-2,1,2,1,1,1.000000,0.938835,0.061165,,,,80,29,51,2.758621,0.000000,0,80,29,11,6,2.284655,2.155554,0.562500,0.448276
paper-144113-topk-3-depth-0,3,0,3,3,1.000000,0.931866,0.068134,0.000000,0.000000,0.000000,3,3,0,1.000000,0.200000,1,2,2,3,2,1.584963,0.918296,0.333333,0.666667
paper-144113-topk-3-depth-1,3,1,3,3,1.000000,0.931866,0.068134,0.000000,0.000000,0.000000,15,19,-4,0.789474,0.307692,8,7,11,7,6,2.549255,2.359806,0.333333,0.315789
paper-144113-topk-3-depth-2,3,2,3,3,1.000000,0.931866,0.068134,0.000000,0.000000,0.000000,111,139,-28,0.798561,0.470588,80,31,59,15,14,3.035709,2.852640,0.405405,0.323741
paper-144113-topk-5-depth-0,5,0,5,5,1.000000,0.928964,0.071036,0.000000,0.000000,0.000000,5,5,0,1.000000,0.250000,2,3,3,4,3,1.921928,1.521928,0.400000,0.400000
paper-144113-topk-5-depth-1,5,1,5,5,1.000000,0.928964,0.071036,0.000000,0.000000,0.000000,31,30,1,1.033333,0.326087,15,16,15,9,6,2.592095,2.092811,0.419355,0.466667
paper-144113-topk-5-depth-2,5,2,5,5,1.000000,0.928964,0.071036,0.000000,0.000000,0.000000,308,198,110,1.555556,0.290816,114,194,84,18,15,3.032884,2.709881,0.324675,0.383838
paper-144113-topk-10-depth-0,10,0,10,10,1.000000,0.926224,0.073776,0.000000,0.001111,-0.001111,10,10,0,1.000000,0.111111,2,8,8,6,3,2.446439,1.485475,0.300000,0.500000
paper-144113-topk-10-depth-1,10,1,10,10,1.000000,0.926224,0.073776,0.000000,0.001111,-0.001111,99,83,16,1.192771,0.116564,19,80,64,14,10,2.496509,2.281099,0.525253,0.445783
paper-144113-topk-10-depth-2,10,2,10,10,1.000000,0.926224,0.073776,0.000000,0.001111,-0.001111,5428,1037,4391,5.234330,0.053103,326,5102,711,34,22,2.426500,2.696499,0.543478,0.401157
paper-53701-topk-1-depth-0,1,0,1,1,1.000000,0.966639,0.033361,,,,1,1,0,1.000000,0.000000,0,1,1,1,1,0.000000,0.000000,1.000000,1.000000
paper-53701-topk-1-depth-1,1,1,1,1,1.000000,0.966639,0.033361,,,,3,3,0,1.000000,0.000000,0,3,3,2,2,0.918296,0.918296,0.666667,0.666667
paper-53701-topk-1-depth-2,1,2,1,1,1.000000,0.966639,0.033361,,,,10,11,-1,0.909091,0.050000,1,9,10,5,3,2.121928,1.539485,0.400000,0.454545
paper-53701-topk-3-depth-0,3,0,3,3,1.000000,0.976061,0.023939,0.000000,0.000000,0.000000,3,3,0,1.000000,0.500000,2,1,1,3,3,1.584963,1.584963,0.333333,0.333333
paper-53701-topk-3-depth-1,3,1,3,3,1.000000,0.976061,0.023939,0.000000,0.000000,0.000000,78,35,43,2.228571,0.118812,12,66,23,9,8,2.064977,2.435628,0.397436,0.285714
paper-53701-topk-3-depth-2,3,2,3,3,1.000000,0.976061,0.023939,0.000000,0.000000,0.000000,26298,22876,3422,1.149589,0.587436,18197,8101,4679,38,37,2.370407,2.020162,0.486425,0.608891
paper-53701-topk-5-depth-0,5,0,5,5,1.000000,0.969902,0.030098,0.000000,0.021825,-0.021825,5,5,0,1.000000,0.111111,1,4,4,5,4,2.321928,1.921928,0.200000,0.400000
paper-53701-topk-5-depth-1,5,1,5,5,1.000000,0.969902,0.030098,0.000000,0.021825,-0.021825,104,70,34,1.485714,0.074074,12,92,58,13,8,2.681150,2.332993,0.298077,0.371429
paper-53701-topk-5-depth-2,5,2,5,5,1.000000,0.969902,0.030098,0.000000,0.021825,-0.021825,26985,23906,3079,1.128796,0.567227,18419,8566,5487,39,37,2.481099,2.129449,0.474041,0.586505
paper-53701-topk-10-depth-0,10,0,10,10,1.000000,0.964306,0.035694,0.000000,0.019898,-0.019898,10,10,0,1.000000,0.052632,1,9,9,5,5,2.046439,2.246439,0.400000,0.300000
paper-53701-topk-10-depth-1,10,1,10,10,1.000000,0.964306,0.035694,0.000000,0.019898,-0.019898,100,299,-199,0.334448,0.050000,19,81,280,16,15,3.047110,2.226916,0.330000,0.381271
paper-53701-topk-10-depth-2,10,2,10,10,1.000000,0.964306,0.035694,0.000000,0.019898,-0.019898,11095,34017,-22922,0.326160,0.248360,8975,2120,25042,39,39,2.613986,2.516808,0.440108,0.484963
paper-55202-topk-1-depth-0,1,0,1,1,1.000000,0.999015,0.000985,,,,1,1,0,1.000000,0.000000,0,1,1,1,1,0.000000,0.000000,1.000000,1.000000
paper-55202-topk-1-depth-1,1,1,1,1,1.000000,0.999015,0.000985,,,,9,7,2,1.285714,0.000000,0,9,7,3,1,1.224394,0.000000,0.666667,1.000000
paper-55202-topk-1-depth-2,1,2,1,1,1.000000,0.999015,0.000985,,,,11574,14226,-2652,0.813581,0.329417,6393,5181,7833,35,33,1.637224,1.837920,0.716433,0.640728
paper-55202-topk-3-depth-0,3,0,3,3,1.000000,0.973349,0.026651,0.000000,0.000000,0.000000,3,3,0,1.000000,0.000000,0,3,3,2,3,0.918296,1.584963,0.666667,0.333333
paper-55202-topk-3-depth-1,3,1,3,3,1.000000,0.973349,0.026651,0.000000,0.000000,0.000000,25,17,8,1.470588,0.024390,1,24,16,3,4,0.794310,1.140068,0.840000,0.764706
paper-55202-topk-3-depth-2,3,2,3,3,1.000000,0.973349,0.026651,0.000000,0.000000,0.000000,29277,14609,14668,2.004039,0.447380,13565,15712,1044,36,33,2.362039,1.818755,0.497592,0.647614
paper-55202-topk-5-depth-0,5,0,5,5,1.000000,0.965962,0.034038,0.000000,0.022222,-0.022222,5,5,0,1.000000,0.111111,1,4,4,4,3,1.921928,1.370951,0.400000,0.600000
paper-55202-topk-5-depth-1,5,1,5,5,1.000000,0.965962,0.034038,0.000000,0.022222,-0.022222,54,30,24,1.800000,0.150685,11,43,19,9,6,2.241027,1.540439,0.444444,0.700000
paper-55202-topk-5-depth-2,5,2,5,5,1.000000,0.965962,0.034038,0.000000,0.022222,-0.022222,29439,29378,61,1.002076,0.725598,24732,4707,4646,39,37,2.363093,2.259496,0.490744,0.532405
paper-55202-topk-10-depth-0,10,0,10,10,1.000000,0.959508,0.040492,0.000000,0.012562,-0.012562,10,10,0,1.000000,0.111111,2,8,8,5,4,2.046439,1.356780,0.400000,0.700000
paper-55202-topk-10-depth-1,10,1,10,10,1.000000,0.959508,0.040492,0.000000,0.012562,-0.012562,79,85,-6,0.929412,0.233083,31,48,54,10,8,2.144939,1.132219,0.544304,0.823529
paper-55202-topk-10-depth-2,10,2,10,10,1.000000,0.959508,0.040492,0.000000,0.012562,-0.012562,33384,32064,1320,1.041168,0.826983,29625,3759,2439,39,38,2.351767,2.277074,0.501348,0.528412
paper-131712-topk-1-depth-0,1,0,1,1,1.000000,0.998682,0.001318,,,,1,1,0,1.000000,0.000000,0,1,1,1,1,0.000000,0.000000,1.000000,1.000000
paper-131712-topk-1-depth-1,1,1,1,1,1.000000,0.998682,0.001318,,,,47,54,-7,0.870370,0.000000,0,47,54,1,2,0.000000,0.133040,1.000000,0.981481
paper-131712-topk-1-depth-2,1,2,1,1,1.000000,0.998682,0.001318,,,,9284,18708,-9424,0.496258,0.333079,6994,2290,11714,31,34,1.280006,1.752956,0.795455,0.682435
paper-131712-topk-3-depth-0,3,0,3,3,1.000000,0.980382,0.019618,0.000000,0.179206,-0.179206,3,3,0,1.000000,0.200000,1,2,2,2,1,0.918296,0.000000,0.666667,1.000000
paper-131712-topk-3-depth-1,3,1,3,3,1.000000,0.980382,0.019618,0.000000,0.179206,-0.179206,56,105,-49,0.533333,0.412281,47,9,58,6,2,0.809575,0.077620,0.875000,0.990476
paper-131712-topk-3-depth-2,3,2,3,3,1.000000,0.980382,0.019618,0.000000,0.179206,-0.179206,21351,21048,303,1.014396,0.428923,12727,8624,8321,37,34,2.264235,1.755903,0.527563,0.683295
paper-131712-topk-5-depth-0,5,0,5,5,1.000000,0.970231,0.029769,0.000000,0.092345,-0.092345,5,5,0,1.000000,0.111111,1,4,4,3,2,1.370951,0.721928,0.600000,0.800000
paper-131712-topk-5-depth-1,5,1,5,5,1.000000,0.970231,0.029769,0.000000,0.092345,-0.092345,71,132,-61,0.537879,0.301282,47,24,85,6,5,0.874679,0.439621,0.859155,0.939394
paper-131712-topk-5-depth-2,5,2,5,5,1.000000,0.970231,0.029769,0.000000,0.092345,-0.092345,16548,21650,-5102,0.764342,0.543665,13453,3095,8197,35,34,1.613447,1.774641,0.727339,0.678152
paper-131712-topk-10-depth-0,10,0,10,10,1.000000,0.959557,0.040443,0.000000,0.037275,-0.037275,10,10,0,1.000000,0.176471,3,7,7,6,4,2.160964,1.356780,0.500000,0.700000
paper-131712-topk-10-depth-1,10,1,10,10,1.000000,0.959557,0.040443,0.000000,0.037275,-0.037275,127,215,-88,0.590698,0.204225,58,69,157,12,11,1.685540,1.073367,0.708661,0.841860
paper-131712-topk-10-depth-2,10,2,10,10,1.000000,0.959557,0.040443,0.000000,0.037275,-0.037275,23158,33704,-10546,0.687099,0.554074,20273,2885,13431,36,38,1.928659,2.283159,0.652345,0.535782
paper-83147-topk-1-depth-0,1,0,1,1,1.000000,0.999605,0.000395,,,,1,1,0,1.000000,0.000000,0,1,1,1,1,0.000000,0.000000,1.000000,1.000000
paper-83147-topk-1-depth-1,1,1,1,1,1.000000,0.999605,0.000395,,,,33,35,-2,0.942857,0.030303,2,31,33,4,4,1.861013,1.558772,0.424242,0.571429
paper-83147-topk-1-depth-2,1,2,1,1,1.000000,0.999605,0.000395,,,,19480,25437,-5957,0.765814,0.482850,14626,4854,10811,39,36,2.725017,2.334705,0.279363,0.492590
paper-83147-topk-3-depth-0,3,0,3,3,1.000000,0.978141,0.021859,0.000000,0.017906,-0.017906,3,3,0,1.000000,0.000000,0,3,3,2,2,0.918296,0.918296,0.666667,0.666667
paper-83147-topk-3-depth-1,3,1,3,3,1.000000,0.978141,0.021859,0.000000,0.017906,-0.017906,56,145,-89,0.386207,0.041451,8,48,137,7,5,2.138915,1.961225,0.339286,0.420690
paper-83147-topk-3-depth-2,3,2,3,3,1.000000,0.978141,0.021859,0.000000,0.017906,-0.017906,22681,28239,-5558,0.803180,0.507669,17146,5535,11093,39,37,2.735170,2.437040,0.279573,0.456355
paper-83147-topk-5-depth-0,5,0,5,5,1.000000,0.973192,0.026808,0.000000,0.035911,-0.035911,5,5,0,1.000000,0.111111,1,4,4,3,3,1.370951,1.521928,0.600000,0.400000
paper-83147-topk-5-depth-1,5,1,5,5,1.000000,0.973192,0.026808,0.000000,0.035911,-0.035911,85,164,-79,0.518293,0.092105,21,64,143,8,5,2.051172,1.980813,0.494118,0.426829
paper-83147-topk-5-depth-2,5,2,5,5,1.000000,0.973192,0.026808,0.000000,0.035911,-0.035911,22414,28629,-6215,0.782912,0.510595,17253,5161,11376,39,38,2.778824,2.454317,0.275007,0.451291
paper-83147-topk-10-depth-0,10,0,10,10,1.000000,0.968833,0.031167,0.000000,0.022392,-0.022392,10,10,0,1.000000,0.111111,2,8,8,2,5,0.881291,2.121928,0.700000,0.400000
paper-83147-topk-10-depth-1,10,1,10,10,1.000000,0.968833,0.031167,0.000000,0.022392,-0.022392,124,256,-132,0.484375,0.172840,56,68,200,8,7,1.859824,2.271827,0.540323,0.402344
paper-83147-topk-10-depth-2,10,2,10,10,1.000000,0.968833,0.031167,0.000000,0.022392,-0.022392,23624,36302,-12678,0.650763,0.599605,22463,1161,13839,40,40,2.803094,2.591681,0.279716,0.417250
paper-146394-topk-1-depth-0,1,0,1,1,1.000000,0.956283,0.043717,,,,1,1,0,1.000000,0.000000,0,1,1,1,1,0.000000,0.000000,1.000000,1.000000
paper-146394-topk-1-depth-1,1,1,1,1,1.000000,0.956283,0.043717,,,,5,38,-33,0.131579,0.000000,0,5,38,2,4,0.721928,1.191345,0.800000,0.657895
paper-146394-topk-1-depth-2,1,2,1,1,1.000000,0.956283,0.043717,,,,97,1400,-1303,0.069286,0.000000,0,97,1400,7,16,1.787600,1.125013,0.484536,0.742857
paper-146394-topk-3-depth-0,3,0,3,3,1.000000,0.970118,0.029882,0.000000,0.000000,0.000000,3,3,0,1.000000,0.200000,1,2,2,3,3,1.584963,1.584963,0.333333,0.333333
paper-146394-topk-3-depth-1,3,1,3,3,1.000000,0.970118,0.029882,0.000000,0.000000,0.000000,23,100,-77,0.230000,0.051282,6,17,94,6,7,2.107757,1.128213,0.478261,0.780000
paper-146394-topk-3-depth-2,3,2,3,3,1.000000,0.970118,0.029882,0.000000,0.000000,0.000000,692,3745,-3053,0.184780,0.116507,463,229,3282,19,24,2.443045,1.345367,0.424855,0.758879
paper-146394-topk-5-depth-0,5,0,5,5,1.000000,0.963415,0.036585,0.000000,0.000000,0.000000,5,5,0,1.000000,0.250000,2,3,3,5,4,2.321928,1.921928,0.200000,0.400000
paper-146394-topk-5-depth-1,5,1,5,5,1.000000,0.963415,0.036585,0.000000,0.000000,0.000000,37,108,-71,0.342593,0.066176,9,28,99,10,8,2.862841,1.310480,0.297297,0.740741
paper-146394-topk-5-depth-2,5,2,5,5,1.000000,0.963415,0.036585,0.000000,0.000000,0.000000,786,3874,-3088,0.202891,0.128603,531,255,3343,21,25,2.801597,1.452190,0.374046,0.742127
paper-146394-topk-10-depth-0,10,0,10,10,1.000000,0.957457,0.042543,0.000000,0.001662,-0.001662,10,10,0,1.000000,0.176471,3,7,7,6,5,2.446439,2.046439,0.300000,0.400000
paper-146394-topk-10-depth-1,10,1,10,10,1.000000,0.957457,0.042543,0.000000,0.001662,-0.001662,94,186,-92,0.505376,0.068702,18,76,168,12,17,2.664249,2.146899,0.404255,0.607527
paper-146394-topk-10-depth-2,10,2,10,10,1.000000,0.957457,0.042543,0.000000,0.001662,-0.001662,2449,8038,-5589,0.304678,0.089445,861,1588,7177,27,31,2.618529,2.616160,0.465088,0.448619
paper-88039-topk-1-depth-0,1,0,1,1,1.000000,0.962205,0.037795,,,,1,1,0,1.000000,0.000000,0,1,1,1,1,0.000000,0.000000,1.000000,1.000000
paper-88039-topk-1-depth-1,1,1,1,1,1.000000,0.962205,0.037795,,,,8,27,-19,0.296296,0.029412,1,7,26,2,3,0.811278,1.253801,0.750000,0.592593
paper-88039-topk-1-depth-2,1,2,1,1,1.000000,0.962205,0.037795,,,,423,4191,-3768,0.100931,0.095442,402,21,3789,9,30,1.584223,2.078856,0.465721,0.462897
paper-88039-topk-3-depth-0,3,0,3,3,1.000000,0.962738,0.037262,0.000000,0.000000,0.000000,3,3,0,1.000000,0.200000,1,2,2,2,2,0.918296,0.918296,0.666667,0.666667
paper-88039-topk-3-depth-1,3,1,3,3,1.000000,0.962738,0.037262,0.000000,0.000000,0.000000,18,39,-21,0.461538,0.117647,6,12,33,4,5,1.675822,1.726009,0.500000,0.487179
paper-88039-topk-3-depth-2,3,2,3,3,1.000000,0.962738,0.037262,0.000000,0.000000,0.000000,3890,4778,-888,0.814148,0.108298,847,3043,3931,34,30,2.143521,2.126689,0.612082,0.469862
paper-88039-topk-5-depth-0,5,0,5,5,1.000000,0.962986,0.037014,0.000000,0.000000,0.000000,5,5,0,1.000000,0.111111,1,4,4,3,2,1.370951,0.970951,0.600000,0.600000
paper-88039-topk-5-depth-1,5,1,5,5,1.000000,0.962986,0.037014,0.000000,0.000000,0.000000,59,49,10,1.204082,0.069307,7,52,42,9,6,2.357930,1.843137,0.389831,0.428571
paper-88039-topk-5-depth-2,5,2,5,5,1.000000,0.962986,0.037014,0.000000,0.000000,0.000000,17624,14264,3360,1.235558,0.506140,10716,6908,3548,38,36,2.125227,1.903938,0.587494,0.638320
paper-88039-topk-10-depth-0,10,0,10,10,1.000000,0.962673,0.037327,0.000000,0.008469,-0.008469,10,10,0,1.000000,0.052632,1,9,9,6,4,2.321928,1.721928,0.400000,0.400000
paper-88039-topk-10-depth-1,10,1,10,10,1.000000,0.962673,0.037327,0.000000,0.008469,-0.008469,99,79,20,1.253165,0.059524,10,89,69,11,8,2.333711,2.102662,0.454545,0.329114
paper-88039-topk-10-depth-2,10,2,10,10,1.000000,0.962673,0.037327,0.000000,0.008469,-0.008469,33760,30431,3329,1.109395,0.754715,27609,6151,2822,40,37,2.464186,2.364714,0.476718,0.498012
paper-5767-topk-1-depth-0,1,0,1,1,1.000000,0.981426,0.018574,,,,1,1,0,1.000000,0.000000,0,1,1,1,1,0.000000,0.000000,1.000000,1.000000
paper-5767-topk-1-depth-1,1,1,1,1,1.000000,0.981426,0.018574,,,,14,19,-5,0.736842,0.320000,8,6,11,1,2,0.000000,0.297472,1.000000,0.947368
paper-5767-topk-1-depth-2,1,2,1,1,1.000000,0.981426,0.018574,,,,308,555,-247,0.554955,0.506108,290,18,265,7,11,0.572121,0.533386,0.915584,0.929730
paper-5767-topk-3-depth-0,3,0,3,3,1.000000,0.985441,0.014559,0.000000,0.137310,-0.137310,3,3,0,1.000000,0.200000,1,2,2,1,1,0.000000,0.000000,1.000000,1.000000
paper-5767-topk-3-depth-1,3,1,3,3,1.000000,0.985441,0.014559,0.000000,0.137310,-0.137310,26,27,-1,0.962963,0.358974,14,12,13,1,2,0.000000,0.228538,1.000000,0.962963
paper-5767-topk-3-depth-2,3,2,3,3,1.000000,0.985441,0.014559,0.000000,0.137310,-0.137310,358,579,-221,0.618307,0.489666,308,50,271,8,12,0.790595,0.631182,0.877095,0.917098
paper-5767-topk-5-depth-0,5,0,5,5,1.000000,0.980822,0.019178,0.000000,0.113043,-0.113043,5,5,0,1.000000,0.111111,1,4,4,1,1,0.000000,0.000000,1.000000,1.000000
paper-5767-topk-5-depth-1,5,1,5,5,1.000000,0.980822,0.019178,0.000000,0.113043,-0.113043,48,47,1,1.021277,0.202532,16,32,31,2,2,0.146094,0.148549,0.979167,0.978723
paper-5767-topk-5-depth-2,5,2,5,5,1.000000,0.980822,0.019178,0.000000,0.113043,-0.113043,757,651,106,1.162826,0.654524,557,200,94,12,13,0.658108,0.669353,0.912814,0.913978
paper-5767-topk-10-depth-0,10,0,10,10,1.000000,0.975410,0.024590,0.000000,0.061991,-0.061991,10,10,0,1.000000,0.111111,2,8,8,1,1,0.000000,0.000000,1.000000,1.000000
paper-5767-topk-10-depth-1,10,1,10,10,1.000000,0.975410,0.024590,0.000000,0.061991,-0.061991,127,81,46,1.567901,0.202312,35,92,46,3,2,0.132598,0.095970,0.984252,0.987654
paper-5767-topk-10-depth-2,10,2,10,10,1.000000,0.975410,0.024590,0.000000,0.061991,-0.061991,1591,712,879,2.234551,0.370833,623,968,89,17,13,0.648365,0.766961,0.922062,0.896067
paper-129481-topk-1-depth-0,1,0,1,1,1.000000,0.999199,0.000801,,,,1,1,0,1.000000,0.000000,0,1,1,1,1,0.000000,0.000000,1.000000,1.000000
paper-129481-topk-1-depth-1,1,1,1,1,1.000000,0.999199,0.000801,,,,7,4,3,1.750000,0.000000,0,7,4,2,3,0.591673,1.500000,0.857143,0.500000
paper-129481-topk-1-depth-2,1,2,1,1,1.000000,0.999199,0.000801,,,,34,58,-24,0.586207,0.000000,0,34,58,3,10,0.936379,2.525894,0.794118,0.396552
paper-129481-topk-3-depth-0,3,0,3,3,1.000000,0.983557,0.016443,0.000000,0.000000,0.000000,3,3,0,1.000000,0.000000,0,3,3,2,2,0.918296,0.918296,0.666667,0.666667
paper-129481-topk-3-depth-1,3,1,3,3,1.000000,0.983557,0.016443,0.000000,0.000000,0.000000,19,17,2,1.117647,0.000000,0,19,17,3,4,1.210810,1.519728,0.578947,0.470588
paper-129481-topk-3-depth-2,3,2,3,3,1.000000,0.983557,0.016443,0.000000,0.000000,0.000000,266,311,-45,0.855305,0.049091,27,239,284,4,14,1.129324,1.886683,0.582707,0.482315
paper-129481-topk-5-depth-0,5,0,5,5,1.000000,0.979617,0.020383,0.000000,0.000000,0.000000,5,5,0,1.000000,0.000000,0,5,5,2,3,0.970951,1.521928,0.600000,0.400000
paper-129481-topk-5-depth-1,5,1,5,5,1.000000,0.979617,0.020383,0.000000,0.000000,0.000000,38,36,2,1.055556,0.000000,0,38,36,5,6,1.417884,1.656250,0.552632,0.555556
paper-129481-topk-5-depth-2,5,2,5,5,1.000000,0.979617,0.020383,0.000000,0.000000,0.000000,755,570,185,1.324561,0.059153,74,681,496,12,19,1.265862,1.869626,0.686093,0.592982
paper-129481-topk-10-depth-0,10,0,10,10,1.000000,0.976010,0.023990,0.000000,0.000000,0.000000,10,10,0,1.000000,0.000000,0,10,10,3,5,1.485475,1.960964,0.500000,0.500000
paper-129481-topk-10-depth-1,10,1,10,10,1.000000,0.976010,0.023990,0.000000,0.000000,0.000000,109,63,46,1.730159,0.017751,3,106,60,10,10,2.157114,1.972839,0.422018,0.555556
paper-129481-topk-10-depth-2,10,2,10,10,1.000000,0.976010,0.023990,0.000000,0.000000,0.000000,2129,1282,847,1.660686,0.245800,673,1456,609,25,21,1.755633,1.612755,0.647722,0.664587
paper-43044-topk-1-depth-0,1,0,1,1,1.000000,0.999853,0.000147,,,,1,1,0,1.000000,0.000000,0,1,1,1,1,0.000000,0.000000,1.000000,1.000000
paper-43044-topk-1-depth-1,1,1,1,1,1.000000,0.999853,0.000147,,,,9,3,6,3.000000,0.000000,0,9,3,1,2,0.000000,0.918296,1.000000,0.666667
paper-43044-topk-1-depth-2,1,2,1,1,1.000000,0.999853,0.000147,,,,1494,38,1456,39.315789,0.000000,0,1494,38,23,5,2.508954,1.281065,0.489290,0.684211
paper-43044-topk-3-depth-0,3,0,3,3,1.000000,0.982311,0.017689,0.000000,0.005291,-0.005291,3,3,0,1.000000,0.200000,1,2,2,1,2,0.000000,0.918296,1.000000,0.666667
paper-43044-topk-3-depth-1,3,1,3,3,1.000000,0.982311,0.017689,0.000000,0.005291,-0.005291,123,68,55,1.808824,0.164634,27,96,41,5,3,1.152585,1.037926,0.723577,0.632353
paper-43044-topk-3-depth-2,3,2,3,3,1.000000,0.982311,0.017689,0.000000,0.005291,-0.005291,20095,20367,-272,0.986645,0.385637,11261,8834,9106,39,36,2.489280,1.918880,0.400100,0.606471
paper-43044-topk-5-depth-0,5,0,5,5,1.000000,0.977636,0.022364,0.000000,0.001587,-0.001587,5,5,0,1.000000,0.250000,2,3,3,1,2,0.000000,0.721928,1.000000,0.800000
paper-43044-topk-5-depth-1,5,1,5,5,1.000000,0.977636,0.022364,0.000000,0.001587,-0.001587,137,85,52,1.611765,0.156250,30,107,55,8,5,1.423745,1.284582,0.686131,0.541176
paper-43044-topk-5-depth-2,5,2,5,5,1.000000,0.977636,0.022364,0.000000,0.001587,-0.001587,20501,20872,-371,0.982225,0.384036,11480,9021,9392,39,36,2.530973,1.942570,0.396371,0.594720
paper-43044-topk-10-depth-0,10,0,10,10,1.000000,0.974014,0.025986,0.000000,0.013985,-0.013985,10,10,0,1.000000,0.111111,2,8,8,2,2,0.721928,0.881291,0.800000,0.700000
paper-43044-topk-10-depth-1,10,1,10,10,1.000000,0.974014,0.025986,0.000000,0.013985,-0.013985,196,152,44,1.289474,0.118971,37,159,115,9,6,1.534571,1.474598,0.591837,0.513158
paper-43044-topk-10-depth-2,10,2,10,10,1.000000,0.974014,0.025986,0.000000,0.013985,-0.013985,31125,37212,-6087,0.836424,0.712363,28429,2696,8783,39,39,2.404451,2.456517,0.476819,0.466140
paper-158808-topk-1-depth-0,1,0,1,1,1.000000,0.999111,0.000889,,,,1,1,0,1.000000,0.000000,0,1,1,1,1,0.000000,0.000000,1.000000,1.000000
paper-158808-topk-1-depth-1,1,1,1,1,1.000000,0.999111,0.000889,,,,4,18,-14,0.222222,0.000000,0,4,18,3,3,1.500000,1.052941,0.500000,0.722222
paper-158808-topk-1-depth-2,1,2,1,1,1.000000,0.999111,0.000889,,,,4961,15292,-10331,0.324418,0.169342,2933,2028,12359,28,33,1.995134,1.813862,0.551905,0.637457
paper-158808-topk-3-depth-0,3,0,3,3,1.000000,0.986374,0.013626,0.000000,0.000000,0.000000,3,3,0,1.000000,0.000000,0,3,3,1,1,0.000000,0.000000,1.000000,1.000000
paper-158808-topk-3-depth-1,3,1,3,3,1.000000,0.986374,0.013626,0.000000,0.000000,0.000000,25,38,-13,0.657895,0.000000,0,25,38,6,7,1.594186,2.177170,0.680000,0.342105
paper-158808-topk-3-depth-2,3,2,3,3,1.000000,0.986374,0.013626,0.000000,0.000000,0.000000,18010,19611,-1601,0.918362,0.257050,7693,10317,11918,39,35,2.531542,2.308865,0.389950,0.511499
paper-158808-topk-5-depth-0,5,0,5,5,1.000000,0.983581,0.016419,0.000000,0.000000,0.000000,5,5,0,1.000000,0.000000,0,5,5,3,3,1.370951,1.370951,0.600000,0.600000
paper-158808-topk-5-depth-1,5,1,5,5,1.000000,0.983581,0.016419,0.000000,0.000000,0.000000,34,49,-15,0.693878,0.024691,2,32,47,6,8,2.128454,2.601878,0.500000,0.265306
paper-158808-topk-5-depth-2,5,2,5,5,1.000000,0.983581,0.016419,0.000000,0.000000,0.000000,18657,28002,-9345,0.666274,0.538682,16335,2322,11667,39,37,2.607409,2.508660,0.377338,0.437790
paper-158808-topk-10-depth-0,10,0,10,10,1.000000,0.980537,0.019463,0.000000,0.002609,-0.002609,10,10,0,1.000000,0.176471,3,7,7,4,5,1.970951,2.121928,0.300000,0.400000
paper-158808-topk-10-depth-1,10,1,10,10,1.000000,0.980537,0.019463,0.000000,0.002609,-0.002609,55,84,-29,0.654762,0.103175,13,42,71,10,9,2.712682,2.802231,0.363636,0.238095
paper-158808-topk-10-depth-2,10,2,10,10,1.000000,0.980537,0.019463,0.000000,0.002609,-0.002609,21822,30386,-8564,0.718160,0.575140,19063,2759,11323,39,38,2.688820,2.544655,0.338282,0.423353
paper-72891-topk-1-depth-0,1,0,1,1,1.000000,0.999884,0.000116,,,,1,1,0,1.000000,0.000000,0,1,1,1,1,0.000000,0.000000,1.000000,1.000000
paper-72891-topk-1-depth-1,1,1,1,1,1.000000,0.999884,0.000116,,,,10,3,7,3.333333,0.000000,0,10,3,3,2,0.921928,0.918296,0.800000,0.666667
paper-72891-topk-1-depth-2,1,2,1,1,1.000000,0.999884,0.000116,,,,86,19,67,4.526316,0.000000,0,86,19,9,3,1.750736,0.913283,0.686047,0.789474
paper-72891-topk-3-depth-0,3,0,3,3,1.000000,0.981695,0.018305,0.000000,0.000000,0.000000,3,3,0,1.000000,0.200000,1,2,2,2,2,0.918296,0.918296,0.666667,0.666667
paper-72891-topk-3-depth-1,3,1,3,3,1.000000,0.981695,0.018305,0.000000,0.000000,0.000000,16,17,-1,0.941176,0.434783,10,6,7,4,3,1.371641,1.221048,0.687500,0.588235
paper-72891-topk-3-depth-2,3,2,3,3,1.000000,0.981695,0.018305,0.000000,0.000000,0.000000,106,126,-20,0.841270,0.622378,89,17,37,10,9,1.921974,1.796347,0.660377,0.658730
paper-72891-topk-5-depth-0,5,0,5,5,1.000000,0.975834,0.024166,0.000000,0.000000,0.000000,5,5,0,1.000000,0.250000,2,3,3,3,3,1.521928,1.370951,0.400000,0.600000
paper-72891-topk-5-depth-1,5,1,5,5,1.000000,0.975834,0.024166,0.000000,0.000000,0.000000,21,22,-1,0.954545,0.433333,13,8,9,4,5,1.615250,1.638807,0.523810,0.500000
paper-72891-topk-5-depth-2,5,2,5,5,1.000000,0.975834,0.024166,0.000000,0.000000,0.000000,129,160,-31,0.806250,0.529101,100,29,60,10,10,2.056168,2.233632,0.596899,0.550000
paper-72891-topk-10-depth-0,10,0,10,10,1.000000,0.971450,0.028550,0.000000,0.001111,-0.001111,10,10,0,1.000000,0.111111,2,8,8,4,3,1.846439,1.295462,0.400000,0.600000
paper-72891-topk-10-depth-1,10,1,10,10,1.000000,0.971450,0.028550,0.000000,0.001111,-0.001111,59,60,-1,0.983333,0.122642,13,46,47,7,5,2.026023,1.606621,0.474576,0.533333
paper-72891-topk-10-depth-2,10,2,10,10,1.000000,0.971450,0.028550,0.000000,0.001111,-0.001111,717,463,254,1.548596,0.127030,133,584,330,18,13,2.687861,1.957797,0.429568,0.583153
paper-14421-topk-1-depth-0,1,0,1,1,1.000000,0.964147,0.035853,,,,1,1,0,1.000000,0.000000,0,1,1,1,1,0.000000,0.000000,1.000000,1.000000
paper-14421-topk-1-depth-1,1,1,1,1,1.000000,0.964147,0.035853,,,,4,6,-2,0.666667,0.000000,0,4,6,1,2,0.000000,0.918296,1.000000,0.666667
paper-14421-topk-1-depth-2,1,2,1,1,1.000000,0.964147,0.035853,,,,106,67,39,1.582090,0.005814,1,105,66,7,10,1.734623,1.996153,0.641509,0.537313
paper-14421-topk-3-depth-0,3,0,3,3,1.000000,0.963014,0.036986,0.000000,0.000000,0.000000,3,3,0,1.000000,0.200000,1,2,2,3,3,1.584963,1.584963,0.333333,0.333333
paper-14421-topk-3-depth-1,3,1,3,3,1.000000,0.963014,0.036986,0.000000,0.000000,0.000000,30,15,15,2.000000,0.097561,4,26,11,8,5,2.448604,2.072906,0.333333,0.400000
paper-14421-topk-3-depth-2,3,2,3,3,1.000000,0.963014,0.036986,0.000000,0.000000,0.000000,26459,278,26181,95.176259,0.004773,127,26332,151,38,16,2.553931,3.175542,0.424695,0.334532
paper-14421-topk-5-depth-0,5,0,5,5,1.000000,0.961606,0.038394,0.000000,0.000000,0.000000,5,5,0,1.000000,0.250000,2,3,3,5,5,2.321928,2.321928,0.200000,0.200000
paper-14421-topk-5-depth-1,5,1,5,5,1.000000,0.961606,0.038394,0.000000,0.000000,0.000000,52,34,18,1.529412,0.131579,10,42,24,11,9,2.879227,2.733372,0.269231,0.352941
paper-14421-topk-5-depth-2,5,2,5,5,1.000000,0.961606,0.038394,0.000000,0.000000,0.000000,26812,409,26403,65.555012,0.007141,193,26619,216,38,25,2.627134,3.776632,0.419103,0.232274
paper-14421-topk-10-depth-0,10,0,10,10,1.000000,0.960869,0.039131,0.000000,0.006574,-0.006574,10,10,0,1.000000,0.250000,4,6,6,9,8,3.121928,2.921928,0.200000,0.200000
paper-14421-topk-10-depth-1,10,1,10,10,1.000000,0.960869,0.039131,0.000000,0.006574,-0.006574,86,112,-26,0.767857,0.229814,37,49,75,17,17,3.529283,3.599545,0.197674,0.232143
paper-14421-topk-10-depth-2,10,2,10,10,1.000000,0.960869,0.039131,0.000000,0.006574,-0.006574,27069,24093,2976,1.123521,0.869888,23801,3268,292,38,38,2.676091,2.557348,0.415124,0.457809
paper-93419-topk-1-depth-0,1,0,1,1,1.000000,0.999292,0.000708,,,,1,1,0,1.000000,0.000000,0,1,1,1,1,0.000000,0.000000,1.000000,1.000000
paper-93419-topk-1-depth-1,1,1,1,1,1.000000,0.999292,0.000708,,,,2,7,-5,0.285714,0.000000,0,2,7,1,2,0.000000,0.863121,1.000000,0.714286
paper-93419-topk-1-depth-2,1,2,1,1,1.000000,0.999292,0.000708,,,,19,14014,-13995,0.001356,0.000356,5,14,14009,7,38,2.392079,2.623973,0.368421,0.348437
paper-93419-topk-3-depth-0,3,0,3,3,1.000000,0.985883,0.014117,0.000000,0.000000,0.000000,3,3,0,1.000000,0.000000,0,3,3,2,3,0.918296,1.584963,0.666667,0.333333
paper-93419-topk-3-depth-1,3,1,3,3,1.000000,0.985883,0.014117,0.000000,0.000000,0.000000,47,13,34,3.615385,0.000000,0,47,13,7,4,1.900239,1.833927,0.510638,0.461538
paper-93419-topk-3-depth-2,3,2,3,3,1.000000,0.985883,0.014117,0.000000,0.000000,0.000000,22439,14770,7669,1.519228,0.219288,6692,15747,8078,36,38,2.016865,2.619160,0.607157,0.361070
paper-93419-topk-5-depth-0,5,0,5,5,1.000000,0.982634,0.017366,0.000000,0.005263,-0.005263,5,5,0,1.000000,0.111111,1,4,4,2,4,0.970951,1.921928,0.600000,0.400000
paper-93419-topk-5-depth-1,5,1,5,5,1.000000,0.982634,0.017366,0.000000,0.005263,-0.005263,103,32,71,3.218750,0.038462,5,98,27,12,7,1.662494,2.295959,0.708738,0.375000
paper-93419-topk-5-depth-2,5,2,5,5,1.000000,0.982634,0.017366,0.000000,0.005263,-0.005263,21262,18964,2298,1.121177,0.269480,8539,12723,10425,38,38,2.130197,2.639761,0.566221,0.315071
paper-93419-topk-10-depth-0,10,0,10,10,1.000000,0.979696,0.020304,0.000000,0.007566,-0.007566,10,10,0,1.000000,0.111111,2,8,8,3,5,1.521928,2.170951,0.400000,0.300000
paper-93419-topk-10-depth-1,10,1,10,10,1.000000,0.979696,0.020304,0.000000,0.007566,-0.007566,157,98,59,1.602041,0.099138,23,134,75,13,10,1.995500,2.431454,0.547771,0.357143
paper-93419-topk-10-depth-2,10,2,10,10,1.000000,0.979696,0.020304,0.000000,0.007566,-0.007566,26564,34009,-7445,0.781087,0.623810,23270,3294,10739,38,39,2.179147,2.435511,0.561286,0.469052
paper-38938-topk-1-depth-0,1,0,1,1,1.000000,0.966437,0.033563,,,,1,1,0,1.000000,0.000000,0,1,1,1,1,0.000000,0.000000,1.000000,1.000000
paper-38938-topk-1-depth-1,1,1,1,1,1.000000,0.966437,0.033563,,,,2,154,-152,0.012987,0.000000,0,2,154,1,7,0.000000,1.336664,1.000000,0.720779
paper-38938-topk-1-depth-2,1,2,1,1,1.000000,0.966437,0.033563,,,,3,28392,-28389,0.000106,0.000000,0,3,28392,2,38,0.918296,2.464826,0.666667,0.408249
paper-38938-topk-3-depth-0,3,0,3,3,1.000000,0.976499,0.023501,0.000000,0.014675,-0.014675,3,3,0,1.000000,0.000000,0,3,3,3,2,1.584963,0.918296,0.333333,0.666667
paper-38938-topk-3-depth-1,3,1,3,3,1.000000,0.976499,0.023501,0.000000,0.014675,-0.014675,27,171,-144,0.157895,0.020619,4,23,167,6,8,2.046544,1.357582,0.481481,0.725146
paper-38938-topk-3-depth-2,3,2,3,3,1.000000,0.976499,0.023501,0.000000,0.014675,-0.014675,7784,34597,-26813,0.224991,0.213834,7466,318,27131,31,38,2.364861,2.560522,0.546120,0.395757
paper-38938-topk-5-depth-0,5,0,5,5,1.000000,0.971040,0.028960,0.000000,0.005028,-0.005028,5,5,0,1.000000,0.111111,1,4,4,3,3,1.370951,1.370951,0.600000,0.600000
paper-38938-topk-5-depth-1,5,1,5,5,1.000000,0.971040,0.028960,0.000000,0.005028,-0.005028,35,183,-148,0.191257,0.058252,12,23,171,6,9,1.779048,1.510403,0.600000,0.704918
paper-38938-topk-5-depth-2,5,2,5,5,1.000000,0.971040,0.028960,0.000000,0.005028,-0.005028,7800,34953,-27153,0.223157,0.218694,7672,128,27281,31,38,2.362695,2.574279,0.546795,0.391984
paper-38938-topk-10-depth-0,10,0,10,10,1.000000,0.966072,0.033928,0.000000,0.004561,-0.004561,10,10,0,1.000000,0.176471,3,7,7,4,4,1.846439,1.356780,0.400000,0.700000
paper-38938-topk-10-depth-1,10,1,10,10,1.000000,0.966072,0.033928,0.000000,0.004561,-0.004561,61,221,-160,0.276018,0.076336,20,41,201,9,11,2.518011,1.535113,0.409836,0.719457
paper-38938-topk-10-depth-2,10,2,10,10,1.000000,0.966072,0.033928,0.000000,0.004561,-0.004561,8013,35929,-27916,0.223023,0.212661,7706,307,28223,32,38,2.459367,2.581037,0.533508,0.390492
paper-24662-topk-1-depth-0,1,0,1,1,1.000000,0.999442,0.000558,,,,1,1,0,1.000000,0.000000,0,1,1,1,1,0.000000,0.000000,1.000000,1.000000
paper-24662-topk-1-depth-1,1,1,1,1,1.000000,0.999442,0.000558,,,,116,3,113,38.666667,0.000000,0,116,3,6,2,2.156466,0.918296,0.379310,0.666667
paper-24662-topk-1-depth-2,1,2,1,1,1.000000,0.999442,0.000558,,,,21812,20,21792,1090.600000,0.000321,7,21805,13,38,6,2.684612,2.408695,0.297772,0.300000
paper-24662-topk-3-depth-0,3,0,3,3,1.000000,0.979029,0.020971,0.000000,0.013889,-0.013889,3,3,0,1.000000,0.200000,1,2,2,2,3,0.918296,1.584963,0.666667,0.333333
paper-24662-topk-3-depth-1,3,1,3,3,1.000000,0.979029,0.020971,0.000000,0.013889,-0.013889,121,29,92,4.172414,0.027397,4,117,25,7,9,2.242647,2.537836,0.371901,0.413793
paper-24662-topk-3-depth-2,3,2,3,3,1.000000,0.979029,0.020971,0.000000,0.013889,-0.013889,21831,27679,-5848,0.788721,0.451566,15402,6429,12277,38,36,2.687979,2.323201,0.297604,0.511507
paper-24662-topk-5-depth-0,5,0,5,5,1.000000,0.974392,0.025608,0.000000,0.016969,-0.016969,5,5,0,1.000000,0.111111,1,4,4,3,3,1.370951,1.521928,0.600000,0.400000
paper-24662-topk-5-depth-1,5,1,5,5,1.000000,0.974392,0.025608,0.000000,0.016969,-0.016969,134,56,78,2.392857,0.027027,5,129,51,9,10,2.411851,2.314310,0.335821,0.517857
paper-24662-topk-5-depth-2,5,2,5,5,1.000000,0.974392,0.025608,0.000000,0.016969,-0.016969,22986,29347,-6361,0.783249,0.428965,15710,7276,13637,38,37,2.697148,2.298069,0.290525,0.525880
paper-24662-topk-10-depth-0,10,0,10,10,1.000000,0.969227,0.030773,0.000000,0.011150,-0.011150,10,10,0,1.000000,0.111111,2,8,8,6,5,2.160964,2.121928,0.500000,0.400000
paper-24662-topk-10-depth-1,10,1,10,10,1.000000,0.969227,0.030773,0.000000,0.011150,-0.011150,74,123,-49,0.601626,0.112994,20,54,103,12,11,2.885643,2.503853,0.256757,0.382114
paper-24662-topk-10-depth-2,10,2,10,10,1.000000,0.969227,0.030773,0.000000,0.011150,-0.011150,29266,33838,-4572,0.864886,0.668226,25277,3989,8561,37,38,2.552059,2.418459,0.403062,0.485165
paper-24366-topk-1-depth-0,1,0,1,1,1.000000,0.958754,0.041246,,,,1,1,0,1.000000,0.000000,0,1,1,1,1,0.000000,0.000000,1.000000,1.000000
paper-24366-topk-1-depth-1,1,1,1,1,1.000000,0.958754,0.041246,,,,5,44,-39,0.113636,0.000000,0,5,44,1,4,0.000000,0.981371,1.000000,0.795455
paper-24366-topk-1-depth-2,1,2,1,1,1.000000,0.958754,0.041246,,,,14,294,-280,0.047619,0.000000,0,14,294,2,9,0.371232,1.531649,0.928571,0.690476
paper-24366-topk-3-depth-0,3,0,3,3,1.000000,0.954905,0.045095,0.000000,0.000000,0.000000,3,3,0,1.000000,0.200000,1,2,2,1,2,0.000000,0.918296,1.000000,0.666667
paper-24366-topk-3-depth-1,3,1,3,3,1.000000,0.954905,0.045095,0.000000,0.000000,0.000000,52,53,-1,0.981132,0.721311,44,8,9,4,8,0.876610,1.380998,0.826923,0.754717
paper-24366-topk-3-depth-2,3,2,3,3,1.000000,0.954905,0.045095,0.000000,0.000000,0.000000,424,371,53,1.142857,0.586826,294,130,77,13,17,1.608112,1.820591,0.716981,0.679245
paper-24366-topk-5-depth-0,5,0,5,5,1.000000,0.954762,0.045238,0.000000,0.011111,-0.011111,5,5,0,1.000000,0.111111,1,4,4,1,3,0.000000,1.370951,1.000000,0.600000
paper-24366-topk-5-depth-1,5,1,5,5,1.000000,0.954762,0.045238,0.000000,0.011111,-0.011111,193,61,132,3.163934,0.209524,44,149,17,7,9,0.468199,1.363927,0.937824,0.770492
paper-24366-topk-5-depth-2,5,2,5,5,1.000000,0.954762,0.045238,0.000000,0.011111,-0.011111,1312,491,821,2.672098,0.240028,349,963,142,19,17,1.312663,1.621692,0.796494,0.733198
paper-24366-topk-10-depth-0,10,0,10,10,1.000000,0.952810,0.047190,0.000000,0.009877,-0.009877,10,10,0,1.000000,0.176471,3,7,7,2,3,0.468996,0.921928,0.900000,0.800000
paper-24366-topk-10-depth-1,10,1,10,10,1.000000,0.952810,0.047190,0.000000,0.009877,-0.009877,269,89,180,3.022472,0.181518,55,214,34,12,9,0.560804,1.211697,0.933086,0.808989
paper-24366-topk-10-depth-2,10,2,10,10,1.000000,0.952810,0.047190,0.000000,0.009877,-0.009877,2458,1099,1359,2.236579,0.145203,451,2007,648,28,17,1.266620,1.152657,0.825061,0.836215
paper-51493-topk-1-depth-0,1,0,1,1,1.000000,0.977164,0.022836,,,,1,1,0,1.000000,0.000000,0,1,1,1,1,0.000000,0.000000,1.000000,1.000000
paper-51493-topk-1-depth-1,1,1,1,1,1.000000,0.977164,0.022836,,,,13,6,7,2.166667,0.000000,0,13,6,1,3,0.000000,1.459148,1.000000,0.500000
paper-51493-topk-1-depth-2,1,2,1,1,1.000000,0.977164,0.022836,,,,162,171,-9,0.947368,0.009091,3,159,168,8,11,1.125384,1.951180,0.777778,0.444444
paper-51493-topk-3-depth-0,3,0,3,3,1.000000,0.975308,0.024692,0.000000,0.033911,-0.033911,3,3,0,1.000000,0.000000,0,3,3,2,2,0.918296,0.918296,0.666667,0.666667
paper-51493-topk-3-depth-1,3,1,3,3,1.000000,0.975308,0.024692,0.000000,0.033911,-0.033911,33,43,-10,0.767442,0.013333,1,32,42,2,5,0.745518,1.795289,0.787879,0.418605
paper-51493-topk-3-depth-2,3,2,3,3,1.000000,0.975308,0.024692,0.000000,0.033911,-0.033911,1165,15469,-14304,0.075312,0.004044,67,1098,15402,14,38,1.248644,2.809261,0.660086,0.324132
paper-51493-topk-5-depth-0,5,0,5,5,1.000000,0.974773,0.025227,0.000000,0.021779,-0.021779,5,5,0,1.000000,0.111111,1,4,4,2,2,0.970951,0.970951,0.600000,0.600000
paper-51493-topk-5-depth-1,5,1,5,5,1.000000,0.974773,0.025227,0.000000,0.021779,-0.021779,47,71,-24,0.661972,0.072727,8,39,63,3,5,1.097077,1.718854,0.723404,0.380282
paper-51493-topk-5-depth-2,5,2,5,5,1.000000,0.974773,0.025227,0.000000,0.021779,-0.021779,1705,16277,-14572,0.104749,0.033389,581,1124,15696,29,39,2.077118,2.884620,0.542522,0.311728
paper-51493-topk-10-depth-0,10,0,10,10,1.000000,0.973267,0.026733,0.000000,0.020048,-0.020048,10,10,0,1.000000,0.176471,3,7,7,3,2,1.360964,0.970951,0.500000,0.600000
paper-51493-topk-10-depth-1,10,1,10,10,1.000000,0.973267,0.026733,0.000000,0.020048,-0.020048,74,119,-45,0.621849,0.135294,23,51,96,7,8,1.732691,1.849883,0.567568,0.462185
paper-51493-topk-10-depth-2,10,2,10,10,1.000000,0.973267,0.026733,0.000000,0.020048,-0.020048,1979,17863,-15884,0.110788,0.058466,1096,883,16767,32,39,2.113101,2.998170,0.526529,0.288641
paper-112318-topk-1-depth-0,1,0,1,1,1.000000,0.999902,0.000098,,,,1,1,0,1.000000,0.000000,0,1,1,1,1,0.000000,0.000000,1.000000,1.000000
paper-112318-topk-1-depth-1,1,1,1,1,1.000000,0.999902,0.000098,,,,50,22,28,2.272727,0.058824,4,46,18,4,3,1.498455,0.699858,0.520000,0.863636
paper-112318-topk-1-depth-2,1,2,1,1,1.000000,0.999902,0.000098,,,,3401,2696,705,1.261499,0.393600,1722,1679,974,31,32,2.517808,2.394449,0.483093,0.543398
paper-112318-topk-3-depth-0,3,0,3,3,1.000000,0.983261,0.016739,0.000000,0.032837,-0.032837,3,3,0,1.000000,0.000000,0,3,3,2,1,0.918296,0.000000,0.666667,1.000000
paper-112318-topk-3-depth-1,3,1,3,3,1.000000,0.983261,0.016739,0.000000,0.032837,-0.032837,29,1040,-1011,0.027885,0.007540,8,21,1032,4,22,1.313047,2.169470,0.689655,0.575962
paper-112318-topk-3-depth-2,3,2,3,3,1.000000,0.983261,0.016739,0.000000,0.032837,-0.032837,1068,22592,-21524,0.047273,0.041694,947,121,21645,22,39,2.145134,2.872042,0.531835,0.312633
paper-112318-topk-5-depth-0,5,0,5,5,1.000000,0.979068,0.020932,0.000000,0.015134,-0.015134,5,5,0,1.000000,0.111111,1,4,4,3,2,1.370951,0.721928,0.600000,0.800000
paper-112318-topk-5-depth-1,5,1,5,5,1.000000,0.979068,0.020932,0.000000,0.015134,-0.015134,51,1065,-1014,0.047887,0.018248,20,31,1045,5,22,1.585154,2.210667,0.607843,0.572770
paper-112318-topk-5-depth-2,5,2,5,5,1.000000,0.979068,0.020932,0.000000,0.015134,-0.015134,6727,22704,-15977,0.296291,0.187500,4647,2080,18057,35,39,2.654918,2.877498,0.334770,0.312808
paper-112318-topk-10-depth-0,10,0,10,10,1.000000,0.975004,0.024996,0.000000,0.013657,-0.013657,10,10,0,1.000000,0.052632,1,9,9,6,4,2.446439,1.356780,0.300000,0.700000
paper-112318-topk-10-depth-1,10,1,10,10,1.000000,0.975004,0.024996,0.000000,0.013657,-0.013657,141,1124,-983,0.125445,0.031811,39,102,1085,16,24,3.015110,2.228123,0.375887,0.570285
paper-112318-topk-10-depth-2,10,2,10,10,1.000000,0.975004,0.024996,0.000000,0.013657,-0.013657,23736,22882,854,1.037322,0.312813,11108,12628,11774,39,39,2.686065,2.883115,0.364046,0.312298
paper-6069-topk-1-depth-0,1,0,1,1,1.000000,0.999641,0.000359,,,,1,1,0,1.000000,1.000000,1,0,0,1,1,0.000000,0.000000,1.000000,1.000000
paper-6069-topk-1-depth-1,1,1,1,1,1.000000,0.999641,0.000359,,,,19,19,0,1.000000,1.000000,19,0,0,3,3,0.774243,0.774243,0.842105,0.842105
paper-6069-topk-1-depth-2,1,2,1,1,1.000000,0.999641,0.000359,,,,203,203,0,1.000000,1.000000,203,0,0,12,12,1.770223,1.770223,0.610837,0.610837
paper-6069-topk-3-depth-0,3,0,3,3,1.000000,0.979657,0.020343,0.000000,0.030303,-0.030303,3,3,0,1.000000,0.200000,1,2,2,3,1,1.584963,0.000000,0.333333,1.000000
paper-6069-topk-3-depth-1,3,1,3,3,1.000000,0.979657,0.020343,0.000000,0.030303,-0.030303,55,46,9,1.195652,0.246914,20,35,26,9,5,2.563239,1.303638,0.309091,0.717391
paper-6069-topk-3-depth-2,3,2,3,3,1.000000,0.979657,0.020343,0.000000,0.030303,-0.030303,12926,505,12421,25.596040,0.019199,253,12673,252,38,15,2.830768,2.158917,0.353860,0.562376
paper-6069-topk-5-depth-0,5,0,5,5,1.000000,0.971970,0.028030,0.000000,0.009091,-0.009091,5,5,0,1.000000,0.111111,1,4,4,2,3,0.721928,1.370951,0.800000,0.600000
paper-6069-topk-5-depth-1,5,1,5,5,1.000000,0.971970,0.028030,0.000000,0.009091,-0.009091,92,61,31,1.508197,0.150376,20,72,41,10,9,2.110034,2.069673,0.597826,0.573770
paper-6069-topk-5-depth-2,5,2,5,5,1.000000,0.971970,0.028030,0.000000,0.009091,-0.009091,7937,1218,6719,6.516420,0.034814,308,7629,910,37,28,3.152104,2.965435,0.283230,0.266831
paper-6069-topk-10-depth-0,10,0,10,10,1.000000,0.963973,0.036027,0.000000,0.015578,-0.015578,10,10,0,1.000000,0.052632,1,9,9,5,4,2.046439,1.356780,0.400000,0.700000
paper-6069-topk-10-depth-1,10,1,10,10,1.000000,0.963973,0.036027,0.000000,0.015578,-0.015578,127,106,21,1.198113,0.176768,35,92,71,14,9,2.697428,1.848899,0.409449,0.584906
paper-6069-topk-10-depth-2,10,2,10,10,1.000000,0.963973,0.036027,0.000000,0.015578,-0.015578,10711,1712,8999,6.256425,0.061432,719,9992,993,38,31,3.219499,3.056975,0.245915,0.290304
paper-74818-topk-1-depth-0,1,0,1,1,1.000000,0.985082,0.014918,,,,1,1,0,1.000000,0.000000,0,1,1,1,1,0.000000,0.000000,1.000000,1.000000
paper-74818-topk-1-depth-1,1,1,1,1,1.000000,0.985082,0.014918,,,,24,2,22,12.000000,0.000000,0,24,2,3,2,0.497150,1.000000,0.916667,0.500000
paper-74818-topk-1-depth-2,1,2,1,1,1.000000,0.985082,0.014918,,,,684,88,596,7.772727,0.005208,4,680,84,11,8,0.538559,2.079204,0.925439,0.420455
paper-74818-topk-3-depth-0,3,0,3,3,1.000000,0.979483,0.020517,0.000000,0.000000,0.000000,3,3,0,1.000000,0.000000,0,3,3,1,1,0.000000,0.000000,1.000000,1.000000
paper-74818-topk-3-depth-1,3,1,3,3,1.000000,0.979483,0.020517,0.000000,0.000000,0.000000,33,14,19,2.357143,0.000000,0,33,14,3,2,0.390452,0.371232,0.939394,0.928571
paper-74818-topk-3-depth-2,3,2,3,3,1.000000,0.979483,0.020517,0.000000,0.000000,0.000000,857,301,556,2.847176,0.018470,21,836,280,11,9,0.476693,1.274351,0.935823,0.757475
paper-74818-topk-5-depth-0,5,0,5,5,1.000000,0.977931,0.022069,0.000000,0.000000,0.000000,5,5,0,1.000000,0.000000,0,5,5,1,1,0.000000,0.000000,1.000000,1.000000
paper-74818-topk-5-depth-1,5,1,5,5,1.000000,0.977931,0.022069,0.000000,0.000000,0.000000,51,47,4,1.085106,0.139535,12,39,35,4,4,0.415990,0.547581,0.941176,0.914894
paper-74818-topk-5-depth-2,5,2,5,5,1.000000,0.977931,0.022069,0.000000,0.000000,0.000000,1490,520,970,2.865385,0.156502,272,1218,248,17,13,0.896924,1.328600,0.874497,0.776923
paper-74818-topk-10-depth-0,10,0,10,10,1.000000,0.975987,0.024013,0.000000,0.000000,0.000000,10,10,0,1.000000,0.052632,1,9,9,1,1,0.000000,0.000000,1.000000,1.000000
paper-74818-topk-10-depth-1,10,1,10,10,1.000000,0.975987,0.024013,0.000000,0.000000,0.000000,117,65,52,1.800000,0.103030,17,100,48,5,4,0.608234,0.425830,0.905983,0.938462
paper-74818-topk-10-depth-2,10,2,10,10,1.000000,0.975987,0.024013,0.000000,0.000000,0.000000,3421,1173,2248,2.916454,0.160101,634,2787,539,27,15,0.959126,0.973098,0.852967,0.861040
paper-100419-topk-1-depth-0,1,0,1,1,1.000000,0.949921,0.050079,,,,1,1,0,1.000000,0.000000,0,1,1,1,1,0.000000,0.000000,1.000000,1.000000
paper-100419-topk-1-depth-1,1,1,1,1,1.000000,0.949921,0.050079,,,,22,25,-3,0.880000,0.000000,0,22,25,3,3,0.993897,0.639556,0.772727,0.880000
paper-100419-topk-1-depth-2,1,2,1,1,1.000000,0.949921,0.050079,,,,8260,243,8017,33.991770,0.000000,0,8260,243,34,9,2.273898,1.234186,0.515496,0.786008
paper-100419-topk-3-depth-0,3,0,3,3,1.000000,0.968593,0.031407,0.000000,0.000000,0.000000,3,3,0,1.000000,0.000000,0,3,3,3,3,1.584963,1.584963,0.333333,0.333333
paper-100419-topk-3-depth-1,3,1,3,3,1.000000,0.968593,0.031407,0.000000,0.000000,0.000000,62,10,52,6.200000,0.014085,1,61,9,8,7,2.106648,2.521928,0.500000,0.400000
paper-100419-topk-3-depth-2,3,2,3,3,1.000000,0.968593,0.031407,0.000000,0.000000,0.000000,11441,59,11382,193.915254,0.000261,3,11438,56,35,13,2.380123,3.099617,0.469889,0.220339
paper-100419-topk-5-depth-0,5,0,5,5,1.000000,0.961299,0.038701,0.000000,0.000000,0.000000,5,5,0,1.000000,0.000000,0,5,5,4,4,1.921928,1.921928,0.400000,0.400000
paper-100419-topk-5-depth-1,5,1,5,5,1.000000,0.961299,0.038701,0.000000,0.000000,0.000000,87,40,47,2.175000,0.000000,0,87,40,11,9,2.764649,2.056008,0.356322,0.550000
paper-100419-topk-5-depth-2,5,2,5,5,1.000000,0.961299,0.038701,0.000000,0.000000,0.000000,11527,358,11169,32.198324,0.000000,0,11527,358,35,20,2.415711,2.340124,0.466383,0.533520
paper-100419-topk-10-depth-0,10,0,10,10,1.000000,0.955268,0.044732,0.000000,0.000000,0.000000,10,10,0,1.000000,0.111111,2,8,8,7,6,2.721928,2.160964,0.200000,0.500000
paper-100419-topk-10-depth-1,10,1,10,10,1.000000,0.955268,0.044732,0.000000,0.000000,0.000000,107,84,23,1.273810,0.043716,8,99,76,14,16,3.067188,2.922764,0.289720,0.333333
paper-100419-topk-10-depth-2,10,2,10,10,1.000000,0.955268,0.044732,0.000000,0.000000,0.000000,12261,898,11363,13.653675,0.016924,219,12042,679,38,28,2.549928,3.599815,0.439279,0.219376
paper-25834-topk-1-depth-0,1,0,1,1,1.000000,0.999894,0.000106,,,,1,1,0,1.000000,0.000000,0,1,1,1,1,0.000000,0.000000,1.000000,1.000000
paper-25834-topk-1-depth-1,1,1,1,1,1.000000,0.999894,0.000106,,,,5,3,2,1.666667,0.000000,0,5,3,4,1,1.921928,0.000000,0.400000,1.000000
paper-25834-topk-1-depth-2,1,2,1,1,1.000000,0.999894,0.000106,,,,69,40,29,1.725000,0.009259,1,68,39,8,4,2.529986,1.182647,0.289855,0.750000
paper-25834-topk-3-depth-0,3,0,3,3,1.000000,0.989563,0.010437,0.000000,0.016667,-0.016667,3,3,0,1.000000,0.200000,1,2,2,1,1,0.000000,0.000000,1.000000,1.000000
paper-25834-topk-3-depth-1,3,1,3,3,1.000000,0.989563,0.010437,0.000000,0.016667,-0.016667,18,25,-7,0.720000,0.102564,4,14,21,4,3,1.404678,0.764114,0.666667,0.840000
paper-25834-topk-3-depth-2,3,2,3,3,1.000000,0.989563,0.010437,0.000000,0.016667,-0.016667,290,192,98,1.510417,0.184275,75,215,117,14,14,2.738403,1.928692,0.348276,0.619792
paper-25834-topk-5-depth-0,5,0,5,5,1.000000,0.987911,0.012089,0.000000,0.056502,-0.056502,5,5,0,1.000000,0.250000,2,3,3,1,1,0.000000,0.000000,1.000000,1.000000
paper-25834-topk-5-depth-1,5,1,5,5,1.000000,0.987911,0.012089,0.000000,0.056502,-0.056502,33,50,-17,0.660000,0.121622,9,24,41,6,6,1.685457,1.292283,0.606061,0.700000
paper-25834-topk-5-depth-2,5,2,5,5,1.000000,0.987911,0.012089,0.000000,0.056502,-0.056502,542,482,60,1.124481,0.239709,198,344,284,20,20,2.891999,2.650666,0.372694,0.429461
paper-25834-topk-10-depth-0,10,0,10,10,1.000000,0.984934,0.015066,0.000000,0.070874,-0.070874,10,10,0,1.000000,0.111111,2,8,8,3,1,1.295462,0.000000,0.600000,1.000000
paper-25834-topk-10-depth-1,10,1,10,10,1.000000,0.984934,0.015066,0.000000,0.070874,-0.070874,98,116,-18,0.844828,0.188889,34,64,82,10,13,2.097531,1.905616,0.469388,0.637931
paper-25834-topk-10-depth-2,10,2,10,10,1.000000,0.984934,0.015066,0.000000,0.070874,-0.070874,2245,1011,1234,2.220574,0.223600,595,1650,416,32,24,3.247255,2.951985,0.368820,0.394659
paper-169064-topk-1-depth-0,1,0,1,1,1.000000,0.917266,0.082734,,,,1,1,0,1.000000,0.000000,0,1,1,1,1,0.000000,0.000000,1.000000,1.000000
paper-169064-topk-1-depth-1,1,1,1,1,1.000000,0.917266,0.082734,,,,2,5,-3,0.400000,0.000000,0,2,5,2,2,1.000000,0.970951,0.500000,0.600000
paper-169064-topk-1-depth-2,1,2,1,1,1.000000,0.917266,0.082734,,,,16,1274,-1258,0.012559,0.003891,5,11,1269,4,13,1.186278,0.744350,0.750000,0.878336
paper-169064-topk-3-depth-0,3,0,3,3,1.000000,0.917664,0.082336,0.000000,0.000000,0.000000,3,3,0,1.000000,0.000000,0,3,3,3,1,1.584963,0.000000,0.333333,1.000000
paper-169064-topk-3-depth-1,3,1,3,3,1.000000,0.917664,0.082336,0.000000,0.000000,0.000000,7,19,-12,0.368421,0.000000,0,7,19,5,3,2.128085,0.774243,0.428571,0.842105
paper-169064-topk-3-depth-2,3,2,3,3,1.000000,0.917664,0.082336,0.000000,0.000000,0.000000,240,2592,-2352,0.092593,0.003544,10,230,2582,11,23,1.626915,1.420607,0.641667,0.744599
paper-169064-topk-5-depth-0,5,0,5,5,1.000000,0.917793,0.082207,0.000000,0.000000,0.000000,5,5,0,1.000000,0.000000,0,5,5,4,2,1.921928,0.721928,0.400000,0.800000
paper-169064-topk-5-depth-1,5,1,5,5,1.000000,0.917793,0.082207,0.000000,0.000000,0.000000,22,30,-8,0.733333,0.019608,1,21,29,9,5,2.422675,1.172160,0.500000,0.766667
paper-169064-topk-5-depth-2,5,2,5,5,1.000000,0.917793,0.082207,0.000000,0.000000,0.000000,19244,5370,13874,3.583613,0.172877,3628,15616,1742,38,30,2.023993,1.493636,0.625598,0.739851
paper-169064-topk-10-depth-0,10,0,10,10,1.000000,0.916005,0.083995,0.000000,0.000000,0.000000,10,10,0,1.000000,0.052632,1,9,9,6,4,2.370951,1.570951,0.300000,0.600000
paper-169064-topk-10-depth-1,10,1,10,10,1.000000,0.916005,0.083995,0.000000,0.000000,0.000000,151,80,71,1.887500,0.040541,9,142,71,12,8,2.680187,1.710894,0.344371,0.662500
paper-169064-topk-10-depth-2,10,2,10,10,1.000000,0.916005,0.083995,0.000000,0.000000,0.000000,27223,16485,10738,1.651380,0.492658,14426,12797,2059,36,38,2.469044,1.946485,0.494325,0.609948
paper-30358-topk-1-depth-0,1,0,1,1,1.000000,0.999197,0.000803,,,,1,1,0,1.000000,0.000000,0,1,1,1,1,0.000000,0.000000,1.000000,1.000000
paper-30358-topk-1-depth-1,1,1,1,1,1.000000,0.999197,0.000803,,,,7,5,2,1.400000,0.000000,0,7,5,2,1,0.591673,0.000000,0.857143,1.000000
paper-30358-topk-1-depth-2,1,2,1,1,1.000000,0.999197,0.000803,,,,46,59,-13,0.779661,0.000000,0,46,59,5,5,1.612671,0.869042,0.630435,0.847458
paper-30358-topk-3-depth-0,3,0,3,3,1.000000,0.986400,0.013600,0.000000,0.000000,0.000000,3,3,0,1.000000,0.200000,1,2,2,3,2,1.584963,0.918296,0.333333,0.666667
paper-30358-topk-3-depth-1,3,1,3,3,1.000000,0.986400,0.013600,0.000000,0.000000,0.000000,19,20,-1,0.950000,0.114286,4,15,16,5,5,2.114805,1.939354,0.315789,0.400000
paper-30358-topk-3-depth-2,3,2,3,3,1.000000,0.986400,0.013600,0.000000,0.000000,0.000000,94,194,-100,0.484536,0.021277,6,88,188,7,12,2.110500,2.375522,0.393617,0.417526
paper-30358-topk-5-depth-0,5,0,5,5,1.000000,0.982180,0.017820,0.000000,0.000000,0.000000,5,5,0,1.000000,0.250000,2,3,3,4,3,1.921928,1.370951,0.400000,0.600000
paper-30358-topk-5-depth-1,5,1,5,5,1.000000,0.982180,0.017820,0.000000,0.000000,0.000000,44,44,0,1.000000,0.113924,9,35,35,7,6,2.169961,2.216336,0.500000,0.340909
paper-30358-topk-5-depth-2,5,2,5,5,1.000000,0.982180,0.017820,0.000000,0.000000,0.000000,546,316,230,1.727848,0.081556,65,481,251,19,13,2.339379,2.329644,0.516484,0.401899
paper-30358-topk-10-depth-0,10,0,10,10,1.000000,0.978026,0.021974,0.000000,0.002963,-0.002963,10,10,0,1.000000,0.176471,3,7,7,4,4,1.570951,1.356780,0.600000,0.700000
paper-30358-topk-10-depth-1,10,1,10,10,1.000000,0.978026,0.021974,0.000000,0.002963,-0.002963,61,114,-53,0.535088,0.067073,11,50,103,7,10,2.113597,2.278095,0.540984,0.482456
paper-30358-topk-10-depth-2,10,2,10,10,1.000000,0.978026,0.021974,0.000000,0.002963,-0.002963,772,837,-65,0.922342,0.143568,202,570,635,24,23,2.915980,2.750637,0.365285,0.481481
paper-143519-topk-1-depth-0,1,0,1,1,1.000000,0.999901,0.000099,,,,1,1,0,1.000000,0.000000,0,1,1,1,1,0.000000,0.000000,1.000000,1.000000
paper-143519-topk-1-depth-1,1,1,1,1,1.000000,0.999901,0.000099,,,,11,15,-4,0.733333,0.000000,0,11,15,3,1,1.322179,0.000000,0.545455,1.000000
paper-143519-topk-1-depth-2,1,2,1,1,1.000000,0.999901,0.000099,,,,5205,956,4249,5.444561,0.018684,113,5092,843,34,16,2.312609,0.697223,0.505091,0.901674
paper-143519-topk-3-depth-0,3,0,3,3,1.000000,0.972492,0.027508,0.000000,0.013699,-0.013699,3,3,0,1.000000,0.000000,0,3,3,2,1,0.918296,0.000000,0.666667,1.000000
paper-143519-topk-3-depth-1,3,1,3,3,1.000000,0.972492,0.027508,0.000000,0.013699,-0.013699,59,90,-31,0.655556,0.013605,2,57,88,5,7,1.535213,1.377252,0.627119,0.733333
paper-143519-topk-3-depth-2,3,2,3,3,1.000000,0.972492,0.027508,0.000000,0.013699,-0.013699,27032,22182,4850,1.218646,0.433682,14887,12145,7295,38,39,2.429655,2.278777,0.448505,0.515418
paper-143519-topk-5-depth-0,5,0,5,5,1.000000,0.965916,0.034084,0.000000,0.006435,-0.006435,5,5,0,1.000000,0.000000,0,5,5,2,2,0.970951,0.721928,0.600000,0.800000
paper-143519-topk-5-depth-1,5,1,5,5,1.000000,0.965916,0.034084,0.000000,0.006435,-0.006435,81,141,-60,0.574468,0.032558,7,74,134,8,8,1.927899,1.449261,0.567901,0.730496
paper-143519-topk-5-depth-2,5,2,5,5,1.000000,0.965916,0.034084,0.000000,0.006435,-0.006435,28898,28249,649,1.022974,0.560029,20515,8383,7734,39,39,2.463418,2.287521,0.441311,0.509576
paper-143519-topk-10-depth-0,10,0,10,10,1.000000,0.960148,0.039852,0.000000,0.007732,-0.007732,10,10,0,1.000000,0.052632,1,9,9,5,4,2.046439,1.356780,0.400000,0.700000
paper-143519-topk-10-depth-1,10,1,10,10,1.000000,0.960148,0.039852,0.000000,0.007732,-0.007732,149,246,-97,0.605691,0.056150,21,128,225,13,10,2.190150,1.584860,0.510067,0.703252
paper-143519-topk-10-depth-2,10,2,10,10,1.000000,0.960148,0.039852,0.000000,0.007732,-0.007732,32234,33399,-1165,0.965119,0.625746,25262,6972,8137,39,39,2.459958,2.315525,0.454396,0.499087
paper-57007-topk-1-depth-0,1,0,1,1,1.000000,0.973697,0.026303,,,,1,1,0,1.000000,0.000000,0,1,1,1,1,0.000000,0.000000,1.000000,1.000000
paper-57007-topk-1-depth-1,1,1,1,1,1.000000,0.973697,0.026303,,,,9,105,-96,0.085714,0.008850,1,8,104,2,11,0.764205,2.488124,0.777778,0.342857
paper-57007-topk-1-depth-2,1,2,1,1,1.000000,0.973697,0.026303,,,,5331,18490,-13159,0.288318,0.235017,4533,798,13957,31,37,2.206893,2.581049,0.528606,0.328448
paper-57007-topk-3-depth-0,3,0,3,3,1.000000,0.973719,0.026281,0.000000,0.011593,-0.011593,3,3,0,1.000000,0.000000,0,3,3,3,2,1.584963,0.918296,0.333333,0.666667
paper-57007-topk-3-depth-1,3,1,3,3,1.000000,0.973719,0.026281,0.000000,0.011593,-0.011593,54,143,-89,0.377622,0.047872,9,45,134,5,11,2.013709,2.505368,0.407407,0.307692
paper-57007-topk-3-depth-2,3,2,3,3,1.000000,0.973719,0.026281,0.000000,0.011593,-0.011593,26659,32971,-6312,0.808559,0.661049,23731,2928,9240,38,38,2.366781,2.458473,0.511159,0.446301
paper-57007-topk-5-depth-0,5,0,5,5,1.000000,0.973193,0.026807,0.000000,0.008754,-0.008754,5,5,0,1.000000,0.111111,1,4,4,4,4,1.921928,1.921928,0.400000,0.400000
paper-57007-topk-5-depth-1,5,1,5,5,1.000000,0.973193,0.026807,0.000000,0.008754,-0.008754,93,203,-110,0.458128,0.084249,23,70,180,6,12,2.072252,2.531359,0.451613,0.354680
paper-57007-topk-5-depth-2,5,2,5,5,1.000000,0.973193,0.026807,0.000000,0.008754,-0.008754,32950,35546,-2596,0.926968,0.743167,29202,3748,6344,39,39,2.429812,2.517547,0.469014,0.426377
paper-57007-topk-10-depth-0,10,0,10,10,1.000000,0.975493,0.024507,0.000000,0.010492,-0.010492,10,10,0,1.000000,0.111111,2,8,8,6,6,2.446439,2.446439,0.300000,0.300000
paper-57007-topk-10-depth-1,10,1,10,10,1.000000,0.975493,0.024507,0.000000,0.010492,-0.010492,180,307,-127,0.586319,0.111872,49,131,258,13,13,2.576532,2.385386,0.311111,0.377850
paper-57007-topk-10-depth-2,10,2,10,10,1.000000,0.975493,0.024507,0.000000,0.010492,-0.010492,41235,40916,319,1.007796,0.758934,35446,5789,5470,38,39,2.577291,2.549480,0.429635,0.431885
paper-66945-topk-1-depth-0,1,0,1,1,1.000000,0.961622,0.038378,,,,1,1,0,1.000000,0.000000,0,1,1,1,1,0.000000,0.000000,1.000000,1.000000
paper-66945-topk-1-depth-1,1,1,1,1,1.000000,0.961622,0.038378,,,,15,13,2,1.153846,0.076923,2,13,11,2,2,0.353359,0.619382,0.933333,0.846154
paper-66945-topk-1-depth-2,1,2,1,1,1.000000,0.961622,0.038378,,,,8340,27182,-18842,0.306821,0.246561,7026,1314,20156,32,36,1.624677,2.277370,0.718106,0.522736
paper-66945-topk-3-depth-0,3,0,3,3,1.000000,0.977106,0.022894,0.000000,0.074495,-0.074495,3,3,0,1.000000,0.000000,0,3,3,1,1,0.000000,0.000000,1.000000,1.000000
paper-66945-topk-3-depth-1,3,1,3,3,1.000000,0.977106,0.022894,0.000000,0.074495,-0.074495,15,27,-12,0.555556,0.076923,3,12,24,2,3,0.721928,0.455021,0.800000,0.925926
paper-66945-topk-3-depth-2,3,2,3,3,1.000000,0.977106,0.022894,0.000000,0.074495,-0.074495,26795,22106,4689,1.212114,0.651503,19291,7504,2815,36,35,2.287861,1.905385,0.516365,0.636524
paper-66945-topk-5-depth-0,5,0,5,5,1.000000,0.972006,0.027994,0.000000,0.025657,-0.025657,5,5,0,1.000000,0.000000,0,5,5,2,1,0.970951,0.000000,0.600000,1.000000
paper-66945-topk-5-depth-1,5,1,5,5,1.000000,0.972006,0.027994,0.000000,0.025657,-0.025657,42,34,8,1.235294,0.101449,7,35,27,5,3,1.281373,0.618004,0.666667,0.882353
paper-66945-topk-5-depth-2,5,2,5,5,1.000000,0.972006,0.027994,0.000000,0.025657,-0.025657,31815,30082,1733,1.057609,0.803683,27580,4235,2502,37,37,2.415039,2.271285,0.482383,0.532910
paper-66945-topk-10-depth-0,10,0,10,10,1.000000,0.968285,0.031715,0.000000,0.040416,-0.040416,10,10,0,1.000000,0.052632,1,9,9,3,2,1.360964,0.468996,0.500000,0.900000
paper-66945-topk-10-depth-1,10,1,10,10,1.000000,0.968285,0.031715,0.000000,0.040416,-0.040416,78,75,3,1.040000,0.108696,15,63,60,8,6,1.474783,1.043560,0.628205,0.813333
paper-66945-topk-10-depth-2,10,2,10,10,1.000000,0.968285,0.031715,0.000000,0.040416,-0.040416,34113,36443,-2330,0.936065,0.836248,32132,1981,4311,38,38,2.413461,2.451570,0.486061,0.479516
paper-96292-topk-1-depth-0,1,0,1,1,1.000000,0.999887,0.000113,,,,1,1,0,1.000000,0.000000,0,1,1,1,1,0.000000,0.000000,1.000000,1.000000
paper-96292-topk-1-depth-1,1,1,1,1,1.000000,0.999887,0.000113,,,,14,37,-23,0.378378,0.133333,6,8,31,5,7,2.209889,2.356274,0.357143,0.378378
paper-96292-topk-1-depth-2,1,2,1,1,1.000000,0.999887,0.000113,,,,18961,1932,17029,9.814182,0.065371,1282,17679,650,37,31,2.308480,2.679761,0.462106,0.395963
paper-96292-topk-3-depth-0,3,0,3,3,1.000000,0.981368,0.018632,0.000000,0.029630,-0.029630,3,3,0,1.000000,0.000000,0,3,3,3,3,1.584963,1.584963,0.333333,0.333333
paper-96292-topk-3-depth-1,3,1,3,3,1.000000,0.981368,0.018632,0.000000,0.029630,-0.029630,18,51,-33,0.352941,0.061538,4,14,47,5,8,2.086049,2.532331,0.444444,0.313725
paper-96292-topk-3-depth-2,3,2,3,3,1.000000,0.981368,0.018632,0.000000,0.029630,-0.029630,15608,22122,-6514,0.705542,0.294695,8588,7020,13534,36,37,2.591452,2.457760,0.330600,0.410542
paper-96292-topk-5-depth-0,5,0,5,5,1.000000,0.974777,0.025223,0.000000,0.020361,-0.020361,5,5,0,1.000000,0.111111,1,4,4,3,4,1.370951,1.921928,0.600000,0.400000
paper-96292-topk-5-depth-1,5,1,5,5,1.000000,0.974777,0.025223,0.000000,0.020361,-0.020361,35,60,-25,0.583333,0.091954,8,27,52,7,9,2.507156,2.597842,0.342857,0.316667
paper-96292-topk-5-depth-2,5,2,5,5,1.000000,0.974777,0.025223,0.000000,0.020361,-0.020361,15699,22236,-6537,0.706017,0.295329,8649,7050,13587,36,37,2.617623,2.466048,0.328683,0.409516
paper-96292-topk-10-depth-0,10,0,10,10,1.000000,0.968464,0.031536,0.000000,0.021754,-0.021754,10,10,0,1.000000,0.111111,2,8,8,4,6,1.356780,2.446439,0.700000,0.300000
paper-96292-topk-10-depth-1,10,1,10,10,1.000000,0.968464,0.031536,0.000000,0.021754,-0.021754,66,117,-51,0.564103,0.070175,12,54,105,8,11,2.359835,2.605581,0.454545,0.307692
paper-96292-topk-10-depth-2,10,2,10,10,1.000000,0.968464,0.031536,0.000000,0.021754,-0.021754,15999,30962,-14963,0.516730,0.502415,15704,295,15258,38,38,2.707276,2.607307,0.322520,0.375977
paper-148097-topk-1-depth-0,1,0,1,1,1.000000,0.999882,0.000118,,,,1,1,0,1.000000,0.000000,0,1,1,1,1,0.000000,0.000000,1.000000,1.000000
paper-148097-topk-1-depth-1,1,1,1,1,1.000000,0.999882,0.000118,,,,19,11,8,1.727273,0.000000,0,19,11,2,1,0.297472,0.000000,0.947368,1.000000
paper-148097-topk-1-depth-2,1,2,1,1,1.000000,0.999882,0.000118,,,,12054,1397,10657,8.628490,0.083186,1033,11021,364,35,15,2.436962,0.994953,0.476190,0.845383
paper-148097-topk-3-depth-0,3,0,3,3,1.000000,0.976149,0.023851,0.000000,0.017544,-0.017544,3,3,0,1.000000,0.500000,2,1,1,1,1,0.000000,0.000000,1.000000,1.000000
paper-148097-topk-3-depth-1,3,1,3,3,1.000000,0.976149,0.023851,0.000000,0.017544,-0.017544,36,46,-10,0.782609,0.389831,23,13,23,2,4,0.183122,0.556663,0.972222,0.913043
paper-148097-topk-3-depth-2,3,2,3,3,1.000000,0.976149,0.023851,0.000000,0.017544,-0.017544,13593,22364,-8771,0.607807,0.472501,11538,2055,10826,35,37,2.416960,2.614312,0.483116,0.306564
paper-148097-topk-5-depth-0,5,0,5,5,1.000000,0.970549,0.029451,0.000000,0.013596,-0.013596,5,5,0,1.000000,0.111111,1,4,4,2,1,0.721928,0.000000,0.800000,1.000000
paper-148097-topk-5-depth-1,5,1,5,5,1.000000,0.970549,0.029451,0.000000,0.013596,-0.013596,148,62,86,2.387097,0.065990,13,135,49,5,5,1.101997,0.644327,0.783784,0.903226
paper-148097-topk-5-depth-2,5,2,5,5,1.000000,0.970549,0.029451,0.000000,0.013596,-0.013596,35476,22511,12965,1.575941,0.588685,21487,13989,1024,37,37,2.498075,2.615857,0.428994,0.307716
paper-148097-topk-10-depth-0,10,0,10,10,1.000000,0.966676,0.033324,0.000000,0.026832,-0.026832,10,10,0,1.000000,0.111111,2,8,8,3,1,1.156780,0.000000,0.700000,1.000000
paper-148097-topk-10-depth-1,10,1,10,10,1.000000,0.966676,0.033324,0.000000,0.026832,-0.026832,296,138,158,2.144928,0.066339,27,269,111,9,6,1.534845,0.792663,0.570946,0.876812
paper-148097-topk-10-depth-2,10,2,10,10,1.000000,0.966676,0.033324,0.000000,0.026832,-0.026832,36767,25909,10858,1.419082,0.642797,24524,12243,1385,37,37,2.507252,2.627750,0.427938,0.305724
paper-18469-topk-1-depth-0,1,0,1,1,1.000000,0.999729,0.000271,,,,1,1,0,1.000000,1.000000,1,0,0,1,1,0.000000,0.000000,1.000000,1.000000
paper-18469-topk-1-depth-1,1,1,1,1,1.000000,0.999729,0.000271,,,,35,35,0,1.000000,1.000000,35,0,0,5,5,1.273102,1.273102,0.742857,0.742857
paper-18469-topk-1-depth-2,1,2,1,1,1.000000,0.999729,0.000271,,,,4661,4661,0,1.000000,1.000000,4661,0,0,33,33,2.030850,2.030850,0.570478,0.570478
paper-18469-topk-3-depth-0,3,0,3,3,1.000000,0.979029,0.020971,0.000000,0.057722,-0.057722,3,3,0,1.000000,0.200000,1,2,2,3,2,1.584963,0.918296,0.333333,0.666667
paper-18469-topk-3-depth-1,3,1,3,3,1.000000,0.979029,0.020971,0.000000,0.057722,-0.057722,51,75,-24,0.680000,0.400000,36,15,39,7,6,2.024877,1.590373,0.509804,0.666667
paper-18469-topk-3-depth-2,3,2,3,3,1.000000,0.979029,0.020971,0.000000,0.057722,-0.057722,8812,32811,-23999,0.268568,0.246384,8228,584,24583,38,37,2.408460,2.388072,0.342034,0.468349
paper-18469-topk-5-depth-0,5,0,5,5,1.000000,0.974269,0.025731,0.000000,0.042999,-0.042999,5,5,0,1.000000,0.111111,1,4,4,5,3,2.321928,1.370951,0.200000,0.600000
paper-18469-topk-5-depth-1,5,1,5,5,1.000000,0.974269,0.025731,0.000000,0.042999,-0.042999,69,118,-49,0.584746,0.246667,37,32,81,7,6,2.157873,1.648277,0.391304,0.644068
paper-18469-topk-5-depth-2,5,2,5,5,1.000000,0.974269,0.025731,0.000000,0.042999,-0.042999,21366,34733,-13367,0.615150,0.560907,20159,1207,14574,38,37,2.525190,2.435769,0.386221,0.455072
paper-18469-topk-10-depth-0,10,0,10,10,1.000000,0.970050,0.029950,0.000000,0.023404,-0.023404,10,10,0,1.000000,0.176471,3,7,7,8,5,2.921928,1.960964,0.200000,0.500000
paper-18469-topk-10-depth-1,10,1,10,10,1.000000,0.970050,0.029950,0.000000,0.023404,-0.023404,100,177,-77,0.564972,0.225664,51,49,126,13,10,2.801546,2.268131,0.330000,0.508475
paper-18469-topk-10-depth-2,10,2,10,10,1.000000,0.970050,0.029950,0.000000,0.023404,-0.023404,22003,35813,-13810,0.614386,0.557963,20706,1297,15107,39,37,2.549936,2.484288,0.388356,0.443275
paper-44337-topk-1-depth-0,1,0,1,1,1.000000,0.999004,0.000996,,,,1,1,0,1.000000,0.000000,0,1,1,1,1,0.000000,0.000000,1.000000,1.000000
paper-44337-topk-1-depth-1,1,1,1,1,1.000000,0.999004,0.000996,,,,17,27,-10,0.629630,0.047619,2,15,25,3,2,0.640206,0.228538,0.882353,0.962963
paper-44337-topk-1-depth-2,1,2,1,1,1.000000,0.999004,0.000996,,,,12402,8617,3785,1.439248,0.233365,3977,8425,4640,32,31,1.573061,1.792479,0.728108,0.668098
paper-44337-topk-3-depth-0,3,0,3,3,1.000000,0.983079,0.016921,0.000000,0.017284,-0.017284,3,3,0,1.000000,0.200000,1,2,2,1,1,0.000000,0.000000,1.000000,1.000000
paper-44337-topk-3-depth-1,3,1,3,3,1.000000,0.983079,0.016921,0.000000,0.017284,-0.017284,32,59,-27,0.542373,0.123457,10,22,49,3,2,0.818091,0.289986,0.812500,0.949153
paper-44337-topk-3-depth-2,3,2,3,3,1.000000,0.983079,0.016921,0.000000,0.017284,-0.017284,27987,13881,14106,2.016209,0.345892,10760,17227,3121,36,32,2.261124,1.737423,0.525351,0.690656
paper-44337-topk-5-depth-0,5,0,5,5,1.000000,0.979917,0.020083,0.000000,0.066194,-0.066194,5,5,0,1.000000,0.111111,1,4,4,1,1,0.000000,0.000000,1.000000,1.000000
paper-44337-topk-5-depth-1,5,1,5,5,1.000000,0.979917,0.020083,0.000000,0.066194,-0.066194,44,77,-33,0.571429,0.130841,14,30,63,4,2,0.932695,0.237508,0.795455,0.961039
paper-44337-topk-5-depth-2,5,2,5,5,1.000000,0.979917,0.020083,0.000000,0.066194,-0.066194,29626,23279,6347,1.272649,0.653023,20900,8726,2379,36,35,2.263455,1.893551,0.525586,0.646978
paper-44337-topk-10-depth-0,10,0,10,10,1.000000,0.975445,0.024555,0.000000,0.054963,-0.054963,10,10,0,1.000000,0.052632,1,9,9,3,1,1.156780,0.000000,0.700000,1.000000
paper-44337-topk-10-depth-1,10,1,10,10,1.000000,0.975445,0.024555,0.000000,0.054963,-0.054963,72,169,-97,0.426036,0.075893,17,55,152,7,3,1.676314,0.244357,0.611111,0.964497
paper-44337-topk-10-depth-2,10,2,10,10,1.000000,0.975445,0.024555,0.000000,0.054963,-0.054963,32017,26076,5941,1.227834,0.532514,20186,11831,5890,37,35,2.458622,1.898846,0.455664,0.644501
paper-17859-topk-1-depth-0,1,0,1,1,1.000000,0.994833,0.005167,,,,1,1,0,1.000000,1.000000,1,0,0,1,1,0.000000,0.000000,1.000000,1.000000
paper-17859-topk-1-depth-1,1,1,1,1,1.000000,0.994833,0.005167,,,,27,27,0,1.000000,1.000000,27,0,0,1,1,0.000000,0.000000,1.000000,1.000000
paper-17859-topk-1-depth-2,1,2,1,1,1.000000,0.994833,0.005167,,,,3628,3628,0,1.000000,1.000000,3628,0,0,29,29,2.130067,2.130067,0.572767,0.572767
paper-17859-topk-3-depth-0,3,0,3,3,1.000000,0.976584,0.023416,0.000000,0.054156,-0.054156,3,3,0,1.000000,0.200000,1,2,2,1,1,0.000000,0.000000,1.000000,1.000000
paper-17859-topk-3-depth-1,3,1,3,3,1.000000,0.976584,0.023416,0.000000,0.054156,-0.054156,65,152,-87,0.427632,0.212291,38,27,114,3,6,0.686008,0.410927,0.861538,0.947368
paper-17859-topk-3-depth-2,3,2,3,3,1.000000,0.976584,0.023416,0.000000,0.054156,-0.054156,19918,19121,797,1.041682,0.862548,18079,1839,1042,37,36,2.570785,2.569345,0.309770,0.311072
paper-17859-topk-5-depth-0,5,0,5,5,1.000000,0.972132,0.027868,0.000000,0.037158,-0.037158,5,5,0,1.000000,0.111111,1,4,4,3,1,1.370951,0.000000,0.600000,1.000000
paper-17859-topk-5-depth-1,5,1,5,5,1.000000,0.972132,0.027868,0.000000,0.037158,-0.037158,107,254,-147,0.421260,0.124611,40,67,214,6,9,1.813082,0.495090,0.551402,0.937008
paper-17859-topk-5-depth-2,5,2,5,5,1.000000,0.972132,0.027868,0.000000,0.037158,-0.037158,32837,22998,9839,1.427820,0.544836,19692,13145,3306,38,37,2.457160,2.630164,0.439474,0.327681
paper-17859-topk-10-depth-0,10,0,10,10,1.000000,0.966767,0.033233,0.000000,0.030578,-0.030578,10,10,0,1.000000,0.052632,1,9,9,5,1,1.960964,0.000000,0.500000,1.000000
paper-17859-topk-10-depth-1,10,1,10,10,1.000000,0.966767,0.033233,0.000000,0.030578,-0.030578,138,317,-179,0.435331,0.107056,44,94,273,8,10,1.968308,0.663832,0.550725,0.908517
paper-17859-topk-10-depth-2,10,2,10,10,1.000000,0.966767,0.033233,0.000000,0.030578,-0.030578,29640,24041,5599,1.232894,0.716035,22399,7241,1642,40,39,2.662851,2.656761,0.330904,0.323572
paper-119799-topk-1-depth-0,1,0,1,1,1.000000,0.964992,0.035008,,,,1,1,0,1.000000,0.000000,0,1,1,1,1,0.000000,0.000000,1.000000,1.000000
paper-119799-topk-1-depth-1,1,1,1,1,1.000000,0.964992,0.035008,,,,35,15,20,2.333333,0.020408,1,34,14,5,5,1.484949,1.930125,0.657143,0.466667
paper-119799-topk-1-depth-2,1,2,1,1,1.000000,0.964992,0.035008,,,,23117,3810,19307,6.067454,0.156559,3645,19472,165,38,31,2.656430,2.212377,0.292425,0.486877
paper-119799-topk-3-depth-0,3,0,3,3,1.000000,0.973755,0.026245,0.000000,0.000000,0.000000,3,3,0,1.000000,0.000000,0,3,3,3,2,1.584963,0.918296,0.333333,0.666667
paper-119799-topk-3-depth-1,3,1,3,3,1.000000,0.973755,0.026245,0.000000,0.000000,0.000000,36,33,3,1.090909,0.000000,0,36,33,4,8,1.941187,2.413705,0.333333,0.424242
paper-119799-topk-3-depth-2,3,2,3,3,1.000000,0.973755,0.026245,0.000000,0.000000,0.000000,25735,5967,19768,4.312888,0.125621,3538,22197,2429,37,34,2.426060,2.458563,0.458597,0.422993
paper-119799-topk-5-depth-0,5,0,5,5,1.000000,0.971949,0.028051,0.000000,0.060000,-0.060000,5,5,0,1.000000,0.111111,1,4,4,4,3,1.921928,1.370951,0.400000,0.600000
paper-119799-topk-5-depth-1,5,1,5,5,1.000000,0.971949,0.028051,0.000000,0.060000,-0.060000,57,42,15,1.357143,0.087912,8,49,34,5,10,1.958928,2.731255,0.421053,0.357143
paper-119799-topk-5-depth-2,5,2,5,5,1.000000,0.971949,0.028051,0.000000,0.060000,-0.060000,30419,6021,24398,5.052151,0.158407,4983,25436,1038,37,36,2.536560,2.510146,0.401394,0.419199
paper-119799-topk-10-depth-0,10,0,10,10,1.000000,0.957872,0.042128,0.000085,0.017798,-0.017712,10,10,0,1.000000,0.052632,1,9,9,5,4,2.046439,1.721928,0.400000,0.400000
paper-119799-topk-10-depth-1,10,1,10,10,1.000000,0.957872,0.042128,0.000085,0.017798,-0.017712,347,158,189,2.196203,0.063158,30,317,128,15,9,1.761293,1.901525,0.685879,0.556962
paper-119799-topk-10-depth-2,10,2,10,10,1.000000,0.957872,0.042128,0.000085,0.017798,-0.017712,36403,35845,558,1.015567,0.773915,31520,4883,4325,38,39,2.540849,2.616546,0.424965,0.373832
paper-66884-topk-1-depth-0,1,0,1,1,1.000000,0.977091,0.022909,,,,1,1,0,1.000000,1.000000,1,0,0,1,1,0.000000,0.000000,1.000000,1.000000
paper-66884-topk-1-depth-1,1,1,1,1,1.000000,0.977091,0.022909,,,,4,4,0,1.000000,1.000000,4,0,0,3,3,1.500000,1.500000,0.500000,0.500000
paper-66884-topk-1-depth-2,1,2,1,1,1.000000,0.977091,0.022909,,,,93,93,0,1.000000,1.000000,93,0,0,13,13,2.937874,2.937874,0.311828,0.311828
paper-66884-topk-3-depth-0,3,0,3,3,1.000000,0.971416,0.028584,0.000000,0.000000,0.000000,3,3,0,1.000000,0.200000,1,2,2,2,1,0.918296,0.000000,0.666667,1.000000
paper-66884-topk-3-depth-1,3,1,3,3,1.000000,0.971416,0.028584,0.000000,0.000000,0.000000,16,8,8,2.000000,0.200000,4,12,4,5,5,1.626614,2.155639,0.625000,0.375000
paper-66884-topk-3-depth-2,3,2,3,3,1.000000,0.971416,0.028584,0.000000,0.000000,0.000000,176,139,37,1.266187,0.418919,93,83,46,13,14,2.821665,3.065595,0.289773,0.251799
paper-66884-topk-5-depth-0,5,0,5,5,1.000000,0.976312,0.023688,0.000000,0.000000,0.000000,5,5,0,1.000000,0.111111,1,4,4,4,1,1.921928,0.000000,0.400000,1.000000
paper-66884-topk-5-depth-1,5,1,5,5,1.000000,0.976312,0.023688,0.000000,0.000000,0.000000,28,38,-10,0.736842,0.064516,4,24,34,7,9,2.373820,2.245558,0.428571,0.526316
paper-66884-topk-5-depth-2,5,2,5,5,1.000000,0.976312,0.023688,0.000000,0.000000,0.000000,232,1185,-953,0.195781,0.075114,99,133,1086,14,25,2.976143,3.101265,0.280172,0.280169
paper-66884-topk-10-depth-0,10,0,10,10,1.000000,0.970924,0.029076,0.000000,0.000000,0.000000,10,10,0,1.000000,0.052632,1,9,9,3,3,1.295462,1.156780,0.600000,0.700000
paper-66884-topk-10-depth-1,10,1,10,10,1.000000,0.970924,0.029076,0.000000,0.000000,0.000000,96,91,5,1.054945,0.027473,5,91,86,9,13,1.922403,2.745452,0.406250,0.307692
paper-66884-topk-10-depth-2,10,2,10,10,1.000000,0.970924,0.029076,0.000000,0.000000,0.000000,1894,6489,-4595,0.291879,0.058460,463,1431,6026,28,35,2.676507,2.981189,0.512672,0.386192
paper-68988-topk-1-depth-0,1,0,1,1,1.000000,0.999692,0.000308,,,,1,1,0,1.000000,0.000000,0,1,1,1,1,0.000000,0.000000,1.000000,1.000000
paper-68988-topk-1-depth-1,1,1,1,1,1.000000,0.999692,0.000308,,,,3,7,-4,0.428571,0.000000,0,3,7,2,1,0.918296,0.000000,0.666667,1.000000
paper-68988-topk-1-depth-2,1,2,1,1,1.000000,0.999692,0.000308,,,,51,68,-17,0.750000,0.000000,0,51,68,5,7,1.591725,0.737831,0.549020,0.897059
paper-68988-topk-3-depth-0,3,0,3,3,1.000000,0.980780,0.019220,0.000000,0.000000,0.000000,3,3,0,1.000000,0.500000,2,1,1,2,3,0.918296,1.584963,0.666667,0.333333
paper-68988-topk-3-depth-1,3,1,3,3,1.000000,0.980780,0.019220,0.000000,0.000000,0.000000,12,26,-14,0.461538,0.357143,10,2,16,4,7,1.551098,2.363713,0.583333,0.307692
paper-68988-topk-3-depth-2,3,2,3,3,1.000000,0.980780,0.019220,0.000000,0.000000,0.000000,128,315,-187,0.406349,0.367284,119,9,196,10,20,2.094050,3.252931,0.500000,0.288889
paper-68988-topk-5-depth-0,5,0,5,5,1.000000,0.974593,0.025407,0.000000,0.000000,0.000000,5,5,0,1.000000,0.111111,1,4,4,4,3,1.921928,1.521928,0.400000,0.400000
paper-68988-topk-5-depth-1,5,1,5,5,1.000000,0.974593,0.025407,0.000000,0.000000,0.000000,38,47,-9,0.808511,0.036585,3,35,44,9,7,2.580184,2.132965,0.394737,0.404255
paper-68988-topk-5-depth-2,5,2,5,5,1.000000,0.974593,0.025407,0.000000,0.000000,0.000000,22135,716,21419,30.914804,0.004307,98,22037,618,39,28,2.428329,3.097426,0.471064,0.305866
paper-68988-topk-10-depth-0,10,0,10,10,1.000000,0.968143,0.031857,0.000000,0.000000,0.000000,10,10,0,1.000000,0.250000,4,6,6,7,6,2.721928,2.370951,0.200000,0.300000
paper-68988-topk-10-depth-1,10,1,10,10,1.000000,0.968143,0.031857,0.000000,0.000000,0.000000,105,111,-6,0.945946,0.301205,50,55,61,13,13,2.781450,2.681881,0.361905,0.324324
paper-68988-topk-10-depth-2,10,2,10,10,1.000000,0.968143,0.031857,0.000000,0.000000,0.000000,23291,23987,-696,0.970984,0.622221,18134,5157,5853,39,39,2.579504,2.581388,0.447984,0.452203
paper-48808-topk-1-depth-0,1,0,1,1,1.000000,0.999648,0.000352,,,,1,1,0,1.000000,0.000000,0,1,1,1,1,0.000000,0.000000,1.000000,1.000000
paper-48808-topk-1-depth-1,1,1,1,1,1.000000,0.999648,0.000352,,,,8,6,2,1.333333,0.000000,0,8,6,5,3,2.155639,1.584963,0.375000,0.333333
paper-48808-topk-1-depth-2,1,2,1,1,1.000000,0.999648,0.000352,,,,242,2777,-2535,0.087144,0.000000,0,242,2777,22,27,3.347010,1.980062,0.252066,0.609651
paper-48808-topk-3-depth-0,3,0,3,3,1.000000,0.981739,0.018261,0.000000,0.000000,0.000000,3,3,0,1.000000,0.000000,0,3,3,3,3,1.584963,1.584963,0.333333,0.333333
paper-48808-topk-3-depth-1,3,1,3,3,1.000000,0.981739,0.018261,0.000000,0.000000,0.000000,16,13,3,1.230769,0.000000,0,16,13,6,7,2.311278,2.499698,0.375000,0.384615
paper-48808-topk-3-depth-2,3,2,3,3,1.000000,0.981739,0.018261,0.000000,0.000000,0.000000,282,5536,-5254,0.050939,0.000172,1,281,5535,24,33,3.519439,2.162857,0.230496,0.591944
paper-48808-topk-5-depth-0,5,0,5,5,1.000000,0.977251,0.022749,0.000000,0.000000,0.000000,5,5,0,1.000000,0.111111,1,4,4,5,5,2.321928,2.321928,0.200000,0.200000
paper-48808-topk-5-depth-1,5,1,5,5,1.000000,0.977251,0.022749,0.000000,0.000000,0.000000,20,20,0,1.000000,0.052632,2,18,18,10,10,2.970951,3.041446,0.300000,0.250000
paper-48808-topk-5-depth-2,5,2,5,5,1.000000,0.977251,0.022749,0.000000,0.000000,0.000000,425,5569,-5144,0.076315,0.017830,105,320,5464,28,34,3.638704,2.204490,0.237647,0.588436
paper-48808-topk-10-depth-0,10,0,10,10,1.000000,0.972496,0.027504,0.000000,0.000000,0.000000,10,10,0,1.000000,0.052632,1,9,9,8,8,2.921928,2.846439,0.200000,0.300000
paper-48808-topk-10-depth-1,10,1,10,10,1.000000,0.972496,0.027504,0.000000,0.000000,0.000000,52,45,7,1.155556,0.021053,2,50,43,17,14,3.553875,3.504610,0.211538,0.177778
paper-48808-topk-10-depth-2,10,2,10,10,1.000000,0.972496,0.027504,0.000000,0.000000,0.000000,14839,7400,7439,2.005270,0.155993,3001,11838,4399,39,37,2.183883,2.565293,0.570995,0.456757
paper-158303-topk-1-depth-0,1,0,1,1,1.000000,0.999000,0.001000,,,,1,1,0,1.000000,0.000000,0,1,1,1,1,0.000000,0.000000,1.000000,1.000000
paper-158303-topk-1-depth-1,1,1,1,1,1.000000,0.999000,0.001000,,,,3,2,1,1.500000,0.000000,0,3,2,1,1,0.000000,0.000000,1.000000,1.000000
paper-158303-topk-1-depth-2,1,2,1,1,1.000000,0.999000,0.001000,,,,30,11,19,2.727273,0.000000,0,30,11,4,2,0.627492,0.684038,0.900000,0.818182
paper-158303-topk-3-depth-0,3,0,3,3,1.000000,0.976953,0.023047,0.000000,0.000000,0.000000,3,3,0,1.000000,0.200000,1,2,2,1,1,0.000000,0.000000,1.000000,1.000000
paper-158303-topk-3-depth-1,3,1,3,3,1.000000,0.976953,0.023047,0.000000,0.000000,0.000000,21,19,2,1.105263,0.081081,3,18,16,3,4,1.048841,1.058277,0.714286,0.789474
paper-158303-topk-3-depth-2,3,2,3,3,1.000000,0.976953,0.023047,0.000000,0.000000,0.000000,24704,78,24626,316.717949,0.001536,38,24666,40,36,8,2.281864,1.083882,0.513034,0.833333
paper-158303-topk-5-depth-0,5,0,5,5,1.000000,0.971627,0.028373,0.000000,0.000000,0.000000,5,5,0,1.000000,0.111111,1,4,4,2,1,0.721928,0.000000,0.800000,1.000000
paper-158303-topk-5-depth-1,5,1,5,5,1.000000,0.971627,0.028373,0.000000,0.000000,0.000000,38,27,11,1.407407,0.048387,3,35,24,8,4,1.836119,0.827409,0.631579,0.851852
paper-158303-topk-5-depth-2,5,2,5,5,1.000000,0.971627,0.028373,0.000000,0.000000,0.000000,24767,3951,20816,6.268540,0.108717,2816,21951,1135,36,31,2.285005,1.640769,0.512900,0.710200
paper-158303-topk-10-depth-0,10,0,10,10,1.000000,0.966360,0.033640,0.000000,0.000694,-0.000694,10,10,0,1.000000,0.052632,1,9,9,5,1,2.046439,0.000000,0.400000,1.000000
paper-158303-topk-10-depth-1,10,1,10,10,1.000000,0.966360,0.033640,0.000000,0.000694,-0.000694,51,81,-30,0.629630,0.056000,7,44,74,8,6,2.080055,0.547734,0.529412,0.925926
paper-158303-topk-10-depth-2,10,2,10,10,1.000000,0.966360,0.033640,0.000000,0.000694,-0.000694,27695,22929,4766,1.207859,0.580814,18600,9095,4329,38,35,2.317698,1.811759,0.525077,0.668150
paper-96055-topk-1-depth-0,1,0,1,1,1.000000,0.999907,0.000093,,,,1,1,0,1.000000,0.000000,0,1,1,1,1,0.000000,0.000000,1.000000,1.000000
paper-96055-topk-1-depth-1,1,1,1,1,1.000000,0.999907,0.000093,,,,17,3,14,5.666667,0.000000,0,17,3,1,1,0.000000,0.000000,1.000000,1.000000
paper-96055-topk-1-depth-2,1,2,1,1,1.000000,0.999907,0.000093,,,,83,6,77,13.833333,0.000000,0,83,6,8,1,1.199770,0.000000,0.807229,1.000000
paper-96055-topk-3-depth-0,3,0,3,3,1.000000,0.981672,0.018328,0.000000,0.000000,0.000000,3,3,0,1.000000,0.000000,0,3,3,2,1,0.918296,0.000000,0.666667,1.000000
paper-96055-topk-3-depth-1,3,1,3,3,1.000000,0.981672,0.018328,0.000000,0.000000,0.000000,35,8,27,4.375000,0.000000,0,35,8,5,2,1.175513,0.543564,0.771429,0.875000
paper-96055-topk-3-depth-2,3,2,3,3,1.000000,0.981672,0.018328,0.000000,0.000000,0.000000,503,15,488,33.533333,0.000000,0,503,15,20,2,2.428697,0.353359,0.576541,0.933333
paper-96055-topk-5-depth-0,5,0,5,5,1.000000,0.976660,0.023340,0.000000,0.000000,0.000000,5,5,0,1.000000,0.000000,0,5,5,2,2,0.721928,0.721928,0.800000,0.800000
paper-96055-topk-5-depth-1,5,1,5,5,1.000000,0.976660,0.023340,0.000000,0.000000,0.000000,62,15,47,4.133333,0.000000,0,62,15,7,4,1.251164,1.375279,0.774194,0.666667
paper-96055-topk-5-depth-2,5,2,5,5,1.000000,0.976660,0.023340,0.000000,0.000000,0.000000,762,74,688,10.297297,0.004808,4,758,70,20,5,2.401043,1.259261,0.581365,0.662162
paper-96055-topk-10-depth-0,10,0,10,10,1.000000,0.972302,0.027698,0.000000,0.000000,0.000000,10,10,0,1.000000,0.052632,1,9,9,5,4,1.960964,1.356780,0.500000,0.700000
paper-96055-topk-10-depth-1,10,1,10,10,1.000000,0.972302,0.027698,0.000000,0.000000,0.000000,86,65,21,1.323077,0.126866,17,69,48,9,10,1.861913,1.609551,0.616279,0.738462
paper-96055-topk-10-depth-2,10,2,10,10,1.000000,0.972302,0.027698,0.000000,0.000000,0.000000,1017,565,452,1.800000,0.118812,168,849,397,21,20,2.570461,2.650681,0.504425,0.502655
paper-143613-topk-1-depth-0,1,0,1,1,1.000000,0.963673,0.036327,,,,1,1,0,1.000000,0.000000,0,1,1,1,1,0.000000,0.000000,1.000000,1.000000
paper-143613-topk-1-depth-1,1,1,1,1,1.000000,0.963673,0.036327,,,,19,18,1,1.055556,0.000000,0,19,18,3,2,0.953014,0.309543,0.789474,0.944444
paper-143613-topk-1-depth-2,1,2,1,1,1.000000,0.963673,0.036327,,,,13039,3483,9556,3.743612,0.029408,472,12567,3011,34,31,1.804476,2.304450,0.691234,0.569050
paper-143613-topk-3-depth-0,3,0,3,3,1.000000,0.974679,0.025321,0.000000,0.000000,0.000000,3,3,0,1.000000,0.000000,0,3,3,2,3,0.918296,1.584963,0.666667,0.333333
paper-143613-topk-3-depth-1,3,1,3,3,1.000000,0.974679,0.025321,0.000000,0.000000,0.000000,238,45,193,5.288889,0.007117,2,236,43,8,4,1.712147,1.470758,0.600840,0.466667
paper-143613-topk-3-depth-2,3,2,3,3,1.000000,0.974679,0.025321,0.000000,0.000000,0.000000,24496,22585,1911,1.084614,0.339012,11920,12576,10665,38,36,2.665169,2.307649,0.304744,0.490901
paper-143613-topk-5-depth-0,5,0,5,5,1.000000,0.968181,0.031819,0.000000,0.004237,-0.004237,5,5,0,1.000000,0.000000,0,5,5,3,4,1.370951,1.921928,0.600000,0.400000
paper-143613-topk-5-depth-1,5,1,5,5,1.000000,0.968181,0.031819,0.000000,0.004237,-0.004237,261,209,52,1.248804,0.012931,6,255,203,12,12,1.994642,1.746936,0.509579,0.655502
paper-143613-topk-5-depth-2,5,2,5,5,1.000000,0.968181,0.031819,0.000000,0.004237,-0.004237,31986,25756,6230,1.241885,0.454019,18030,13956,7726,39,37,2.571497,2.405549,0.420934,0.441451
paper-143613-topk-10-depth-0,10,0,10,10,1.000000,0.964796,0.035204,0.000000,0.006653,-0.006653,10,10,0,1.000000,0.000000,0,10,10,6,5,2.446439,2.121928,0.300000,0.400000
paper-143613-topk-10-depth-1,10,1,10,10,1.000000,0.964796,0.035204,0.000000,0.006653,-0.006653,314,317,-3,0.990536,0.041254,25,289,292,16,15,2.164209,2.040122,0.480892,0.561514
paper-143613-topk-10-depth-2,10,2,10,10,1.000000,0.964796,0.035204,0.000000,0.006653,-0.006653,37355,32648,4707,1.144174,0.640990,27344,10011,5304,39,37,2.636562,2.423948,0.401901,0.452555
paper-135602-topk-1-depth-0,1,0,1,1,1.000000,0.999748,0.000252,,,,1,1,0,1.000000,0.000000,0,1,1,1,1,0.000000,0.000000,1.000000,1.000000
paper-135602-topk-1-depth-1,1,1,1,1,1.000000,0.999748,0.000252,,,,9,25,-16,0.360000,0.000000,0,9,25,4,2,1.752715,0.242292,0.444444,0.960000
paper-135602-topk-1-depth-2,1,2,1,1,1.000000,0.999748,0.000252,,,,12529,538,11991,23.288104,0.002147,28,12501,510,32,8,1.821107,1.236902,0.660069,0.778810
paper-135602-topk-3-depth-0,3,0,3,3,1.000000,0.979489,0.020511,0.000000,0.091548,-0.091548,3,3,0,1.000000,0.000000,0,3,3,3,2,1.584963,0.918296,0.333333,0.666667
paper-135602-topk-3-depth-1,3,1,3,3,1.000000,0.979489,0.020511,0.000000,0.091548,-0.091548,56,66,-10,0.848485,0.000000,0,56,66,7,5,1.833806,0.825080,0.589286,0.863636
paper-135602-topk-3-depth-2,3,2,3,3,1.000000,0.979489,0.020511,0.000000,0.091548,-0.091548,13956,19730,-5774,0.707349,0.158988,4621,9335,15109,35,36,1.993921,2.590115,0.606549,0.316118
paper-135602-topk-5-depth-0,5,0,5,5,1.000000,0.978433,0.021567,0.000000,0.070431,-0.070431,5,5,0,1.000000,0.000000,0,5,5,4,2,1.921928,0.721928,0.400000,0.800000
paper-135602-topk-5-depth-1,5,1,5,5,1.000000,0.978433,0.021567,0.000000,0.070431,-0.070431,161,152,9,1.059211,0.009677,3,158,149,10,6,2.170703,0.701505,0.546584,0.894737
paper-135602-topk-5-depth-2,5,2,5,5,1.000000,0.978433,0.021567,0.000000,0.070431,-0.070431,28887,20631,8256,1.400174,0.520450,16950,11937,3681,38,36,2.541988,2.585364,0.416208,0.328292
paper-135602-topk-10-depth-0,10,0,10,10,1.000000,0.971057,0.028943,0.000000,0.038631,-0.038631,10,10,0,1.000000,0.052632,1,9,9,6,4,2.160964,1.356780,0.500000,0.700000
paper-135602-topk-10-depth-1,10,1,10,10,1.000000,0.971057,0.028943,0.000000,0.038631,-0.038631,340,196,144,1.734694,0.082828,41,299,155,14,8,2.474731,1.340041,0.358824,0.755102
paper-135602-topk-10-depth-2,10,2,10,10,1.000000,0.971057,0.028943,0.000000,0.038631,-0.038631,37927,22540,15387,1.682653,0.484035,19722,18205,2818,38,36,2.596180,2.639335,0.418567,0.306078
paper-63581-topk-1-depth-0,1,0,1,1,1.000000,0.999833,0.000167,,,,1,1,0,1.000000,0.000000,0,1,1,1,1,0.000000,0.000000,1.000000,1.000000
paper-63581-topk-1-depth-1,1,1,1,1,1.000000,0.999833,0.000167,,,,16,28,-12,0.571429,0.023256,1,15,27,2,2,0.896038,0.811278,0.687500,0.750000
paper-63581-topk-1-depth-2,1,2,1,1,1.000000,0.999833,0.000167,,,,12718,15325,-2607,0.829886,0.197498,4625,8093,10700,34,36,1.688757,2.457931,0.690832,0.409918
paper-63581-topk-3-depth-0,3,0,3,3,1.000000,0.980243,0.019757,0.000000,0.146809,-0.146809,3,3,0,1.000000,0.000000,0,3,3,2,2,0.918296,0.918296,0.666667,0.666667
paper-63581-topk-3-depth-1,3,1,3,3,1.000000,0.980243,0.019757,0.000000,0.146809,-0.146809,23,71,-48,0.323944,0.080460,7,16,64,2,3,0.965636,0.957756,0.608696,0.704225
paper-63581-topk-3-depth-2,3,2,3,3,1.000000,0.980243,0.019757,0.000000,0.146809,-0.146809,22716,31491,-8775,0.721349,0.682193,21983,733,9508,36,36,2.312867,2.328269,0.502685,0.498142
paper-63581-topk-5-depth-0,5,0,5,5,1.000000,0.975954,0.024046,0.000000,0.049251,-0.049251,5,5,0,1.000000,0.000000,0,5,5,4,3,1.921928,1.521928,0.400000,0.400000
paper-63581-topk-5-depth-1,5,1,5,5,1.000000,0.975954,0.024046,0.000000,0.049251,-0.049251,38,105,-67,0.361905,0.051471,7,31,98,5,4,1.987769,1.140140,0.368421,0.723810
paper-63581-topk-5-depth-2,5,2,5,5,1.000000,0.975954,0.024046,0.000000,0.049251,-0.049251,26699,34715,-8016,0.769091,0.610057,23270,3429,11445,37,36,2.507620,2.342528,0.436496,0.490163
paper-63581-topk-10-depth-0,10,0,10,10,1.000000,0.972291,0.027709,0.000000,0.051147,-0.051147,10,10,0,1.000000,0.000000,0,10,10,5,3,2.170951,1.156780,0.300000,0.700000
paper-63581-topk-10-depth-1,10,1,10,10,1.000000,0.972291,0.027709,0.000000,0.051147,-0.051147,74,197,-123,0.375635,0.030418,8,66,189,7,5,2.217214,0.985608,0.391892,0.786802
paper-63581-topk-10-depth-2,10,2,10,10,1.000000,0.972291,0.027709,0.000000,0.051147,-0.051147,30434,37396,-6962,0.813830,0.625527,26102,4332,11294,37,37,2.544912,2.357526,0.401393,0.487459
paper-149429-topk-1-depth-0,1,0,1,1,1.000000,0.997718,0.002282,,,,1,1,0,1.000000,0.000000,0,1,1,1,1,0.000000,0.000000,1.000000,1.000000
paper-149429-topk-1-depth-1,1,1,1,1,1.000000,0.997718,0.002282,,,,5,9,-4,0.555556,0.000000,0,5,9,1,5,0.000000,2.058814,1.000000,0.444444
paper-149429-topk-1-depth-2,1,2,1,1,1.000000,0.997718,0.002282,,,,10,1156,-1146,0.008651,0.000000,0,10,1156,2,23,0.468996,2.806346,0.900000,0.403114
paper-149429-topk-3-depth-0,3,0,3,3,1.000000,0.976446,0.023554,0.000000,0.044444,-0.044444,3,3,0,1.000000,0.000000,0,3,3,3,2,1.584963,0.918296,0.333333,0.666667
paper-149429-topk-3-depth-1,3,1,3,3,1.000000,0.976446,0.023554,0.000000,0.044444,-0.044444,24,19,5,1.263158,0.000000,0,24,19,8,5,2.588456,2.041815,0.291667,0.368421
paper-149429-topk-3-depth-2,3,2,3,3,1.000000,0.976446,0.023554,0.000000,0.044444,-0.044444,1577,1245,332,1.266667,0.004986,14,1563,1231,28,25,2.146968,2.822474,0.570704,0.393574
paper-149429-topk-5-depth-0,5,0,5,5,1.000000,0.971625,0.028375,0.000000,0.030361,-0.030361,5,5,0,1.000000,0.000000,0,5,5,5,3,2.321928,1.521928,0.200000,0.400000
paper-149429-topk-5-depth-1,5,1,5,5,1.000000,0.971625,0.028375,0.000000,0.030361,-0.030361,29,31,-2,0.935484,0.000000,0,29,31,9,6,2.903807,2.210369,0.241379,0.387097
paper-149429-topk-5-depth-2,5,2,5,5,1.000000,0.971625,0.028375,0.000000,0.030361,-0.030361,1687,1685,2,1.001187,0.008675,29,1658,1656,28,27,2.356898,2.825515,0.534677,0.397626
paper-149429-topk-10-depth-0,10,0,10,10,1.000000,0.966975,0.033025,0.000000,0.007636,-0.007636,10,10,0,1.000000,0.052632,1,9,9,7,6,2.646439,2.521928,0.300000,0.200000
paper-149429-topk-10-depth-1,10,1,10,10,1.000000,0.966975,0.033025,0.000000,0.007636,-0.007636,65,62,3,1.048387,0.016000,2,63,60,12,9,3.153481,2.815107,0.246154,0.290323
paper-149429-topk-10-depth-2,10,2,10,10,1.000000,0.966975,0.033025,0.000000,0.007636,-0.007636,6235,5176,1059,1.204598,0.039253,431,5804,4745,33,34,2.914741,2.711851,0.344346,0.371522
paper-37666-topk-1-depth-0,1,0,1,1,1.000000,0.999892,0.000108,,,,1,1,0,1.000000,1.000000,1,0,0,1,1,0.000000,0.000000,1.000000,1.000000
paper-37666-topk-1-depth-1,1,1,1,1,1.000000,0.999892,0.000108,,,,28,28,0,1.000000,1.000000,28,0,0,2,2,0.905928,0.905928,0.678571,0.678571
paper-37666-topk-1-depth-2,1,2,1,1,1.000000,0.999892,0.000108,,,,318,318,0,1.000000,1.000000,318,0,0,16,16,2.209745,2.209745,0.522013,0.522013
paper-37666-topk-3-depth-0,3,0,3,3,1.000000,0.984513,0.015487,0.000000,0.000000,0.000000,3,3,0,1.000000,0.000000,0,3,3,2,3,0.918296,1.584963,0.666667,0.333333
paper-37666-topk-3-depth-1,3,1,3,3,1.000000,0.984513,0.015487,0.000000,0.000000,0.000000,14,66,-52,0.212121,0.000000,0,14,66,4,5,1.483832,1.915746,0.642857,0.363636
paper-37666-topk-3-depth-2,3,2,3,3,1.000000,0.984513,0.015487,0.000000,0.000000,0.000000,99,834,-735,0.118705,0.000000,0,99,834,8,22,1.519912,2.595172,0.686869,0.344125
paper-37666-topk-5-depth-0,5,0,5,5,1.000000,0.980925,0.019075,0.000000,0.000000,0.000000,5,5,0,1.000000,0.000000,0,5,5,3,3,1.370951,1.521928,0.600000,0.400000
paper-37666-topk-5-depth-1,5,1,5,5,1.000000,0.980925,0.019075,0.000000,0.000000,0.000000,112,101,11,1.108911,0.109375,21,91,80,6,6,1.711158,1.972489,0.517857,0.425743
paper-37666-topk-5-depth-2,5,2,5,5,1.000000,0.980925,0.019075,0.000000,0.000000,0.000000,1325,975,350,1.358974,0.206716,394,931,581,28,22,2.543970,2.627519,0.409811,0.362051
paper-37666-topk-10-depth-0,10,0,10,10,1.000000,0.977679,0.022321,0.000000,0.002004,-0.002004,10,10,0,1.000000,0.111111,2,8,8,4,4,1.570951,1.846439,0.600000,0.400000
paper-37666-topk-10-depth-1,10,1,10,10,1.000000,0.977679,0.022321,0.000000,0.002004,-0.002004,113,180,-67,0.627778,0.122605,32,81,148,8,9,2.254199,2.153099,0.433628,0.411111
paper-37666-topk-10-depth-2,10,2,10,10,1.000000,0.977679,0.022321,0.000000,0.002004,-0.002004,3723,4074,-351,0.913844,0.487126,2554,1169,1520,33,34,2.918737,2.983494,0.381413,0.393716
paper-126354-topk-1-depth-0,1,0,1,1,1.000000,0.999903,0.000097,,,,1,1,0,1.000000,0.000000,0,1,1,1,1,0.000000,0.000000,1.000000,1.000000
paper-126354-topk-1-depth-1,1,1,1,1,1.000000,0.999903,0.000097,,,,9,7,2,1.285714,0.000000,0,9,7,1,2,0.000000,0.985228,1.000000,0.571429
paper-126354-topk-1-depth-2,1,2,1,1,1.000000,0.999903,0.000097,,,,107,25,82,4.280000,0.000000,0,107,25,3,5,0.260491,1.779237,0.962617,0.520000
paper-126354-topk-3-depth-0,3,0,3,3,1.000000,0.983258,0.016742,0.000000,0.000000,0.000000,3,3,0,1.000000,0.200000,1,2,2,2,2,0.918296,0.918296,0.666667,0.666667
paper-126354-topk-3-depth-1,3,1,3,3,1.000000,0.983258,0.016742,0.000000,0.000000,0.000000,99,18,81,5.500000,0.054054,6,93,12,4,4,0.526232,1.816340,0.919192,0.444444
paper-126354-topk-3-depth-2,3,2,3,3,1.000000,0.983258,0.016742,0.000000,0.000000,0.000000,1160,107,1053,10.841121,0.060251,72,1088,35,12,8,0.916355,2.169820,0.845690,0.439252
paper-126354-topk-5-depth-0,5,0,5,5,1.000000,0.978217,0.021783,0.000000,0.000000,0.000000,5,5,0,1.000000,0.000000,0,5,5,1,2,0.000000,0.970951,1.000000,0.600000
paper-126354-topk-5-depth-1,5,1,5,5,1.000000,0.978217,0.021783,0.000000,0.000000,0.000000,62,39,23,1.589744,0.000000,0,62,39,3,4,0.624916,1.648929,0.870968,0.538462
paper-126354-topk-5-depth-2,5,2,5,5,1.000000,0.978217,0.021783,0.000000,0.000000,0.000000,691,1218,-527,0.567323,0.058204,105,586,1113,11,14,0.664795,1.078262,0.890014,0.805419
paper-126354-topk-10-depth-0,10,0,10,10,1.000000,0.974407,0.025593,0.000000,0.015196,-0.015196,10,10,0,1.000000,0.052632,1,9,9,3,2,1.295462,0.881291,0.600000,0.700000
paper-126354-topk-10-depth-1,10,1,10,10,1.000000,0.974407,0.025593,0.000000,0.015196,-0.015196,190,82,108,2.317073,0.038168,10,180,72,8,5,1.051421,1.249214,0.815789,0.731707
paper-126354-topk-10-depth-2,10,2,10,10,1.000000,0.974407,0.025593,0.000000,0.015196,-0.015196,2748,1867,881,1.471880,0.228701,859,1889,1008,28,17,1.785492,0.951440,0.678675,0.843599
paper-139928-topk-1-depth-0,1,0,1,1,1.000000,0.976252,0.023748,,,,1,1,0,1.000000,1.000000,1,0,0,1,1,0.000000,0.000000,1.000000,1.000000
paper-139928-topk-1-depth-1,1,1,1,1,1.000000,0.976252,0.023748,,,,5,5,0,1.000000,1.000000,5,0,0,3,3,1.370951,1.370951,0.600000,0.600000
paper-139928-topk-1-depth-2,1,2,1,1,1.000000,0.976252,0.023748,,,,34,34,0,1.000000,1.000000,34,0,0,6,6,1.842085,1.842085,0.529412,0.529412
paper-139928-topk-3-depth-0,3,0,3,3,1.000000,0.978382,0.021618,0.000000,0.265608,-0.265608,3,3,0,1.000000,0.000000,0,3,3,2,1,0.918296,0.000000,0.666667,1.000000
paper-139928-topk-3-depth-1,3,1,3,3,1.000000,0.978382,0.021618,0.000000,0.265608,-0.265608,28,36,-8,0.777778,0.032258,2,26,34,6,6,1.700332,1.568571,0.607143,0.666667
paper-139928-topk-3-depth-2,3,2,3,3,1.000000,0.978382,0.021618,0.000000,0.265608,-0.265608,399,539,-140,0.740260,0.262450,195,204,344,18,16,2.313339,2.371608,0.583960,0.526902
paper-139928-topk-5-depth-0,5,0,5,5,1.000000,0.969276,0.030724,0.000000,0.086910,-0.086910,5,5,0,1.000000,0.000000,0,5,5,1,2,0.000000,0.721928,1.000000,0.800000
paper-139928-topk-5-depth-1,5,1,5,5,1.000000,0.969276,0.030724,0.000000,0.086910,-0.086910,21,97,-76,0.216495,0.000000,0,21,97,5,10,1.249460,2.253048,0.761905,0.494845
paper-139928-topk-5-depth-2,5,2,5,5,1.000000,0.969276,0.030724,0.000000,0.086910,-0.086910,392,15967,-15575,0.024551,0.005408,88,304,15879,19,37,1.988844,2.760944,0.655612,0.310891
paper-139928-topk-10-depth-0,10,0,10,10,1.000000,0.960360,0.039640,0.000000,0.027881,-0.027881,10,10,0,1.000000,0.052632,1,9,9,5,4,2.121928,1.356780,0.400000,0.700000
paper-139928-topk-10-depth-1,10,1,10,10,1.000000,0.960360,0.039640,0.000000,0.027881,-0.027881,49,125,-76,0.392000,0.017544,3,46,122,9,12,2.365059,2.510618,0.387755,0.432000
paper-139928-topk-10-depth-2,10,2,10,10,1.000000,0.960360,0.039640,0.000000,0.027881,-0.027881,6860,29400,-22540,0.233333,0.183073,5611,1249,23789,33,37,2.265610,2.478875,0.568513,0.476293
paper-40438-topk-1-depth-0,1,0,1,1,1.000000,0.999625,0.000375,,,,1,1,0,1.000000,0.000000,0,1,1,1,1,0.000000,0.000000,1.000000,1.000000
paper-40438-topk-1-depth-1,1,1,1,1,1.000000,0.999625,0.000375,,,,2,10,-8,0.200000,0.000000,0,2,10,1,4,0.000000,1.685475,1.000000,0.500000
paper-40438-topk-1-depth-2,1,2,1,1,1.000000,0.999625,0.000375,,,,101,258,-157,0.391473,0.000000,0,101,258,4,10,0.239978,1.469609,0.970297,0.717054
paper-40438-topk-3-depth-0,3,0,3,3,1.000000,0.974310,0.025690,0.000000,0.000000,0.000000,3,3,0,1.000000,0.500000,2,1,1,2,3,0.918296,1.584963,0.666667,0.333333
paper-40438-topk-3-depth-1,3,1,3,3,1.000000,0.974310,0.025690,0.000000,0.000000,0.000000,38,17,21,2.235294,0.145833,7,31,10,5,7,1.224731,2.536608,0.763158,0.294118
paper-40438-topk-3-depth-2,3,2,3,3,1.000000,0.974310,0.025690,0.000000,0.000000,0.000000,2611,352,2259,7.417614,0.032764,94,2517,258,26,17,2.264385,2.447879,0.480276,0.525568
paper-40438-topk-5-depth-0,5,0,5,5,1.000000,0.968332,0.031668,0.000000,0.000000,0.000000,5,5,0,1.000000,0.428571,3,2,2,2,4,0.721928,1.921928,0.800000,0.400000
paper-40438-topk-5-depth-1,5,1,5,5,1.000000,0.968332,0.031668,0.000000,0.000000,0.000000,44,53,-9,0.830189,0.644068,38,6,15,7,11,1.487730,2.383657,0.727273,0.547170
paper-40438-topk-5-depth-2,5,2,5,5,1.000000,0.968332,0.031668,0.000000,0.000000,0.000000,4323,7013,-2690,0.616427,0.303288,2638,1685,4375,29,34,2.134900,2.877353,0.476058,0.310423
paper-40438-topk-10-depth-0,10,0,10,10,1.000000,0.963392,0.036608,0.000000,0.000000,0.000000,10,10,0,1.000000,0.111111,2,8,8,6,7,2.160964,2.721928,0.500000,0.200000
paper-40438-topk-10-depth-1,10,1,10,10,1.000000,0.963392,0.036608,0.000000,0.000000,0.000000,76,193,-117,0.393782,0.034615,9,67,184,14,16,3.129984,2.204166,0.302632,0.575130
paper-40438-topk-10-depth-2,10,2,10,10,1.000000,0.963392,0.036608,0.000000,0.000000,0.000000,22099,33173,-11074,0.666174,0.416432,16250,5849,16923,38,39,2.098349,2.565653,0.592244,0.448467
paper-158139-topk-1-depth-0,1,0,1,1,1.000000,0.999909,0.000091,,,,1,1,0,1.000000,0.000000,0,1,1,1,1,0.000000,0.000000,1.000000,1.000000
paper-158139-topk-1-depth-1,1,1,1,1,1.000000,0.999909,0.000091,,,,13,8,5,1.625000,0.000000,0,13,8,3,3,1.334679,1.298795,0.615385,0.625000
paper-158139-topk-1-depth-2,1,2,1,1,1.000000,0.999909,0.000091,,,,3795,18685,-14890,0.203104,0.086463,1789,2006,16896,29,36,1.847313,2.527916,0.610013,0.365052
paper-158139-topk-3-depth-0,3,0,3,3,1.000000,0.979360,0.020640,0.000000,0.022222,-0.022222,3,3,0,1.000000,0.500000,2,1,1,1,2,0.000000,0.918296,1.000000,0.666667
paper-158139-topk-3-depth-1,3,1,3,3,1.000000,0.979360,0.020640,0.000000,0.022222,-0.022222,29,30,-1,0.966667,0.735294,25,4,5,6,4,2.045951,1.635828,0.413793,0.466667
paper-158139-topk-3-depth-2,3,2,3,3,1.000000,0.979360,0.020640,0.000000,0.022222,-0.022222,24926,26216,-1290,0.950793,0.924440,24567,359,1649,36,36,2.422512,2.400603,0.458036,0.460139
paper-158139-topk-5-depth-0,5,0,5,5,1.000000,0.974600,0.025400,0.000000,0.013810,-0.013810,5,5,0,1.000000,0.428571,3,2,2,2,4,0.721928,1.921928,0.800000,0.400000
paper-158139-topk-5-depth-1,5,1,5,5,1.000000,0.974600,0.025400,0.000000,0.013810,-0.013810,41,51,-10,0.803922,0.533333,32,9,19,6,7,1.959020,2.217839,0.463415,0.352941
paper-158139-topk-5-depth-2,5,2,5,5,1.000000,0.974600,0.025400,0.000000,0.013810,-0.013810,26238,26554,-316,0.988100,0.879455,24703,1535,1851,36,36,2.440618,2.397204,0.444013,0.460797
paper-158139-topk-10-depth-0,10,0,10,10,1.000000,0.969644,0.030356,0.000000,0.069109,-0.069109,10,10,0,1.000000,0.176471,3,7,7,4,4,1.570951,1.685475,0.600000,0.500000
paper-158139-topk-10-depth-1,10,1,10,10,1.000000,0.969644,0.030356,0.000000,0.069109,-0.069109,77,81,-4,0.950617,0.253968,32,45,49,7,9,2.056436,2.322812,0.415584,0.395062
paper-158139-topk-10-depth-2,10,2,10,10,1.000000,0.969644,0.030356,0.000000,0.069109,-0.069109,32516,32745,-229,0.993007,0.913644,31158,1358,1587,36,36,2.413168,2.412873,0.455776,0.462147
paper-69772-topk-1-depth-0,1,0,1,1,1.000000,0.999741,0.000259,,,,1,1,0,1.000000,0.000000,0,1,1,1,1,0.000000,0.000000,1.000000,1.000000
paper-69772-topk-1-depth-1,1,1,1,1,1.000000,0.999741,0.000259,,,,2,8,-6,0.250000,0.000000,0,2,8,1,2,0.000000,0.811278,1.000000,0.750000
paper-69772-topk-1-depth-2,1,2,1,1,1.000000,0.999741,0.000259,,,,19,1130,-1111,0.016814,0.000000,0,19,1130,7,22,2.392079,2.026262,0.368421,0.446018
paper-69772-topk-3-depth-0,3,0,3,3,1.000000,0.987835,0.012165,0.000000,0.119048,-0.119048,3,3,0,1.000000,0.000000,0,3,3,2,1,0.918296,0.000000,0.666667,1.000000
paper-69772-topk-3-depth-1,3,1,3,3,1.000000,0.987835,0.012165,0.000000,0.119048,-0.119048,31,29,2,1.068966,0.052632,3,28,26,3,2,1.160887,0.479832,0.548387,0.896552
paper-69772-topk-3-depth-2,3,2,3,3,1.000000,0.987835,0.012165,0.000000,0.119048,-0.119048,31015,16098,14917,1.926637,0.452760,14683,16332,1415,39,37,2.322612,2.594354,0.516202,0.337992
paper-69772-topk-5-depth-0,5,0,5,5,1.000000,0.982147,0.017853,0.000000,0.042611,-0.042611,5,5,0,1.000000,0.000000,0,5,5,3,1,1.370951,0.000000,0.600000,1.000000
paper-69772-topk-5-depth-1,5,1,5,5,1.000000,0.982147,0.017853,0.000000,0.042611,-0.042611,52,55,-3,0.945455,0.038835,4,48,51,5,4,1.680527,1.140100,0.442308,0.745455
paper-69772-topk-5-depth-2,5,2,5,5,1.000000,0.982147,0.017853,0.000000,0.042611,-0.042611,33647,25827,7820,1.302784,0.669727,23855,9792,1972,39,37,2.424233,2.428593,0.483966,0.443218
paper-69772-topk-10-depth-0,10,0,10,10,1.000000,0.976966,0.023034,0.000000,0.022050,-0.022050,10,10,0,1.000000,0.176471,3,7,7,3,2,1.156780,0.881291,0.700000,0.700000
paper-69772-topk-10-depth-1,10,1,10,10,1.000000,0.976966,0.023034,0.000000,0.022050,-0.022050,89,121,-32,0.735537,0.272727,45,44,76,7,6,2.065367,1.438282,0.382022,0.487603
paper-69772-topk-10-depth-2,10,2,10,10,1.000000,0.976966,0.023034,0.000000,0.022050,-0.022050,38394,34045,4349,1.127743,0.801383,32226,6168,1819,39,39,2.513937,2.379114,0.443194,0.488589
paper-107130-topk-1-depth-0,1,0,1,1,1.000000,0.998829,0.001171,,,,1,1,0,1.000000,0.000000,0,1,1,1,1,0.000000,0.000000,1.000000,1.000000
paper-107130-topk-1-depth-1,1,1,1,1,1.000000,0.998829,0.001171,,,,18,59,-41,0.305085,0.013158,1,17,58,2,3,0.503258,0.995310,0.888889,0.762712
paper-107130-topk-1-depth-2,1,2,1,1,1.000000,0.998829,0.001171,,,,16904,24593,-7689,0.687350,0.304445,9685,7219,14908,37,34,2.481382,2.221714,0.402745,0.534746
paper-107130-topk-3-depth-0,3,0,3,3,1.000000,0.975992,0.024008,0.000000,0.049733,-0.049733,3,3,0,1.000000,0.000000,0,3,3,2,1,0.918296,0.000000,0.666667,1.000000
paper-107130-topk-3-depth-1,3,1,3,3,1.000000,0.975992,0.024008,0.000000,0.049733,-0.049733,77,86,-9,0.895349,0.018750,3,74,83,5,5,1.695120,1.250404,0.467532,0.697674
paper-107130-topk-3-depth-2,3,2,3,3,1.000000,0.975992,0.024008,0.000000,0.049733,-0.049733,23915,33623,-9708,0.711269,0.533979,20029,3886,13594,38,36,2.671465,2.396152,0.313569,0.479017
paper-107130-topk-5-depth-0,5,0,5,5,1.000000,0.970911,0.029089,0.000000,0.024589,-0.024589,5,5,0,1.000000,0.000000,0,5,5,3,2,1.521928,0.721928,0.400000,0.800000
paper-107130-topk-5-depth-1,5,1,5,5,1.000000,0.970911,0.029089,0.000000,0.024589,-0.024589,88,399,-311,0.220551,0.008282,4,84,395,6,10,1.894429,1.142489,0.409091,0.789474
paper-107130-topk-5-depth-2,5,2,5,5,1.000000,0.970911,0.029089,0.000000,0.024589,-0.024589,24036,37470,-13434,0.641473,0.510981,20800,3236,16670,38,37,2.673684,2.434687,0.313280,0.471844
paper-107130-topk-10-depth-0,10,0,10,10,1.000000,0.967092,0.032908,0.000000,0.026928,-0.026928,10,10,0,1.000000,0.000000,0,10,10,5,3,2.046439,0.921928,0.400000,0.800000
paper-107130-topk-10-depth-1,10,1,10,10,1.000000,0.967092,0.032908,0.000000,0.026928,-0.026928,133,547,-414,0.243144,0.017964,12,121,535,13,11,2.475843,1.073463,0.330827,0.800731
paper-107130-topk-10-depth-2,10,2,10,10,1.000000,0.967092,0.032908,0.000000,0.026928,-0.026928,33442,40996,-7554,0.815738,0.679179,30108,3334,10888,38,38,2.562453,2.439809,0.424137,0.476754
paper-84004-topk-1-depth-0,1,0,1,1,1.000000,0.999860,0.000140,,,,1,1,0,1.000000,0.000000,0,1,1,1,1,0.000000,0.000000,1.000000,1.000000
paper-84004-topk-1-depth-1,1,1,1,1,1.000000,0.999860,0.000140,,,,30,15,15,2.000000,0.022727,1,29,14,4,5,0.972254,1.856565,0.800000,0.533333
paper-84004-topk-1-depth-2,1,2,1,1,1.000000,0.999860,0.000140,,,,25010,16606,8404,1.506082,0.511276,14079,10931,2527,36,34,2.308132,1.945170,0.500800,0.618572
paper-84004-topk-3-depth-0,3,0,3,3,1.000000,0.980890,0.019110,0.000000,0.026667,-0.026667,3,3,0,1.000000,0.200000,1,2,2,1,2,0.000000,0.918296,1.000000,0.666667
paper-84004-topk-3-depth-1,3,1,3,3,1.000000,0.980890,0.019110,0.000000,0.026667,-0.026667,62,41,21,1.512195,0.183908,16,46,25,4,6,1.012553,1.597853,0.790323,0.560976
paper-84004-topk-3-depth-2,3,2,3,3,1.000000,0.980890,0.019110,0.000000,0.026667,-0.026667,28238,28243,-5,0.999823,0.827095,25568,2670,2675,36,37,2.324502,2.339394,0.491713,0.494140
paper-84004-topk-5-depth-0,5,0,5,5,1.000000,0.975424,0.024576,0.000000,0.009115,-0.009115,5,5,0,1.000000,0.000000,0,5,5,5,2,2.321928,0.970951,0.200000,0.600000
paper-84004-topk-5-depth-1,5,1,5,5,1.000000,0.975424,0.024576,0.000000,0.009115,-0.009115,67,572,-505,0.117133,0.006299,4,63,568,9,11,2.275530,0.619032,0.507463,0.909091
paper-84004-topk-5-depth-2,5,2,5,5,1.000000,0.975424,0.024576,0.000000,0.009115,-0.009115,28114,35530,-7416,0.791275,0.697400,26149,1965,9381,39,37,2.397869,2.353451,0.478267,0.511202
paper-84004-topk-10-depth-0,10,0,10,10,1.000000,0.969664,0.030336,0.000000,0.003872,-0.003872,10,10,0,1.000000,0.052632,1,9,9,7,3,2.646439,1.295462,0.300000,0.600000
paper-84004-topk-10-depth-1,10,1,10,10,1.000000,0.969664,0.030336,0.000000,0.003872,-0.003872,138,637,-499,0.216641,0.030585,23,115,614,13,11,2.509720,0.762777,0.369565,0.890110
paper-84004-topk-10-depth-2,10,2,10,10,1.000000,0.969664,0.030336,0.000000,0.003872,-0.003872,30294,36236,-5942,0.836019,0.578223,24375,5919,11861,39,38,2.545075,2.360253,0.409652,0.508886
paper-145562-topk-1-depth-0,1,0,1,1,1.000000,0.952579,0.047421,,,,1,1,0,1.000000,0.000000,0,1,1,1,1,0.000000,0.000000,1.000000,1.000000
paper-145562-topk-1-depth-1,1,1,1,1,1.000000,0.952579,0.047421,,,,2,7,-5,0.285714,0.000000,0,2,7,2,2,1.000000,0.591673,0.500000,0.857143
paper-145562-topk-1-depth-2,1,2,1,1,1.000000,0.952579,0.047421,,,,4,90,-86,0.044444,0.000000,0,4,90,2,11,0.811278,2.370632,0.750000,0.500000
paper-145562-topk-3-depth-0,3,0,3,3,1.000000,0.951821,0.048179,0.000000,0.000000,0.000000,3,3,0,1.000000,0.000000,0,3,3,2,3,0.918296,1.584963,0.666667,0.333333
paper-145562-topk-3-depth-1,3,1,3,3,1.000000,0.951821,0.048179,0.000000,0.000000,0.000000,12,75,-63,0.160000,0.000000,0,12,75,4,12,1.207519,2.684779,0.750000,0.440000
paper-145562-topk-3-depth-2,3,2,3,3,1.000000,0.951821,0.048179,0.000000,0.000000,0.000000,184,2808,-2624,0.065527,0.000669,2,182,2806,14,30,1.605323,3.005998,0.755435,0.436610
paper-145562-topk-5-depth-0,5,0,5,5,1.000000,0.950835,0.049165,0.000000,0.000000,0.000000,5,5,0,1.000000,0.000000,0,5,5,4,4,1.921928,1.921928,0.400000,0.400000
paper-145562-topk-5-depth-1,5,1,5,5,1.000000,0.950835,0.049165,0.000000,0.000000,0.000000,51,88,-37,0.579545,0.007246,1,50,87,12,14,2.770742,2.872967,0.254902,0.409091
paper-145562-topk-5-depth-2,5,2,5,5,1.000000,0.950835,0.049165,0.000000,0.000000,0.000000,24753,3236,21517,7.649258,0.043626,1170,23583,2066,39,30,2.652018,3.216928,0.406213,0.389061
paper-145562-topk-10-depth-0,10,0,10,10,1.000000,0.949661,0.050339,0.000000,0.003175,-0.003175,10,10,0,1.000000,0.052632,1,9,9,5,6,2.046439,2.321928,0.400000,0.400000
paper-145562-topk-10-depth-1,10,1,10,10,1.000000,0.949661,0.050339,0.000000,0.003175,-0.003175,80,120,-40,0.666667,0.063830,12,68,108,12,15,2.500393,2.950266,0.400000,0.358333
paper-145562-topk-10-depth-2,10,2,10,10,1.000000,0.949661,0.050339,0.000000,0.003175,-0.003175,32542,26489,6053,1.228510,0.619240,22575,9967,3914,39,39,2.545561,2.747194,0.431197,0.396882
paper-13714-topk-1-depth-0,1,0,1,1,1.000000,0.999894,0.000106,,,,1,1,0,1.000000,1.000000,1,0,0,1,1,0.000000,0.000000,1.000000,1.000000
paper-13714-topk-1-depth-1,1,1,1,1,1.000000,0.999894,0.000106,,,,5,5,0,1.000000,1.000000,5,0,0,3,3,1.370951,1.370951,0.600000,0.600000
paper-13714-topk-1-depth-2,1,2,1,1,1.000000,0.999894,0.000106,,,,117,117,0,1.000000,1.000000,117,0,0,9,9,1.596974,1.596974,0.700855,0.700855
paper-13714-topk-3-depth-0,3,0,3,3,1.000000,0.985634,0.014366,0.000000,0.016667,-0.016667,3,3,0,1.000000,0.500000,2,1,1,1,1,0.000000,0.000000,1.000000,1.000000
paper-13714-topk-3-depth-1,3,1,3,3,1.000000,0.985634,0.014366,0.000000,0.016667,-0.016667,19,32,-13,0.593750,0.416667,15,4,17,3,3,0.913283,0.399790,0.789474,0.937500
paper-13714-topk-3-depth-2,3,2,3,3,1.000000,0.985634,0.014366,0.000000,0.016667,-0.016667,4168,7074,-2906,0.589200,0.587405,4160,8,2914,27,30,2.075933,2.307623,0.630758,0.564603
paper-13714-topk-5-depth-0,5,0,5,5,1.000000,0.981393,0.018607,0.000000,0.005000,-0.005000,5,5,0,1.000000,0.250000,2,3,3,1,1,0.000000,0.000000,1.000000,1.000000
paper-13714-topk-5-depth-1,5,1,5,5,1.000000,0.981393,0.018607,0.000000,0.005000,-0.005000,29,37,-8,0.783784,0.320000,16,13,21,6,4,1.311002,0.534488,0.758621,0.918919
paper-13714-topk-5-depth-2,5,2,5,5,1.000000,0.981393,0.018607,0.000000,0.005000,-0.005000,6714,7081,-367,0.948171,0.929910,6647,67,434,30,30,2.329247,2.308088,0.554364,0.564751
paper-13714-topk-10-depth-0,10,0,10,10,1.000000,0.977879,0.022121,0.000000,0.014119,-0.014119,10,10,0,1.000000,0.111111,2,8,8,2,2,0.468996,0.468996,0.900000,0.900000
paper-13714-topk-10-depth-1,10,1,10,10,1.000000,0.977879,0.022121,0.000000,0.014119,-0.014119,66,59,7,1.118644,0.168224,18,48,41,8,7,1.026032,0.898769,0.848485,0.864407
paper-13714-topk-10-depth-2,10,2,10,10,1.000000,0.977879,0.022121,0.000000,0.014119,-0.014119,7060,7190,-130,0.981919,0.917384,6818,242,372,30,30,2.316017,2.312762,0.561615,0.564117
paper-2612-topk-1-depth-0,1,0,1,1,1.000000,0.999903,0.000097,,,,1,1,0,1.000000,1.000000,1,0,0,1,1,0.000000,0.000000,1.000000,1.000000
paper-2612-topk-1-depth-1,1,1,1,1,1.000000,0.999903,0.000097,,,,17,17,0,1.000000,1.000000,17,0,0,3,3,1.086313,1.086313,0.705882,0.705882
paper-2612-topk-1-depth-2,1,2,1,1,1.000000,0.999903,0.000097,,,,2865,2865,0,1.000000,1.000000,2865,0,0,25,25,1.434788,1.434788,0.746946,0.746946
paper-2612-topk-3-depth-0,3,0,3,3,1.000000,0.976685,0.023315,0.000000,0.000000,0.000000,3,3,0,1.000000,1.000000,3,0,0,3,3,1.584963,1.584963,0.333333,0.333333
paper-2612-topk-3-depth-1,3,1,3,3,1.000000,0.976685,0.023315,0.000000,0.000000,0.000000,31,31,0,1.000000,1.000000,31,0,0,5,5,1.978750,1.978750,0.387097,0.387097
paper-2612-topk-3-depth-2,3,2,3,3,1.000000,0.976685,0.023315,0.000000,0.000000,0.000000,2996,2996,0,1.000000,1.000000,2996,0,0,28,28,1.525189,1.525189,0.714286,0.714286
paper-2612-topk-5-depth-0,5,0,5,5,1.000000,0.971538,0.028462,0.000000,0.000000,0.000000,5,5,0,1.000000,0.428571,3,2,2,4,4,1.921928,1.921928,0.400000,0.400000
paper-2612-topk-5-depth-1,5,1,5,5,1.000000,0.971538,0.028462,0.000000,0.000000,0.000000,35,37,-2,0.945946,0.756098,31,4,6,6,7,2.195485,2.361933,0.342857,0.324324
paper-2612-topk-5-depth-2,5,2,5,5,1.000000,0.971538,0.028462,0.000000,0.000000,0.000000,3024,3121,-97,0.968920,0.951413,2996,28,125,30,31,1.591449,1.715276,0.707672,0.685678
paper-2612-topk-10-depth-0,10,0,10,10,1.000000,0.966582,0.033418,0.000000,0.000000,0.000000,10,10,0,1.000000,0.333333,5,5,5,7,5,2.646439,2.046439,0.300000,0.400000
paper-2612-topk-10-depth-1,10,1,10,10,1.000000,0.966582,0.033418,0.000000,0.000000,0.000000,104,88,16,1.181818,0.488372,63,41,25,13,10,3.123307,2.683676,0.240385,0.284091
paper-2612-topk-10-depth-2,10,2,10,10,1.000000,0.966582,0.033418,0.000000,0.000000,0.000000,19370,19741,-371,0.981207,0.952914,19084,286,657,38,38,2.647739,2.636482,0.346205,0.341117
paper-101797-topk-1-depth-0,1,0,1,1,1.000000,0.999886,0.000114,,,,1,1,0,1.000000,0.000000,0,1,1,1,1,0.000000,0.000000,1.000000,1.000000
paper-101797-topk-1-depth-1,1,1,1,1,1.000000,0.999886,0.000114,,,,3,3,0,1.000000,0.000000,0,3,3,1,2,0.000000,0.918296,1.000000,0.666667
paper-101797-topk-1-depth-2,1,2,1,1,1.000000,0.999886,0.000114,,,,90,16,74,5.625000,0.000000,0,90,16,11,5,1.244582,1.921180,0.822222,0.437500
paper-101797-topk-3-depth-0,3,0,3,3,1.000000,0.976931,0.023069,0.000000,0.000000,0.000000,3,3,0,1.000000,0.000000,0,3,3,1,3,0.000000,1.584963,1.000000,0.333333
paper-101797-topk-3-depth-1,3,1,3,3,1.000000,0.976931,0.023069,0.000000,0.000000,0.000000,10,9,1,1.111111,0.000000,0,10,9,3,5,1.156780,2.058814,0.700000,0.444444
paper-101797-topk-3-depth-2,3,2,3,3,1.000000,0.976931,0.023069,0.000000,0.000000,0.000000,226,29,197,7.793103,0.000000,0,226,29,17,6,2.340384,2.193252,0.398230,0.344828
paper-101797-topk-5-depth-0,5,0,5,5,1.000000,0.971315,0.028685,0.000000,0.000000,0.000000,5,5,0,1.000000,0.111111,1,4,4,3,3,1.370951,1.370951,0.600000,0.600000
paper-101797-topk-5-depth-1,5,1,5,5,1.000000,0.971315,0.028685,0.000000,0.000000,0.000000,14,18,-4,0.777778,0.103448,3,11,15,3,6,1.431560,1.668839,0.500000,0.666667
paper-101797-topk-5-depth-2,5,2,5,5,1.000000,0.971315,0.028685,0.000000,0.000000,0.000000,290,227,63,1.277533,0.213615,91,199,136,21,21,2.588011,2.762941,0.382759,0.502203
paper-101797-topk-10-depth-0,10,0,10,10,1.000000,0.966616,0.033384,0.000000,0.000000,0.000000,10,10,0,1.000000,0.052632,1,9,9,6,6,2.321928,2.321928,0.400000,0.400000
paper-101797-topk-10-depth-1,10,1,10,10,1.000000,0.966616,0.033384,0.000000,0.000000,0.000000,54,49,5,1.102041,0.072917,7,47,42,11,11,3.025256,2.689559,0.296296,0.408163
paper-101797-topk-10-depth-2,10,2,10,10,1.000000,0.966616,0.033384,0.000000,0.000000,0.000000,850,4450,-3600,0.191011,0.041053,209,641,4241,29,32,3.526816,2.918944,0.204706,0.347191
paper-125598-topk-1-depth-0,1,0,1,1,1.000000,0.952491,0.047509,,,,1,1,0,1.000000,0.000000,0,1,1,1,1,0.000000,0.000000,1.000000,1.000000
paper-125598-topk-1-depth-1,1,1,1,1,1.000000,0.952491,0.047509,,,,7,22,-15,0.318182,0.035714,1,6,21,2,3,0.591673,1.351687,0.857143,0.590909
paper-125598-topk-1-depth-2,1,2,1,1,1.000000,0.952491,0.047509,,,,12999,19639,-6640,0.661897,0.648467,12839,160,6800,33,34,1.842460,1.855348,0.640588,0.652172
paper-125598-topk-3-depth-0,3,0,3,3,1.000000,0.950467,0.049533,0.000000,0.041200,-0.041200,3,3,0,1.000000,0.200000,1,2,2,2,1,0.918296,0.000000,0.666667,1.000000
paper-125598-topk-3-depth-1,3,1,3,3,1.000000,0.950467,0.049533,0.000000,0.041200,-0.041200,43,59,-16,0.728814,0.172414,15,28,44,5,3,2.018606,1.329029,0.372093,0.593220
paper-125598-topk-3-depth-2,3,2,3,3,1.000000,0.950467,0.049533,0.000000,0.041200,-0.041200,22623,23073,-450,0.980497,0.638495,17807,4816,5266,37,34,2.290138,1.910503,0.495337,0.640489
paper-125598-topk-5-depth-0,5,0,5,5,1.000000,0.948867,0.051133,0.000000,0.073602,-0.073602,5,5,0,1.000000,0.111111,1,4,4,3,1,1.370951,0.000000,0.600000,1.000000
paper-125598-topk-5-depth-1,5,1,5,5,1.000000,0.948867,0.051133,0.000000,0.073602,-0.073602,54,93,-39,0.580645,0.130769,17,37,76,7,4,2.435638,1.465182,0.333333,0.580645
paper-125598-topk-5-depth-2,5,2,5,5,1.000000,0.948867,0.051133,0.000000,0.073602,-0.073602,22884,28566,-5682,0.801092,0.635722,19996,2888,8570,38,37,2.336322,2.187518,0.490386,0.556641
paper-125598-topk-10-depth-0,10,0,10,10,1.000000,0.942209,0.057791,0.000000,0.020721,-0.020721,10,10,0,1.000000,0.052632,1,9,9,6,4,2.370951,1.570951,0.300000,0.600000
paper-125598-topk-10-depth-1,10,1,10,10,1.000000,0.942209,0.057791,0.000000,0.020721,-0.020721,129,186,-57,0.693548,0.067797,20,109,166,12,5,2.936181,1.880244,0.271318,0.489247
paper-125598-topk-10-depth-2,10,2,10,10,1.000000,0.942209,0.057791,0.000000,0.020721,-0.020721,32326,32922,-596,0.981897,0.631118,25246,7080,7676,39,37,2.595682,2.318032,0.425169,0.505407
paper-45604-topk-1-depth-0,1,0,1,1,1.000000,0.971359,0.028641,,,,1,1,0,1.000000,0.000000,0,1,1,1,1,0.000000,0.000000,1.000000,1.000000
paper-45604-topk-1-depth-1,1,1,1,1,1.000000,0.971359,0.028641,,,,15,4,11,3.750000,0.055556,1,14,3,3,2,1.286693,0.811278,0.466667,0.750000
paper-45604-topk-1-depth-2,1,2,1,1,1.000000,0.971359,0.028641,,,,131,70,61,1.871429,0.092391,17,114,53,8,4,1.638454,0.868834,0.557252,0.800000
paper-45604-topk-3-depth-0,3,0,3,3,1.000000,0.979644,0.020356,0.000000,0.428571,-0.428571,3,3,0,1.000000,0.000000,0,3,3,2,1,0.918296,0.000000,0.666667,1.000000
paper-45604-topk-3-depth-1,3,1,3,3,1.000000,0.979644,0.020356,0.000000,0.428571,-0.428571,22,9,13,2.444444,0.068966,2,20,7,3,2,1.219748,0.918296,0.500000,0.666667
paper-45604-topk-3-depth-2,3,2,3,3,1.000000,0.979644,0.020356,0.000000,0.428571,-0.428571,260,122,138,2.131148,0.389091,107,153,15,12,5,1.442345,0.928574,0.665385,0.786885
paper-45604-topk-5-depth-0,5,0,5,5,1.000000,0.973918,0.026082,0.000000,0.145348,-0.145348,5,5,0,1.000000,0.111111,1,4,4,2,1,0.970951,0.000000,0.600000,1.000000
paper-45604-topk-5-depth-1,5,1,5,5,1.000000,0.973918,0.026082,0.000000,0.145348,-0.145348,34,28,6,1.214286,0.347826,16,18,12,3,3,1.082720,1.162578,0.647059,0.571429
paper-45604-topk-5-depth-2,5,2,5,5,1.000000,0.973918,0.026082,0.000000,0.145348,-0.145348,287,266,21,1.078947,0.665663,221,66,45,13,11,1.504415,1.497842,0.602787,0.627820
paper-45604-topk-10-depth-0,10,0,10,10,1.000000,0.968423,0.031577,0.000000,0.032299,-0.032299,10,10,0,1.000000,0.176471,3,7,7,4,3,1.721928,0.921928,0.400000,0.800000
paper-45604-topk-10-depth-1,10,1,10,10,1.000000,0.968423,0.031577,0.000000,0.032299,-0.032299,65,58,7,1.120690,0.294737,28,37,30,6,5,1.747787,1.305534,0.446154,0.551724
paper-45604-topk-10-depth-2,10,2,10,10,1.000000,0.968423,0.031577,0.000000,0.032299,-0.032299,619,539,80,1.148423,0.321918,282,337,257,26,16,2.449157,1.766287,0.497577,0.612245
paper-122948-topk-1-depth-0,1,0,1,1,1.000000,0.955683,0.044317,,,,1,1,0,1.000000,0.000000,0,1,1,1,1,0.000000,0.000000,1.000000,1.000000
paper-122948-topk-1-depth-1,1,1,1,1,1.000000,0.955683,0.044317,,,,6,21,-15,0.285714,0.000000,0,6,21,2,1,0.918296,0.000000,0.666667,1.000000
paper-122948-topk-1-depth-2,1,2,1,1,1.000000,0.955683,0.044317,,,,64,15550,-15486,0.004116,0.000000,0,64,15550,7,35,1.785871,1.659032,0.578125,0.712090
paper-122948-topk-3-depth-0,3,0,3,3,1.000000,0.958227,0.041773,0.000000,0.035799,-0.035799,3,3,0,1.000000,0.000000,0,3,3,1,3,0.000000,1.584963,1.000000,0.333333
paper-122948-topk-3-depth-1,3,1,3,3,1.000000,0.958227,0.041773,0.000000,0.035799,-0.035799,25,58,-33,0.431034,0.012195,1,24,57,4,6,1.026314,1.744818,0.800000,0.517241
paper-122948-topk-3-depth-2,3,2,3,3,1.000000,0.958227,0.041773,0.000000,0.035799,-0.035799,14012,31020,-17008,0.451709,0.423982,13408,604,17612,37,39,2.596118,2.333595,0.344705,0.507479
paper-122948-topk-5-depth-0,5,0,5,5,1.000000,0.957514,0.042486,0.000000,0.022478,-0.022478,5,5,0,1.000000,0.111111,1,4,4,1,4,0.000000,1.921928,1.000000,0.400000
paper-122948-topk-5-depth-1,5,1,5,5,1.000000,0.957514,0.042486,0.000000,0.022478,-0.022478,50,84,-34,0.595238,0.185841,21,29,63,6,7,1.503465,1.773454,0.640000,0.571429
paper-122948-topk-5-depth-2,5,2,5,5,1.000000,0.957514,0.042486,0.000000,0.022478,-0.022478,14653,33048,-18395,0.443385,0.402063,13679,974,19369,38,39,1.973185,2.353099,0.603904,0.500666
paper-122948-topk-10-depth-0,10,0,10,10,1.000000,0.961075,0.038925,0.000000,0.012840,-0.012840,10,10,0,1.000000,0.111111,2,8,8,3,4,0.921928,1.685475,0.800000,0.500000
paper-122948-topk-10-depth-1,10,1,10,10,1.000000,0.961075,0.038925,0.000000,0.012840,-0.012840,91,172,-81,0.529070,0.119149,28,63,144,9,9,2.011962,1.800980,0.516484,0.622093
paper-122948-topk-10-depth-2,10,2,10,10,1.000000,0.961075,0.038925,0.000000,0.012840,-0.012840,27683,36893,-9210,0.750359,0.630337,24967,2716,11926,39,39,2.450884,2.442867,0.459632,0.475754
paper-47236-topk-1-depth-0,1,0,1,1,1.000000,0.999897,0.000103,,,,1,1,0,1.000000,0.000000,0,1,1,1,1,0.000000,0.000000,1.000000,1.000000
paper-47236-topk-1-depth-1,1,1,1,1,1.000000,0.999897,0.000103,,,,4,11,-7,0.363636,0.000000,0,4,11,1,2,0.000000,0.439497,1.000000,0.909091
paper-47236-topk-1-depth-2,1,2,1,1,1.000000,0.999897,0.000103,,,,51,176,-125,0.289773,0.000000,0,51,176,2,4,0.139233,1.084607,0.980392,0.727273
paper-47236-topk-3-depth-0,3,0,3,3,1.000000,0.980036,0.019964,0.000000,0.000000,0.000000,3,3,0,1.000000,0.000000,0,3,3,2,3,0.918296,1.584963,0.666667,0.333333
paper-47236-topk-3-depth-1,3,1,3,3,1.000000,0.980036,0.019964,0.000000,0.000000,0.000000,60,55,5,1.090909,0.000000,0,60,55,6,6,1.088211,1.641483,0.816667,0.563636
paper-47236-topk-3-depth-2,3,2,3,3,1.000000,0.980036,0.019964,0.000000,0.000000,0.000000,1004,818,186,1.227384,0.003857,7,997,811,18,25,1.714561,2.264544,0.735060,0.573350
paper-47236-topk-5-depth-0,5,0,5,5,1.000000,0.974934,0.025066,0.000000,0.000000,0.000000,5,5,0,1.000000,0.111111,1,4,4,3,4,1.370951,1.921928,0.600000,0.400000
paper-47236-topk-5-depth-1,5,1,5,5,1.000000,0.974934,0.025066,0.000000,0.000000,0.000000,70,101,-31,0.693069,0.346457,44,26,57,6,7,1.158329,1.888141,0.800000,0.455446
paper-47236-topk-5-depth-2,5,2,5,5,1.000000,0.974934,0.025066,0.000000,0.000000,0.000000,1085,1552,-467,0.699098,0.394500,746,339,806,19,27,1.765958,2.340184,0.717051,0.449098
paper-47236-topk-10-depth-0,10,0,10,10,1.000000,0.970162,0.029838,0.000000,0.000000,0.000000,10,10,0,1.000000,0.052632,1,9,9,6,5,2.370951,2.246439,0.300000,0.300000
paper-47236-topk-10-depth-1,10,1,10,10,1.000000,0.970162,0.029838,0.000000,0.000000,0.000000,100,139,-39,0.719424,0.225641,44,56,95,9,7,2.193114,2.032932,0.550000,0.381295
paper-47236-topk-10-depth-2,10,2,10,10,1.000000,0.970162,0.029838,0.000000,0.000000,0.000000,1178,1940,-762,0.607216,0.329638,773,405,1167,17,29,2.044996,2.519338,0.657046,0.419072
paper-34312-topk-1-depth-0,1,0,1,1,1.000000,0.999418,0.000582,,,,1,1,0,1.000000,0.000000,0,1,1,1,1,0.000000,0.000000,1.000000,1.000000
paper-34312-topk-1-depth-1,1,1,1,1,1.000000,0.999418,0.000582,,,,11,2,9,5.500000,0.000000,0,11,2,1,1,0.000000,0.000000,1.000000,1.000000
paper-34312-topk-1-depth-2,1,2,1,1,1.000000,0.999418,0.000582,,,,139,41,98,3.390244,0.000000,0,139,41,4,2,0.592090,0.377646,0.884892,0.926829
paper-34312-topk-3-depth-0,3,0,3,3,1.000000,0.982736,0.017264,0.000000,0.000000,0.000000,3,3,0,1.000000,0.000000,0,3,3,2,1,0.918296,0.000000,0.666667,1.000000
paper-34312-topk-3-depth-1,3,1,3,3,1.000000,0.982736,0.017264,0.000000,0.000000,0.000000,18,18,0,1.000000,0.000000,0,18,18,3,4,0.614369,0.914183,0.888889,0.833333
paper-34312-topk-3-depth-2,3,2,3,3,1.000000,0.982736,0.017264,0.000000,0.000000,0.000000,11246,3271,7975,3.438092,0.135827,1736,9510,1535,32,30,1.528490,1.506278,0.747377,0.771018
paper-34312-topk-5-depth-0,5,0,5,5,1.000000,0.978897,0.021103,0.000000,0.000000,0.000000,5,5,0,1.000000,0.111111,1,4,4,2,1,0.970951,0.000000,0.600000,1.000000
paper-34312-topk-5-depth-1,5,1,5,5,1.000000,0.978897,0.021103,0.000000,0.000000,0.000000,24,47,-23,0.510638,0.203390,12,12,35,4,5,1.124185,1.022017,0.750000,0.808511
paper-34312-topk-5-depth-2,5,2,5,5,1.000000,0.978897,0.021103,0.000000,0.000000,0.000000,11302,20600,-9298,0.548641,0.258859,6560,4742,14040,34,36,1.549724,2.303349,0.744205,0.522282
paper-34312-topk-10-depth-0,10,0,10,10,1.000000,0.975516,0.024484,0.000000,0.004251,-0.004251,10,10,0,1.000000,0.052632,1,9,9,3,2,1.295462,0.468996,0.600000,0.900000
paper-34312-topk-10-depth-1,10,1,10,10,1.000000,0.975516,0.024484,0.000000,0.004251,-0.004251,74,104,-30,0.711538,0.186667,28,46,76,6,7,1.295471,0.965784,0.729730,0.846154
paper-34312-topk-10-depth-2,10,2,10,10,1.000000,0.975516,0.024484,0.000000,0.004251,-0.004251,28724,31232,-2508,0.919698,0.773846,26156,2568,5076,37,37,2.233436,2.268806,0.549784,0.545882
paper-46465-topk-1-depth-0,1,0,1,1,1.000000,0.999156,0.000844,,,,1,1,0,1.000000,0.000000,0,1,1,1,1,0.000000,0.000000,1.000000,1.000000
paper-46465-topk-1-depth-1,1,1,1,1,1.000000,0.999156,0.000844,,,,17,23,-6,0.739130,0.000000,0,17,23,3,2,1.383100,0.258019,0.588235,0.956522
paper-46465-topk-1-depth-2,1,2,1,1,1.000000,0.999156,0.000844,,,,4878,4804,74,1.015404,0.132265,1131,3747,3673,28,27,1.758574,1.412588,0.628741,0.770192
paper-46465-topk-3-depth-0,3,0,3,3,1.000000,0.977959,0.022041,0.000000,0.042735,-0.042735,3,3,0,1.000000,0.000000,0,3,3,2,2,0.918296,0.918296,0.666667,0.666667
paper-46465-topk-3-depth-1,3,1,3,3,1.000000,0.977959,0.022041,0.000000,0.042735,-0.042735,51,53,-2,0.962264,0.130435,12,39,41,3,3,1.303395,0.365792,0.529412,0.943396
paper-46465-topk-3-depth-2,3,2,3,3,1.000000,0.977959,0.022041,0.000000,0.042735,-0.042735,6702,14950,-8248,0.448294,0.211097,3774,2928,11176,30,32,1.762289,1.593697,0.636228,0.732107
paper-46465-topk-5-depth-0,5,0,5,5,1.000000,0.973358,0.026642,0.000000,0.085146,-0.085146,5,5,0,1.000000,0.000000,0,5,5,2,2,0.970951,0.721928,0.600000,0.800000
paper-46465-topk-5-depth-1,5,1,5,5,1.000000,0.973358,0.026642,0.000000,0.085146,-0.085146,70,81,-11,0.864198,0.020270,3,67,78,5,4,1.312962,0.418895,0.657143,0.938272
paper-46465-topk-5-depth-2,5,2,5,5,1.000000,0.973358,0.026642,0.000000,0.085146,-0.085146,26359,29712,-3353,0.887150,0.757987,24176,2183,5536,36,37,2.330373,2.237695,0.507151,0.544124
paper-46465-topk-10-depth-0,10,0,10,10,1.000000,0.969030,0.030970,0.000000,0.039465,-0.039465,10,10,0,1.000000,0.111111,2,8,8,2,2,0.721928,0.721928,0.800000,0.800000
paper-46465-topk-10-depth-1,10,1,10,10,1.000000,0.969030,0.030970,0.000000,0.039465,-0.039465,142,312,-170,0.455128,0.088729,37,105,275,4,10,0.747054,0.873032,0.852113,0.865385
paper-46465-topk-10-depth-2,10,2,10,10,1.000000,0.969030,0.030970,0.000000,0.039465,-0.039465,17017,34271,-17254,0.496542,0.451232,15947,1070,18324,34,38,1.589257,2.296514,0.736146,0.532579
paper-165955-topk-1-depth-0,1,0,1,1,1.000000,0.999390,0.000610,,,,1,1,0,1.000000,0.000000,0,1,1,1,1,0.000000,0.000000,1.000000,1.000000
paper-165955-topk-1-depth-1,1,1,1,1,1.000000,0.999390,0.000610,,,,16,13,3,1.230769,0.035714,1,15,12,1,1,0.000000,0.000000,1.000000,1.000000
paper-165955-topk-1-depth-2,1,2,1,1,1.000000,0.999390,0.000610,,,,142,147,-5,0.965986,0.039568,11,131,136,2,4,0.185125,0.176072,0.971831,0.979592
paper-165955-topk-3-depth-0,3,0,3,3,1.000000,0.987487,0.012513,0.000000,0.127946,-0.127946,3,3,0,1.000000,0.000000,0,3,3,1,1,0.000000,0.000000,1.000000,1.000000
paper-165955-topk-3-depth-1,3,1,3,3,1.000000,0.987487,0.012513,0.000000,0.127946,-0.127946,24,23,1,1.043478,0.068182,3,21,20,1,1,0.000000,0.000000,1.000000,1.000000
paper-165955-topk-3-depth-2,3,2,3,3,1.000000,0.987487,0.012513,0.000000,0.127946,-0.127946,436,387,49,1.126615,0.077225,59,377,328,7,5,0.393679,0.143181,0.949541,0.984496
paper-165955-topk-5-depth-0,5,0,5,5,1.000000,0.982496,0.017504,0.000000,0.046076,-0.046076,5,5,0,1.000000,0.000000,0,5,5,1,1,0.000000,0.000000,1.000000,1.000000
paper-165955-topk-5-depth-1,5,1,5,5,1.000000,0.982496,0.017504,0.000000,0.046076,-0.046076,37,37,0,1.000000,0.057143,4,33,33,2,1,0.179256,0.000000,0.972973,1.000000
paper-165955-topk-5-depth-2,5,2,5,5,1.000000,0.982496,0.017504,0.000000,0.046076,-0.046076,1066,1069,-3,0.997194,0.422385,634,432,435,12,7,0.497819,0.309539,0.935272,0.956969
paper-165955-topk-10-depth-0,10,0,10,10,1.000000,0.976707,0.023293,0.000000,0.016442,-0.016442,10,10,0,1.000000,0.111111,2,8,8,1,1,0.000000,0.000000,1.000000,1.000000
paper-165955-topk-10-depth-1,10,1,10,10,1.000000,0.976707,0.023293,0.000000,0.016442,-0.016442,120,77,43,1.558442,0.208589,34,86,43,2,3,0.069530,0.273286,0.991667,0.961039
paper-165955-topk-10-depth-2,10,2,10,10,1.000000,0.976707,0.023293,0.000000,0.016442,-0.016442,2438,1742,696,1.399541,0.389628,1172,1266,570,16,13,0.711603,0.557782,0.904430,0.908726
paper-50390-topk-1-depth-0,1,0,1,1,1.000000,0.999905,0.000095,,,,1,1,0,1.000000,0.000000,0,1,1,1,1,0.000000,0.000000,1.000000,1.000000
paper-50390-topk-1-depth-1,1,1,1,1,1.000000,0.999905,0.000095,,,,5,10,-5,0.500000,0.363636,4,1,6,3,3,1.370951,1.156780,0.600000,0.700000
paper-50390-topk-1-depth-2,1,2,1,1,1.000000,0.999905,0.000095,,,,2216,2773,-557,0.799135,0.799135,2216,0,557,27,27,1.982855,1.947867,0.525722,0.513163
paper-50390-topk-3-depth-0,3,0,3,3,1.000000,0.988829,0.011171,0.000000,0.148148,-0.148148,3,3,0,1.000000,0.000000,0,3,3,2,1,0.918296,0.000000,0.666667,1.000000
paper-50390-topk-3-depth-1,3,1,3,3,1.000000,0.988829,0.011171,0.000000,0.148148,-0.148148,87,28,59,3.107143,0.017699,2,85,26,11,4,2.187802,1.732710,0.597701,0.357143
paper-50390-topk-3-depth-2,3,2,3,3,1.000000,0.988829,0.011171,0.000000,0.148148,-0.148148,23671,19448,4223,1.217143,0.514648,14651,9020,4797,39,35,2.522782,1.911683,0.440624,0.633278
paper-50390-topk-5-depth-0,5,0,5,5,1.000000,0.984611,0.015389,0.000000,0.055887,-0.055887,5,5,0,1.000000,0.111111,1,4,4,4,2,1.921928,0.970951,0.400000,0.600000
paper-50390-topk-5-depth-1,5,1,5,5,1.000000,0.984611,0.015389,0.000000,0.055887,-0.055887,106,113,-7,0.938053,0.500000,73,33,40,12,10,2.421968,2.169376,0.528302,0.548673
paper-50390-topk-5-depth-2,5,2,5,5,1.000000,0.984611,0.015389,0.000000,0.055887,-0.055887,28683,31393,-2710,0.913675,0.827685,27206,1477,4187,39,38,2.464237,2.407255,0.481330,0.492976
paper-50390-topk-10-depth-0,10,0,10,10,1.000000,0.980326,0.019674,0.000000,0.017569,-0.017569,10,10,0,1.000000,0.111111,2,8,8,5,5,2.121928,2.121928,0.400000,0.400000
paper-50390-topk-10-depth-1,10,1,10,10,1.000000,0.980326,0.019674,0.000000,0.017569,-0.017569,149,196,-47,0.760204,0.088328,28,121,168,15,15,2.446311,2.651992,0.523490,0.433673
paper-50390-topk-10-depth-2,10,2,10,10,1.000000,0.980326,0.019674,0.000000,0.017569,-0.017569,30946,39397,-8451,0.785491,0.726929,29610,1336,9787,39,39,2.502556,2.630008,0.481645,0.443993
paper-138441-topk-1-depth-0,1,0,1,1,1.000000,0.999907,0.000093,,,,1,1,0,1.000000,0.000000,0,1,1,1,1,0.000000,0.000000,1.000000,1.000000
paper-138441-topk-1-depth-1,1,1,1,1,1.000000,0.999907,0.000093,,,,23,16,7,1.437500,0.000000,0,23,16,2,2,0.258019,0.696212,0.956522,0.812500
paper-138441-topk-1-depth-2,1,2,1,1,1.000000,0.999907,0.000093,,,,183,167,16,1.095808,0.035503,12,171,155,9,11,1.142909,1.840016,0.797814,0.568862
paper-138441-topk-3-depth-0,3,0,3,3,1.000000,0.973606,0.026394,0.000000,0.000000,0.000000,3,3,0,1.000000,0.200000,1,2,2,2,3,0.918296,1.584963,0.666667,0.333333
paper-138441-topk-3-depth-1,3,1,3,3,1.000000,0.973606,0.026394,0.000000,0.000000,0.000000,42,25,17,1.680000,0.080645,5,37,20,7,4,1.650964,1.569432,0.642857,0.520000
paper-138441-topk-3-depth-2,3,2,3,3,1.000000,0.973606,0.026394,0.000000,0.000000,0.000000,610,264,346,2.310606,0.060680,50,560,214,29,11,3.261364,2.310324,0.306557,0.401515
paper-138441-topk-5-depth-0,5,0,5,5,1.000000,0.967529,0.032471,0.000000,0.011765,-0.011765,5,5,0,1.000000,0.250000,2,3,3,3,3,1.521928,1.370951,0.400000,0.600000
paper-138441-topk-5-depth-1,5,1,5,5,1.000000,0.967529,0.032471,0.000000,0.011765,-0.011765,60,61,-1,0.983607,0.301075,28,32,33,9,5,2.286058,1.411231,0.450000,0.655738
paper-138441-topk-5-depth-2,5,2,5,5,1.000000,0.967529,0.032471,0.000000,0.011765,-0.011765,1256,520,736,2.415385,0.145806,226,1030,294,32,14,3.363568,2.157041,0.216561,0.501923
paper-138441-topk-10-depth-0,10,0,10,10,1.000000,0.961377,0.038623,0.000000,0.011837,-0.011837,10,10,0,1.000000,0.111111,2,8,8,6,5,2.321928,1.960964,0.400000,0.500000
paper-138441-topk-10-depth-1,10,1,10,10,1.000000,0.961377,0.038623,0.000000,0.011837,-0.011837,79,129,-50,0.612403,0.175141,31,48,98,13,11,2.545084,1.926459,0.417722,0.620155
paper-138441-topk-10-depth-2,10,2,10,10,1.000000,0.961377,0.038623,0.000000,0.011837,-0.011837,1518,2178,-660,0.696970,0.203517,625,893,1553,34,35,3.491285,3.500006,0.185771,0.264004
paper-128943-topk-1-depth-0,1,0,1,1,1.000000,0.999546,0.000454,,,,1,1,0,1.000000,0.000000,0,1,1,1,1,0.000000,0.000000,1.000000,1.000000
paper-128943-topk-1-depth-1,1,1,1,1,1.000000,0.999546,0.000454,,,,9,12,-3,0.750000,0.235294,4,5,8,1,1,0.000000,0.000000,1.000000,1.000000
paper-128943-topk-1-depth-2,1,2,1,1,1.000000,0.999546,0.000454,,,,757,19361,-18604,0.039099,0.026062,511,246,18850,13,35,0.588295,1.839262,0.923382,0.661949
paper-128943-topk-3-depth-0,3,0,3,3,1.000000,0.960878,0.039122,0.000000,0.114613,-0.114613,3,3,0,1.000000,0.000000,0,3,3,2,1,0.918296,0.000000,0.666667,1.000000
paper-128943-topk-3-depth-1,3,1,3,3,1.000000,0.960878,0.039122,0.000000,0.114613,-0.114613,53,19,34,2.789474,0.028571,2,51,17,6,1,1.589510,0.000000,0.622642,1.000000
paper-128943-topk-3-depth-2,3,2,3,3,1.000000,0.960878,0.039122,0.000000,0.114613,-0.114613,21991,19610,2381,1.121418,0.272046,8897,13094,10713,37,35,2.600624,1.827450,0.387477,0.665222
paper-128943-topk-5-depth-0,5,0,5,5,1.000000,0.955897,0.044103,0.000000,0.040397,-0.040397,5,5,0,1.000000,0.111111,1,4,4,2,1,0.721928,0.000000,0.800000,1.000000
paper-128943-topk-5-depth-1,5,1,5,5,1.000000,0.955897,0.044103,0.000000,0.040397,-0.040397,67,49,18,1.367347,0.160000,16,51,33,6,4,1.454826,0.530355,0.686567,0.918367
paper-128943-topk-5-depth-2,5,2,5,5,1.000000,0.955897,0.044103,0.000000,0.040397,-0.040397,22999,24086,-1087,0.954870,0.333777,11783,11216,12303,37,36,2.556878,2.019260,0.409105,0.609317
paper-128943-topk-10-depth-0,10,0,10,10,1.000000,0.942307,0.057693,0.000000,0.018459,-0.018459,10,10,0,1.000000,0.176471,3,7,7,4,3,1.356780,1.156780,0.700000,0.700000
paper-128943-topk-10-depth-1,10,1,10,10,1.000000,0.942307,0.057693,0.000000,0.018459,-0.018459,84,110,-26,0.763636,0.182927,30,54,80,10,8,1.948071,1.647302,0.619048,0.627273
paper-128943-topk-10-depth-2,10,2,10,10,1.000000,0.942307,0.057693,0.000000,0.018459,-0.018459,31103,36417,-5314,0.854079,0.690959,27590,3513,8827,39,39,2.502212,2.476831,0.452915,0.458495
paper-134693-topk-1-depth-0,1,0,1,1,1.000000,0.974607,0.025393,,,,1,1,0,1.000000,0.000000,0,1,1,1,1,0.000000,0.000000,1.000000,1.000000
paper-134693-topk-1-depth-1,1,1,1,1,1.000000,0.974607,0.025393,,,,43,52,-9,0.826923,0.130952,11,32,41,4,4,0.586016,0.506628,0.906977,0.923077
paper-134693-topk-1-depth-2,1,2,1,1,1.000000,0.974607,0.025393,,,,31754,24698,7056,1.285691,0.683627,22922,8832,1776,36,36,2.312325,2.038901,0.518076,0.604705
paper-134693-topk-3-depth-0,3,0,3,3,1.000000,0.981145,0.018855,0.000000,0.160557,-0.160557,3,3,0,1.000000,0.000000,0,3,3,1,1,0.000000,0.000000,1.000000,1.000000
paper-134693-topk-3-depth-1,3,1,3,3,1.000000,0.981145,0.018855,0.000000,0.160557,-0.160557,80,102,-22,0.784314,0.300000,42,38,60,4,4,0.575123,0.467610,0.900000,0.931373
paper-134693-topk-3-depth-2,3,2,3,3,1.000000,0.981145,0.018855,0.000000,0.160557,-0.160557,23301,34256,-10955,0.680202,0.639707,22455,846,11801,34,36,1.834933,2.341307,0.662761,0.511998
paper-134693-topk-5-depth-0,5,0,5,5,1.000000,0.976680,0.023320,0.000000,0.188959,-0.188959,5,5,0,1.000000,0.000000,0,5,5,2,1,0.721928,0.000000,0.800000,1.000000
paper-134693-topk-5-depth-1,5,1,5,5,1.000000,0.976680,0.023320,0.000000,0.188959,-0.188959,111,108,3,1.027778,0.244318,43,68,65,5,4,0.783505,0.447163,0.873874,0.935185
paper-134693-topk-5-depth-2,5,2,5,5,1.000000,0.976680,0.023320,0.000000,0.188959,-0.188959,23432,34267,-10835,0.683807,0.638618,22487,945,11780,34,37,1.838077,2.341447,0.662641,0.512096
paper-134693-topk-10-depth-0,10,0,10,10,1.000000,0.971395,0.028605,0.000000,0.064474,-0.064474,10,10,0,1.000000,0.111111,2,8,8,4,1,1.356780,0.000000,0.700000,1.000000
paper-134693-topk-10-depth-1,10,1,10,10,1.000000,0.971395,0.028605,0.000000,0.064474,-0.064474,110,147,-37,0.748299,0.079832,19,91,128,6,5,0.909489,0.669688,0.854545,0.891156
paper-134693-topk-10-depth-2,10,2,10,10,1.000000,0.971395,0.028605,0.000000,0.064474,-0.064474,20935,34785,-13850,0.601840,0.571259,20258,677,14527,34,37,1.796954,2.353705,0.676427,0.509444
paper-43177-topk-1-depth-0,1,0,1,1,1.000000,0.919121,0.080879,,,,1,1,0,1.000000,1.000000,1,0,0,1,1,0.000000,0.000000,1.000000,1.000000
paper-43177-topk-1-depth-1,1,1,1,1,1.000000,0.919121,0.080879,,,,2,2,0,1.000000,1.000000,2,0,0,1,1,0.000000,0.000000,1.000000,1.000000
paper-43177-topk-1-depth-2,1,2,1,1,1.000000,0.919121,0.080879,,,,210,210,0,1.000000,1.000000,210,0,0,5,5,0.384731,0.384731,0.947619,0.947619
paper-43177-topk-3-depth-0,3,0,3,3,1.000000,0.898864,0.101136,0.000000,0.000000,0.000000,3,3,0,1.000000,0.200000,1,2,2,3,2,1.584963,0.918296,0.333333,0.666667
paper-43177-topk-3-depth-1,3,1,3,3,1.000000,0.898864,0.101136,0.000000,0.000000,0.000000,65,34,31,1.911765,0.042105,4,61,30,6,4,1.739690,1.470760,0.476923,0.588235
paper-43177-topk-3-depth-2,3,2,3,3,1.000000,0.898864,0.101136,0.000000,0.000000,0.000000,24496,4131,20365,5.929799,0.095603,2498,21998,1633,36,25,2.429492,1.745849,0.461137,0.688695
paper-43177-topk-5-depth-0,5,0,5,5,1.000000,0.895495,0.104505,0.000000,0.010922,-0.010922,5,5,0,1.000000,0.250000,2,3,3,4,3,1.921928,1.521928,0.400000,0.400000
paper-43177-topk-5-depth-1,5,1,5,5,1.000000,0.895495,0.104505,0.000000,0.010922,-0.010922,85,65,20,1.307692,0.388889,42,43,23,9,5,2.217276,2.046544,0.364706,0.430769
paper-43177-topk-5-depth-2,5,2,5,5,1.000000,0.895495,0.104505,0.000000,0.010922,-0.010922,24627,18789,5838,1.310714,0.695540,17810,6817,979,37,38,2.453166,2.654656,0.458684,0.350365
paper-43177-topk-10-depth-0,10,0,10,10,1.000000,0.886844,0.113156,0.000000,0.005572,-0.005572,10,10,0,1.000000,0.111111,2,8,8,4,4,1.356780,1.685475,0.700000,0.500000
paper-43177-topk-10-depth-1,10,1,10,10,1.000000,0.886844,0.113156,0.000000,0.005572,-0.005572,121,89,32,1.359551,0.250000,42,79,47,9,10,2.056193,2.370200,0.446281,0.426966
paper-43177-topk-10-depth-2,10,2,10,10,1.000000,0.886844,0.113156,0.000000,0.005572,-0.005572,25833,27786,-1953,0.929713,0.645158,21027,4806,6759,37,38,2.562496,2.531883,0.437309,0.428525
paper-52651-topk-1-depth-0,1,0,1,1,1.000000,0.955738,0.044262,,,,1,1,0,1.000000,0.000000,0,1,1,1,1,0.000000,0.000000,1.000000,1.000000
paper-52651-topk-1-depth-1,1,1,1,1,1.000000,0.955738,0.044262,,,,4,6,-2,0.666667,0.000000,0,4,6,2,2,0.811278,0.650022,0.750000,0.833333
paper-52651-topk-1-depth-2,1,2,1,1,1.000000,0.955738,0.044262,,,,8,25,-17,0.320000,0.000000,0,8,25,4,3,1.548795,1.015431,0.625000,0.760000
paper-52651-topk-3-depth-0,3,0,3,3,1.000000,0.952668,0.047332,0.000000,0.000000,0.000000,3,3,0,1.000000,0.000000,0,3,3,3,2,1.584963,0.918296,0.333333,0.666667
paper-52651-topk-3-depth-1,3,1,3,3,1.000000,0.952668,0.047332,0.000000,0.000000,0.000000,18,12,6,1.500000,0.000000,0,18,12,7,4,2.488555,1.418296,0.333333,0.666667
paper-52651-topk-3-depth-2,3,2,3,3,1.000000,0.952668,0.047332,0.000000,0.000000,0.000000,87,40,47,2.175000,0.000000,0,87,40,13,7,3.182205,1.726401,0.241379,0.650000
paper-52651-topk-5-depth-0,5,0,5,5,1.000000,0.951573,0.048427,0.000000,0.000000,0.000000,5,5,0,1.000000,0.000000,0,5,5,5,2,2.321928,0.721928,0.200000,0.800000
paper-52651-topk-5-depth-1,5,1,5,5,1.000000,0.951573,0.048427,0.000000,0.000000,0.000000,24,18,6,1.333333,0.000000,0,24,18,12,4,3.240602,1.275163,0.250000,0.722222
paper-52651-topk-5-depth-2,5,2,5,5,1.000000,0.951573,0.048427,0.000000,0.000000,0.000000,105,228,-123,0.460526,0.000000,0,105,228,17,15,3.542665,2.233769,0.200000,0.451754
paper-52651-topk-10-depth-0,10,0,10,10,1.000000,0.954277,0.045723,0.000000,0.000000,0.000000,10,10,0,1.000000,0.111111,2,8,8,9,4,3.121928,1.570951,0.200000,0.600000
paper-52651-topk-10-depth-1,10,1,10,10,1.000000,0.954277,0.045723,0.000000,0.000000,0.000000,43,37,6,1.162162,0.066667,5,38,32,12,6,3.239910,1.980079,0.209302,0.459459
paper-52651-topk-10-depth-2,10,2,10,10,1.000000,0.954277,0.045723,0.000000,0.000000,0.000000,19345,448,18897,43.180804,0.000961,19,19326,429,37,24,1.965267,2.952678,0.637219,0.263393
paper-155548-topk-1-depth-0,1,0,1,1,1.000000,0.998551,0.001449,,,,1,1,0,1.000000,0.000000,0,1,1,1,1,0.000000,0.000000,1.000000,1.000000
paper-155548-topk-1-depth-1,1,1,1,1,1.000000,0.998551,0.001449,,,,3,2,1,1.500000,0.000000,0,3,2,1,2,0.000000,1.000000,1.000000,0.500000
paper-155548-topk-1-depth-2,1,2,1,1,1.000000,0.998551,0.001449,,,,4786,5,4781,957.200000,0.000000,0,4786,5,27,2,1.992336,0.721928,0.558086,0.800000
paper-155548-topk-3-depth-0,3,0,3,3,1.000000,0.984610,0.015390,0.000000,0.000000,0.000000,3,3,0,1.000000,0.000000,0,3,3,2,3,0.918296,1.584963,0.666667,0.333333
paper-155548-topk-3-depth-1,3,1,3,3,1.000000,0.984610,0.015390,0.000000,0.000000,0.000000,36,14,22,2.571429,0.020408,1,35,13,4,5,0.978774,1.434549,0.805556,0.714286
paper-155548-topk-3-depth-2,3,2,3,3,1.000000,0.984610,0.015390,0.000000,0.000000,0.000000,18220,14965,3255,1.217508,0.431807,10008,8212,4957,35,33,1.767815,1.833673,0.681394,0.651453
paper-155548-topk-5-depth-0,5,0,5,5,1.000000,0.980977,0.019023,0.000000,0.000000,0.000000,5,5,0,1.000000,0.000000,0,5,5,3,5,1.521928,2.321928,0.400000,0.200000
paper-155548-topk-5-depth-1,5,1,5,5,1.000000,0.980977,0.019023,0.000000,0.000000,0.000000,48,52,-4,0.923077,0.020408,2,46,50,6,9,1.657677,1.795927,0.625000,0.673077
paper-155548-topk-5-depth-2,5,2,5,5,1.000000,0.980977,0.019023,0.000000,0.000000,0.000000,26962,17489,9473,1.541655,0.400693,12716,14246,4773,38,37,2.272155,1.843150,0.534233,0.659786
paper-155548-topk-10-depth-0,10,0,10,10,1.000000,0.977717,0.022283,0.000000,0.001800,-0.001800,10,10,0,1.000000,0.111111,2,8,8,5,5,1.960964,2.170951,0.500000,0.300000
paper-155548-topk-10-depth-1,10,1,10,10,1.000000,0.977717,0.022283,0.000000,0.001800,-0.001800,118,91,27,1.296703,0.082902,16,102,75,10,12,2.662803,2.133456,0.271186,0.560440
paper-155548-topk-10-depth-2,10,2,10,10,1.000000,0.977717,0.022283,0.000000,0.001800,-0.001800,28480,30862,-2382,0.922818,0.738858,25215,3265,5647,39,38,2.435004,2.311818,0.506742,0.526278
paper-117096-topk-1-depth-0,1,0,1,1,1.000000,0.999836,0.000164,,,,1,1,0,1.000000,0.000000,0,1,1,1,1,0.000000,0.000000,1.000000,1.000000
paper-117096-topk-1-depth-1,1,1,1,1,1.000000,0.999836,0.000164,,,,18,4,14,4.500000,0.000000,0,18,4,3,2,0.944489,0.811278,0.777778,0.750000
paper-117096-topk-1-depth-2,1,2,1,1,1.000000,0.999836,0.000164,,,,1806,74,1732,24.405405,0.001065,2,1804,72,32,5,3.005652,0.967986,0.316722,0.783784
paper-117096-topk-3-depth-0,3,0,3,3,1.000000,0.977176,0.022824,0.000000,0.000000,0.000000,3,3,0,1.000000,0.000000,0,3,3,3,2,1.584963,0.918296,0.333333,0.666667
paper-117096-topk-3-depth-1,3,1,3,3,1.000000,0.977176,0.022824,0.000000,0.000000,0.000000,26,12,14,2.166667,0.000000,0,26,12,5,3,2.145733,1.188722,0.269231,0.666667
paper-117096-topk-3-depth-2,3,2,3,3,1.000000,0.977176,0.022824,0.000000,0.000000,0.000000,15447,129,15318,119.744186,0.000193,3,15444,126,38,8,2.633373,1.544675,0.315013,0.697674
paper-117096-topk-5-depth-0,5,0,5,5,1.000000,0.969694,0.030306,0.000000,0.005000,-0.005000,5,5,0,1.000000,0.111111,1,4,4,4,2,1.921928,0.970951,0.400000,0.600000
paper-117096-topk-5-depth-1,5,1,5,5,1.000000,0.969694,0.030306,0.000000,0.005000,-0.005000,41,54,-13,0.759259,0.067416,6,35,48,6,6,2.357105,1.587397,0.317073,0.518519
paper-117096-topk-5-depth-2,5,2,5,5,1.000000,0.969694,0.030306,0.000000,0.005000,-0.005000,15607,3483,12124,4.480907,0.064399,1155,14452,2328,38,34,2.641552,3.002029,0.311783,0.396497
paper-117096-topk-10-depth-0,10,0,10,10,1.000000,0.962754,0.037246,0.000000,0.016706,-0.016706,10,10,0,1.000000,0.052632,1,9,9,5,4,1.960964,1.721928,0.500000,0.400000
paper-117096-topk-10-depth-1,10,1,10,10,1.000000,0.962754,0.037246,0.000000,0.016706,-0.016706,141,120,21,1.175000,0.056680,14,127,106,9,9,2.475078,2.098029,0.312057,0.316667
paper-117096-topk-10-depth-2,10,2,10,10,1.000000,0.962754,0.037246,0.000000,0.016706,-0.016706,30790,28004,2786,1.099486,0.431800,17731,13059,10273,39,37,2.616590,2.201761,0.403313,0.579917
paper-3867-topk-1-depth-0,1,0,1,1,1.000000,0.966051,0.033949,,,,1,1,0,1.000000,0.000000,0,1,1,1,1,0.000000,0.000000,1.000000,1.000000
paper-3867-topk-1-depth-1,1,1,1,1,1.000000,0.966051,0.033949,,,,8,25,-17,0.320000,0.000000,0,8,25,2,2,0.543564,0.242292,0.875000,0.960000
paper-3867-topk-1-depth-2,1,2,1,1,1.000000,0.966051,0.033949,,,,16545,5961,10584,2.775541,0.177338,3390,13155,2571,34,27,1.788866,1.567502,0.656754,0.729576
paper-3867-topk-3-depth-0,3,0,3,3,1.000000,0.978277,0.021723,0.000000,0.007246,-0.007246,3,3,0,1.000000,0.000000,0,3,3,2,2,0.918296,0.918296,0.666667,0.666667
paper-3867-topk-3-depth-1,3,1,3,3,1.000000,0.978277,0.021723,0.000000,0.007246,-0.007246,29,72,-43,0.402778,0.010000,1,28,71,4,6,1.208039,1.748958,0.724138,0.583333
paper-3867-topk-3-depth-2,3,2,3,3,1.000000,0.978277,0.021723,0.000000,0.007246,-0.007246,19302,28979,-9677,0.666069,0.451231,15012,4290,13967,35,37,1.847063,2.483739,0.651124,0.449187
paper-3867-topk-5-depth-0,5,0,5,5,1.000000,0.974089,0.025911,0.000000,0.021240,-0.021240,5,5,0,1.000000,0.111111,1,4,4,2,2,0.970951,0.721928,0.600000,0.800000
paper-3867-topk-5-depth-1,5,1,5,5,1.000000,0.974089,0.025911,0.000000,0.021240,-0.021240,106,243,-137,0.436214,0.100946,32,74,211,7,11,1.283759,1.333952,0.716981,0.761317
paper-3867-topk-5-depth-2,5,2,5,5,1.000000,0.974089,0.025911,0.000000,0.021240,-0.021240,27995,35501,-7506,0.788569,0.585775,23455,4540,12046,37,38,2.221461,2.466677,0.544383,0.446297
paper-3867-topk-10-depth-0,10,0,10,10,1.000000,0.969548,0.030452,0.000000,0.007900,-0.007900,10,10,0,1.000000,0.111111,2,8,8,3,4,1.360964,1.570951,0.500000,0.600000
paper-3867-topk-10-depth-1,10,1,10,10,1.000000,0.969548,0.030452,0.000000,0.007900,-0.007900,152,303,-151,0.501650,0.101695,42,110,261,9,12,1.502396,1.564182,0.651316,0.702970
paper-3867-topk-10-depth-2,10,2,10,10,1.000000,0.969548,0.030452,0.000000,0.007900,-0.007900,30620,39620,-9000,0.772842,0.653951,27772,2848,11848,37,38,2.335618,2.475565,0.509830,0.458354
paper-20390-topk-1-depth-0,1,0,1,1,1.000000,0.940819,0.059181,,,,1,1,0,1.000000,0.000000,0,1,1,1,1,0.000000,0.000000,1.000000,1.000000
paper-20390-topk-1-depth-1,1,1,1,1,1.000000,0.940819,0.059181,,,,5,8,-3,0.625000,0.000000,0,5,8,2,2,0.721928,0.543564,0.800000,0.875000
paper-20390-topk-1-depth-2,1,2,1,1,1.000000,0.940819,0.059181,,,,117,28,89,4.178571,0.000000,0,117,28,8,3,2.126255,0.850326,0.487179,0.821429
paper-20390-topk-3-depth-0,3,0,3,3,1.000000,0.936290,0.063710,0.000000,0.037037,-0.037037,3,3,0,1.000000,0.000000,0,3,3,3,2,1.584963,0.918296,0.333333,0.666667
paper-20390-topk-3-depth-1,3,1,3,3,1.000000,0.936290,0.063710,0.000000,0.037037,-0.037037,23,26,-3,0.884615,0.020833,1,22,25,4,5,1.790050,1.367044,0.434783,0.692308
paper-20390-topk-3-depth-2,3,2,3,3,1.000000,0.936290,0.063710,0.000000,0.037037,-0.037037,270,132,138,2.045455,0.086486,32,238,100,16,13,2.120676,2.477103,0.555556,0.469697
paper-20390-topk-5-depth-0,5,0,5,5,1.000000,0.934592,0.065408,0.000000,0.014559,-0.014559,5,5,0,1.000000,0.000000,0,5,5,4,4,1.921928,1.921928,0.400000,0.400000
paper-20390-topk-5-depth-1,5,1,5,5,1.000000,0.934592,0.065408,0.000000,0.014559,-0.014559,39,41,-2,0.951220,0.066667,5,34,36,5,7,2.084465,1.932528,0.282051,0.463415
paper-20390-topk-5-depth-2,5,2,5,5,1.000000,0.934592,0.065408,0.000000,0.014559,-0.014559,555,1191,-636,0.465995,0.107166,169,386,1022,19,26,2.628347,2.368982,0.270270,0.557515
paper-20390-topk-10-depth-0,10,0,10,10,1.000000,0.932153,0.067847,0.000000,0.003235,-0.003235,10,10,0,1.000000,0.111111,2,8,8,6,6,2.446439,2.160964,0.300000,0.500000
paper-20390-topk-10-depth-1,10,1,10,10,1.000000,0.932153,0.067847,0.000000,0.003235,-0.003235,100,93,7,1.075269,0.128655,22,78,71,8,10,2.082317,2.282757,0.490000,0.483871
paper-20390-topk-10-depth-2,10,2,10,10,1.000000,0.932153,0.067847,0.000000,0.003235,-0.003235,968,1567,-599,0.617741,0.150704,332,636,1235,23,29,2.657713,2.896947,0.268595,0.424378
paper-148696-topk-1-depth-0,1,0,1,1,1.000000,0.971457,0.028543,,,,1,1,0,1.000000,0.000000,0,1,1,1,1,0.000000,0.000000,1.000000,1.000000
paper-148696-topk-1-depth-1,1,1,1,1,1.000000,0.971457,0.028543,,,,13,10,3,1.300000,0.000000,0,13,10,4,2,1.352030,0.468996,0.692308,0.900000
paper-148696-topk-1-depth-2,1,2,1,1,1.000000,0.971457,0.028543,,,,525,388,137,1.353093,0.003297,3,522,385,23,17,2.701602,1.824040,0.426667,0.579897
paper-148696-topk-3-depth-0,3,0,3,3,1.000000,0.978614,0.021386,0.000000,0.018519,-0.018519,3,3,0,1.000000,0.000000,0,3,3,2,1,0.918296,0.000000,0.666667,1.000000
paper-148696-topk-3-depth-1,3,1,3,3,1.000000,0.978614,0.021386,0.000000,0.018519,-0.018519,18,54,-36,0.333333,0.000000,0,18,54,7,3,2.060249,0.441041,0.555556,0.925926
paper-148696-topk-3-depth-2,3,2,3,3,1.000000,0.978614,0.021386,0.000000,0.018519,-0.018519,564,823,-259,0.685298,0.003618,5,559,818,23,23,2.778814,1.730046,0.421986,0.673147
paper-148696-topk-5-depth-0,5,0,5,5,1.000000,0.965165,0.034835,0.000000,0.000000,0.000000,5,5,0,1.000000,0.111111,1,4,4,2,2,0.970951,0.970951,0.600000,0.600000
paper-148696-topk-5-depth-1,5,1,5,5,1.000000,0.965165,0.034835,0.000000,0.000000,0.000000,59,75,-16,0.786667,0.107438,13,46,62,9,5,1.982420,1.128926,0.542373,0.773333
paper-148696-topk-5-depth-2,5,2,5,5,1.000000,0.965165,0.034835,0.000000,0.000000,0.000000,16121,1426,14695,11.305049,0.033149,563,15558,863,38,27,2.669620,2.584594,0.358228,0.435484
paper-148696-topk-10-depth-0,10,0,10,10,1.000000,0.967003,0.032997,0.000000,0.016939,-0.016939,10,10,0,1.000000,0.052632,1,9,9,6,4,2.321928,1.760964,0.400000,0.500000
paper-148696-topk-10-depth-1,10,1,10,10,1.000000,0.967003,0.032997,0.000000,0.016939,-0.016939,127,133,-6,0.954887,0.061224,15,112,118,12,7,2.631273,1.736032,0.433071,0.601504
paper-148696-topk-10-depth-2,10,2,10,10,1.000000,0.967003,0.032997,0.000000,0.016939,-0.016939,23079,2269,20810,10.171441,0.037619,919,22160,1350,39,33,2.777001,2.659221,0.378136,0.435434
paper-126765-topk-1-depth-0,1,0,1,1,1.000000,0.999893,0.000107,,,,1,1,0,1.000000,0.000000,0,1,1,1,1,0.000000,0.000000,1.000000,1.000000
paper-126765-topk-1-depth-1,1,1,1,1,1.000000,0.999893,0.000107,,,,16,3,13,5.333333,0.000000,0,16,3,4,2,1.543564,0.918296,0.437500,0.666667
paper-126765-topk-1-depth-2,1,2,1,1,1.000000,0.999893,0.000107,,,,100,7,93,14.285714,0.000000,0,100,7,9,3,1.938112,1.148835,0.440000,0.714286
paper-126765-topk-3-depth-0,3,0,3,3,1.000000,0.980519,0.019481,0.000000,0.000000,0.000000,3,3,0,1.000000,0.000000,0,3,3,2,2,0.918296,0.918296,0.666667,0.666667
paper-126765-topk-3-depth-1,3,1,3,3,1.000000,0.980519,0.019481,0.000000,0.000000,0.000000,41,28,13,1.464286,0.000000,0,41,28,7,4,2.095563,1.480985,0.487805,0.607143
paper-126765-topk-3-depth-2,3,2,3,3,1.000000,0.980519,0.019481,0.000000,0.000000,0.000000,371,215,156,1.725581,0.000000,0,371,215,18,8,2.572802,1.881229,0.504043,0.506977
paper-126765-topk-5-depth-0,5,0,5,5,1.000000,0.975682,0.024318,0.000000,0.000000,0.000000,5,5,0,1.000000,0.111111,1,4,4,3,4,1.370951,1.921928,0.600000,0.400000
paper-126765-topk-5-depth-1,5,1,5,5,1.000000,0.975682,0.024318,0.000000,0.000000,0.000000,43,57,-14,0.754386,0.190476,16,27,41,6,7,2.077111,2.332489,0.441860,0.421053
paper-126765-topk-5-depth-2,5,2,5,5,1.000000,0.975682,0.024318,0.000000,0.000000,0.000000,401,389,12,1.030848,0.153285,105,296,284,14,14,2.399944,2.819870,0.466334,0.352185
paper-126765-topk-10-depth-0,10,0,10,10,1.000000,0.971133,0.028867,0.000000,0.000000,0.000000,10,10,0,1.000000,0.052632,1,9,9,5,5,1.770951,2.046439,0.600000,0.400000
paper-126765-topk-10-depth-1,10,1,10,10,1.000000,0.971133,0.028867,0.000000,0.000000,0.000000,106,94,12,1.127660,0.098901,18,88,76,11,14,2.390356,2.590122,0.528302,0.489362
paper-126765-topk-10-depth-2,10,2,10,10,1.000000,0.971133,0.028867,0.000000,0.000000,0.000000,2478,850,1628,2.915294,0.097625,296,2182,554,36,24,3.210353,3.217622,0.302260,0.380000
paper-93768-topk-1-depth-0,1,0,1,1,1.000000,0.999889,0.000111,,,,1,1,0,1.000000,0.000000,0,1,1,1,1,0.000000,0.000000,1.000000,1.000000
paper-93768-topk-1-depth-1,1,1,1,1,1.000000,0.999889,0.000111,,,,2,5,-3,0.400000,0.000000,0,2,5,1,1,0.000000,0.000000,1.000000,1.000000
paper-93768-topk-1-depth-2,1,2,1,1,1.000000,0.999889,0.000111,,,,8,17,-9,0.470588,0.000000,0,8,17,1,1,0.000000,0.000000,1.000000,1.000000
paper-93768-topk-3-depth-0,3,0,3,3,1.000000,0.973240,0.026760,0.000000,0.000000,0.000000,3,3,0,1.000000,0.200000,1,2,2,1,1,0.000000,0.000000,1.000000,1.000000
paper-93768-topk-3-depth-1,3,1,3,3,1.000000,0.973240,0.026760,0.000000,0.000000,0.000000,14,23,-9,0.608696,0.370370,10,4,13,4,4,1.788450,1.453851,0.428571,0.652174
paper-93768-topk-3-depth-2,3,2,3,3,1.000000,0.973240,0.026760,0.000000,0.000000,0.000000,6811,6530,281,1.043032,0.927612,6420,391,110,33,33,2.382883,2.403011,0.464983,0.484992
paper-93768-topk-5-depth-0,5,0,5,5,1.000000,0.965544,0.034456,0.000000,0.000000,0.000000,5,5,0,1.000000,0.250000,2,3,3,1,1,0.000000,0.000000,1.000000,1.000000
paper-93768-topk-5-depth-1,5,1,5,5,1.000000,0.965544,0.034456,0.000000,0.000000,0.000000,37,35,2,1.057143,0.200000,12,25,23,4,5,1.370559,1.646707,0.648649,0.600000
paper-93768-topk-5-depth-2,5,2,5,5,1.000000,0.965544,0.034456,0.000000,0.000000,0.000000,10684,18651,-7967,0.572838,0.412646,8569,2115,10082,34,35,2.360604,2.215841,0.410427,0.540400
paper-93768-topk-10-depth-0,10,0,10,10,1.000000,0.959096,0.040904,0.000000,0.004444,-0.004444,10,10,0,1.000000,0.052632,1,9,9,2,2,0.468996,0.468996,0.900000,0.900000
paper-93768-topk-10-depth-1,10,1,10,10,1.000000,0.959096,0.040904,0.000000,0.004444,-0.004444,101,53,48,1.905660,0.062069,9,92,44,5,8,1.507455,2.004417,0.524752,0.566038
paper-93768-topk-10-depth-2,10,2,10,10,1.000000,0.959096,0.040904,0.000000,0.004444,-0.004444,19011,19191,-180,0.990621,0.371952,10357,8654,8834,33,35,1.942205,2.252991,0.629162,0.536345
paper-163426-topk-1-depth-0,1,0,1,1,1.000000,0.999843,0.000157,,,,1,1,0,1.000000,0.000000,0,1,1,1,1,0.000000,0.000000,1.000000,1.000000
paper-163426-topk-1-depth-1,1,1,1,1,1.000000,0.999843,0.000157,,,,16,21,-5,0.761905,0.000000,0,16,21,1,4,0.000000,1.154222,1.000000,0.761905
paper-163426-topk-1-depth-2,1,2,1,1,1.000000,0.999843,0.000157,,,,499,15102,-14603,0.033042,0.013776,212,287,14890,8,34,0.650753,1.825302,0.883768,0.649980
paper-163426-topk-3-depth-0,3,0,3,3,1.000000,0.984461,0.015539,0.000000,0.012821,-0.012821,3,3,0,1.000000,0.200000,1,2,2,2,2,0.918296,0.918296,0.666667,0.666667
paper-163426-topk-3-depth-1,3,1,3,3,1.000000,0.984461,0.015539,0.000000,0.012821,-0.012821,49,44,5,1.113636,0.223684,17,32,27,4,4,1.071026,0.920183,0.775510,0.818182
paper-163426-topk-3-depth-2,3,2,3,3,1.000000,0.984461,0.015539,0.000000,0.012821,-0.012821,21102,15600,5502,1.352692,0.633596,14235,6867,1365,37,34,1.976469,1.807869,0.629988,0.656218
paper-163426-topk-5-depth-0,5,0,5,5,1.000000,0.976923,0.023077,0.000000,0.003830,-0.003830,5,5,0,1.000000,0.111111,1,4,4,2,2,0.721928,0.721928,0.800000,0.800000
paper-163426-topk-5-depth-1,5,1,5,5,1.000000,0.976923,0.023077,0.000000,0.003830,-0.003830,178,159,19,1.119497,0.073248,23,155,136,6,5,0.613587,0.653037,0.910112,0.893082
paper-163426-topk-5-depth-2,5,2,5,5,1.000000,0.976923,0.023077,0.000000,0.003830,-0.003830,31121,30743,378,1.012295,0.805247,27595,3526,3148,38,39,2.296613,2.272692,0.529225,0.530527
paper-163426-topk-10-depth-0,10,0,10,10,1.000000,0.974367,0.025633,0.000000,0.010152,-0.010152,10,10,0,1.000000,0.052632,1,9,9,4,2,1.356780,0.970951,0.700000,0.600000
paper-163426-topk-10-depth-1,10,1,10,10,1.000000,0.974367,0.025633,0.000000,0.010152,-0.010152,212,235,-23,0.902128,0.069378,29,183,206,10,5,1.737789,0.826194,0.636792,0.842553
paper-163426-topk-10-depth-2,10,2,10,10,1.000000,0.974367,0.025633,0.000000,0.010152,-0.010152,28820,33968,-5148,0.848446,0.662906,25030,3790,8938,38,39,2.089395,2.300280,0.600173,0.528910
paper-46013-topk-1-depth-0,1,0,1,1,1.000000,0.999904,0.000096,,,,1,1,0,1.000000,0.000000,0,1,1,1,1,0.000000,0.000000,1.000000,1.000000
paper-46013-topk-1-depth-1,1,1,1,1,1.000000,0.999904,0.000096,,,,8,29,-21,0.275862,0.000000,0,8,29,1,5,0.000000,2.099360,1.000000,0.275862
paper-46013-topk-1-depth-2,1,2,1,1,1.000000,0.999904,0.000096,,,,4262,13205,-8943,0.322757,0.059120,975,3287,12230,28,35,2.379231,2.160097,0.530737,0.551306
paper-46013-topk-3-depth-0,3,0,3,3,1.000000,0.971991,0.028009,0.000000,0.006803,-0.006803,3,3,0,1.000000,0.200000,1,2,2,2,3,0.918296,1.584963,0.666667,0.333333
paper-46013-topk-3-depth-1,3,1,3,3,1.000000,0.971991,0.028009,0.000000,0.006803,-0.006803,52,59,-7,0.881356,0.099010,10,42,49,7,5,2.170223,2.026703,0.384615,0.322034
paper-46013-topk-3-depth-2,3,2,3,3,1.000000,0.971991,0.028009,0.000000,0.006803,-0.006803,12846,32569,-19723,0.394424,0.308262,10701,2145,21868,37,37,2.637293,2.482190,0.392029,0.431023
paper-46013-topk-5-depth-0,5,0,5,5,1.000000,0.965832,0.034168,0.000000,0.010636,-0.010636,5,5,0,1.000000,0.111111,1,4,4,2,3,0.970951,1.521928,0.600000,0.400000
paper-46013-topk-5-depth-1,5,1,5,5,1.000000,0.965832,0.034168,0.000000,0.010636,-0.010636,117,138,-21,0.847826,0.099138,23,94,115,8,8,2.175261,2.266818,0.435897,0.362319
paper-46013-topk-5-depth-2,5,2,5,5,1.000000,0.965832,0.034168,0.000000,0.010636,-0.010636,25602,34646,-9044,0.738960,0.563543,21715,3887,12931,38,37,2.800204,2.556863,0.281501,0.409658
paper-46013-topk-10-depth-0,10,0,10,10,1.000000,0.960440,0.039560,0.000000,0.017628,-0.017628,10,10,0,1.000000,0.052632,1,9,9,3,3,1.295462,1.521928,0.600000,0.400000
paper-46013-topk-10-depth-1,10,1,10,10,1.000000,0.960440,0.039560,0.000000,0.017628,-0.017628,170,174,-4,0.977011,0.102564,32,138,142,11,9,2.233174,2.306105,0.464706,0.373563
paper-46013-topk-10-depth-2,10,2,10,10,1.000000,0.960440,0.039560,0.000000,0.017628,-0.017628,30325,36347,-6022,0.834319,0.625155,25647,4678,10700,40,37,2.822596,2.610077,0.307403,0.393292
paper-142487-topk-1-depth-0,1,0,1,1,1.000000,0.998836,0.001164,,,,1,1,0,1.000000,0.000000,0,1,1,1,1,0.000000,0.000000,1.000000,1.000000
paper-142487-topk-1-depth-1,1,1,1,1,1.000000,0.998836,0.001164,,,,2,20,-18,0.100000,0.000000,0,2,20,1,2,0.000000,0.468996,1.000000,0.900000
paper-142487-topk-1-depth-2,1,2,1,1,1.000000,0.998836,0.001164,,,,16,5187,-5171,0.003085,0.000000,0,16,5187,1,30,0.000000,2.420798,1.000000,0.513977
paper-142487-topk-3-depth-0,3,0,3,3,1.000000,0.972869,0.027131,0.000000,0.013699,-0.013699,3,3,0,1.000000,0.000000,0,3,3,3,2,1.584963,0.918296,0.333333,0.666667
paper-142487-topk-3-depth-1,3,1,3,3,1.000000,0.972869,0.027131,0.000000,0.013699,-0.013699,31,95,-64,0.326316,0.000000,0,31,95,6,5,1.897587,1.323592,0.516129,0.694737
paper-142487-topk-3-depth-2,3,2,3,3,1.000000,0.972869,0.027131,0.000000,0.013699,-0.013699,24131,20609,3522,1.170896,0.310717,10606,13525,10003,36,37,2.423541,2.176237,0.456135,0.570819
paper-142487-topk-5-depth-0,5,0,5,5,1.000000,0.964279,0.035721,0.000000,0.012977,-0.012977,5,5,0,1.000000,0.000000,0,5,5,4,2,1.921928,0.970951,0.400000,0.600000
paper-142487-topk-5-depth-1,5,1,5,5,1.000000,0.964279,0.035721,0.000000,0.012977,-0.012977,48,107,-59,0.448598,0.006494,1,47,106,10,5,2.337422,1.374397,0.458333,0.644860
paper-142487-topk-5-depth-2,5,2,5,5,1.000000,0.964279,0.035721,0.000000,0.012977,-0.012977,25215,24302,913,1.037569,0.365120,13244,11971,11058,36,37,2.408100,2.300522,0.465199,0.501523
paper-142487-topk-10-depth-0,10,0,10,10,1.000000,0.955239,0.044761,0.000000,0.004053,-0.004053,10,10,0,1.000000,0.000000,0,10,10,8,5,2.846439,2.170951,0.300000,0.300000
paper-142487-topk-10-depth-1,10,1,10,10,1.000000,0.955239,0.044761,0.000000,0.004053,-0.004053,100,132,-32,0.757576,0.045045,10,90,122,14,10,2.345700,2.105589,0.420000,0.522727
paper-142487-topk-10-depth-2,10,2,10,10,1.000000,0.955239,0.044761,0.000000,0.004053,-0.004053,28773,24979,3794,1.151888,0.382866,14882,13891,10097,38,38,2.406701,2.379206,0.476280,0.488170
paper-106627-topk-1-depth-0,1,0,1,1,1.000000,0.999487,0.000513,,,,1,1,0,1.000000,0.000000,0,1,1,1,1,0.000000,0.000000,1.000000,1.000000
paper-106627-topk-1-depth-1,1,1,1,1,1.000000,0.999487,0.000513,,,,9,7,2,1.285714,0.000000,0,9,7,4,4,1.446617,1.842371,0.666667,0.428571
paper-106627-topk-1-depth-2,1,2,1,1,1.000000,0.999487,0.000513,,,,107,14546,-14439,0.007356,0.000000,0,107,14546,13,36,2.223804,2.597969,0.598131,0.347037
paper-106627-topk-3-depth-0,3,0,3,3,1.000000,0.976555,0.023445,0.000000,0.000000,0.000000,3,3,0,1.000000,0.000000,0,3,3,3,2,1.584963,0.918296,0.333333,0.666667
paper-106627-topk-3-depth-1,3,1,3,3,1.000000,0.976555,0.023445,0.000000,0.000000,0.000000,13,50,-37,0.260000,0.000000,0,13,50,4,13,1.738149,2.734697,0.461538,0.420000
paper-106627-topk-3-depth-2,3,2,3,3,1.000000,0.976555,0.023445,0.000000,0.000000,0.000000,152,20417,-20265,0.007445,0.000000,0,152,20417,13,38,2.515610,2.574873,0.427632,0.387226
paper-106627-topk-5-depth-0,5,0,5,5,1.000000,0.971378,0.028622,0.000000,0.000000,0.000000,5,5,0,1.000000,0.111111,1,4,4,4,4,1.921928,1.921928,0.400000,0.400000
paper-106627-topk-5-depth-1,5,1,5,5,1.000000,0.971378,0.028622,0.000000,0.000000,0.000000,39,69,-30,0.565217,0.213483,19,20,50,10,17,2.941218,3.234195,0.230769,0.304348
paper-106627-topk-5-depth-2,5,2,5,5,1.000000,0.971378,0.028622,0.000000,0.000000,0.000000,6855,20868,-14013,0.328493,0.240125,5368,1487,15500,37,39,2.671652,2.666773,0.449307,0.378906
paper-106627-topk-10-depth-0,10,0,10,10,1.000000,0.967257,0.032743,0.000000,0.002315,-0.002315,10,10,0,1.000000,0.052632,1,9,9,9,5,3.121928,2.170951,0.200000,0.300000
paper-106627-topk-10-depth-1,10,1,10,10,1.000000,0.967257,0.032743,0.000000,0.002315,-0.002315,80,121,-41,0.661157,0.110497,20,60,101,16,18,3.391896,3.167885,0.212500,0.247934
paper-106627-topk-10-depth-2,10,2,10,10,1.000000,0.967257,0.032743,0.000000,0.002315,-0.002315,7205,23292,-16087,0.309334,0.274479,6568,637,16724,38,39,2.840088,2.699384,0.428036,0.365018
paper-113616-topk-1-depth-0,1,0,1,1,1.000000,0.999355,0.000645,,,,1,1,0,1.000000,0.000000,0,1,1,1,1,0.000000,0.000000,1.000000,1.000000
paper-113616-topk-1-depth-1,1,1,1,1,1.000000,0.999355,0.000645,,,,22,9,13,2.444444,0.000000,0,22,9,1,3,0.000000,1.224394,1.000000,0.666667
paper-113616-topk-1-depth-2,1,2,1,1,1.000000,0.999355,0.000645,,,,14461,6001,8460,2.409765,0.040899,804,13657,5197,35,31,1.631580,2.470799,0.724639,0.508749
paper-113616-topk-3-depth-0,3,0,3,3,1.000000,0.981521,0.018479,0.000000,0.000000,0.000000,3,3,0,1.000000,0.000000,0,3,3,3,2,1.584963,0.918296,0.333333,0.666667
paper-113616-topk-3-depth-1,3,1,3,3,1.000000,0.981521,0.018479,0.000000,0.000000,0.000000,66,19,47,3.473684,0.000000,0,66,19,8,4,2.372480,1.058277,0.333333,0.789474
paper-113616-topk-3-depth-2,3,2,3,3,1.000000,0.981521,0.018479,0.000000,0.000000,0.000000,17434,6477,10957,2.691678,0.072771,1622,15812,4855,37,31,2.098932,2.389573,0.615063,0.535896
paper-113616-topk-5-depth-0,5,0,5,5,1.000000,0.977365,0.022635,0.000000,0.018182,-0.018182,5,5,0,1.000000,0.000000,0,5,5,4,3,1.921928,1.370951,0.400000,0.600000
paper-113616-topk-5-depth-1,5,1,5,5,1.000000,0.977365,0.022635,0.000000,0.018182,-0.018182,147,43,104,3.418605,0.027027,5,142,38,13,5,2.586743,1.378844,0.374150,0.558140
paper-113616-topk-5-depth-2,5,2,5,5,1.000000,0.977365,0.022635,0.000000,0.018182,-0.018182,25765,20592,5173,1.251214,0.567704,16787,8978,3805,37,37,2.354626,2.303220,0.535183,0.522145
paper-113616-topk-10-depth-0,10,0,10,10,1.000000,0.973923,0.026077,0.000000,0.005844,-0.005844,10,10,0,1.000000,0.111111,2,8,8,4,3,1.760964,1.295462,0.500000,0.600000
paper-113616-topk-10-depth-1,10,1,10,10,1.000000,0.973923,0.026077,0.000000,0.005844,-0.005844,173,129,44,1.341085,0.067138,19,154,110,14,11,2.557721,1.608678,0.346821,0.635659
paper-113616-topk-10-depth-2,10,2,10,10,1.000000,0.973923,0.026077,0.000000,0.005844,-0.005844,35413,33102,2311,1.069815,0.735919,29046,6367,4056,38,38,2.595447,2.529822,0.440121,0.415927
paper-3796-topk-1-depth-0,1,0,1,1,1.000000,0.996226,0.003774,,,,1,1,0,1.000000,1.000000,1,0,0,1,1,0.000000,0.000000,1.000000,1.000000
paper-3796-topk-1-depth-1,1,1,1,1,1.000000,0.996226,0.003774,,,,13,13,0,1.000000,1.000000,13,0,0,2,2,0.619382,0.619382,0.846154,0.846154
paper-3796-topk-1-depth-2,1,2,1,1,1.000000,0.996226,0.003774,,,,3546,3546,0,1.000000,1.000000,3546,0,0,26,26,1.858396,1.858396,0.662437,0.662437
paper-3796-topk-3-depth-0,3,0,3,3,1.000000,0.974350,0.025650,0.000000,0.000000,0.000000,3,3,0,1.000000,0.500000,2,1,1,3,2,1.584963,0.918296,0.333333,0.666667
paper-3796-topk-3-depth-1,3,1,3,3,1.000000,0.974350,0.025650,0.000000,0.000000,0.000000,18,23,-5,0.782609,0.640000,16,2,7,5,5,1.680556,1.772074,0.611111,0.521739
paper-3796-topk-3-depth-2,3,2,3,3,1.000000,0.974350,0.025650,0.000000,0.000000,0.000000,3584,3624,-40,0.988962,0.982944,3573,11,51,26,28,1.903670,1.940140,0.655413,0.651214
paper-3796-topk-5-depth-0,5,0,5,5,1.000000,0.969217,0.030783,0.000000,0.000000,0.000000,5,5,0,1.000000,0.428571,3,2,2,5,4,2.321928,1.921928,0.200000,0.400000
paper-3796-topk-5-depth-1,5,1,5,5,1.000000,0.969217,0.030783,0.000000,0.000000,0.000000,33,31,2,1.064516,0.391304,18,15,13,8,9,2.470224,2.513309,0.333333,0.451613
paper-3796-topk-5-depth-2,5,2,5,5,1.000000,0.969217,0.030783,0.000000,0.000000,0.000000,3715,4984,-1269,0.745385,0.701017,3585,130,1399,29,30,2.076734,2.300295,0.632301,0.518258
paper-3796-topk-10-depth-0,10,0,10,10,1.000000,0.965365,0.034635,0.000000,0.004605,-0.004605,10,10,0,1.000000,0.333333,5,5,5,7,6,2.646439,2.446439,0.300000,0.300000
paper-3796-topk-10-depth-1,10,1,10,10,1.000000,0.965365,0.034635,0.000000,0.004605,-0.004605,65,76,-11,0.855263,0.330189,35,30,41,11,12,3.052184,2.928123,0.215385,0.328947
paper-3796-topk-10-depth-2,10,2,10,10,1.000000,0.965365,0.034635,0.000000,0.004605,-0.004605,8574,9080,-506,0.944273,0.312565,4204,4370,4876,36,33,2.581754,2.562936,0.334383,0.491300
paper-116258-topk-1-depth-0,1,0,1,1,1.000000,0.999903,0.000097,,,,1,1,0,1.000000,0.000000,0,1,1,1,1,0.000000,0.000000,1.000000,1.000000
paper-116258-topk-1-depth-1,1,1,1,1,1.000000,0.999903,0.000097,,,,3,3,0,1.000000,0.000000,0,3,3,1,1,0.000000,0.000000,1.000000,1.000000
paper-116258-topk-1-depth-2,1,2,1,1,1.000000,0.999903,0.000097,,,,4,9,-5,0.444444,0.000000,0,4,9,1,1,0.000000,0.000000,1.000000,1.000000
paper-116258-topk-3-depth-0,3,0,3,3,1.000000,0.983295,0.016705,0.000000,0.000000,0.000000,3,3,0,1.000000,0.000000,0,3,3,1,2,0.000000,0.918296,1.000000,0.666667
paper-116258-topk-3-depth-1,3,1,3,3,1.000000,0.983295,0.016705,0.000000,0.000000,0.000000,8,15,-7,0.533333,0.150000,3,5,12,2,2,0.543564,0.918296,0.875000,0.666667
paper-116258-topk-3-depth-2,3,2,3,3,1.000000,0.983295,0.016705,0.000000,0.000000,0.000000,178,79,99,2.253165,0.066390,16,162,63,13,4,1.791966,1.170212,0.567416,0.493671
paper-116258-topk-5-depth-0,5,0,5,5,1.000000,0.978802,0.021198,0.000000,0.000000,0.000000,5,5,0,1.000000,0.111111,1,4,4,1,2,0.000000,0.970951,1.000000,0.600000
paper-116258-topk-5-depth-1,5,1,5,5,1.000000,0.978802,0.021198,0.000000,0.000000,0.000000,14,25,-11,0.560000,0.181818,6,8,19,2,2,0.749595,0.998846,0.785714,0.520000
paper-116258-topk-5-depth-2,5,2,5,5,1.000000,0.978802,0.021198,0.000000,0.000000,0.000000,486,141,345,3.446809,0.034653,21,465,120,14,5,1.548995,1.230999,0.526749,0.638298
paper-116258-topk-10-depth-0,10,0,10,10,1.000000,0.974467,0.025533,0.000000,0.000000,0.000000,10,10,0,1.000000,0.111111,2,8,8,2,2,0.721928,0.970951,0.800000,0.600000
paper-116258-topk-10-depth-1,10,1,10,10,1.000000,0.974467,0.025533,0.000000,0.000000,0.000000,31,95,-64,0.326316,0.105263,12,19,83,3,3,1.354584,0.842531,0.580645,0.768421
paper-116258-topk-10-depth-2,10,2,10,10,1.000000,0.974467,0.025533,0.000000,0.000000,0.000000,674,1004,-330,0.671315,0.172607,247,427,757,17,18,1.761803,1.091739,0.531157,0.780876
paper-107118-topk-1-depth-0,1,0,1,1,1.000000,0.997387,0.002613,,,,1,1,0,1.000000,0.000000,0,1,1,1,1,0.000000,0.000000,1.000000,1.000000
paper-107118-topk-1-depth-1,1,1,1,1,1.000000,0.997387,0.002613,,,,2,19,-17,0.105263,0.000000,0,2,19,1,5,0.000000,2.141822,1.000000,0.368421
paper-107118-topk-1-depth-2,1,2,1,1,1.000000,0.997387,0.002613,,,,5,17157,-17152,0.000291,0.000000,0,5,17157,2,36,0.970951,2.115349,0.600000,0.550912
paper-107118-topk-3-depth-0,3,0,3,3,1.000000,0.982814,0.017186,0.000000,0.008333,-0.008333,3,3,0,1.000000,0.200000,1,2,2,3,2,1.584963,0.918296,0.333333,0.666667
paper-107118-topk-3-depth-1,3,1,3,3,1.000000,0.982814,0.017186,0.000000,0.008333,-0.008333,111,88,23,1.261364,0.300654,46,65,42,6,7,1.379061,1.516534,0.549550,0.715909
paper-107118-topk-3-depth-2,3,2,3,3,1.000000,0.982814,0.017186,0.000000,0.008333,-0.008333,24540,27949,-3409,0.878028,0.569553,19047,5493,8902,36,36,2.353170,2.430498,0.481866,0.430999
paper-107118-topk-5-depth-0,5,0,5,5,1.000000,0.979345,0.020655,0.000000,0.004224,-0.004224,5,5,0,1.000000,0.250000,2,3,3,5,3,2.321928,1.370951,0.200000,0.600000
paper-107118-topk-5-depth-1,5,1,5,5,1.000000,0.979345,0.020655,0.000000,0.004224,-0.004224,148,104,44,1.423077,0.241379,49,99,55,12,7,2.299339,1.480646,0.412162,0.730769
paper-107118-topk-5-depth-2,5,2,5,5,1.000000,0.979345,0.020655,0.000000,0.004224,-0.004224,24655,29815,-5160,0.826933,0.591945,20254,4401,9561,36,36,2.380613,2.462464,0.479619,0.411773
paper-107118-topk-10-depth-0,10,0,10,10,1.000000,0.975993,0.024007,0.000000,0.005241,-0.005241,10,10,0,1.000000,0.111111,2,8,8,8,6,2.921928,2.370951,0.200000,0.300000
paper-107118-topk-10-depth-1,10,1,10,10,1.000000,0.975993,0.024007,0.000000,0.005241,-0.005241,162,286,-124,0.566434,0.059102,25,137,261,14,11,2.723374,2.464328,0.456790,0.286713
paper-107118-topk-10-depth-2,10,2,10,10,1.000000,0.975993,0.024007,0.000000,0.005241,-0.005241,31456,41546,-10090,0.757137,0.669915,29286,2170,12260,39,38,2.521620,2.553853,0.468718,0.428513
paper-47269-topk-1-depth-0,1,0,1,1,1.000000,0.999867,0.000133,,,,1,1,0,1.000000,0.000000,0,1,1,1,1,0.000000,0.000000,1.000000,1.000000
paper-47269-topk-1-depth-1,1,1,1,1,1.000000,0.999867,0.000133,,,,23,7,16,3.285714,0.034483,1,22,6,3,3,1.066615,1.556657,0.695652,0.428571
paper-47269-topk-1-depth-2,1,2,1,1,1.000000,0.999867,0.000133,,,,3781,13052,-9271,0.289687,0.105616,1608,2173,11444,32,32,2.037441,1.850845,0.563872,0.636301
paper-47269-topk-3-depth-0,3,0,3,3,1.000000,0.985546,0.014454,0.000000,0.000000,0.000000,3,3,0,1.000000,0.000000,0,3,3,3,2,1.584963,0.918296,0.333333,0.666667
paper-47269-topk-3-depth-1,3,1,3,3,1.000000,0.985546,0.014454,0.000000,0.000000,0.000000,32,24,8,1.333333,0.056604,3,29,21,3,3,1.494350,1.158223,0.500000,0.708333
paper-47269-topk-3-depth-2,3,2,3,3,1.000000,0.985546,0.014454,0.000000,0.000000,0.000000,4736,31018,-26282,0.152686,0.131563,4157,579,26861,36,36,2.130074,2.281556,0.529139,0.529080
paper-47269-topk-5-depth-0,5,0,5,5,1.000000,0.983695,0.016305,0.000000,0.017998,-0.017998,5,5,0,1.000000,0.000000,0,5,5,3,3,1.521928,1.370951,0.400000,0.600000
paper-47269-topk-5-depth-1,5,1,5,5,1.000000,0.983695,0.016305,0.000000,0.017998,-0.017998,45,105,-60,0.428571,0.041667,6,39,99,4,6,1.663455,0.916658,0.400000,0.847619
paper-47269-topk-5-depth-2,5,2,5,5,1.000000,0.983695,0.016305,0.000000,0.017998,-0.017998,23981,32212,-8231,0.744474,0.585850,20759,3222,11453,38,37,2.415610,2.276502,0.458613,0.530299
paper-47269-topk-10-depth-0,10,0,10,10,1.000000,0.979851,0.020149,0.000000,0.019524,-0.019524,10,10,0,1.000000,0.052632,1,9,9,4,4,1.721928,1.570951,0.400000,0.600000
paper-47269-topk-10-depth-1,10,1,10,10,1.000000,0.979851,0.020149,0.000000,0.019524,-0.019524,105,169,-64,0.621302,0.170940,40,65,129,11,11,2.425227,1.655032,0.342857,0.668639
paper-47269-topk-10-depth-2,10,2,10,10,1.000000,0.979851,0.020149,0.000000,0.019524,-0.019524,32665,34837,-2172,0.937652,0.821572,30445,2220,4392,38,37,2.390630,2.338475,0.480790,0.514769
paper-81740-topk-1-depth-0,1,0,1,1,1.000000,0.966841,0.033159,,,,1,1,0,1.000000,1.000000,1,0,0,1,1,0.000000,0.000000,1.000000,1.000000
paper-81740-topk-1-depth-1,1,1,1,1,1.000000,0.966841,0.033159,,,,2,2,0,1.000000,1.000000,2,0,0,2,2,1.000000,1.000000,0.500000,0.500000
paper-81740-topk-1-depth-2,1,2,1,1,1.000000,0.966841,0.033159,,,,31,31,0,1.000000,1.000000,31,0,0,4,4,1.574484,1.574484,0.548387,0.548387
paper-81740-topk-3-depth-0,3,0,3,3,1.000000,0.961927,0.038073,0.000000,0.038462,-0.038462,3,3,0,1.000000,0.200000,1,2,2,3,1,1.584963,0.000000,0.333333,1.000000
paper-81740-topk-3-depth-1,3,1,3,3,1.000000,0.961927,0.038073,0.000000,0.038462,-0.038462,19,28,-9,0.678571,0.044444,2,17,26,8,7,2.390864,1.937193,0.473684,0.571429
paper-81740-topk-3-depth-2,3,2,3,3,1.000000,0.961927,0.038073,0.000000,0.038462,-0.038462,1148,581,567,1.975904,0.019458,33,1115,548,19,23,1.835627,3.058232,0.616725,0.321859
paper-81740-topk-5-depth-0,5,0,5,5,1.000000,0.958551,0.041449,0.000000,0.011538,-0.011538,5,5,0,1.000000,0.111111,1,4,4,5,2,2.321928,0.721928,0.200000,0.800000
paper-81740-topk-5-depth-1,5,1,5,5,1.000000,0.958551,0.041449,0.000000,0.011538,-0.011538,100,37,63,2.702703,0.014815,2,98,35,15,9,2.652944,2.132472,0.430000,0.567568
paper-81740-topk-5-depth-2,5,2,5,5,1.000000,0.958551,0.041449,0.000000,0.011538,-0.011538,8411,636,7775,13.224843,0.005222,47,8364,589,34,24,2.901401,3.150939,0.347878,0.294025
paper-81740-topk-10-depth-0,10,0,10,10,1.000000,0.960146,0.039854,0.000000,0.010640,-0.010640,10,10,0,1.000000,0.111111,2,8,8,6,2,2.321928,0.468996,0.400000,0.900000
paper-81740-topk-10-depth-1,10,1,10,10,1.000000,0.960146,0.039854,0.000000,0.010640,-0.010640,131,79,52,1.658228,0.029412,6,125,73,18,10,3.090009,1.802605,0.328244,0.683544
paper-81740-topk-10-depth-2,10,2,10,10,1.000000,0.960146,0.039854,0.000000,0.010640,-0.010640,8955,1234,7721,7.256888,0.022889,228,8727,1006,35,27,3.042680,3.072840,0.326745,0.381686
paper-82592-topk-1-depth-0,1,0,1,1,1.000000,0.999897,0.000103,,,,1,1,0,1.000000,0.000000,0,1,1,1,1,0.000000,0.000000,1.000000,1.000000
paper-82592-topk-1-depth-1,1,1,1,1,1.000000,0.999897,0.000103,,,,25,13,12,1.923077,0.027027,1,24,12,4,2,1.243990,0.391244,0.680000,0.923077
paper-82592-topk-1-depth-2,1,2,1,1,1.000000,0.999897,0.000103,,,,16141,14217,1924,1.135331,0.790293,13401,2740,816,36,36,2.552383,2.586259,0.338145,0.339804
paper-82592-topk-3-depth-0,3,0,3,3,1.000000,0.950970,0.049030,0.000000,0.134921,-0.134921,3,3,0,1.000000,0.000000,0,3,3,3,1,1.584963,0.000000,0.333333,1.000000
paper-82592-topk-3-depth-1,3,1,3,3,1.000000,0.950970,0.049030,0.000000,0.134921,-0.134921,43,181,-138,0.237569,0.032258,7,36,174,5,7,1.709454,0.759906,0.511628,0.889503
paper-82592-topk-3-depth-2,3,2,3,3,1.000000,0.950970,0.049030,0.000000,0.134921,-0.134921,20814,19981,833,1.041690,0.691475,16677,4137,3304,37,36,2.603446,2.566579,0.343999,0.331465
paper-82592-topk-5-depth-0,5,0,5,5,1.000000,0.939960,0.060040,0.000000,0.046628,-0.046628,5,5,0,1.000000,0.111111,1,4,4,3,2,1.370951,0.970951,0.600000,0.600000
paper-82592-topk-5-depth-1,5,1,5,5,1.000000,0.939960,0.060040,0.000000,0.046628,-0.046628,77,208,-131,0.370192,0.104651,27,50,181,8,8,2.154991,1.206904,0.389610,0.783654
paper-82592-topk-5-depth-2,5,2,5,5,1.000000,0.939960,0.060040,0.000000,0.046628,-0.046628,22787,20454,2333,1.114061,0.702000,17835,4952,2619,37,37,2.605507,2.565507,0.330583,0.325462
paper-82592-topk-10-depth-0,10,0,10,10,1.000000,0.929566,0.070434,0.000000,0.026704,-0.026704,10,10,0,1.000000,0.111111,2,8,8,4,3,1.685475,1.295462,0.500000,0.600000
paper-82592-topk-10-depth-1,10,1,10,10,1.000000,0.929566,0.070434,0.000000,0.026704,-0.026704,86,266,-180,0.323308,0.069909,23,63,243,9,11,2.422402,1.557530,0.406977,0.672932
paper-82592-topk-10-depth-2,10,2,10,10,1.000000,0.929566,0.070434,0.000000,0.026704,-0.026704,14763,32057,-17294,0.460523,0.309211,11058,3705,20999,37,37,2.522907,2.456091,0.430604,0.424899
paper-74258-topk-1-depth-0,1,0,1,1,1.000000,0.966713,0.033287,,,,1,1,0,1.000000,0.000000,0,1,1,1,1,0.000000,0.000000,1.000000,1.000000
paper-74258-topk-1-depth-1,1,1,1,1,1.000000,0.966713,0.033287,,,,2,37,-35,0.054054,0.000000,0,2,37,1,6,0.000000,1.975192,1.000000,0.459459
paper-74258-topk-1-depth-2,1,2,1,1,1.000000,0.966713,0.033287,,,,4,21196,-21192,0.000189,0.000000,0,4,21196,2,37,0.811278,2.468673,0.750000,0.406916
paper-74258-topk-3-depth-0,3,0,3,3,1.000000,0.965849,0.034151,0.000000,0.007407,-0.007407,3,3,0,1.000000,0.200000,1,2,2,2,3,0.918296,1.584963,0.666667,0.333333
paper-74258-topk-3-depth-1,3,1,3,3,1.000000,0.965849,0.034151,0.000000,0.007407,-0.007407,44,53,-9,0.830189,0.616667,37,7,16,7,8,2.070581,2.357560,0.477273,0.433962
paper-74258-topk-3-depth-2,3,2,3,3,1.000000,0.965849,0.034151,0.000000,0.007407,-0.007407,21259,21746,-487,0.977605,0.971892,21196,63,550,38,37,2.474495,2.521513,0.405946,0.397176
paper-74258-topk-5-depth-0,5,0,5,5,1.000000,0.965250,0.034750,0.000000,0.010139,-0.010139,5,5,0,1.000000,0.111111,1,4,4,4,3,1.921928,1.370951,0.400000,0.600000
paper-74258-topk-5-depth-1,5,1,5,5,1.000000,0.965250,0.034750,0.000000,0.010139,-0.010139,26,86,-60,0.302326,0.108911,11,15,75,7,8,2.221204,1.867661,0.423077,0.616279
paper-74258-topk-5-depth-2,5,2,5,5,1.000000,0.965250,0.034750,0.000000,0.010139,-0.010139,13978,26158,-12180,0.534368,0.520937,13747,231,12411,38,37,2.686631,2.458195,0.343898,0.436234
paper-74258-topk-10-depth-0,10,0,10,10,1.000000,0.967970,0.032030,0.000000,0.007082,-0.007082,10,10,0,1.000000,0.111111,2,8,8,5,4,1.960964,1.570951,0.500000,0.600000
paper-74258-topk-10-depth-1,10,1,10,10,1.000000,0.967970,0.032030,0.000000,0.007082,-0.007082,192,136,56,1.411765,0.054662,17,175,119,12,10,1.853029,1.885590,0.567708,0.602941
paper-74258-topk-10-depth-2,10,2,10,10,1.000000,0.967970,0.032030,0.000000,0.007082,-0.007082,27414,31726,-4312,0.864086,0.659744,23508,3906,8218,40,38,2.467133,2.428160,0.466441,0.465864
paper-165938-topk-1-depth-0,1,0,1,1,1.000000,0.968658,0.031342,,,,1,1,0,1.000000,0.000000,0,1,1,1,1,0.000000,0.000000,1.000000,1.000000
paper-165938-topk-1-depth-1,1,1,1,1,1.000000,0.968658,0.031342,,,,6,8,-2,0.750000,0.000000,0,6,8,3,2,1.459148,0.811278,0.500000,0.750000
paper-165938-topk-1-depth-2,1,2,1,1,1.000000,0.968658,0.031342,,,,164,951,-787,0.172450,0.000000,0,164,951,13,22,2.000382,2.345574,0.451220,0.391167
paper-165938-topk-3-depth-0,3,0,3,3,1.000000,0.978194,0.021806,0.000000,0.000000,0.000000,3,3,0,1.000000,0.000000,0,3,3,3,2,1.584963,0.918296,0.333333,0.666667
paper-165938-topk-3-depth-1,3,1,3,3,1.000000,0.978194,0.021806,0.000000,0.000000,0.000000,15,20,-5,0.750000,0.000000,0,15,20,6,5,2.389898,1.670951,0.266667,0.600000
paper-165938-topk-3-depth-2,3,2,3,3,1.000000,0.978194,0.021806,0.000000,0.000000,0.000000,188,1604,-1416,0.117207,0.001677,3,185,1601,16,26,2.473147,2.937182,0.398936,0.337905
paper-165938-topk-5-depth-0,5,0,5,5,1.000000,0.973464,0.026536,0.000000,0.000000,0.000000,5,5,0,1.000000,0.111111,1,4,4,4,3,1.921928,1.521928,0.400000,0.400000
paper-165938-topk-5-depth-1,5,1,5,5,1.000000,0.973464,0.026536,0.000000,0.000000,0.000000,28,29,-1,0.965517,0.117647,6,22,23,8,8,2.780395,2.329533,0.285714,0.448276
paper-165938-topk-5-depth-2,5,2,5,5,1.000000,0.973464,0.026536,0.000000,0.000000,0.000000,299,2077,-1778,0.143958,0.012356,29,270,2048,19,29,3.100085,3.245103,0.250836,0.262398
paper-165938-topk-10-depth-0,10,0,10,10,1.000000,0.964587,0.035413,0.000000,0.000000,0.000000,10,10,0,1.000000,0.176471,3,7,7,7,9,2.646439,3.121928,0.300000,0.200000
paper-165938-topk-10-depth-1,10,1,10,10,1.000000,0.964587,0.035413,0.000000,0.000000,0.000000,88,113,-25,0.778761,0.358108,53,35,60,12,15,2.690275,3.190058,0.454545,0.327434
paper-165938-topk-10-depth-2,10,2,10,10,1.000000,0.964587,0.035413,0.000000,0.000000,0.000000,18290,18523,-233,0.987421,0.832952,16729,1561,1794,39,38,2.779285,2.918905,0.324112,0.310317
paper-30317-topk-1-depth-0,1,0,1,1,1.000000,0.999885,0.000115,,,,1,1,0,1.000000,1.000000,1,0,0,1,1,0.000000,0.000000,1.000000,1.000000
paper-30317-topk-1-depth-1,1,1,1,1,1.000000,0.999885,0.000115,,,,2,2,0,1.000000,1.000000,2,0,0,2,2,1.000000,1.000000,0.500000,0.500000
paper-30317-topk-1-depth-2,1,2,1,1,1.000000,0.999885,0.000115,,,,13,13,0,1.000000,1.000000,13,0,0,4,4,1.760495,1.760495,0.384615,0.384615
paper-30317-topk-3-depth-0,3,0,3,3,1.000000,0.977896,0.022104,0.000000,0.000000,0.000000,3,3,0,1.000000,0.200000,1,2,2,2,3,0.918296,1.584963,0.666667,0.333333
paper-30317-topk-3-depth-1,3,1,3,3,1.000000,0.977896,0.022104,0.000000,0.000000,0.000000,11,10,1,1.100000,0.105263,2,9,8,3,4,0.865857,1.685475,0.818182,0.500000
paper-30317-topk-3-depth-2,3,2,3,3,1.000000,0.977896,0.022104,0.000000,0.000000,0.000000,36,87,-51,0.413793,0.118182,13,23,74,7,11,1.679682,2.265585,0.666667,0.540230
paper-30317-topk-5-depth-0,5,0,5,5,1.000000,0.973179,0.026821,0.000000,0.000000,0.000000,5,5,0,1.000000,0.111111,1,4,4,2,3,0.721928,1.370951,0.800000,0.600000
paper-30317-topk-5-depth-1,5,1,5,5,1.000000,0.973179,0.026821,0.000000,0.000000,0.000000,20,17,3,1.176471,0.057143,2,18,15,4,6,1.021928,2.130926,0.800000,0.411765
paper-30317-topk-5-depth-2,5,2,5,5,1.000000,0.973179,0.026821,0.000000,0.000000,0.000000,178,104,74,1.711538,0.048327,13,165,91,10,13,1.919860,2.423347,0.516854,0.519231
paper-30317-topk-10-depth-0,10,0,10,10,1.000000,0.968731,0.031269,0.000000,0.007407,-0.007407,10,10,0,1.000000,0.176471,3,7,7,4,4,1.685475,1.685475,0.500000,0.500000
paper-30317-topk-10-depth-1,10,1,10,10,1.000000,0.968731,0.031269,0.000000,0.007407,-0.007407,61,46,15,1.326087,0.175824,16,45,30,7,8,1.964603,2.479234,0.426230,0.347826
paper-30317-topk-10-depth-2,10,2,10,10,1.000000,0.968731,0.031269,0.000000,0.007407,-0.007407,450,308,142,1.461039,0.226537,140,310,168,13,16,2.678902,2.902367,0.340000,0.292208
paper-3734-topk-1-depth-0,1,0,1,1,1.000000,0.958905,0.041095,,,,1,1,0,1.000000,0.000000,0,1,1,1,1,0.000000,0.000000,1.000000,1.000000
paper-3734-topk-1-depth-1,1,1,1,1,1.000000,0.958905,0.041095,,,,11,23,-12,0.478261,0.133333,4,7,19,1,1,0.000000,0.000000,1.000000,1.000000
paper-3734-topk-1-depth-2,1,2,1,1,1.000000,0.958905,0.041095,,,,380,642,-262,0.591900,0.196721,168,212,474,21,23,1.663581,1.949501,0.734211,0.704050
paper-3734-topk-3-depth-0,3,0,3,3,1.000000,0.977483,0.022517,0.000000,0.000000,0.000000,3,3,0,1.000000,0.200000,1,2,2,1,1,0.000000,0.000000,1.000000,1.000000
paper-3734-topk-3-depth-1,3,1,3,3,1.000000,0.977483,0.022517,0.000000,0.000000,0.000000,15,15,0,1.000000,0.578947,11,4,4,1,1,0.000000,0.000000,1.000000,1.000000
paper-3734-topk-3-depth-2,3,2,3,3,1.000000,0.977483,0.022517,0.000000,0.000000,0.000000,399,398,1,1.002513,0.911271,380,19,18,21,21,1.697887,1.728239,0.731830,0.728643
paper-3734-topk-5-depth-0,5,0,5,5,1.000000,0.971685,0.028315,0.000000,0.000000,0.000000,5,5,0,1.000000,0.111111,1,4,4,1,2,0.000000,0.721928,1.000000,0.800000
paper-3734-topk-5-depth-1,5,1,5,5,1.000000,0.971685,0.028315,0.000000,0.000000,0.000000,22,26,-4,0.846154,0.297297,11,11,15,2,3,0.266765,0.845106,0.954545,0.807692
paper-3734-topk-5-depth-2,5,2,5,5,1.000000,0.971685,0.028315,0.000000,0.000000,0.000000,484,1048,-564,0.461832,0.343860,392,92,656,21,27,1.771001,2.497680,0.725207,0.454198
paper-3734-topk-10-depth-0,10,0,10,10,1.000000,0.965661,0.034339,0.000000,0.005772,-0.005772,10,10,0,1.000000,0.111111,2,8,8,5,2,1.770951,0.468996,0.600000,0.900000
paper-3734-topk-10-depth-1,10,1,10,10,1.000000,0.965661,0.034339,0.000000,0.005772,-0.005772,165,69,96,2.391304,0.063636,14,151,55,9,5,1.941345,0.798185,0.533333,0.869565
paper-3734-topk-10-depth-2,10,2,10,10,1.000000,0.965661,0.034339,0.000000,0.005772,-0.005772,1978,1628,350,1.214988,0.168124,519,1459,1109,32,29,2.732851,2.547372,0.397371,0.517813
paper-136213-topk-1-depth-0,1,0,1,1,1.000000,0.999801,0.000199,,,,1,1,0,1.000000,0.000000,0,1,1,1,1,0.000000,0.000000,1.000000,1.000000
paper-136213-topk-1-depth-1,1,1,1,1,1.000000,0.999801,0.000199,,,,2,8,-6,0.250000,0.000000,0,2,8,1,3,0.000000,1.061278,1.000000,0.750000
paper-136213-topk-1-depth-2,1,2,1,1,1.000000,0.999801,0.000199,,,,3,3836,-3833,0.000782,0.000000,0,3,3836,1,33,0.000000,2.122006,1.000000,0.603493
paper-136213-topk-3-depth-0,3,0,3,3,1.000000,0.977379,0.022621,0.000000,0.019608,-0.019608,3,3,0,1.000000,0.200000,1,2,2,3,2,1.584963,0.918296,0.333333,0.666667
paper-136213-topk-3-depth-1,3,1,3,3,1.000000,0.977379,0.022621,0.000000,0.019608,-0.019608,11,21,-10,0.523810,0.066667,2,9,19,5,5,2.040373,1.249460,0.454545,0.761905
paper-136213-topk-3-depth-2,3,2,3,3,1.000000,0.977379,0.022621,0.000000,0.019608,-0.019608,182,4120,-3938,0.044175,0.002096,9,173,4111,18,36,2.828107,2.269735,0.395604,0.568689
paper-136213-topk-5-depth-0,5,0,5,5,1.000000,0.971725,0.028275,0.000000,0.005882,-0.005882,5,5,0,1.000000,0.250000,2,3,3,3,3,1.370951,1.370951,0.600000,0.600000
paper-136213-topk-5-depth-1,5,1,5,5,1.000000,0.971725,0.028275,0.000000,0.005882,-0.005882,51,30,21,1.700000,0.157143,11,40,19,12,8,3.015617,1.698935,0.294118,0.700000
paper-136213-topk-5-depth-2,5,2,5,5,1.000000,0.971725,0.028275,0.000000,0.005882,-0.005882,20169,4293,15876,4.698113,0.130041,2815,17354,1478,38,37,2.080879,2.393547,0.609599,0.547403
paper-136213-topk-10-depth-0,10,0,10,10,1.000000,0.966530,0.033470,0.000000,0.002065,-0.002065,10,10,0,1.000000,0.176471,3,7,7,5,3,1.770951,0.921928,0.600000,0.800000
paper-136213-topk-10-depth-1,10,1,10,10,1.000000,0.966530,0.033470,0.000000,0.002065,-0.002065,91,124,-33,0.733871,0.069652,14,77,110,17,22,3.158233,2.994449,0.263736,0.500000
paper-136213-topk-10-depth-2,10,2,10,10,1.000000,0.966530,0.033470,0.000000,0.002065,-0.002065,8347,21158,-12811,0.394508,0.164273,4163,4184,16995,39,39,2.636576,2.178714,0.489637,0.585216
paper-115974-topk-1-depth-0,1,0,1,1,1.000000,0.999750,0.000250,,,,1,1,0,1.000000,0.000000,0,1,1,1,1,0.000000,0.000000,1.000000,1.000000
paper-115974-topk-1-depth-1,1,1,1,1,1.000000,0.999750,0.000250,,,,2,2,0,1.000000,0.000000,0,2,2,1,1,0.000000,0.000000,1.000000,1.000000
paper-115974-topk-1-depth-2,1,2,1,1,1.000000,0.999750,0.000250,,,,7,4,3,1.750000,0.000000,0,7,4,3,1,1.148835,0.000000,0.714286,1.000000
paper-115974-topk-3-depth-0,3,0,3,3,1.000000,0.970440,0.029560,0.000000,0.000000,0.000000,3,3,0,1.000000,0.000000,0,3,3,2,1,0.918296,0.000000,0.666667,1.000000
paper-115974-topk-3-depth-1,3,1,3,3,1.000000,0.970440,0.029560,0.000000,0.000000,0.000000,8,6,2,1.333333,0.000000,0,8,6,4,1,1.750000,0.000000,0.500000,1.000000
paper-115974-topk-3-depth-2,3,2,3,3,1.000000,0.970440,0.029560,0.000000,0.000000,0.000000,320,16,304,20.000000,0.002985,1,319,15,23,4,3.264602,0.993393,0.384375,0.812500
paper-115974-topk-5-depth-0,5,0,5,5,1.000000,0.963333,0.036667,0.000000,0.000000,0.000000,5,5,0,1.000000,0.000000,0,5,5,2,1,0.721928,0.000000,0.800000,1.000000
paper-115974-topk-5-depth-1,5,1,5,5,1.000000,0.963333,0.036667,0.000000,0.000000,0.000000,21,10,11,2.100000,0.033333,1,20,9,4,3,0.988181,0.921928,0.809524,0.800000
paper-115974-topk-5-depth-2,5,2,5,5,1.000000,0.963333,0.036667,0.000000,0.000000,0.000000,358,205,153,1.746341,0.291284,127,231,78,24,24,3.119285,3.875103,0.438547,0.165854
paper-115974-topk-10-depth-0,10,0,10,10,1.000000,0.958002,0.041998,0.000000,0.007407,-0.007407,10,10,0,1.000000,0.052632,1,9,9,5,2,1.770951,0.468996,0.600000,0.900000
paper-115974-topk-10-depth-1,10,1,10,10,1.000000,0.958002,0.041998,0.000000,0.007407,-0.007407,143,24,119,5.958333,0.030864,5,138,19,11,5,1.670890,1.138687,0.671329,0.791667
paper-115974-topk-10-depth-2,10,2,10,10,1.000000,0.958002,0.041998,0.000000,0.007407,-0.007407,1534,465,1069,3.298925,0.197723,330,1204,135,27,30,2.343051,3.461374,0.581486,0.395699
paper-52280-topk-1-depth-0,1,0,1,1,1.000000,0.979625,0.020375,,,,1,1,0,1.000000,0.000000,0,1,1,1,1,0.000000,0.000000,1.000000,1.000000
paper-52280-topk-1-depth-1,1,1,1,1,1.000000,0.979625,0.020375,,,,8,12,-4,0.666667,0.052632,1,7,11,2,2,0.811278,0.413817,0.750000,0.916667
paper-52280-topk-1-depth-2,1,2,1,1,1.000000,0.979625,0.020375,,,,22280,14181,8099,1.571116,0.600009,13673,8607,508,36,36,2.344506,2.500859,0.485368,0.399901
paper-52280-topk-3-depth-0,3,0,3,3,1.000000,0.972810,0.027190,0.000000,0.028241,-0.028241,3,3,0,1.000000,0.000000,0,3,3,1,1,0.000000,0.000000,1.000000,1.000000
paper-52280-topk-3-depth-1,3,1,3,3,1.000000,0.972810,0.027190,0.000000,0.028241,-0.028241,14,60,-46,0.233333,0.013699,1,13,59,3,3,1.148835,0.420026,0.714286,0.933333
paper-52280-topk-3-depth-2,3,2,3,3,1.000000,0.972810,0.027190,0.000000,0.028241,-0.028241,22640,16914,5726,1.338536,0.586857,14628,8012,2286,36,37,2.325999,2.388946,0.492668,0.462043
paper-52280-topk-5-depth-0,5,0,5,5,1.000000,0.977119,0.022881,0.000000,0.073182,-0.073182,5,5,0,1.000000,0.000000,0,5,5,2,1,0.721928,0.000000,0.800000,1.000000
paper-52280-topk-5-depth-1,5,1,5,5,1.000000,0.977119,0.022881,0.000000,0.073182,-0.073182,58,93,-35,0.623656,0.020270,3,55,90,4,3,1.399474,0.505151,0.465517,0.913978
paper-52280-topk-5-depth-2,5,2,5,5,1.000000,0.977119,0.022881,0.000000,0.073182,-0.073182,29190,27419,1771,1.064590,0.796826,25104,4086,2315,38,37,2.317196,2.290082,0.524118,0.521317
paper-52280-topk-10-depth-0,10,0,10,10,1.000000,0.970960,0.029040,0.000000,0.052781,-0.052781,10,10,0,1.000000,0.000000,0,10,10,4,1,1.846439,0.000000,0.400000,1.000000
paper-52280-topk-10-depth-1,10,1,10,10,1.000000,0.970960,0.029040,0.000000,0.052781,-0.052781,106,143,-37,0.741259,0.012195,3,103,140,9,4,2.204116,0.424064,0.405660,0.937063
paper-52280-topk-10-depth-2,10,2,10,10,1.000000,0.970960,0.029040,0.000000,0.052781,-0.052781,25724,31456,-5732,0.817777,0.552497,20349,5375,11107,39,38,2.507033,2.285251,0.482662,0.533348
paper-35080-topk-1-depth-0,1,0,1,1,1.000000,0.929889,0.070111,,,,1,1,0,1.000000,0.000000,0,1,1,1,1,0.000000,0.000000,1.000000,1.000000
paper-35080-topk-1-depth-1,1,1,1,1,1.000000,0.929889,0.070111,,,,8,3,5,2.666667,0.000000,0,8,3,2,1,0.543564,0.000000,0.875000,1.000000
paper-35080-topk-1-depth-2,1,2,1,1,1.000000,0.929889,0.070111,,,,14682,6,14676,2447.000000,0.000000,0,14682,6,36,1,2.482785,0.000000,0.408800,1.000000
paper-35080-topk-3-depth-0,3,0,3,3,1.000000,0.927429,0.072571,0.000000,0.000000,0.000000,3,3,0,1.000000,0.200000,1,2,2,2,2,0.918296,0.918296,0.666667,0.666667
paper-35080-topk-3-depth-1,3,1,3,3,1.000000,0.927429,0.072571,0.000000,0.000000,0.000000,41,13,28,3.153846,0.173913,8,33,5,6,3,1.241579,0.773228,0.780488,0.846154
paper-35080-topk-3-depth-2,3,2,3,3,1.000000,0.927429,0.072571,0.000000,0.000000,0.000000,31898,14692,17206,2.171114,0.460135,14682,17216,10,38,36,2.355788,2.482426,0.508464,0.409066
paper-35080-topk-5-depth-0,5,0,5,5,1.000000,0.924164,0.075836,0.000000,0.002941,-0.002941,5,5,0,1.000000,0.111111,1,4,4,2,2,0.721928,0.721928,0.800000,0.800000
paper-35080-topk-5-depth-1,5,1,5,5,1.000000,0.924164,0.075836,0.000000,0.002941,-0.002941,248,61,187,4.065574,0.033445,10,238,51,7,4,0.671652,0.958647,0.899194,0.786885
paper-35080-topk-5-depth-2,5,2,5,5,1.000000,0.924164,0.075836,0.000000,0.002941,-0.002941,28615,29475,-860,0.970823,0.784365,25535,3080,3940,38,37,2.302722,2.294259,0.511375,0.521628
paper-35080-topk-10-depth-0,10,0,10,10,1.000000,0.922314,0.077686,0.000000,0.010004,-0.010004,10,10,0,1.000000,0.052632,1,9,9,5,3,1.770951,0.921928,0.600000,0.800000
paper-35080-topk-10-depth-1,10,1,10,10,1.000000,0.922314,0.077686,0.000000,0.010004,-0.010004,276,94,182,2.936170,0.027778,10,266,84,12,5,0.977243,0.940726,0.862319,0.808511
paper-35080-topk-10-depth-2,10,2,10,10,1.000000,0.922314,0.077686,0.000000,0.010004,-0.010004,29735,32190,-2455,0.923734,0.733137,26195,3540,5995,39,37,2.360752,2.302127,0.501228,0.525225
paper-165862-topk-1-depth-0,1,0,1,1,1.000000,0.999399,0.000601,,,,1,1,0,1.000000,0.000000,0,1,1,1,1,0.000000,0.000000,1.000000,1.000000
paper-165862-topk-1-depth-1,1,1,1,1,1.000000,0.999399,0.000601,,,,28,17,11,1.647059,0.000000,0,28,17,4,6,1.098487,2.212504,0.750000,0.352941
paper-165862-topk-1-depth-2,1,2,1,1,1.000000,0.999399,0.000601,,,,16525,5647,10878,2.926333,0.111490,2224,14301,3423,36,32,2.503342,2.396226,0.395582,0.434036
paper-165862-topk-3-depth-0,3,0,3,3,1.000000,0.977718,0.022282,0.000000,0.009524,-0.009524,3,3,0,1.000000,0.200000,1,2,2,2,2,0.918296,0.918296,0.666667,0.666667
paper-165862-topk-3-depth-1,3,1,3,3,1.000000,0.977718,0.022282,0.000000,0.009524,-0.009524,48,65,-17,0.738462,0.329412,28,20,37,8,8,2.011145,1.944134,0.562500,0.553846
paper-165862-topk-3-depth-2,3,2,3,3,1.000000,0.977718,0.022282,0.000000,0.009524,-0.009524,22539,20686,1853,1.089577,0.720261,18098,4441,2588,38,36,2.649135,2.578342,0.334043,0.347626
paper-165862-topk-5-depth-0,5,0,5,5,1.000000,0.973197,0.026803,0.000000,0.013522,-0.013522,5,5,0,1.000000,0.250000,2,3,3,4,2,1.921928,0.721928,0.400000,0.800000
paper-165862-topk-5-depth-1,5,1,5,5,1.000000,0.973197,0.026803,0.000000,0.013522,-0.013522,69,88,-19,0.784091,0.308333,37,32,51,8,8,2.146932,1.816076,0.391304,0.613636
paper-165862-topk-5-depth-2,5,2,5,5,1.000000,0.973197,0.026803,0.000000,0.013522,-0.013522,31713,25147,6566,1.261105,0.660728,22622,9091,2525,38,38,2.459725,2.640517,0.457604,0.317016
paper-165862-topk-10-depth-0,10,0,10,10,1.000000,0.968506,0.031494,0.000000,0.008579,-0.008579,10,10,0,1.000000,0.250000,4,6,6,6,4,2.321928,1.570951,0.400000,0.600000
paper-165862-topk-10-depth-1,10,1,10,10,1.000000,0.968506,0.031494,0.000000,0.008579,-0.008579,139,187,-48,0.743316,0.244275,64,75,123,9,11,2.114667,2.449713,0.460432,0.411765
paper-165862-topk-10-depth-2,10,2,10,10,1.000000,0.968506,0.031494,0.000000,0.008579,-0.008579,37007,37792,-785,0.979228,0.856055,34499,2508,3293,39,39,2.499978,2.521427,0.447807,0.428609
paper-93501-topk-1-depth-0,1,0,1,1,1.000000,0.949792,0.050208,,,,1,1,0,1.000000,1.000000,1,0,0,1,1,0.000000,0.000000,1.000000,1.000000
paper-93501-topk-1-depth-1,1,1,1,1,1.000000,0.949792,0.050208,,,,30,30,0,1.000000,1.000000,30,0,0,3,3,0.770344,0.770344,0.833333,0.833333
paper-93501-topk-1-depth-2,1,2,1,1,1.000000,0.949792,0.050208,,,,24952,24952,0,1.000000,1.000000,24952,0,0,37,37,2.345271,2.345271,0.484811,0.484811
paper-93501-topk-3-depth-0,3,0,3,3,1.000000,0.946630,0.053370,0.000000,0.007092,-0.007092,3,3,0,1.000000,0.500000,2,1,1,1,2,0.000000,0.918296,1.000000,0.666667
paper-93501-topk-3-depth-1,3,1,3,3,1.000000,0.946630,0.053370,0.000000,0.007092,-0.007092,47,79,-32,0.594937,0.415730,37,10,42,4,5,0.838834,1.457343,0.829787,0.531646
paper-93501-topk-3-depth-2,3,2,3,3,1.000000,0.946630,0.053370,0.000000,0.007092,-0.007092,25989,26130,-141,0.994604,0.928905,25099,890,1031,37,38,2.343630,2.468956,0.494709,0.467202
paper-93501-topk-5-depth-0,5,0,5,5,1.000000,0.946327,0.053673,0.000000,0.018474,-0.018474,5,5,0,1.000000,0.250000,2,3,3,2,2,0.721928,0.970951,0.800000,0.600000
paper-93501-topk-5-depth-1,5,1,5,5,1.000000,0.946327,0.053673,0.000000,0.018474,-0.018474,83,104,-21,0.798077,0.355072,49,34,55,5,5,1.286289,1.460187,0.698795,0.509615
paper-93501-topk-5-depth-2,5,2,5,5,1.000000,0.946327,0.053673,0.000000,0.018474,-0.018474,27637,27185,452,1.016627,0.941908,26591,1046,594,37,38,2.391779,2.452090,0.495061,0.476586
paper-93501-topk-10-depth-0,10,0,10,10,1.000000,0.945077,0.054923,0.000000,0.027492,-0.027492,10,10,0,1.000000,0.052632,1,9,9,4,2,1.970951,0.881291,0.300000,0.700000
paper-93501-topk-10-depth-1,10,1,10,10,1.000000,0.945077,0.054923,0.000000,0.027492,-0.027492,125,189,-64,0.661376,0.079038,23,102,166,8,6,2.082923,1.508592,0.440000,0.566138
paper-93501-topk-10-depth-2,10,2,10,10,1.000000,0.945077,0.054923,0.000000,0.027492,-0.027492,18610,32109,-13499,0.579588,0.486271,16594,2016,15515,38,38,2.613363,2.390781,0.390596,0.503659
paper-120133-topk-1-depth-0,1,0,1,1,1.000000,0.999897,0.000103,,,,1,1,0,1.000000,0.000000,0,1,1,1,1,0.000000,0.000000,1.000000,1.000000
paper-120133-topk-1-depth-1,1,1,1,1,1.000000,0.999897,0.000103,,,,15,8,7,1.875000,0.000000,0,15,8,2,3,0.836641,1.061278,0.733333,0.750000
paper-120133-topk-1-depth-2,1,2,1,1,1.000000,0.999897,0.000103,,,,226,3834,-3608,0.058946,0.000000,0,226,3834,7,30,1.635045,2.587792,0.601770,0.483568
paper-120133-topk-3-depth-0,3,0,3,3,1.000000,0.979904,0.020096,0.000000,0.000000,0.000000,3,3,0,1.000000,0.000000,0,3,3,2,2,0.918296,0.918296,0.666667,0.666667
paper-120133-topk-3-depth-1,3,1,3,3,1.000000,0.979904,0.020096,0.000000,0.000000,0.000000,37,31,6,1.193548,0.000000,0,37,31,5,9,1.903439,2.461713,0.378378,0.419355
paper-120133-topk-3-depth-2,3,2,3,3,1.000000,0.979904,0.020096,0.000000,0.000000,0.000000,773,3992,-3219,0.193637,0.003580,17,756,3975,23,32,2.787982,2.737216,0.338939,0.464429
paper-120133-topk-5-depth-0,5,0,5,5,1.000000,0.975242,0.024758,0.000000,0.004000,-0.004000,5,5,0,1.000000,0.111111,1,4,4,2,2,0.721928,0.721928,0.800000,0.800000
paper-120133-topk-5-depth-1,5,1,5,5,1.000000,0.975242,0.024758,0.000000,0.004000,-0.004000,62,42,20,1.476190,0.061224,6,56,36,9,9,2.191457,2.290552,0.403226,0.452381
paper-120133-topk-5-depth-2,5,2,5,5,1.000000,0.975242,0.024758,0.000000,0.004000,-0.004000,1096,4181,-3085,0.262138,0.033692,172,924,4009,28,32,3.079386,2.861121,0.329380,0.443435
paper-120133-topk-10-depth-0,10,0,10,10,1.000000,0.970496,0.029504,0.000000,0.000889,-0.000889,10,10,0,1.000000,0.111111,2,8,8,5,3,1.770951,1.156780,0.600000,0.700000
paper-120133-topk-10-depth-1,10,1,10,10,1.000000,0.970496,0.029504,0.000000,0.000889,-0.000889,113,70,43,1.614286,0.051724,9,104,61,13,13,2.436035,2.622233,0.469027,0.442857
paper-120133-topk-10-depth-2,10,2,10,10,1.000000,0.970496,0.029504,0.000000,0.000889,-0.000889,1806,4954,-3148,0.364554,0.040961,266,1540,4688,30,35,3.091851,3.150529,0.397564,0.374445
paper-129199-topk-1-depth-0,1,0,1,1,1.000000,0.999720,0.000280,,,,1,1,0,1.000000,0.000000,0,1,1,1,1,0.000000,0.000000,1.000000,1.000000
paper-129199-topk-1-depth-1,1,1,1,1,1.000000,0.999720,0.000280,,,,13,3,10,4.333333,0.000000,0,13,3,3,2,1.576621,0.918296,0.384615,0.666667
paper-129199-topk-1-depth-2,1,2,1,1,1.000000,0.999720,0.000280,,,,125,10,115,12.500000,0.038462,5,120,5,8,4,1.122429,1.760964,0.792000,0.500000
paper-129199-topk-3-depth-0,3,0,3,3,1.000000,0.984574,0.015426,0.000000,0.018519,-0.018519,3,3,0,1.000000,0.200000,1,2,2,2,3,0.918296,1.584963,0.666667,0.333333
paper-129199-topk-3-depth-1,3,1,3,3,1.000000,0.984574,0.015426,0.000000,0.018519,-0.018519,25,21,4,1.190476,0.393939,13,12,8,3,4,1.469183,1.742377,0.520000,0.428571
paper-129199-topk-3-depth-2,3,2,3,3,1.000000,0.984574,0.015426,0.000000,0.018519,-0.018519,218,162,56,1.345679,0.490196,125,93,37,10,8,1.205968,1.200265,0.766055,0.765432
paper-129199-topk-5-depth-0,5,0,5,5,1.000000,0.980907,0.019093,0.000000,0.005556,-0.005556,5,5,0,1.000000,0.250000,2,3,3,2,4,0.970951,1.921928,0.600000,0.400000
paper-129199-topk-5-depth-1,5,1,5,5,1.000000,0.980907,0.019093,0.000000,0.005556,-0.005556,31,28,3,1.107143,0.372093,16,15,12,5,6,1.850551,2.332347,0.483871,0.321429
paper-129199-topk-5-depth-2,5,2,5,5,1.000000,0.980907,0.019093,0.000000,0.005556,-0.005556,412,210,202,1.961905,0.349241,161,251,49,12,11,1.366392,1.736815,0.750000,0.657143
paper-129199-topk-10-depth-0,10,0,10,10,1.000000,0.977175,0.022825,0.000000,0.001235,-0.001235,10,10,0,1.000000,0.052632,1,9,9,5,5,2.170951,1.960964,0.300000,0.500000
paper-129199-topk-10-depth-1,10,1,10,10,1.000000,0.977175,0.022825,0.000000,0.001235,-0.001235,52,53,-1,0.981132,0.166667,15,37,38,8,6,2.429248,2.053393,0.384615,0.415094
paper-129199-topk-10-depth-2,10,2,10,10,1.000000,0.977175,0.022825,0.000000,0.001235,-0.001235,1924,1788,136,1.076063,0.043576,155,1769,1633,34,27,2.804662,2.078097,0.404366,0.611298
paper-119674-topk-1-depth-0,1,0,1,1,1.000000,0.998216,0.001784,,,,1,1,0,1.000000,0.000000,0,1,1,1,1,0.000000,0.000000,1.000000,1.000000
paper-119674-topk-1-depth-1,1,1,1,1,1.000000,0.998216,0.001784,,,,309,5,304,61.800000,0.000000,0,309,5,12,3,2.014035,1.521928,0.550162,0.400000
paper-119674-topk-1-depth-2,1,2,1,1,1.000000,0.998216,0.001784,,,,25156,13781,11375,1.825412,0.235115,7412,17744,6369,38,38,2.236934,2.620288,0.524129,0.357086
paper-119674-topk-3-depth-0,3,0,3,3,1.000000,0.980206,0.019794,0.000000,0.066667,-0.066667,3,3,0,1.000000,0.000000,0,3,3,2,3,0.918296,1.584963,0.666667,0.333333
paper-119674-topk-3-depth-1,3,1,3,3,1.000000,0.980206,0.019794,0.000000,0.066667,-0.066667,28,24,4,1.166667,0.000000,0,28,24,4,4,1.806358,1.176065,0.392857,0.750000
paper-119674-topk-3-depth-2,3,2,3,3,1.000000,0.980206,0.019794,0.000000,0.066667,-0.066667,19714,14213,5501,1.387040,0.192681,5481,14233,8732,35,38,1.913145,2.612998,0.631277,0.349469
paper-119674-topk-5-depth-0,5,0,5,5,1.000000,0.975094,0.024906,0.000000,0.027143,-0.027143,5,5,0,1.000000,0.111111,1,4,4,3,3,1.370951,1.521928,0.600000,0.400000
paper-119674-topk-5-depth-1,5,1,5,5,1.000000,0.975094,0.024906,0.000000,0.027143,-0.027143,44,41,3,1.073171,0.036585,3,41,38,7,6,1.962115,1.687403,0.500000,0.634146
paper-119674-topk-5-depth-2,5,2,5,5,1.000000,0.975094,0.024906,0.000000,0.027143,-0.027143,20376,14854,5522,1.371752,0.201692,5913,14463,8941,36,38,1.964732,2.614478,0.611847,0.339976
paper-119674-topk-10-depth-0,10,0,10,10,1.000000,0.970638,0.029362,0.000000,0.006526,-0.006526,10,10,0,1.000000,0.176471,3,7,7,5,5,1.770951,2.121928,0.600000,0.400000
paper-119674-topk-10-depth-1,10,1,10,10,1.000000,0.970638,0.029362,0.000000,0.006526,-0.006526,104,97,7,1.072165,0.264151,42,62,55,15,9,2.383305,2.045946,0.557692,0.556701
paper-119674-topk-10-depth-2,10,2,10,10,1.000000,0.970638,0.029362,0.000000,0.006526,-0.006526,30620,28785,1835,1.063748,0.735162,25169,5451,3616,40,38,2.430802,2.443518,0.479033,0.451763
paper-156668-topk-1-depth-0,1,0,1,1,1.000000,0.999667,0.000333,,,,1,1,0,1.000000,0.000000,0,1,1,1,1,0.000000,0.000000,1.000000,1.000000
paper-156668-topk-1-depth-1,1,1,1,1,1.000000,0.999667,0.000333,,,,3,2,1,1.500000,0.000000,0,3,2,1,1,0.000000,0.000000,1.000000,1.000000
paper-156668-topk-1-depth-2,1,2,1,1,1.000000,0.999667,0.000333,,,,22,8,14,2.750000,0.000000,0,22,8,1,4,0.000000,1.548795,1.000000,0.625000
paper-156668-topk-3-depth-0,3,0,3,3,1.000000,0.983724,0.016276,0.000000,0.000000,0.000000,3,3,0,1.000000,0.200000,1,2,2,3,3,1.584963,1.584963,0.333333,0.333333
paper-156668-topk-3-depth-1,3,1,3,3,1.000000,0.983724,0.016276,0.000000,0.000000,0.000000,11,8,3,1.375000,0.117647,2,9,6,4,3,1.617190,1.500000,0.545455,0.500000
paper-156668-topk-3-depth-2,3,2,3,3,1.000000,0.983724,0.016276,0.000000,0.000000,0.000000,48,40,8,1.200000,0.086420,7,41,33,9,9,2.257400,2.061837,0.458333,0.600000
paper-156668-topk-5-depth-0,5,0,5,5,1.000000,0.979448,0.020552,0.000000,0.000000,0.000000,5,5,0,1.000000,0.111111,1,4,4,5,5,2.321928,2.321928,0.200000,0.200000
paper-156668-topk-5-depth-1,5,1,5,5,1.000000,0.979448,0.020552,0.000000,0.000000,0.000000,14,22,-8,0.636364,0.058824,2,12,20,5,7,2.120952,2.313101,0.357143,0.454545
paper-156668-topk-5-depth-2,5,2,5,5,1.000000,0.979448,0.020552,0.000000,0.000000,0.000000,165,137,28,1.204380,0.023729,7,158,130,16,20,2.774193,2.635445,0.424242,0.518248
paper-156668-topk-10-depth-0,10,0,10,10,1.000000,0.975090,0.024910,0.000000,0.000000,0.000000,10,10,0,1.000000,0.052632,1,9,9,8,9,2.921928,3.121928,0.200000,0.200000
paper-156668-topk-10-depth-1,10,1,10,10,1.000000,0.975090,0.024910,0.000000,0.000000,0.000000,36,40,-4,0.900000,0.027027,2,34,38,8,11,2.668839,3.009341,0.333333,0.250000
paper-156668-topk-10-depth-2,10,2,10,10,1.000000,0.975090,0.024910,0.000000,0.000000,0.000000,1138,1939,-801,0.586900,0.006872,21,1117,1918,31,31,3.166558,1.518333,0.319859,0.787004
paper-154208-topk-1-depth-0,1,0,1,1,1.000000,0.997072,0.002928,,,,1,1,0,1.000000,0.000000,0,1,1,1,1,0.000000,0.000000,1.000000,1.000000
paper-154208-topk-1-depth-1,1,1,1,1,1.000000,0.997072,0.002928,,,,14,3,11,4.666667,0.000000,0,14,3,2,3,0.591673,1.584963,0.857143,0.333333
paper-154208-topk-1-depth-2,1,2,1,1,1.000000,0.997072,0.002928,,,,111,17,94,6.529412,0.000000,0,111,17,4,8,1.020721,2.822182,0.711712,0.235294
paper-154208-topk-3-depth-0,3,0,3,3,1.000000,0.978867,0.021133,0.000000,0.000000,0.000000,3,3,0,1.000000,0.000000,0,3,3,2,3,0.918296,1.584963,0.666667,0.333333
paper-154208-topk-3-depth-1,3,1,3,3,1.000000,0.978867,0.021133,0.000000,0.000000,0.000000,15,21,-6,0.714286,0.000000,0,15,21,2,8,0.918296,2.357600,0.666667,0.476190
paper-154208-topk-3-depth-2,3,2,3,3,1.000000,0.978867,0.021133,0.000000,0.000000,0.000000,90,15122,-15032,0.005952,0.000066,1,89,15121,8,32,1.679784,1.777937,0.644444,0.671538
paper-154208-topk-5-depth-0,5,0,5,5,1.000000,0.973924,0.026076,0.000000,0.000000,0.000000,5,5,0,1.000000,0.000000,0,5,5,4,4,1.921928,1.921928,0.400000,0.400000
paper-154208-topk-5-depth-1,5,1,5,5,1.000000,0.973924,0.026076,0.000000,0.000000,0.000000,48,26,22,1.846154,0.013699,1,47,25,10,10,2.834833,2.826245,0.291667,0.384615
paper-154208-topk-5-depth-2,5,2,5,5,1.000000,0.973924,0.026076,0.000000,0.000000,0.000000,15577,15133,444,1.029340,0.698468,12629,2948,2504,39,32,2.217791,1.783071,0.547089,0.671050
paper-154208-topk-10-depth-0,10,0,10,10,1.000000,0.969569,0.030431,0.000000,0.000635,-0.000635,10,10,0,1.000000,0.000000,0,10,10,7,7,2.721928,2.721928,0.200000,0.200000
paper-154208-topk-10-depth-1,10,1,10,10,1.000000,0.969569,0.030431,0.000000,0.000635,-0.000635,66,108,-42,0.611111,0.011628,2,64,106,13,14,3.100672,3.076347,0.257576,0.203704
paper-154208-topk-10-depth-2,10,2,10,10,1.000000,0.969569,0.030431,0.000000,0.000635,-0.000635,17734,24621,-6887,0.720279,0.495639,14036,3698,10585,39,38,2.439371,2.628121,0.483816,0.458511
paper-130914-topk-1-depth-0,1,0,1,1,1.000000,0.999427,0.000573,,,,1,1,0,1.000000,0.000000,0,1,1,1,1,0.000000,0.000000,1.000000,1.000000
paper-130914-topk-1-depth-1,1,1,1,1,1.000000,0.999427,0.000573,,,,15,24,-9,0.625000,0.000000,0,15,24,1,1,0.000000,0.000000,1.000000,1.000000
paper-130914-topk-1-depth-2,1,2,1,1,1.000000,0.999427,0.000573,,,,9457,14041,-4584,0.673528,0.287985,5254,4203,8787,32,33,1.575290,1.767985,0.733425,0.660922
paper-130914-topk-3-depth-0,3,0,3,3,1.000000,0.985730,0.014270,0.000000,0.089936,-0.089936,3,3,0,1.000000,0.000000,0,3,3,2,1,0.918296,0.000000,0.666667,1.000000
paper-130914-topk-3-depth-1,3,1,3,3,1.000000,0.985730,0.014270,0.000000,0.089936,-0.089936,137,92,45,1.489130,0.192708,37,100,55,6,4,0.535457,0.323236,0.927007,0.956522
paper-130914-topk-3-depth-2,3,2,3,3,1.000000,0.985730,0.014270,0.000000,0.089936,-0.089936,28931,18965,9966,1.525494,0.495395,15867,13064,3098,36,37,2.286413,2.146280,0.521309,0.554337
paper-130914-topk-5-depth-0,5,0,5,5,1.000000,0.983162,0.016838,0.000000,0.094358,-0.094358,5,5,0,1.000000,0.000000,0,5,5,3,1,1.521928,0.000000,0.400000,1.000000
paper-130914-topk-5-depth-1,5,1,5,5,1.000000,0.983162,0.016838,0.000000,0.094358,-0.094358,90,130,-40,0.692308,0.105528,21,69,109,4,5,1.533453,0.441214,0.544444,0.938462
paper-130914-topk-5-depth-2,5,2,5,5,1.000000,0.983162,0.016838,0.000000,0.094358,-0.094358,28204,30416,-2212,0.927275,0.647184,23032,5172,7384,37,38,2.491286,2.370227,0.427599,0.491550
paper-130914-topk-10-depth-0,10,0,10,10,1.000000,0.978981,0.021019,0.000000,0.078461,-0.078461,10,10,0,1.000000,0.000000,0,10,10,6,1,2.446439,0.000000,0.300000,1.000000
paper-130914-topk-10-depth-1,10,1,10,10,1.000000,0.978981,0.021019,0.000000,0.078461,-0.078461,110,300,-190,0.366667,0.073298,28,82,272,9,5,2.025325,0.370871,0.500000,0.950000
paper-130914-topk-10-depth-2,10,2,10,10,1.000000,0.978981,0.021019,0.000000,0.078461,-0.078461,28615,35271,-6656,0.811290,0.613324,24287,4328,10984,37,38,2.506621,2.394030,0.424358,0.489751
paper-55074-topk-1-depth-0,1,0,1,1,1.000000,0.966014,0.033986,,,,1,1,0,1.000000,0.000000,0,1,1,1,1,0.000000,0.000000,1.000000,1.000000
paper-55074-topk-1-depth-1,1,1,1,1,1.000000,0.966014,0.033986,,,,2,4,-2,0.500000,0.000000,0,2,4,2,1,1.000000,0.000000,0.500000,1.000000
paper-55074-topk-1-depth-2,1,2,1,1,1.000000,0.966014,0.033986,,,,7,3301,-3294,0.002121,0.000000,0,7,3301,3,22,1.448816,1.101811,0.428571,0.823690
paper-55074-topk-3-depth-0,3,0,3,3,1.000000,0.978863,0.021137,0.000000,0.041667,-0.041667,3,3,0,1.000000,0.000000,0,3,3,3,2,1.584963,0.918296,0.333333,0.666667
paper-55074-topk-3-depth-1,3,1,3,3,1.000000,0.978863,0.021137,0.000000,0.041667,-0.041667,15,13,2,1.153846,0.000000,0,15,13,7,5,2.689246,1.987773,0.200000,0.461538
paper-55074-topk-3-depth-2,3,2,3,3,1.000000,0.978863,0.021137,0.000000,0.041667,-0.041667,489,22474,-21985,0.021758,0.001570,36,453,22438,25,36,3.221033,2.343778,0.282209,0.486562
paper-55074-topk-5-depth-0,5,0,5,5,1.000000,0.973086,0.026914,0.000000,0.012500,-0.012500,5,5,0,1.000000,0.111111,1,4,4,4,3,1.921928,1.521928,0.400000,0.400000
paper-55074-topk-5-depth-1,5,1,5,5,1.000000,0.973086,0.026914,0.000000,0.012500,-0.012500,42,24,18,1.750000,0.081967,5,37,19,9,4,2.206281,1.461301,0.571429,0.625000
paper-55074-topk-5-depth-2,5,2,5,5,1.000000,0.973086,0.026914,0.000000,0.012500,-0.012500,14879,26019,-11140,0.571851,0.503216,13691,1188,12328,35,36,1.973763,2.262906,0.638484,0.526807
paper-55074-topk-10-depth-0,10,0,10,10,1.000000,0.964189,0.035811,0.000000,0.005809,-0.005809,10,10,0,1.000000,0.111111,2,8,8,6,4,2.446439,1.760964,0.300000,0.500000
paper-55074-topk-10-depth-1,10,1,10,10,1.000000,0.964189,0.035811,0.000000,0.005809,-0.005809,116,95,21,1.221053,0.198864,35,81,60,14,8,2.559825,1.803252,0.534483,0.589474
paper-55074-topk-10-depth-2,10,2,10,10,1.000000,0.964189,0.035811,0.000000,0.005809,-0.005809,14707,22061,-7354,0.666652,0.422195,10915,3792,11146,34,34,1.949543,1.777179,0.675393,0.682743
paper-4607-topk-1-depth-0,1,0,1,1,1.000000,0.933542,0.066458,,,,1,1,0,1.000000,0.000000,0,1,1,1,1,0.000000,0.000000,1.000000,1.000000
paper-4607-topk-1-depth-1,1,1,1,1,1.000000,0.933542,0.066458,,,,2,6,-4,0.333333,0.000000,0,2,6,2,1,1.000000,0.000000,0.500000,1.000000
paper-4607-topk-1-depth-2,1,2,1,1,1.000000,0.933542,0.066458,,,,4,22,-18,0.181818,0.000000,0,4,22,3,2,1.500000,0.266765,0.500000,0.954545
paper-4607-topk-3-depth-0,3,0,3,3,1.000000,0.958166,0.041834,0.000000,0.000000,0.000000,3,3,0,1.000000,1.000000,3,0,0,3,3,1.584963,1.584963,0.333333,0.333333
paper-4607-topk-3-depth-1,3,1,3,3,1.000000,0.958166,0.041834,0.000000,0.000000,0.000000,8,8,0,1.000000,1.000000,8,0,0,4,4,1.750000,1.750000,0.500000,0.500000
paper-4607-topk-3-depth-2,3,2,3,3,1.000000,0.958166,0.041834,0.000000,0.000000,0.000000,80,80,0,1.000000,1.000000,80,0,0,5,5,1.743257,1.743257,0.525000,0.525000
paper-4607-topk-5-depth-0,5,0,5,5,1.000000,0.948177,0.051823,0.000000,0.000000,0.000000,5,5,0,1.000000,0.428571,3,2,2,4,4,1.921928,1.921928,0.400000,0.400000
paper-4607-topk-5-depth-1,5,1,5,5,1.000000,0.948177,0.051823,0.000000,0.000000,0.000000,19,26,-7,0.730769,0.216216,8,11,18,5,5,2.076289,1.428953,0.368421,0.692308
paper-4607-topk-5-depth-2,5,2,5,5,1.000000,0.948177,0.051823,0.000000,0.000000,0.000000,135,189,-54,0.714286,0.327869,80,55,109,6,7,2.379420,1.832025,0.318519,0.550265
paper-4607-topk-10-depth-0,10,0,10,10,1.000000,0.938187,0.061813,0.000000,0.001709,-0.001709,10,10,0,1.000000,0.176471,3,7,7,5,4,2.170951,1.921928,0.300000,0.400000
paper-4607-topk-10-depth-1,10,1,10,10,1.000000,0.938187,0.061813,0.000000,0.001709,-0.001709,45,55,-10,0.818182,0.086957,8,37,47,6,7,2.388705,1.919907,0.311111,0.545455
paper-4607-topk-10-depth-2,10,2,10,10,1.000000,0.938187,0.061813,0.000000,0.001709,-0.001709,204,380,-176,0.536842,0.158730,80,124,300,11,13,2.709279,2.056033,0.318627,0.576316
paper-36942-topk-1-depth-0,1,0,1,1,1.000000,0.932302,0.067698,,,,1,1,0,1.000000,0.000000,0,1,1,1,1,0.000000,0.000000,1.000000,1.000000
paper-36942-topk-1-depth-1,1,1,1,1,1.000000,0.932302,0.067698,,,,15,26,-11,0.576923,0.000000,0,15,26,2,3,0.353359,0.999655,0.933333,0.730769
paper-36942-topk-1-depth-2,1,2,1,1,1.000000,0.932302,0.067698,,,,5322,19975,-14653,0.266433,0.160626,3501,1821,16474,31,37,2.091767,2.627723,0.590004,0.309787
paper-36942-topk-3-depth-0,3,0,3,3,1.000000,0.925693,0.074307,0.000000,0.054958,-0.054958,3,3,0,1.000000,0.000000,0,3,3,2,2,0.918296,0.918296,0.666667,0.666667
paper-36942-topk-3-depth-1,3,1,3,3,1.000000,0.925693,0.074307,0.000000,0.054958,-0.054958,19,58,-39,0.327586,0.026667,2,17,56,3,4,0.774243,0.775701,0.842105,0.844828
paper-36942-topk-3-depth-2,3,2,3,3,1.000000,0.925693,0.074307,0.000000,0.054958,-0.054958,5368,21899,-16531,0.245125,0.226586,5037,331,16862,31,37,2.094080,2.614505,0.589978,0.329147
paper-36942-topk-5-depth-0,5,0,5,5,1.000000,0.922975,0.077025,0.000000,0.032361,-0.032361,5,5,0,1.000000,0.000000,0,5,5,2,2,0.721928,0.721928,0.800000,0.800000
paper-36942-topk-5-depth-1,5,1,5,5,1.000000,0.922975,0.077025,0.000000,0.032361,-0.032361,41,120,-79,0.341667,0.052288,8,33,112,3,6,0.444839,0.886528,0.926829,0.833333
paper-36942-topk-5-depth-2,5,2,5,5,1.000000,0.922975,0.077025,0.000000,0.032361,-0.032361,11151,23766,-12615,0.469200,0.414388,10230,921,13536,35,37,2.239366,2.651693,0.556094,0.323656
paper-36942-topk-10-depth-0,10,0,10,10,1.000000,0.919923,0.080077,0.000000,0.028692,-0.028692,10,10,0,1.000000,0.052632,1,9,9,3,2,0.921928,0.468996,0.800000,0.900000
paper-36942-topk-10-depth-1,10,1,10,10,1.000000,0.919923,0.080077,0.000000,0.028692,-0.028692,121,533,-412,0.227017,0.123711,72,49,461,8,14,1.087897,1.587605,0.826446,0.709193
paper-36942-topk-10-depth-2,10,2,10,10,1.000000,0.919923,0.080077,0.000000,0.028692,-0.028692,26424,34336,-7912,0.769571,0.673230,24447,1977,9889,37,38,2.574683,2.602774,0.343249,0.363962
paper-125079-topk-1-depth-0,1,0,1,1,1.000000,0.961903,0.038097,,,,1,1,0,1.000000,0.000000,0,1,1,1,1,0.000000,0.000000,1.000000,1.000000
paper-125079-topk-1-depth-1,1,1,1,1,1.000000,0.961903,0.038097,,,,30,10,20,3.000000,0.000000,0,30,10,2,3,0.210842,1.360964,0.966667,0.500000
paper-125079-topk-1-depth-2,1,2,1,1,1.000000,0.961903,0.038097,,,,511,122,389,4.188525,0.000000,0,511,122,11,7,0.479142,1.810369,0.941292,0.598361
paper-125079-topk-3-depth-0,3,0,3,3,1.000000,0.960565,0.039435,0.000000,0.000000,0.000000,3,3,0,1.000000,0.000000,0,3,3,3,2,1.584963,0.918296,0.333333,0.666667
paper-125079-topk-3-depth-1,3,1,3,3,1.000000,0.960565,0.039435,0.000000,0.000000,0.000000,36,22,14,1.636364,0.000000,0,36,22,4,4,0.978774,1.612650,0.805556,0.545455
paper-125079-topk-3-depth-2,3,2,3,3,1.000000,0.960565,0.039435,0.000000,0.000000,0.000000,567,171,396,3.315789,0.008197,6,561,165,13,8,0.995726,2.155831,0.850088,0.426901
paper-125079-topk-5-depth-0,5,0,5,5,1.000000,0.959051,0.040949,0.000000,0.000000,0.000000,5,5,0,1.000000,0.000000,0,5,5,4,3,1.921928,1.521928,0.400000,0.400000
paper-125079-topk-5-depth-1,5,1,5,5,1.000000,0.959051,0.040949,0.000000,0.000000,0.000000,46,42,4,1.095238,0.011494,1,45,41,7,6,1.655201,2.189407,0.673913,0.333333
paper-125079-topk-5-depth-2,5,2,5,5,1.000000,0.959051,0.040949,0.000000,0.000000,0.000000,707,323,384,2.188854,0.060762,59,648,264,17,11,1.795485,2.567688,0.685997,0.380805
paper-125079-topk-10-depth-0,10,0,10,10,1.000000,0.956932,0.043068,0.000000,0.002037,-0.002037,10,10,0,1.000000,0.250000,4,6,6,7,5,2.646439,2.046439,0.300000,0.400000
paper-125079-topk-10-depth-1,10,1,10,10,1.000000,0.956932,0.043068,0.000000,0.002037,-0.002037,116,172,-56,0.674419,0.205021,49,67,123,17,12,3.032145,2.740453,0.301724,0.302326
paper-125079-topk-10-depth-2,10,2,10,10,1.000000,0.956932,0.043068,0.000000,0.002037,-0.002037,1550,16908,-15358,0.091673,0.043532,770,780,16138,29,36,2.866651,2.068700,0.460645,0.655784
paper-87154-topk-1-depth-0,1,0,1,1,1.000000,0.999858,0.000142,,,,1,1,0,1.000000,0.000000,0,1,1,1,1,0.000000,0.000000,1.000000,1.000000
paper-87154-topk-1-depth-1,1,1,1,1,1.000000,0.999858,0.000142,,,,2,5,-3,0.400000,0.000000,0,2,5,1,2,0.000000,0.970951,1.000000,0.600000
paper-87154-topk-1-depth-2,1,2,1,1,1.000000,0.999858,0.000142,,,,5,32,-27,0.156250,0.000000,0,5,32,2,6,0.721928,1.944715,0.800000,0.406250
paper-87154-topk-3-depth-0,3,0,3,3,1.000000,0.984194,0.015806,0.000000,0.317857,-0.317857,3,3,0,1.000000,0.000000,0,3,3,1,1,0.000000,0.000000,1.000000,1.000000
paper-87154-topk-3-depth-1,3,1,3,3,1.000000,0.984194,0.015806,0.000000,0.317857,-0.317857,7,8,-1,0.875000,0.000000,0,7,8,3,3,1.148835,1.405639,0.714286,0.500000
paper-87154-topk-3-depth-2,3,2,3,3,1.000000,0.984194,0.015806,0.000000,0.317857,-0.317857,33,550,-517,0.060000,0.000000,0,33,550,7,14,2.187889,1.513517,0.484848,0.680000
paper-87154-topk-5-depth-0,5,0,5,5,1.000000,0.978798,0.021202,0.000000,0.132143,-0.132143,5,5,0,1.000000,0.111111,1,4,4,2,1,0.721928,0.000000,0.800000,1.000000
paper-87154-topk-5-depth-1,5,1,5,5,1.000000,0.978798,0.021202,0.000000,0.132143,-0.132143,23,15,8,1.533333,0.055556,2,21,13,6,6,1.415437,2.146466,0.739130,0.466667
paper-87154-topk-5-depth-2,5,2,5,5,1.000000,0.978798,0.021202,0.000000,0.132143,-0.132143,150,589,-439,0.254669,0.030683,22,128,567,15,19,2.648083,1.774461,0.386667,0.643463
paper-87154-topk-10-depth-0,10,0,10,10,1.000000,0.970989,0.029011,0.000000,0.035009,-0.035009,10,10,0,1.000000,0.111111,2,8,8,4,3,1.356780,0.921928,0.700000,0.800000
paper-87154-topk-10-depth-1,10,1,10,10,1.000000,0.970989,0.029011,0.000000,0.035009,-0.035009,60,30,30,2.000000,0.046512,4,56,26,11,7,2.584710,2.104962,0.433333,0.466667
paper-87154-topk-10-depth-2,10,2,10,10,1.000000,0.970989,0.029011,0.000000,0.035009,-0.035009,535,698,-163,0.766476,0.030075,36,499,662,20,21,2.636510,2.307677,0.450467,0.550143
paper-110599-topk-1-depth-0,1,0,1,1,1.000000,0.999660,0.000340,,,,1,1,0,1.000000,0.000000,0,1,1,1,1,0.000000,0.000000,1.000000,1.000000
paper-110599-topk-1-depth-1,1,1,1,1,1.000000,0.999660,0.000340,,,,6,3,3,2.000000,0.000000,0,6,3,3,1,1.251629,0.000000,0.666667,1.000000
paper-110599-topk-1-depth-2,1,2,1,1,1.000000,0.999660,0.000340,,,,6276,2603,3673,2.411064,0.050272,425,5851,2178,33,27,2.140484,2.426204,0.542384,0.534768
paper-110599-topk-3-depth-0,3,0,3,3,1.000000,0.982255,0.017745,0.000000,0.000000,0.000000,3,3,0,1.000000,0.000000,0,3,3,3,1,1.584963,0.000000,0.333333,1.000000
paper-110599-topk-3-depth-1,3,1,3,3,1.000000,0.982255,0.017745,0.000000,0.000000,0.000000,25,59,-34,0.423729,0.037037,3,22,56,6,5,2.292097,0.744037,0.360000,0.881356
paper-110599-topk-3-depth-2,3,2,3,3,1.000000,0.982255,0.017745,0.000000,0.000000,0.000000,19361,21436,-2075,0.903200,0.744804,17415,1946,4021,37,36,2.571867,2.604540,0.340220,0.308033
paper-110599-topk-5-depth-0,5,0,5,5,1.000000,0.977748,0.022252,0.000000,0.007581,-0.007581,5,5,0,1.000000,0.000000,0,5,5,3,2,1.370951,0.721928,0.600000,0.800000
paper-110599-topk-5-depth-1,5,1,5,5,1.000000,0.977748,0.022252,0.000000,0.007581,-0.007581,43,95,-52,0.452632,0.045455,6,37,89,6,9,1.892422,1.606471,0.558140,0.705263
paper-110599-topk-5-depth-2,5,2,5,5,1.000000,0.977748,0.022252,0.000000,0.007581,-0.007581,20343,30825,-10482,0.659951,0.581896,18822,1521,12003,37,37,2.574562,2.518471,0.326058,0.399416
paper-110599-topk-10-depth-0,10,0,10,10,1.000000,0.974140,0.025860,0.000000,0.013885,-0.013885,10,10,0,1.000000,0.052632,1,9,9,4,3,1.356780,0.921928,0.700000,0.800000
paper-110599-topk-10-depth-1,10,1,10,10,1.000000,0.974140,0.025860,0.000000,0.013885,-0.013885,76,134,-58,0.567164,0.060606,12,64,122,7,9,1.642025,1.343339,0.671053,0.768657
paper-110599-topk-10-depth-2,10,2,10,10,1.000000,0.974140,0.025860,0.000000,0.013885,-0.013885,22643,33096,-10453,0.684161,0.623671,21410,1233,11686,38,38,2.636808,2.567179,0.307203,0.378686
paper-8646-topk-1-depth-0,1,0,1,1,1.000000,0.999887,0.000113,,,,1,1,0,1.000000,0.000000,0,1,1,1,1,0.000000,0.000000,1.000000,1.000000
paper-8646-topk-1-depth-1,1,1,1,1,1.000000,0.999887,0.000113,,,,12,4,8,3.000000,0.000000,0,12,4,2,4,0.650022,2.000000,0.833333,0.250000
paper-8646-topk-1-depth-2,1,2,1,1,1.000000,0.999887,0.000113,,,,2289,639,1650,3.582160,0.000342,1,2288,638,29,27,2.556197,2.986324,0.408038,0.339593
paper-8646-topk-3-depth-0,3,0,3,3,1.000000,0.977555,0.022445,0.000000,0.000000,0.000000,3,3,0,1.000000,0.500000,2,1,1,2,3,0.918296,1.584963,0.666667,0.333333
paper-8646-topk-3-depth-1,3,1,3,3,1.000000,0.977555,0.022445,0.000000,0.000000,0.000000,32,23,9,1.391304,0.571429,20,12,3,6,7,1.246987,1.801677,0.781250,0.652174
paper-8646-topk-3-depth-2,3,2,3,3,1.000000,0.977555,0.022445,0.000000,0.000000,0.000000,8606,6829,1777,1.260214,0.785632,6791,1815,38,37,36,2.708794,2.681951,0.440390,0.458779
paper-8646-topk-5-depth-0,5,0,5,5,1.000000,0.973585,0.026415,0.000000,0.016879,-0.016879,5,5,0,1.000000,0.250000,2,3,3,3,3,1.521928,1.521928,0.400000,0.400000
paper-8646-topk-5-depth-1,5,1,5,5,1.000000,0.973585,0.026415,0.000000,0.016879,-0.016879,44,58,-14,0.758621,0.243902,20,24,38,9,9,2.101525,2.116265,0.568182,0.551724
paper-8646-topk-5-depth-2,5,2,5,5,1.000000,0.973585,0.026415,0.000000,0.016879,-0.016879,8827,12413,-3586,0.711109,0.556158,7591,1236,4822,37,39,2.758829,2.656430,0.429364,0.417304
paper-8646-topk-10-depth-0,10,0,10,10,1.000000,0.968180,0.031820,0.000000,0.009162,-0.009162,10,10,0,1.000000,0.111111,2,8,8,5,5,2.246439,2.246439,0.300000,0.300000
paper-8646-topk-10-depth-1,10,1,10,10,1.000000,0.968180,0.031820,0.000000,0.009162,-0.009162,92,117,-25,0.786325,0.105820,20,72,97,11,12,2.506372,2.368330,0.467391,0.512821
paper-8646-topk-10-depth-2,10,2,10,10,1.000000,0.968180,0.031820,0.000000,0.009162,-0.009162,30268,14738,15530,2.053739,0.310218,10656,19612,4082,39,39,2.628065,2.705343,0.408682,0.395780
paper-37671-topk-1-depth-0,1,0,1,1,1.000000,0.996547,0.003453,,,,1,1,0,1.000000,0.000000,0,1,1,1,1,0.000000,0.000000,1.000000,1.000000
paper-37671-topk-1-depth-1,1,1,1,1,1.000000,0.996547,0.003453,,,,12,21,-9,0.571429,0.000000,0,12,21,3,5,1.251629,1.548729,0.666667,0.619048
paper-37671-topk-1-depth-2,1,2,1,1,1.000000,0.996547,0.003453,,,,3401,2191,1210,1.552259,0.008476,47,3354,2144,29,25,2.589236,2.260737,0.446045,0.557736
paper-37671-topk-3-depth-0,3,0,3,3,1.000000,0.980791,0.019209,0.000000,0.030777,-0.030777,3,3,0,1.000000,0.200000,1,2,2,3,2,1.584963,0.918296,0.333333,0.666667
paper-37671-topk-3-depth-1,3,1,3,3,1.000000,0.980791,0.019209,0.000000,0.030777,-0.030777,39,104,-65,0.375000,0.172131,21,18,83,10,10,2.834385,1.950311,0.333333,0.576923
paper-37671-topk-3-depth-2,3,2,3,3,1.000000,0.980791,0.019209,0.000000,0.030777,-0.030777,12073,21948,-9875,0.550073,0.217776,6084,5989,15864,37,37,2.859537,2.620510,0.353019,0.340897
paper-37671-topk-5-depth-0,5,0,5,5,1.000000,0.978401,0.021599,0.000000,0.025778,-0.025778,5,5,0,1.000000,0.000000,0,5,5,4,3,1.921928,1.370951,0.400000,0.600000
paper-37671-topk-5-depth-1,5,1,5,5,1.000000,0.978401,0.021599,0.000000,0.025778,-0.025778,64,217,-153,0.294931,0.029304,8,56,209,13,10,2.821513,1.826765,0.375000,0.635945
paper-37671-topk-5-depth-2,5,2,5,5,1.000000,0.978401,0.021599,0.000000,0.025778,-0.025778,16976,27430,-10454,0.618884,0.269033,9414,7562,18016,39,38,2.998620,2.565047,0.291352,0.407109
paper-37671-topk-10-depth-0,10,0,10,10,1.000000,0.973803,0.026197,0.000037,0.014969,-0.014932,10,10,0,1.000000,0.111111,2,8,8,6,4,2.321928,1.685475,0.400000,0.500000
paper-37671-topk-10-depth-1,10,1,10,10,1.000000,0.973803,0.026197,0.000037,0.014969,-0.014932,712,342,370,2.081871,0.042532,43,669,299,22,13,2.161147,2.021203,0.505618,0.587719
paper-37671-topk-10-depth-2,10,2,10,10,1.000000,0.973803,0.026197,0.000037,0.014969,-0.014932,36362,31773,4589,1.144431,0.618716,26043,10319,5730,40,39,2.794348,2.655513,0.348661,0.378403
paper-161362-topk-1-depth-0,1,0,1,1,1.000000,0.999454,0.000546,,,,1,1,0,1.000000,0.000000,0,1,1,1,1,0.000000,0.000000,1.000000,1.000000
paper-161362-topk-1-depth-1,1,1,1,1,1.000000,0.999454,0.000546,,,,44,4,40,11.000000,0.000000,0,44,4,3,2,0.312220,0.811278,0.954545,0.750000
paper-161362-topk-1-depth-2,1,2,1,1,1.000000,0.999454,0.000546,,,,12469,517,11952,24.117988,0.012554,161,12308,356,36,12,1.734985,0.957234,0.693720,0.849130
paper-161362-topk-3-depth-0,3,0,3,3,1.000000,0.977688,0.022312,0.000000,0.034188,-0.034188,3,3,0,1.000000,0.000000,0,3,3,2,1,0.918296,0.000000,0.666667,1.000000
paper-161362-topk-3-depth-1,3,1,3,3,1.000000,0.977688,0.022312,0.000000,0.034188,-0.034188,60,45,15,1.333333,0.060606,6,54,39,3,3,0.804691,0.822580,0.800000,0.800000
paper-161362-topk-3-depth-2,3,2,3,3,1.000000,0.977688,0.022312,0.000000,0.034188,-0.034188,24978,25616,-638,0.975094,0.810809,22654,2324,2962,37,36,2.301568,2.261098,0.509689,0.528810
paper-161362-topk-5-depth-0,5,0,5,5,1.000000,0.972513,0.027487,0.000598,0.035174,-0.034576,5,5,0,1.000000,0.000000,0,5,5,2,2,0.970951,0.721928,0.600000,0.800000
paper-161362-topk-5-depth-1,5,1,5,5,1.000000,0.972513,0.027487,0.000598,0.035174,-0.034576,428,66,362,6.484848,0.020661,10,418,56,11,5,1.132175,1.309672,0.778037,0.681818
paper-161362-topk-5-depth-2,5,2,5,5,1.000000,0.972513,0.027487,0.000598,0.035174,-0.034576,37467,26051,11416,1.438217,0.630088,24552,12915,1499,38,36,2.420308,2.269092,0.476820,0.525047
paper-161362-topk-10-depth-0,10,0,10,10,1.000000,0.968189,0.031811,0.000191,0.024806,-0.024615,10,10,0,1.000000,0.052632,1,9,9,3,3,1.295462,1.156780,0.600000,0.700000
paper-161362-topk-10-depth-1,10,1,10,10,1.000000,0.968189,0.031811,0.000191,0.024806,-0.024615,495,187,308,2.647059,0.094703,59,436,128,12,8,1.663455,1.470701,0.652525,0.647059
paper-161362-topk-10-depth-2,10,2,10,10,1.000000,0.968189,0.031811,0.000191,0.024806,-0.024615,42631,35485,7146,1.201381,0.778274,34188,8443,1297,39,38,2.569108,2.395201,0.424738,0.484036
paper-135666-topk-1-depth-0,1,0,1,1,1.000000,0.999119,0.000881,,,,1,1,0,1.000000,0.000000,0,1,1,1,1,0.000000,0.000000,1.000000,1.000000
paper-135666-topk-1-depth-1,1,1,1,1,1.000000,0.999119,0.000881,,,,8,3,5,2.666667,0.000000,0,8,3,4,2,1.905639,0.918296,0.375000,0.666667
paper-135666-topk-1-depth-2,1,2,1,1,1.000000,0.999119,0.000881,,,,13513,165,13348,81.896970,0.004185,57,13456,108,36,17,2.554670,1.902132,0.365056,0.678788
paper-135666-topk-3-depth-0,3,0,3,3,1.000000,0.986980,0.013020,0.000000,0.000000,0.000000,3,3,0,1.000000,0.000000,0,3,3,2,3,0.918296,1.584963,0.666667,0.333333
paper-135666-topk-3-depth-1,3,1,3,3,1.000000,0.986980,0.013020,0.000000,0.000000,0.000000,25,10,15,2.500000,0.000000,0,25,10,6,5,1.921542,2.246439,0.560000,0.300000
paper-135666-topk-3-depth-2,3,2,3,3,1.000000,0.986980,0.013020,0.000000,0.000000,0.000000,22989,2082,20907,11.041787,0.038438,928,22061,1154,37,30,2.363525,2.718995,0.479577,0.376081
paper-135666-topk-5-depth-0,5,0,5,5,1.000000,0.983774,0.016226,0.000000,0.005263,-0.005263,5,5,0,1.000000,0.111111,1,4,4,2,4,0.721928,1.921928,0.800000,0.400000
paper-135666-topk-5-depth-1,5,1,5,5,1.000000,0.983774,0.016226,0.000000,0.005263,-0.005263,31,31,0,1.000000,0.148148,8,23,23,6,6,1.607472,2.164594,0.677419,0.483871
paper-135666-topk-5-depth-2,5,2,5,5,1.000000,0.983774,0.016226,0.000000,0.005263,-0.005263,16856,15322,1534,1.100117,0.740198,13687,3169,1635,36,37,2.537307,2.591349,0.399858,0.342318
paper-135666-topk-10-depth-0,10,0,10,10,1.000000,0.981314,0.018686,0.000000,0.002379,-0.002379,10,10,0,1.000000,0.000000,0,10,10,6,5,2.160964,2.121928,0.500000,0.400000
paper-135666-topk-10-depth-1,10,1,10,10,1.000000,0.981314,0.018686,0.000000,0.002379,-0.002379,86,203,-117,0.423645,0.006969,2,84,201,10,20,2.326909,2.790491,0.465116,0.408867
paper-135666-topk-10-depth-2,10,2,10,10,1.000000,0.981314,0.018686,0.000000,0.002379,-0.002379,27676,31247,-3571,0.885717,0.693433,24128,3548,7119,40,38,2.498129,2.424346,0.452919,0.486223
paper-73696-topk-1-depth-0,1,0,1,1,1.000000,0.957618,0.042382,,,,1,1,0,1.000000,0.000000,0,1,1,1,1,0.000000,0.000000,1.000000,1.000000
paper-73696-topk-1-depth-1,1,1,1,1,1.000000,0.957618,0.042382,,,,10,164,-154,0.060976,0.000000,0,10,164,2,13,0.468996,1.845983,0.900000,0.560976
paper-73696-topk-1-depth-2,1,2,1,1,1.000000,0.957618,0.042382,,,,537,1083,-546,0.495845,0.041801,65,472,1018,10,28,0.796079,2.021499,0.851024,0.495845
paper-73696-topk-3-depth-0,3,0,3,3,1.000000,0.966733,0.033267,0.000000,0.003899,-0.003899,3,3,0,1.000000,0.200000,1,2,2,1,2,0.000000,0.918296,1.000000,0.666667
paper-73696-topk-3-depth-1,3,1,3,3,1.000000,0.966733,0.033267,0.000000,0.003899,-0.003899,36,181,-145,0.198895,0.048309,10,26,171,2,13,0.183122,1.851438,0.972222,0.513812
paper-73696-topk-3-depth-2,3,2,3,3,1.000000,0.966733,0.033267,0.000000,0.003899,-0.003899,1156,1621,-465,0.713140,0.265725,583,573,1038,11,29,0.626122,1.760596,0.903979,0.611351
paper-73696-topk-5-depth-0,5,0,5,5,1.000000,0.960638,0.039362,0.000000,0.008431,-0.008431,5,5,0,1.000000,0.250000,2,3,3,2,2,0.721928,0.721928,0.800000,0.800000
paper-73696-topk-5-depth-1,5,1,5,5,1.000000,0.960638,0.039362,0.000000,0.008431,-0.008431,99,191,-92,0.518325,0.062271,17,82,174,4,13,0.890397,1.830568,0.818182,0.486911
paper-73696-topk-5-depth-2,5,2,5,5,1.000000,0.960638,0.039362,0.000000,0.008431,-0.008431,1267,1700,-433,0.745294,0.362259,789,478,911,20,29,1.368945,1.711528,0.739542,0.628824
paper-73696-topk-10-depth-0,10,0,10,10,1.000000,0.961400,0.038600,0.000000,0.012261,-0.012261,10,10,0,1.000000,0.052632,1,9,9,3,4,0.921928,1.356780,0.800000,0.700000
paper-73696-topk-10-depth-1,10,1,10,10,1.000000,0.961400,0.038600,0.000000,0.012261,-0.012261,159,240,-81,0.662500,0.031008,12,147,228,5,16,1.179911,2.122942,0.716981,0.404167
paper-73696-topk-10-depth-2,10,2,10,10,1.000000,0.961400,0.038600,0.000000,0.012261,-0.012261,3100,3114,-14,0.995504,0.238342,1196,1904,1918,25,31,1.219911,2.474535,0.755161,0.534040
paper-64420-topk-1-depth-0,1,0,1,1,1.000000,0.999849,0.000151,,,,1,1,0,1.000000,0.000000,0,1,1,1,1,0.000000,0.000000,1.000000,1.000000
paper-64420-topk-1-depth-1,1,1,1,1,1.000000,0.999849,0.000151,,,,3,4,-1,0.750000,0.400000,2,1,2,2,3,0.918296,1.500000,0.666667,0.500000
paper-64420-topk-1-depth-2,1,2,1,1,1.000000,0.999849,0.000151,,,,5457,5461,-4,0.999268,0.999268,5457,0,4,30,30,2.483667,2.486736,0.505406,0.505036
paper-64420-topk-3-depth-0,3,0,3,3,1.000000,0.975199,0.024801,0.000000,0.000000,0.000000,3,3,0,1.000000,0.200000,1,2,2,2,2,0.918296,0.918296,0.666667,0.666667
paper-64420-topk-3-depth-1,3,1,3,3,1.000000,0.975199,0.024801,0.000000,0.000000,0.000000,34,40,-6,0.850000,0.574468,27,7,13,6,5,1.193876,1.365493,0.794118,0.700000
paper-64420-topk-3-depth-2,3,2,3,3,1.000000,0.975199,0.024801,0.000000,0.000000,0.000000,5668,5758,-90,0.984370,0.965256,5612,56,146,30,30,2.472825,2.516382,0.510233,0.498437
paper-64420-topk-5-depth-0,5,0,5,5,1.000000,0.968857,0.031143,0.000000,0.025000,-0.025000,5,5,0,1.000000,0.111111,1,4,4,3,3,1.370951,1.521928,0.600000,0.400000
paper-64420-topk-5-depth-1,5,1,5,5,1.000000,0.968857,0.031143,0.000000,0.025000,-0.025000,39,45,-6,0.866667,0.063291,5,34,40,5,8,0.798896,1.869357,0.871795,0.622222
paper-64420-topk-5-depth-2,5,2,5,5,1.000000,0.968857,0.031143,0.000000,0.025000,-0.025000,7029,6256,773,1.123561,0.704298,5490,1539,766,31,31,2.325610,2.634697,0.560819,0.463555
paper-64420-topk-10-depth-0,10,0,10,10,1.000000,0.963798,0.036202,0.000000,0.034242,-0.034242,10,10,0,1.000000,0.176471,3,7,7,4,5,1.356780,2.121928,0.700000,0.400000
paper-64420-topk-10-depth-1,10,1,10,10,1.000000,0.963798,0.036202,0.000000,0.034242,-0.034242,99,83,16,1.192771,0.174194,27,72,56,12,10,1.881926,1.648177,0.676768,0.722892
paper-64420-topk-10-depth-2,10,2,10,10,1.000000,0.963798,0.036202,0.000000,0.034242,-0.034242,23643,10736,12907,2.202217,0.338121,8687,14956,2049,37,35,2.692367,2.452608,0.302965,0.498789
paper-126167-topk-1-depth-0,1,0,1,1,1.000000,0.970721,0.029279,,,,1,1,0,1.000000,0.000000,0,1,1,1,1,0.000000,0.000000,1.000000,1.000000
paper-126167-topk-1-depth-1,1,1,1,1,1.000000,0.970721,0.029279,,,,13,61,-48,0.213115,0.088235,6,7,55,4,8,1.950064,1.957038,0.307692,0.573770
paper-126167-topk-1-depth-2,1,2,1,1,1.000000,0.970721,0.029279,,,,19508,20960,-1452,0.930725,0.913471,19319,189,1641,34,37,1.919590,2.034546,0.627691,0.600000
paper-126167-topk-3-depth-0,3,0,3,3,1.000000,0.969342,0.030658,0.000000,0.022611,-0.022611,3,3,0,1.000000,0.200000,1,2,2,2,1,0.918296,0.000000,0.666667,1.000000
paper-126167-topk-3-depth-1,3,1,3,3,1.000000,0.969342,0.030658,0.000000,0.022611,-0.022611,99,122,-23,0.811475,0.355828,58,41,64,10,11,2.142657,2.093468,0.414141,0.581967
paper-126167-topk-3-depth-2,3,2,3,3,1.000000,0.969342,0.030658,0.000000,0.022611,-0.022611,18001,21916,-3915,0.821363,0.668283,15990,2011,5926,36,37,2.021988,2.118650,0.612799,0.581219
paper-126167-topk-5-depth-0,5,0,5,5,1.000000,0.968533,0.031467,0.000000,0.042082,-0.042082,5,5,0,1.000000,0.111111,1,4,4,2,2,0.721928,0.970951,0.800000,0.600000
paper-126167-topk-5-depth-1,5,1,5,5,1.000000,0.968533,0.031467,0.000000,0.042082,-0.042082,114,162,-48,0.703704,0.283721,61,53,101,12,11,2.366599,2.046567,0.412281,0.518519
paper-126167-topk-5-depth-2,5,2,5,5,1.000000,0.968533,0.031467,0.000000,0.042082,-0.042082,22182,32048,-9866,0.692149,0.570200,19693,2489,12355,37,39,2.349162,2.425428,0.518529,0.491045
paper-126167-topk-10-depth-0,10,0,10,10,1.000000,0.967500,0.032500,0.000000,0.015520,-0.015520,10,10,0,1.000000,0.000000,0,10,10,4,3,1.356780,1.295462,0.700000,0.600000
paper-126167-topk-10-depth-1,10,1,10,10,1.000000,0.967500,0.032500,0.000000,0.015520,-0.015520,183,384,-201,0.476562,0.048059,26,157,358,13,11,2.187373,1.790818,0.475410,0.570312
paper-126167-topk-10-depth-2,10,2,10,10,1.000000,0.967500,0.032500,0.000000,0.015520,-0.015520,36333,38570,-2237,0.942002,0.792152,33108,3225,5462,38,40,2.491567,2.466082,0.447830,0.469147
paper-393-topk-1-depth-0,1,0,1,1,1.000000,0.946270,0.053730,,,,1,1,0,1.000000,0.000000,0,1,1,1,1,0.000000,0.000000,1.000000,1.000000
paper-393-topk-1-depth-1,1,1,1,1,1.000000,0.946270,0.053730,,,,3,11,-8,0.272727,0.000000,0,3,11,2,5,0.918296,2.118078,0.666667,0.363636
paper-393-topk-1-depth-2,1,2,1,1,1.000000,0.946270,0.053730,,,,345,68,277,5.073529,0.000000,0,345,68,19,7,2.963604,1.852008,0.365217,0.544118
paper-393-topk-3-depth-0,3,0,3,3,1.000000,0.944890,0.055110,0.000000,0.000000,0.000000,3,3,0,1.000000,0.000000,0,3,3,3,3,1.584963,1.584963,0.333333,0.333333
paper-393-topk-3-depth-1,3,1,3,3,1.000000,0.944890,0.055110,0.000000,0.000000,0.000000,23,28,-5,0.821429,0.000000,0,23,28,8,7,2.305321,2.178230,0.521739,0.464286
paper-393-topk-3-depth-2,3,2,3,3,1.000000,0.944890,0.055110,0.000000,0.000000,0.000000,10919,12920,-2001,0.845124,0.127033,2687,8232,10233,35,35,2.730195,1.709731,0.331715,0.714628
paper-393-topk-5-depth-0,5,0,5,5,1.000000,0.944895,0.055105,0.000000,0.007692,-0.007692,5,5,0,1.000000,0.111111,1,4,4,3,4,1.521928,1.921928,0.400000,0.400000
paper-393-topk-5-depth-1,5,1,5,5,1.000000,0.944895,0.055105,0.000000,0.007692,-0.007692,39,43,-4,0.906977,0.154930,11,28,32,9,9,2.246776,2.528888,0.435897,0.325581
paper-393-topk-5-depth-2,5,2,5,5,1.000000,0.944895,0.055105,0.000000,0.007692,-0.007692,21135,22150,-1015,0.954176,0.578477,15863,5272,6287,36,38,2.389554,2.425685,0.522451,0.449300
paper-393-topk-10-depth-0,10,0,10,10,1.000000,0.944575,0.055425,0.000000,0.004108,-0.004108,10,10,0,1.000000,0.250000,4,6,6,7,7,2.646439,2.646439,0.300000,0.300000
paper-393-topk-10-depth-1,10,1,10,10,1.000000,0.944575,0.055425,0.000000,0.004108,-0.004108,63,96,-33,0.656250,0.272000,34,29,62,12,17,2.869394,3.282612,0.317460,0.239583
paper-393-topk-10-depth-2,10,2,10,10,1.000000,0.944575,0.055425,0.000000,0.004108,-0.004108,29423,24687,4736,1.191842,0.522981,18581,10842,6106,38,38,2.537311,2.724651,0.455086,0.406287
paper-162048-topk-1-depth-0,1,0,1,1,1.000000,0.967490,0.032510,,,,1,1,0,1.000000,0.000000,0,1,1,1,1,0.000000,0.000000,1.000000,1.000000
paper-162048-topk-1-depth-1,1,1,1,1,1.000000,0.967490,0.032510,,,,179,7,172,25.571429,0.000000,0,179,7,13,5,2.109425,2.235926,0.547486,0.285714
paper-162048-topk-1-depth-2,1,2,1,1,1.000000,0.967490,0.032510,,,,16420,103,16317,159.417476,0.002731,45,16375,58,37,10,2.511865,2.500599,0.476431,0.310680
paper-162048-topk-3-depth-0,3,0,3,3,1.000000,0.965436,0.034564,0.000000,0.000000,0.000000,3,3,0,1.000000,0.000000,0,3,3,3,2,1.584963,0.918296,0.333333,0.666667
paper-162048-topk-3-depth-1,3,1,3,3,1.000000,0.965436,0.034564,0.000000,0.000000,0.000000,209,104,105,2.009615,0.016234,5,204,99,14,6,2.374713,0.902754,0.492823,0.846154
paper-162048-topk-3-depth-2,3,2,3,3,1.000000,0.965436,0.034564,0.000000,0.000000,0.000000,29034,30518,-1484,0.951373,0.697218,24464,4570,6054,38,36,2.633385,2.391937,0.402356,0.486795
paper-162048-topk-5-depth-0,5,0,5,5,1.000000,0.971998,0.028002,0.001020,0.026894,-0.025874,5,5,0,1.000000,0.111111,1,4,4,3,2,1.370951,0.721928,0.600000,0.800000
paper-162048-topk-5-depth-1,5,1,5,5,1.000000,0.971998,0.028002,0.001020,0.026894,-0.025874,530,136,394,3.897059,0.039002,25,505,111,13,9,1.140087,1.530565,0.820755,0.661765
paper-162048-topk-5-depth-2,5,2,5,5,1.000000,0.971998,0.028002,0.001020,0.026894,-0.025874,29774,33732,-3958,0.882663,0.669365,25464,4310,8268,37,36,2.218533,2.417992,0.557769,0.478062
paper-162048-topk-10-depth-0,10,0,10,10,1.000000,0.968011,0.031989,0.000273,0.013850,-0.013577,10,10,0,1.000000,0.111111,2,8,8,5,3,2.121928,1.360964,0.400000,0.500000
paper-162048-topk-10-depth-1,10,1,10,10,1.000000,0.968011,0.031989,0.000273,0.013850,-0.013577,899,210,689,4.280952,0.033551,36,863,174,22,11,1.902180,1.677338,0.583982,0.633333
paper-162048-topk-10-depth-2,10,2,10,10,1.000000,0.968011,0.031989,0.000273,0.013850,-0.013577,39698,37574,2124,1.056528,0.783872,33955,5743,3619,38,39,2.519026,2.470084,0.467479,0.467371
paper-155675-topk-1-depth-0,1,0,1,1,1.000000,0.970316,0.029684,,,,1,1,0,1.000000,0.000000,0,1,1,1,1,0.000000,0.000000,1.000000,1.000000
paper-155675-topk-1-depth-1,1,1,1,1,1.000000,0.970316,0.029684,,,,4,22,-18,0.181818,0.000000,0,4,22,1,1,0.000000,0.000000,1.000000,1.000000
paper-155675-topk-1-depth-2,1,2,1,1,1.000000,0.970316,0.029684,,,,124,1345,-1221,0.092193,0.003415,5,119,1340,4,15,0.476524,0.939310,0.927419,0.860967
paper-155675-topk-3-depth-0,3,0,3,3,1.000000,0.971111,0.028889,0.000000,0.028046,-0.028046,3,3,0,1.000000,0.000000,0,3,3,1,1,0.000000,0.000000,1.000000,1.000000
paper-155675-topk-3-depth-1,3,1,3,3,1.000000,0.971111,0.028889,0.000000,0.028046,-0.028046,81,109,-28,0.743119,0.165644,27,54,82,4,3,0.543559,0.343238,0.913580,0.944954
paper-155675-topk-3-depth-2,3,2,3,3,1.000000,0.971111,0.028889,0.000000,0.028046,-0.028046,24038,26926,-2888,0.892743,0.548917,18061,5977,8865,36,37,2.265716,2.252319,0.497504,0.529525
paper-155675-topk-5-depth-0,5,0,5,5,1.000000,0.970411,0.029589,0.000305,0.015108,-0.014803,5,5,0,1.000000,0.000000,0,5,5,1,1,0.000000,0.000000,1.000000,1.000000
paper-155675-topk-5-depth-1,5,1,5,5,1.000000,0.970411,0.029589,0.000305,0.015108,-0.014803,344,143,201,2.405594,0.111872,49,295,94,9,3,0.720925,0.310887,0.898256,0.951049
paper-155675-topk-5-depth-2,5,2,5,5,1.000000,0.970411,0.029589,0.000305,0.015108,-0.014803,27796,28682,-886,0.969110,0.603077,21247,6549,7435,38,37,2.096524,2.226840,0.593287,0.542745
paper-155675-topk-10-depth-0,10,0,10,10,1.000000,0.969456,0.030544,0.000000,0.018043,-0.018043,10,10,0,1.000000,0.000000,0,10,10,3,1,1.156780,0.000000,0.700000,1.000000
paper-155675-topk-10-depth-1,10,1,10,10,1.000000,0.969456,0.030544,0.000000,0.018043,-0.018043,376,231,145,1.627706,0.093694,52,324,179,11,5,1.172479,0.480337,0.808511,0.922078
paper-155675-topk-10-depth-2,10,2,10,10,1.000000,0.969456,0.030544,0.000000,0.018043,-0.018043,25596,33271,-7675,0.769319,0.604661,22182,3414,11089,38,38,2.395248,2.300073,0.493280,0.516155
paper-106929-topk-1-depth-0,1,0,1,1,1.000000,0.997362,0.002638,,,,1,1,0,1.000000,0.000000,0,1,1,1,1,0.000000,0.000000,1.000000,1.000000
paper-106929-topk-1-depth-1,1,1,1,1,1.000000,0.997362,0.002638,,,,14,140,-126,0.100000,0.000000,0,14,140,5,6,1.832249,1.841858,0.500000,0.414286
paper-106929-topk-1-depth-2,1,2,1,1,1.000000,0.997362,0.002638,,,,2419,7017,-4598,0.344734,0.018237,169,2250,6848,30,32,2.573165,2.434986,0.438611,0.350150
paper-106929-topk-3-depth-0,3,0,3,3,1.000000,0.981696,0.018304,0.000000,0.000000,0.000000,3,3,0,1.000000,0.000000,0,3,3,3,2,1.584963,0.918296,0.333333,0.666667
paper-106929-topk-3-depth-1,3,1,3,3,1.000000,0.981696,0.018304,0.000000,0.000000,0.000000,52,173,-121,0.300578,0.008969,2,50,171,10,7,2.902002,2.044791,0.230769,0.393064
paper-106929-topk-3-depth-2,3,2,3,3,1.000000,0.981696,0.018304,0.000000,0.000000,0.000000,29832,16219,13613,1.839324,0.269812,9785,20047,6434,39,36,2.424519,2.586910,0.476334,0.360318
paper-106929-topk-5-depth-0,5,0,5,5,1.000000,0.977838,0.022162,0.000000,0.000000,0.000000,5,5,0,1.000000,0.111111,1,4,4,4,3,1.921928,1.521928,0.400000,0.400000
paper-106929-topk-5-depth-1,5,1,5,5,1.000000,0.977838,0.022162,0.000000,0.000000,0.000000,30,198,-168,0.151515,0.070423,15,15,183,8,9,2.586569,2.136699,0.266667,0.343434
paper-106929-topk-5-depth-2,5,2,5,5,1.000000,0.977838,0.022162,0.000000,0.000000,0.000000,7568,26428,-18860,0.286363,0.215489,6027,1541,20401,37,40,2.458305,2.439504,0.513874,0.468745
paper-106929-topk-10-depth-0,10,0,10,10,1.000000,0.973204,0.026796,0.000000,0.003168,-0.003168,10,10,0,1.000000,0.052632,1,9,9,4,4,1.970951,1.760964,0.300000,0.500000
paper-106929-topk-10-depth-1,10,1,10,10,1.000000,0.973204,0.026796,0.000000,0.003168,-0.003168,160,250,-90,0.640000,0.099196,37,123,213,11,13,2.246168,2.425587,0.362500,0.308000
paper-106929-topk-10-depth-2,10,2,10,10,1.000000,0.973204,0.026796,0.000000,0.003168,-0.003168,21810,28418,-6608,0.767471,0.444620,15459,6351,12959,39,40,2.617194,2.550586,0.377121,0.442431
paper-39253-topk-1-depth-0,1,0,1,1,1.000000,0.983694,0.016306,,,,1,1,0,1.000000,0.000000,0,1,1,1,1,0.000000,0.000000,1.000000,1.000000
paper-39253-topk-1-depth-1,1,1,1,1,1.000000,0.983694,0.016306,,,,8,9,-1,0.888889,0.307692,4,4,5,2,1,0.543564,0.000000,0.875000,1.000000
paper-39253-topk-1-depth-2,1,2,1,1,1.000000,0.983694,0.016306,,,,7917,7518,399,1.053073,0.423630,4593,3324,2925,35,33,2.431822,2.096516,0.506631,0.566241
paper-39253-topk-3-depth-0,3,0,3,3,1.000000,0.982936,0.017064,0.000000,0.158120,-0.158120,3,3,0,1.000000,0.200000,1,2,2,2,1,0.918296,0.000000,0.666667,1.000000
paper-39253-topk-3-depth-1,3,1,3,3,1.000000,0.982936,0.017064,0.000000,0.158120,-0.158120,88,19,69,4.631579,0.080808,8,80,11,9,3,1.700885,0.774243,0.681818,0.842105
paper-39253-topk-3-depth-2,3,2,3,3,1.000000,0.982936,0.017064,0.000000,0.158120,-0.158120,21145,13978,7167,1.512734,0.398543,10009,11136,3969,38,37,2.609533,2.481121,0.342067,0.449921
paper-39253-topk-5-depth-0,5,0,5,5,1.000000,0.976126,0.023874,0.000000,0.047436,-0.047436,5,5,0,1.000000,0.111111,1,4,4,2,2,0.721928,0.721928,0.800000,0.800000
paper-39253-topk-5-depth-1,5,1,5,5,1.000000,0.976126,0.023874,0.000000,0.047436,-0.047436,102,32,70,3.187500,0.063492,8,94,24,10,7,1.952784,1.915308,0.617647,0.562500
paper-39253-topk-5-depth-2,5,2,5,5,1.000000,0.976126,0.023874,0.000000,0.047436,-0.047436,21283,14064,7219,1.513296,0.397225,10049,11234,4015,38,37,2.626256,2.484450,0.339849,0.449374
paper-39253-topk-10-depth-0,10,0,10,10,1.000000,0.969793,0.030207,0.000000,0.022005,-0.022005,10,10,0,1.000000,0.052632,1,9,9,5,3,1.770951,0.921928,0.600000,0.800000
paper-39253-topk-10-depth-1,10,1,10,10,1.000000,0.969793,0.030207,0.000000,0.022005,-0.022005,136,91,45,1.494505,0.101942,21,115,70,9,9,1.540003,1.887530,0.720588,0.538462
paper-39253-topk-10-depth-2,10,2,10,10,1.000000,0.969793,0.030207,0.000000,0.022005,-0.022005,31427,15075,16352,2.084710,0.389571,13037,18390,2038,37,37,2.528737,2.490406,0.394215,0.453599
paper-83316-topk-1-depth-0,1,0,1,1,1.000000,0.999689,0.000311,,,,1,1,0,1.000000,0.000000,0,1,1,1,1,0.000000,0.000000,1.000000,1.000000
paper-83316-topk-1-depth-1,1,1,1,1,1.000000,0.999689,0.000311,,,,6,5,1,1.200000,0.100000,1,5,4,2,2,0.918296,0.721928,0.666667,0.800000
paper-83316-topk-1-depth-2,1,2,1,1,1.000000,0.999689,0.000311,,,,1689,1760,-71,0.959659,0.320444,837,852,923,28,24,2.487385,2.331014,0.503256,0.571591
paper-83316-topk-3-depth-0,3,0,3,3,1.000000,0.968668,0.031332,0.000000,0.083333,-0.083333,3,3,0,1.000000,0.000000,0,3,3,2,2,0.918296,0.918296,0.666667,0.666667
paper-83316-topk-3-depth-1,3,1,3,3,1.000000,0.968668,0.031332,0.000000,0.083333,-0.083333,19,11,8,1.727273,0.111111,3,16,8,5,4,1.893767,1.277613,0.526316,0.727273
paper-83316-topk-3-depth-2,3,2,3,3,1.000000,0.968668,0.031332,0.000000,0.083333,-0.083333,4788,2058,2730,2.326531,0.249270,1366,3422,692,29,25,2.596290,2.284153,0.493525,0.590379
paper-83316-topk-5-depth-0,5,0,5,5,1.000000,0.962149,0.037851,0.000000,0.025000,-0.025000,5,5,0,1.000000,0.000000,0,5,5,2,2,0.721928,0.721928,0.800000,0.800000
paper-83316-topk-5-depth-1,5,1,5,5,1.000000,0.962149,0.037851,0.000000,0.025000,-0.025000,40,25,15,1.600000,0.031746,2,38,23,5,5,1.163554,1.371315,0.775000,0.720000
paper-83316-topk-5-depth-2,5,2,5,5,1.000000,0.962149,0.037851,0.000000,0.025000,-0.025000,7377,2358,5019,3.128499,0.140063,1196,6181,1162,34,27,2.328065,2.335847,0.540328,0.582697
paper-83316-topk-10-depth-0,10,0,10,10,1.000000,0.956179,0.043821,0.000000,0.056481,-0.056481,10,10,0,1.000000,0.052632,1,9,9,3,3,0.921928,1.156780,0.800000,0.700000
paper-83316-topk-10-depth-1,10,1,10,10,1.000000,0.956179,0.043821,0.000000,0.056481,-0.056481,65,39,26,1.666667,0.106383,10,55,29,6,6,1.654699,1.468207,0.630769,0.717949
paper-83316-topk-10-depth-2,10,2,10,10,1.000000,0.956179,0.043821,0.000000,0.056481,-0.056481,8309,8008,301,1.037587,0.427684,4888,3421,3120,35,34,2.417252,2.626614,0.515465,0.477522
paper-46468-topk-1-depth-0,1,0,1,1,1.000000,0.954994,0.045006,,,,1,1,0,1.000000,0.000000,0,1,1,1,1,0.000000,0.000000,1.000000,1.000000
paper-46468-topk-1-depth-1,1,1,1,1,1.000000,0.954994,0.045006,,,,3,13,-10,0.230769,0.000000,0,3,13,2,2,0.918296,0.391244,0.666667,0.923077
paper-46468-topk-1-depth-2,1,2,1,1,1.000000,0.954994,0.045006,,,,22,50,-28,0.440000,0.000000,0,22,50,3,3,1.143320,0.382543,0.636364,0.940000
paper-46468-topk-3-depth-0,3,0,3,3,1.000000,0.972509,0.027491,0.000000,0.000000,0.000000,3,3,0,1.000000,0.200000,1,2,2,1,1,0.000000,0.000000,1.000000,1.000000
paper-46468-topk-3-depth-1,3,1,3,3,1.000000,0.972509,0.027491,0.000000,0.000000,0.000000,14,20,-6,0.700000,0.096774,3,11,17,4,3,1.089230,0.568996,0.785714,0.900000
paper-46468-topk-3-depth-2,3,2,3,3,1.000000,0.972509,0.027491,0.000000,0.000000,0.000000,84,83,1,1.012048,0.176056,25,59,58,7,6,0.936561,1.030474,0.845238,0.819277
paper-46468-topk-5-depth-0,5,0,5,5,1.000000,0.963353,0.036647,0.000000,0.000000,0.000000,5,5,0,1.000000,0.111111,1,4,4,2,1,0.721928,0.000000,0.800000,1.000000
paper-46468-topk-5-depth-1,5,1,5,5,1.000000,0.963353,0.036647,0.000000,0.000000,0.000000,27,26,1,1.038462,0.060000,3,24,23,4,3,1.042344,0.468167,0.777778,0.923077
paper-46468-topk-5-depth-2,5,2,5,5,1.000000,0.963353,0.036647,0.000000,0.000000,0.000000,157,93,64,1.688172,0.111111,25,132,68,11,7,1.075525,1.031696,0.834395,0.827957
paper-46468-topk-10-depth-0,10,0,10,10,1.000000,0.958024,0.041976,0.000000,0.001010,-0.001010,10,10,0,1.000000,0.052632,1,9,9,4,2,1.356780,0.468996,0.700000,0.900000
paper-46468-topk-10-depth-1,10,1,10,10,1.000000,0.958024,0.041976,0.000000,0.001010,-0.001010,63,52,11,1.211538,0.036036,4,59,48,7,5,1.256876,1.099108,0.777778,0.788462
paper-46468-topk-10-depth-2,10,2,10,10,1.000000,0.958024,0.041976,0.000000,0.001010,-0.001010,446,200,246,2.230000,0.053834,33,413,167,17,10,2.011061,1.370791,0.594170,0.745000
paper-156091-topk-1-depth-0,1,0,1,1,1.000000,0.975241,0.024759,,,,1,1,0,1.000000,0.000000,0,1,1,1,1,0.000000,0.000000,1.000000,1.000000
paper-156091-topk-1-depth-1,1,1,1,1,1.000000,0.975241,0.024759,,,,74,14,60,5.285714,0.011494,1,73,13,5,2,0.551313,0.371232,0.918919,0.928571
paper-156091-topk-1-depth-2,1,2,1,1,1.000000,0.975241,0.024759,,,,16425,6032,10393,2.722977,0.244362,4410,12015,1622,35,30,1.699326,1.107169,0.710868,0.824602
paper-156091-topk-3-depth-0,3,0,3,3,1.000000,0.973710,0.026290,0.000000,0.059671,-0.059671,3,3,0,1.000000,0.000000,0,3,3,1,1,0.000000,0.000000,1.000000,1.000000
paper-156091-topk-3-depth-1,3,1,3,3,1.000000,0.973710,0.026290,0.000000,0.059671,-0.059671,25,95,-70,0.263158,0.043478,5,20,90,2,5,0.402179,0.515278,0.920000,0.926316
paper-156091-topk-3-depth-2,3,2,3,3,1.000000,0.973710,0.026290,0.000000,0.059671,-0.059671,26804,18487,8317,1.449884,0.448385,14021,12783,4466,36,35,2.269965,1.693271,0.522422,0.711202
paper-156091-topk-5-depth-0,5,0,5,5,1.000000,0.978286,0.021714,0.000000,0.067645,-0.067645,5,5,0,1.000000,0.000000,0,5,5,2,1,0.721928,0.000000,0.800000,1.000000
paper-156091-topk-5-depth-1,5,1,5,5,1.000000,0.978286,0.021714,0.000000,0.067645,-0.067645,38,118,-80,0.322034,0.061224,9,29,109,2,6,0.742488,0.764052,0.789474,0.872881
paper-156091-topk-5-depth-2,5,2,5,5,1.000000,0.978286,0.021714,0.000000,0.067645,-0.067645,20705,32493,-11788,0.637214,0.613527,20228,477,12265,38,36,2.323462,2.257553,0.490268,0.541440
paper-156091-topk-10-depth-0,10,0,10,10,1.000000,0.974327,0.025673,0.000419,0.072575,-0.072156,10,10,0,1.000000,0.052632,1,9,9,2,1,0.721928,0.000000,0.800000,1.000000
paper-156091-topk-10-depth-1,10,1,10,10,1.000000,0.974327,0.025673,0.000419,0.072575,-0.072156,123,142,-19,0.866197,0.099585,24,99,118,4,7,0.568504,0.769414,0.894309,0.880282
paper-156091-topk-10-depth-2,10,2,10,10,1.000000,0.974327,0.025673,0.000419,0.072575,-0.072156,30966,33194,-2228,0.932879,0.880257,30037,929,3157,38,38,2.248580,2.296544,0.539979,0.534675
paper-168019-topk-1-depth-0,1,0,1,1,1.000000,0.955161,0.044839,,,,1,1,0,1.000000,0.000000,0,1,1,1,1,0.000000,0.000000,1.000000,1.000000
paper-168019-topk-1-depth-1,1,1,1,1,1.000000,0.955161,0.044839,,,,3,10,-7,0.300000,0.000000,0,3,10,1,4,0.000000,1.846439,1.000000,0.400000
paper-168019-topk-1-depth-2,1,2,1,1,1.000000,0.955161,0.044839,,,,10,657,-647,0.015221,0.000000,0,10,657,1,21,0.000000,2.719378,1.000000,0.354642
paper-168019-topk-3-depth-0,3,0,3,3,1.000000,0.953557,0.046443,0.000000,0.000000,0.000000,3,3,0,1.000000,0.000000,0,3,3,2,3,0.918296,1.584963,0.666667,0.333333
paper-168019-topk-3-depth-1,3,1,3,3,1.000000,0.953557,0.046443,0.000000,0.000000,0.000000,11,40,-29,0.275000,0.000000,0,11,40,3,7,1.348588,2.503511,0.454545,0.275000
paper-168019-topk-3-depth-2,3,2,3,3,1.000000,0.953557,0.046443,0.000000,0.000000,0.000000,89,15123,-15034,0.005885,0.001053,16,73,15107,13,39,2.050901,2.226400,0.561798,0.560206
paper-168019-topk-5-depth-0,5,0,5,5,1.000000,0.953502,0.046498,0.000000,0.000000,0.000000,5,5,0,1.000000,0.111111,1,4,4,4,4,1.921928,1.921928,0.400000,0.400000
paper-168019-topk-5-depth-1,5,1,5,5,1.000000,0.953502,0.046498,0.000000,0.000000,0.000000,33,46,-13,0.717391,0.253968,16,17,30,5,8,2.285255,2.730344,0.272727,0.239130
paper-168019-topk-5-depth-2,5,2,5,5,1.000000,0.953502,0.046498,0.000000,0.000000,0.000000,15270,15143,127,1.008387,0.878737,14225,1045,918,38,39,2.131897,2.231262,0.557891,0.559863
paper-168019-topk-10-depth-0,10,0,10,10,1.000000,0.952502,0.047498,0.000000,0.001010,-0.001010,10,10,0,1.000000,0.052632,1,9,9,6,6,2.160964,2.370951,0.500000,0.300000
paper-168019-topk-10-depth-1,10,1,10,10,1.000000,0.952502,0.047498,0.000000,0.001010,-0.001010,71,74,-3,0.959459,0.124031,16,55,58,12,10,3.244926,2.773162,0.211268,0.324324
paper-168019-topk-10-depth-2,10,2,10,10,1.000000,0.952502,0.047498,0.000000,0.001010,-0.001010,16828,20242,-3414,0.831341,0.627590,14294,2534,5948,38,39,2.422532,2.176893,0.516045,0.583440
paper-146975-topk-1-depth-0,1,0,1,1,1.000000,0.999893,0.000107,,,,1,1,0,1.000000,0.000000,0,1,1,1,1,0.000000,0.000000,1.000000,1.000000
paper-146975-topk-1-depth-1,1,1,1,1,1.000000,0.999893,0.000107,,,,9,5,4,1.800000,0.000000,0,9,5,1,2,0.000000,0.721928,1.000000,0.800000
paper-146975-topk-1-depth-2,1,2,1,1,1.000000,0.999893,0.000107,,,,204,22,182,9.272727,0.000000,0,204,22,6,3,0.471942,0.831544,0.936275,0.818182
paper-146975-topk-3-depth-0,3,0,3,3,1.000000,0.980241,0.019759,0.000000,0.083333,-0.083333,3,3,0,1.000000,0.000000,0,3,3,2,2,0.918296,0.918296,0.666667,0.666667
paper-146975-topk-3-depth-1,3,1,3,3,1.000000,0.980241,0.019759,0.000000,0.083333,-0.083333,32,12,20,2.666667,0.000000,0,32,12,4,4,1.009186,1.614005,0.781250,0.583333
paper-146975-topk-3-depth-2,3,2,3,3,1.000000,0.980241,0.019759,0.000000,0.083333,-0.083333,21673,69,21604,314.101449,0.000184,4,21669,65,36,8,2.312120,1.617825,0.508744,0.666667
paper-146975-topk-5-depth-0,5,0,5,5,1.000000,0.974781,0.025219,0.000000,0.025000,-0.025000,5,5,0,1.000000,0.000000,0,5,5,3,2,1.370951,0.970951,0.600000,0.600000
paper-146975-topk-5-depth-1,5,1,5,5,1.000000,0.974781,0.025219,0.000000,0.025000,-0.025000,43,31,12,1.387097,0.000000,0,43,31,6,4,1.133628,1.447452,0.790698,0.483871
paper-146975-topk-5-depth-2,5,2,5,5,1.000000,0.974781,0.025219,0.000000,0.025000,-0.025000,23155,182,22973,127.225275,0.001029,24,23131,158,37,11,2.264588,1.729383,0.528914,0.456044
paper-146975-topk-10-depth-0,10,0,10,10,1.000000,0.969089,0.030911,0.000000,0.005556,-0.005556,10,10,0,1.000000,0.052632,1,9,9,6,3,2.446439,1.295462,0.300000,0.600000
paper-146975-topk-10-depth-1,10,1,10,10,1.000000,0.969089,0.030911,0.000000,0.005556,-0.005556,95,110,-15,0.863636,0.025000,5,90,105,9,6,2.294574,1.591190,0.431579,0.500000
paper-146975-topk-10-depth-2,10,2,10,10,1.000000,0.969089,0.030911,0.000000,0.005556,-0.005556,23548,7407,16141,3.179155,0.169570,4488,19060,2919,38,33,2.335312,1.495405,0.522592,0.737951
paper-66674-topk-1-depth-0,1,0,1,1,1.000000,0.968194,0.031806,,,,1,1,0,1.000000,0.000000,0,1,1,1,1,0.000000,0.000000,1.000000,1.000000
paper-66674-topk-1-depth-1,1,1,1,1,1.000000,0.968194,0.031806,,,,99,563,-464,0.175844,0.027950,18,81,545,9,21,1.725953,2.456632,0.595960,0.367673
paper-66674-topk-1-depth-2,1,2,1,1,1.000000,0.968194,0.031806,,,,860,4118,-3258,0.208839,0.111409,499,361,3619,23,34,2.100786,2.789650,0.517442,0.295532
paper-66674-topk-3-depth-0,3,0,3,3,1.000000,0.962245,0.037755,0.000000,0.010530,-0.010530,3,3,0,1.000000,0.200000,1,2,2,1,2,0.000000,0.918296,1.000000,0.666667
paper-66674-topk-3-depth-1,3,1,3,3,1.000000,0.962245,0.037755,0.000000,0.010530,-0.010530,104,644,-540,0.161491,0.157895,102,2,542,10,21,1.780604,2.423957,0.596154,0.389752
paper-66674-topk-3-depth-2,3,2,3,3,1.000000,0.962245,0.037755,0.000000,0.010530,-0.010530,1351,4479,-3128,0.301630,0.294118,1325,26,3154,26,34,2.390949,2.764608,0.451517,0.318375
paper-66674-topk-5-depth-0,5,0,5,5,1.000000,0.958295,0.041705,0.000000,0.009420,-0.009420,5,5,0,1.000000,0.111111,1,4,4,2,3,0.970951,1.521928,0.600000,0.400000
paper-66674-topk-5-depth-1,5,1,5,5,1.000000,0.958295,0.041705,0.000000,0.009420,-0.009420,134,661,-527,0.202723,0.145533,101,33,560,12,21,1.942499,2.457154,0.507463,0.384266
paper-66674-topk-5-depth-2,5,2,5,5,1.000000,0.958295,0.041705,0.000000,0.009420,-0.009420,1983,4850,-2867,0.408866,0.248493,1360,623,3490,32,34,2.876423,2.758448,0.328290,0.322062
paper-66674-topk-10-depth-0,10,0,10,10,1.000000,0.953039,0.046961,0.000000,0.020150,-0.020150,10,10,0,1.000000,0.111111,2,8,8,6,4,2.370951,1.846439,0.300000,0.400000
paper-66674-topk-10-depth-1,10,1,10,10,1.000000,0.953039,0.046961,0.000000,0.020150,-0.020150,177,700,-523,0.252857,0.143416,110,67,590,19,24,2.771826,2.515956,0.389831,0.365714
paper-66674-topk-10-depth-2,10,2,10,10,1.000000,0.953039,0.046961,0.000000,0.020150,-0.020150,2422,5015,-2593,0.482951,0.337109,1875,547,3140,34,34,3.017786,2.775565,0.300578,0.314257
paper-143687-topk-1-depth-0,1,0,1,1,1.000000,0.998826,0.001174,,,,1,1,0,1.000000,0.000000,0,1,1,1,1,0.000000,0.000000,1.000000,1.000000
paper-143687-topk-1-depth-1,1,1,1,1,1.000000,0.998826,0.001174,,,,219,26,193,8.423077,0.008230,2,217,24,10,3,1.363860,0.621904,0.748858,0.884615
paper-143687-topk-1-depth-2,1,2,1,1,1.000000,0.998826,0.001174,,,,5009,18286,-13277,0.273925,0.142640,2908,2101,15378,31,36,2.401061,2.594588,0.507686,0.300722
paper-143687-topk-3-depth-0,3,0,3,3,1.000000,0.983030,0.016970,0.000000,0.000000,0.000000,3,3,0,1.000000,0.000000,0,3,3,1,1,0.000000,0.000000,1.000000,1.000000
paper-143687-topk-3-depth-1,3,1,3,3,1.000000,0.983030,0.016970,0.000000,0.000000,0.000000,45,38,7,1.184211,0.136986,10,35,28,2,4,0.262311,0.643355,0.955556,0.894737
paper-143687-topk-3-depth-2,3,2,3,3,1.000000,0.983030,0.016970,0.000000,0.000000,0.000000,6551,18399,-11848,0.356052,0.163821,3512,3039,14887,31,36,2.347965,2.598578,0.546024,0.302136
paper-143687-topk-5-depth-0,5,0,5,5,1.000000,0.978773,0.021227,0.000000,0.004914,-0.004914,5,5,0,1.000000,0.000000,0,5,5,1,1,0.000000,0.000000,1.000000,1.000000
paper-143687-topk-5-depth-1,5,1,5,5,1.000000,0.978773,0.021227,0.000000,0.004914,-0.004914,86,196,-110,0.438776,0.064151,17,69,179,4,8,0.710360,0.716642,0.872093,0.897959
paper-143687-topk-5-depth-2,5,2,5,5,1.000000,0.978773,0.021227,0.000000,0.004914,-0.004914,20116,22371,-2255,0.899200,0.757768,18316,1800,4055,37,37,2.632550,2.638696,0.308560,0.323454
paper-143687-topk-10-depth-0,10,0,10,10,1.000000,0.974335,0.025665,0.000000,0.002650,-0.002650,10,10,0,1.000000,0.000000,0,10,10,5,3,1.960964,1.156780,0.500000,0.700000
paper-143687-topk-10-depth-1,10,1,10,10,1.000000,0.974335,0.025665,0.000000,0.002650,-0.002650,123,299,-176,0.411371,0.014423,6,117,293,8,12,2.208020,1.711455,0.422764,0.628763
paper-143687-topk-10-depth-2,10,2,10,10,1.000000,0.974335,0.025665,0.000000,0.002650,-0.002650,24742,37862,-13120,0.653478,0.530660,21704,3038,16158,38,38,2.451594,2.499297,0.454490,0.441128
paper-56366-topk-1-depth-0,1,0,1,1,1.000000,0.999205,0.000795,,,,1,1,0,1.000000,0.000000,0,1,1,1,1,0.000000,0.000000,1.000000,1.000000
paper-56366-topk-1-depth-1,1,1,1,1,1.000000,0.999205,0.000795,,,,12,8,4,1.500000,0.000000,0,12,8,2,2,0.650022,0.543564,0.833333,0.875000
paper-56366-topk-1-depth-2,1,2,1,1,1.000000,0.999205,0.000795,,,,227,54,173,4.203704,0.000000,0,227,54,11,10,1.551765,2.220524,0.665198,0.537037
paper-56366-topk-3-depth-0,3,0,3,3,1.000000,0.967062,0.032938,0.000000,0.000000,0.000000,3,3,0,1.000000,0.000000,0,3,3,3,2,1.584963,0.918296,0.333333,0.666667
paper-56366-topk-3-depth-1,3,1,3,3,1.000000,0.967062,0.032938,0.000000,0.000000,0.000000,32,20,12,1.600000,0.000000,0,32,20,6,6,1.902335,1.885475,0.406250,0.500000
paper-56366-topk-3-depth-2,3,2,3,3,1.000000,0.967062,0.032938,0.000000,0.000000,0.000000,694,538,156,1.289963,0.017341,21,673,517,23,22,2.773609,2.393448,0.381844,0.563197
paper-56366-topk-5-depth-0,5,0,5,5,1.000000,0.958944,0.041056,0.000000,0.000000,0.000000,5,5,0,1.000000,0.111111,1,4,4,4,3,1.921928,1.370951,0.400000,0.600000
paper-56366-topk-5-depth-1,5,1,5,5,1.000000,0.958944,0.041056,0.000000,0.000000,0.000000,42,24,18,1.750000,0.137931,8,34,16,7,8,1.963422,2.146241,0.452381,0.500000
paper-56366-topk-5-depth-2,5,2,5,5,1.000000,0.958944,0.041056,0.000000,0.000000,0.000000,752,552,200,1.362319,0.052462,65,687,487,24,24,2.867351,2.495748,0.357713,0.548913
paper-56366-topk-10-depth-0,10,0,10,10,1.000000,0.951208,0.048792,0.000000,0.003175,-0.003175,10,10,0,1.000000,0.052632,1,9,9,6,6,2.446439,2.160964,0.300000,0.500000
paper-56366-topk-10-depth-1,10,1,10,10,1.000000,0.951208,0.048792,0.000000,0.003175,-0.003175,76,67,9,1.134328,0.028777,4,72,63,12,11,2.480309,2.538104,0.342105,0.388060
paper-56366-topk-10-depth-2,10,2,10,10,1.000000,0.951208,0.048792,0.000000,0.003175,-0.003175,1193,3327,-2134,0.358581,0.025874,114,1079,3213,28,33,3.207556,2.819509,0.284996,0.486023
paper-15025-topk-1-depth-0,1,0,1,1,1.000000,0.999907,0.000093,,,,1,1,0,1.000000,1.000000,1,0,0,1,1,0.000000,0.000000,1.000000,1.000000
paper-15025-topk-1-depth-1,1,1,1,1,1.000000,0.999907,0.000093,,,,6,6,0,1.000000,1.000000,6,0,0,4,4,1.792481,1.792481,0.500000,0.500000
paper-15025-topk-1-depth-2,1,2,1,1,1.000000,0.999907,0.000093,,,,19386,19386,0,1.000000,1.000000,19386,0,0,37,37,1.944735,1.944735,0.632002,0.632002
paper-15025-topk-3-depth-0,3,0,3,3,1.000000,0.975535,0.024465,0.000000,0.016667,-0.016667,3,3,0,1.000000,0.200000,1,2,2,2,2,0.918296,0.918296,0.666667,0.666667
paper-15025-topk-3-depth-1,3,1,3,3,1.000000,0.975535,0.024465,0.000000,0.016667,-0.016667,16,26,-10,0.615385,0.166667,6,10,20,9,4,2.852217,1.149660,0.312500,0.730769
paper-15025-topk-3-depth-2,3,2,3,3,1.000000,0.975535,0.024465,0.000000,0.016667,-0.016667,19420,21170,-1750,0.917336,0.914261,19386,34,1784,37,37,1.954742,1.913885,0.631102,0.644544
paper-15025-topk-5-depth-0,5,0,5,5,1.000000,0.969682,0.030318,0.000000,0.005000,-0.005000,5,5,0,1.000000,0.111111,1,4,4,3,3,1.521928,1.370951,0.400000,0.600000
paper-15025-topk-5-depth-1,5,1,5,5,1.000000,0.969682,0.030318,0.000000,0.005000,-0.005000,29,33,-4,0.878788,0.107143,6,23,27,11,5,2.986786,1.612881,0.275862,0.575758
paper-15025-topk-5-depth-2,5,2,5,5,1.000000,0.969682,0.030318,0.000000,0.005000,-0.005000,19755,21270,-1515,0.928773,0.895970,19387,368,1883,37,37,2.047033,1.930102,0.620400,0.642031
paper-15025-topk-10-depth-0,10,0,10,10,1.000000,0.963814,0.036186,0.000000,0.005086,-0.005086,10,10,0,1.000000,0.052632,1,9,9,5,3,2.170951,1.156780,0.300000,0.700000
paper-15025-topk-10-depth-1,10,1,10,10,1.000000,0.963814,0.036186,0.000000,0.005086,-0.005086,61,78,-17,0.782051,0.045113,6,55,72,9,6,2.495052,1.511081,0.393443,0.461538
paper-15025-topk-10-depth-2,10,2,10,10,1.000000,0.963814,0.036186,0.000000,0.005086,-0.005086,31195,23542,7653,1.325079,0.585982,20224,10971,3318,38,37,2.454537,1.979629,0.494374,0.634993
paper-132217-topk-1-depth-0,1,0,1,1,1.000000,0.999892,0.000108,,,,1,1,0,1.000000,0.000000,0,1,1,1,1,0.000000,0.000000,1.000000,1.000000
paper-132217-topk-1-depth-1,1,1,1,1,1.000000,0.999892,0.000108,,,,14,6,8,2.333333,0.000000,0,14,6,2,4,0.371232,1.792481,0.928571,0.500000
paper-132217-topk-1-depth-2,1,2,1,1,1.000000,0.999892,0.000108,,,,1044,2107,-1063,0.495491,0.041997,127,917,1980,25,25,2.249968,2.180600,0.654215,0.477931
paper-132217-topk-3-depth-0,3,0,3,3,1.000000,0.978039,0.021961,0.000000,0.038713,-0.038713,3,3,0,1.000000,0.000000,0,3,3,1,2,0.000000,0.918296,1.000000,0.666667
paper-132217-topk-3-depth-1,3,1,3,3,1.000000,0.978039,0.021961,0.000000,0.038713,-0.038713,57,70,-13,0.814286,0.085470,10,47,60,8,7,1.889321,1.820873,0.578947,0.428571
paper-132217-topk-3-depth-2,3,2,3,3,1.000000,0.978039,0.021961,0.000000,0.038713,-0.038713,21323,17634,3689,1.209198,0.666681,15583,5740,2051,38,38,2.557243,2.648303,0.400882,0.345412
paper-132217-topk-5-depth-0,5,0,5,5,1.000000,0.972869,0.027131,0.003781,0.020608,-0.016827,5,5,0,1.000000,0.111111,1,4,4,4,2,1.921928,0.721928,0.400000,0.800000
paper-132217-topk-5-depth-1,5,1,5,5,1.000000,0.972869,0.027131,0.003781,0.020608,-0.016827,133,88,45,1.511364,0.194595,36,97,52,9,9,2.352654,1.899889,0.330827,0.465909
paper-132217-topk-5-depth-2,5,2,5,5,1.000000,0.972869,0.027131,0.003781,0.020608,-0.016827,25081,21730,3351,1.154211,0.443136,14374,10707,7356,38,38,2.418175,2.562503,0.468442,0.391302
paper-132217-topk-10-depth-0,10,0,10,10,1.000000,0.968590,0.031410,0.001542,0.042750,-0.041208,10,10,0,1.000000,0.176471,3,7,7,4,4,1.570951,1.570951,0.600000,0.600000
paper-132217-topk-10-depth-1,10,1,10,10,1.000000,0.968590,0.031410,0.001542,0.042750,-0.041208,323,170,153,1.900000,0.202439,83,240,87,11,12,1.866160,2.282937,0.535604,0.405882
paper-132217-topk-10-depth-2,10,2,10,10,1.000000,0.968590,0.031410,0.001542,0.042750,-0.041208,29586,32290,-2704,0.916259,0.701386,25508,4078,6782,38,39,2.368845,2.538150,0.490333,0.427965
paper-88675-topk-1-depth-0,1,0,1,1,1.000000,0.999386,0.000614,,,,1,1,0,1.000000,0.000000,0,1,1,1,1,0.000000,0.000000,1.000000,1.000000
paper-88675-topk-1-depth-1,1,1,1,1,1.000000,0.999386,0.000614,,,,14,14,0,1.000000,0.647059,11,3,3,4,4,1.835238,1.835238,0.357143,0.357143
paper-88675-topk-1-depth-2,1,2,1,1,1.000000,0.999386,0.000614,,,,1063,13834,-12771,0.076840,0.071727,997,66,12837,21,36,1.922977,2.556876,0.566322,0.371042
paper-88675-topk-3-depth-0,3,0,3,3,1.000000,0.987912,0.012088,0.000000,0.244444,-0.244444,3,3,0,1.000000,0.500000,2,1,1,3,2,1.584963,0.918296,0.333333,0.666667
paper-88675-topk-3-depth-1,3,1,3,3,1.000000,0.987912,0.012088,0.000000,0.244444,-0.244444,31,31,0,1.000000,0.823529,28,3,3,5,4,1.932664,1.704444,0.451613,0.483871
paper-88675-topk-3-depth-2,3,2,3,3,1.000000,0.987912,0.012088,0.000000,0.244444,-0.244444,4305,16362,-12057,0.263110,0.262724,4300,5,12062,32,37,2.548613,2.672807,0.454355,0.326305
paper-88675-topk-5-depth-0,5,0,5,5,1.000000,0.980714,0.019286,0.000000,0.076559,-0.076559,5,5,0,1.000000,0.250000,2,3,3,3,4,1.521928,1.921928,0.400000,0.400000
paper-88675-topk-5-depth-1,5,1,5,5,1.000000,0.980714,0.019286,0.000000,0.076559,-0.076559,63,53,10,1.188679,0.208333,20,43,33,6,8,1.980240,2.638649,0.507937,0.301887
paper-88675-topk-5-depth-2,5,2,5,5,1.000000,0.980714,0.019286,0.000000,0.076559,-0.076559,5332,16969,-11637,0.314220,0.199753,3713,1619,13256,32,37,2.394732,2.735149,0.403788,0.315634
paper-88675-topk-10-depth-0,10,0,10,10,1.000000,0.974105,0.025895,0.000048,0.023499,-0.023451,10,10,0,1.000000,0.111111,2,8,8,6,5,2.321928,1.960964,0.400000,0.500000
paper-88675-topk-10-depth-1,10,1,10,10,1.000000,0.974105,0.025895,0.000048,0.023499,-0.023451,993,148,845,6.709459,0.025157,28,965,120,21,10,2.181523,2.374124,0.431017,0.418919
paper-88675-topk-10-depth-2,10,2,10,10,1.000000,0.974105,0.025895,0.000048,0.023499,-0.023451,32545,27617,4928,1.178441,0.595978,22466,10079,5151,40,40,2.609790,2.685997,0.423660,0.377666
paper-44352-topk-1-depth-0,1,0,1,1,1.000000,0.999650,0.000350,,,,1,1,0,1.000000,0.000000,0,1,1,1,1,0.000000,0.000000,1.000000,1.000000
paper-44352-topk-1-depth-1,1,1,1,1,1.000000,0.999650,0.000350,,,,2,3,-1,0.666667,0.000000,0,2,3,2,2,1.000000,0.918296,0.500000,0.666667
paper-44352-topk-1-depth-2,1,2,1,1,1.000000,0.999650,0.000350,,,,8,8,0,1.000000,0.000000,0,8,8,4,4,1.750000,1.750000,0.500000,0.500000
paper-44352-topk-3-depth-0,3,0,3,3,1.000000,0.978789,0.021211,0.000000,0.000000,0.000000,3,3,0,1.000000,0.200000,1,2,2,3,3,1.584963,1.584963,0.333333,0.333333
paper-44352-topk-3-depth-1,3,1,3,3,1.000000,0.978789,0.021211,0.000000,0.000000,0.000000,18,13,5,1.384615,0.107143,3,15,10,6,5,1.833606,1.700440,0.611111,0.615385
paper-44352-topk-3-depth-2,3,2,3,3,1.000000,0.978789,0.021211,0.000000,0.000000,0.000000,130,70,60,1.857143,0.047120,9,121,61,13,16,1.580373,2.878086,0.738462,0.457143
paper-44352-topk-5-depth-0,5,0,5,5,1.000000,0.973656,0.026344,0.000000,0.000000,0.000000,5,5,0,1.000000,0.111111,1,4,4,4,4,1.921928,1.921928,0.400000,0.400000
paper-44352-topk-5-depth-1,5,1,5,5,1.000000,0.973656,0.026344,0.000000,0.000000,0.000000,35,22,13,1.590909,0.055556,3,32,19,7,6,2.032775,1.980826,0.428571,0.409091
paper-44352-topk-5-depth-2,5,2,5,5,1.000000,0.973656,0.026344,0.000000,0.000000,0.000000,175,103,72,1.699029,0.037313,10,165,93,15,18,2.093157,3.106688,0.565714,0.310680
paper-44352-topk-10-depth-0,10,0,10,10,1.000000,0.968856,0.031144,0.000000,0.000000,0.000000,10,10,0,1.000000,0.000000,0,10,10,6,9,2.446439,3.121928,0.300000,0.200000
paper-44352-topk-10-depth-1,10,1,10,10,1.000000,0.968856,0.031144,0.000000,0.000000,0.000000,97,80,17,1.212500,0.023121,4,93,76,11,13,2.415482,3.077518,0.515464,0.250000
paper-44352-topk-10-depth-2,10,2,10,10,1.000000,0.968856,0.031144,0.000000,0.000000,0.000000,14251,1251,13000,11.391687,0.014529,222,14029,1029,36,29,2.649619,2.942811,0.335836,0.434852
paper-48577-topk-1-depth-0,1,0,1,1,1.000000,0.999890,0.000110,,,,1,1,0,1.000000,0.000000,0,1,1,1,1,0.000000,0.000000,1.000000,1.000000
paper-48577-topk-1-depth-1,1,1,1,1,1.000000,0.999890,0.000110,,,,2,4,-2,0.500000,0.000000,0,2,4,1,2,0.000000,0.811278,1.000000,0.750000
paper-48577-topk-1-depth-2,1,2,1,1,1.000000,0.999890,0.000110,,,,3,10,-7,0.300000,0.000000,0,3,10,2,2,0.918296,1.000000,0.666667,0.500000
paper-48577-topk-3-depth-0,3,0,3,3,1.000000,0.978296,0.021704,0.000000,0.000000,0.000000,3,3,0,1.000000,0.000000,0,3,3,1,1,0.000000,0.000000,1.000000,1.000000
paper-48577-topk-3-depth-1,3,1,3,3,1.000000,0.978296,0.021704,0.000000,0.000000,0.000000,7,16,-9,0.437500,0.000000,0,7,16,2,3,0.591673,1.298795,0.857143,0.625000
paper-48577-topk-3-depth-2,3,2,3,3,1.000000,0.978296,0.021704,0.000000,0.000000,0.000000,15,51,-36,0.294118,0.000000,0,15,51,4,5,1.425605,1.609522,0.666667,0.509804
paper-48577-topk-5-depth-0,5,0,5,5,1.000000,0.973840,0.026160,0.000000,0.000000,0.000000,5,5,0,1.000000,0.000000,0,5,5,2,3,0.721928,1.370951,0.800000,0.600000
paper-48577-topk-5-depth-1,5,1,5,5,1.000000,0.973840,0.026160,0.000000,0.000000,0.000000,15,23,-8,0.652174,0.000000,0,15,23,3,6,1.456565,2.020800,0.533333,0.478261
paper-48577-topk-5-depth-2,5,2,5,5,1.000000,0.973840,0.026160,0.000000,0.000000,0.000000,142,183,-41,0.775956,0.000000,0,142,183,13,16,2.397430,2.805700,0.366197,0.377049
paper-48577-topk-10-depth-0,10,0,10,10,1.000000,0.969410,0.030590,0.000000,0.000000,0.000000,10,10,0,1.000000,0.000000,0,10,10,2,6,0.881291,2.321928,0.700000,0.400000
paper-48577-topk-10-depth-1,10,1,10,10,1.000000,0.969410,0.030590,0.000000,0.000000,0.000000,42,44,-2,0.954545,0.023810,2,40,42,7,8,1.975963,2.164711,0.404762,0.477273
paper-48577-topk-10-depth-2,10,2,10,10,1.000000,0.969410,0.030590,0.000000,0.000000,0.000000,324,411,-87,0.788321,0.069869,48,276,363,23,21,2.857092,2.730973,0.305556,0.301703
paper-25595-topk-1-depth-0,1,0,1,1,1.000000,0.999885,0.000115,,,,1,1,0,1.000000,0.000000,0,1,1,1,1,0.000000,0.000000,1.000000,1.000000
paper-25595-topk-1-depth-1,1,1,1,1,1.000000,0.999885,0.000115,,,,5,6,-1,0.833333,0.375000,3,2,3,1,1,0.000000,0.000000,1.000000,1.000000
paper-25595-topk-1-depth-2,1,2,1,1,1.000000,0.999885,0.000115,,,,40,29,11,1.379310,0.301887,16,24,13,7,6,1.332426,1.337033,0.775000,0.758621
paper-25595-topk-3-depth-0,3,0,3,3,1.000000,0.988866,0.011134,0.000000,0.319444,-0.319444,3,3,0,1.000000,0.200000,1,2,2,1,1,0.000000,0.000000,1.000000,1.000000
paper-25595-topk-3-depth-1,3,1,3,3,1.000000,0.988866,0.011134,0.000000,0.319444,-0.319444,11,8,3,1.375000,0.357143,5,6,3,2,1,0.439497,0.000000,0.909091,1.000000
paper-25595-topk-3-depth-2,3,2,3,3,1.000000,0.988866,0.011134,0.000000,0.319444,-0.319444,52,53,-1,0.981132,0.640625,41,11,12,7,7,1.254874,1.559411,0.788462,0.716981
paper-25595-topk-5-depth-0,5,0,5,5,1.000000,0.980722,0.019278,0.000000,0.095833,-0.095833,5,5,0,1.000000,0.111111,1,4,4,3,1,1.521928,0.000000,0.400000,1.000000
paper-25595-topk-5-depth-1,5,1,5,5,1.000000,0.980722,0.019278,0.000000,0.095833,-0.095833,28,16,12,1.750000,0.128205,5,23,11,6,2,2.037082,0.337290,0.500000,0.937500
paper-25595-topk-5-depth-2,5,2,5,5,1.000000,0.980722,0.019278,0.000000,0.095833,-0.095833,222,109,113,2.036697,0.149306,43,179,66,15,13,2.698599,1.768804,0.382883,0.715596
paper-25595-topk-10-depth-0,10,0,10,10,1.000000,0.974425,0.025575,0.000000,0.021296,-0.021296,10,10,0,1.000000,0.111111,2,8,8,6,3,2.321928,0.921928,0.400000,0.800000
paper-25595-topk-10-depth-1,10,1,10,10,1.000000,0.974425,0.025575,0.000000,0.021296,-0.021296,77,44,33,1.750000,0.061404,7,70,37,10,5,2.613210,1.649100,0.272727,0.545455
paper-25595-topk-10-depth-2,10,2,10,10,1.000000,0.974425,0.025575,0.000000,0.021296,-0.021296,585,274,311,2.135036,0.056581,46,539,228,19,19,2.945125,2.666453,0.273504,0.343066
paper-42366-topk-1-depth-0,1,0,1,1,1.000000,0.999701,0.000299,,,,1,1,0,1.000000,0.000000,0,1,1,1,1,0.000000,0.000000,1.000000,1.000000
paper-42366-topk-1-depth-1,1,1,1,1,1.000000,0.999701,0.000299,,,,38,12,26,3.166667,0.041667,2,36,10,6,4,1.400258,1.207519,0.684211,0.750000
paper-42366-topk-1-depth-2,1,2,1,1,1.000000,0.999701,0.000299,,,,18270,1329,16941,13.747178,0.058147,1077,17193,252,38,25,2.797152,2.541273,0.301368,0.359669
paper-42366-topk-3-depth-0,3,0,3,3,1.000000,0.978781,0.021219,0.000000,0.014815,-0.014815,3,3,0,1.000000,0.000000,0,3,3,2,2,0.918296,0.918296,0.666667,0.666667
paper-42366-topk-3-depth-1,3,1,3,3,1.000000,0.978781,0.021219,0.000000,0.014815,-0.014815,47,59,-12,0.796610,0.060000,6,41,53,8,10,2.053133,2.227102,0.510638,0.440678
paper-42366-topk-3-depth-2,3,2,3,3,1.000000,0.978781,0.021219,0.000000,0.014815,-0.014815,3109,9072,-5963,0.342703,0.223852,2228,881,6844,34,36,3.077707,2.577110,0.361531,0.433422
paper-42366-topk-5-depth-0,5,0,5,5,1.000000,0.973507,0.026493,0.000000,0.021100,-0.021100,5,5,0,1.000000,0.000000,0,5,5,3,2,1.370951,0.970951,0.600000,0.600000
paper-42366-topk-5-depth-1,5,1,5,5,1.000000,0.973507,0.026493,0.000000,0.021100,-0.021100,61,91,-30,0.670330,0.093525,13,48,78,9,12,2.251244,2.135081,0.475410,0.516484
paper-42366-topk-5-depth-2,5,2,5,5,1.000000,0.973507,0.026493,0.000000,0.021100,-0.021100,3365,23211,-19846,0.144974,0.109691,2627,738,20584,33,38,2.956651,2.754297,0.327192,0.360002
paper-42366-topk-10-depth-0,10,0,10,10,1.000000,0.969590,0.030410,0.000000,0.016703,-0.016703,10,10,0,1.000000,0.000000,0,10,10,4,3,1.846439,1.570951,0.400000,0.400000
paper-42366-topk-10-depth-1,10,1,10,10,1.000000,0.969590,0.030410,0.000000,0.016703,-0.016703,144,125,19,1.152000,0.063241,16,128,109,13,13,2.783625,2.406713,0.305556,0.416000
paper-42366-topk-10-depth-2,10,2,10,10,1.000000,0.969590,0.030410,0.000000,0.016703,-0.016703,30372,24002,6370,1.265395,0.586404,20099,10273,3903,38,38,2.624094,2.817532,0.433129,0.349138
paper-109198-topk-1-depth-0,1,0,1,1,1.000000,0.998698,0.001302,,,,1,1,0,1.000000,0.000000,0,1,1,1,1,0.000000,0.000000,1.000000,1.000000
paper-109198-topk-1-depth-1,1,1,1,1,1.000000,0.998698,0.001302,,,,5,37,-32,0.135135,0.000000,0,5,37,2,3,0.970951,0.863065,0.600000,0.810811
paper-109198-topk-1-depth-2,1,2,1,1,1.000000,0.998698,0.001302,,,,14,27708,-27694,0.000505,0.000000,0,14,27708,2,36,0.940286,2.233791,0.642857,0.536849
paper-109198-topk-3-depth-0,3,0,3,3,1.000000,0.975645,0.024355,0.000000,0.029791,-0.029791,3,3,0,1.000000,0.000000,0,3,3,1,1,0.000000,0.000000,1.000000,1.000000
paper-109198-topk-3-depth-1,3,1,3,3,1.000000,0.975645,0.024355,0.000000,0.029791,-0.029791,20,203,-183,0.098522,0.013636,3,17,200,2,4,0.609840,0.363302,0.850000,0.945813
paper-109198-topk-3-depth-2,3,2,3,3,1.000000,0.975645,0.024355,0.000000,0.029791,-0.029791,753,33352,-32599,0.022577,0.020680,691,62,32661,14,38,0.805140,2.245970,0.884462,0.537089
paper-109198-topk-5-depth-0,5,0,5,5,1.000000,0.970428,0.029572,0.000000,0.055426,-0.055426,5,5,0,1.000000,0.000000,0,5,5,3,1,1.370951,0.000000,0.600000,1.000000
paper-109198-topk-5-depth-1,5,1,5,5,1.000000,0.970428,0.029572,0.000000,0.055426,-0.055426,44,330,-286,0.133333,0.008086,3,41,327,4,7,1.638170,0.473259,0.568182,0.936364
paper-109198-topk-5-depth-2,5,2,5,5,1.000000,0.970428,0.029572,0.000000,0.055426,-0.055426,2725,34379,-31654,0.079264,0.043449,1545,1180,32834,31,38,2.470380,2.240438,0.354862,0.542250
paper-109198-topk-10-depth-0,10,0,10,10,1.000000,0.966216,0.033784,0.000000,0.065619,-0.065619,10,10,0,1.000000,0.000000,0,10,10,4,1,1.760964,0.000000,0.500000,1.000000
paper-109198-topk-10-depth-1,10,1,10,10,1.000000,0.966216,0.033784,0.000000,0.065619,-0.065619,82,512,-430,0.160156,0.045775,26,56,486,6,8,1.612359,0.516513,0.634146,0.931641
paper-109198-topk-10-depth-2,10,2,10,10,1.000000,0.966216,0.033784,0.000000,0.065619,-0.065619,20246,35813,-15567,0.565325,0.498023,18637,1609,17176,38,38,2.515495,2.263220,0.437716,0.538855
paper-106428-topk-1-depth-0,1,0,1,1,1.000000,0.998500,0.001500,,,,1,1,0,1.000000,0.000000,0,1,1,1,1,0.000000,0.000000,1.000000,1.000000
paper-106428-topk-1-depth-1,1,1,1,1,1.000000,0.998500,0.001500,,,,5,11,-6,0.454545,0.230769,3,2,8,2,2,0.721928,0.684038,0.800000,0.818182
paper-106428-topk-1-depth-2,1,2,1,1,1.000000,0.998500,0.001500,,,,319,6912,-6593,0.046152,0.014165,101,218,6811,12,31,1.703899,2.148858,0.504702,0.512587
paper-106428-topk-3-depth-0,3,0,3,3,1.000000,0.987325,0.012675,0.000000,0.071456,-0.071456,3,3,0,1.000000,0.000000,0,3,3,2,1,0.918296,0.000000,0.666667,1.000000
paper-106428-topk-3-depth-1,3,1,3,3,1.000000,0.987325,0.012675,0.000000,0.071456,-0.071456,39,46,-7,0.847826,0.164384,12,27,34,3,3,1.090499,0.574440,0.692308,0.891304
paper-106428-topk-3-depth-2,3,2,3,3,1.000000,0.987325,0.012675,0.000000,0.071456,-0.071456,30642,22723,7919,1.348502,0.627230,20570,10072,2153,36,36,2.335601,2.120105,0.500163,0.565330
paper-106428-topk-5-depth-0,5,0,5,5,1.000000,0.983772,0.016228,0.000000,0.063742,-0.063742,5,5,0,1.000000,0.000000,0,5,5,2,1,0.721928,0.000000,0.800000,1.000000
paper-106428-topk-5-depth-1,5,1,5,5,1.000000,0.983772,0.016228,0.000000,0.063742,-0.063742,51,111,-60,0.459459,0.065789,10,41,101,5,4,1.669177,0.715725,0.568627,0.846847
paper-106428-topk-5-depth-2,5,2,5,5,1.000000,0.983772,0.016228,0.000000,0.063742,-0.063742,34188,31443,2745,1.087301,0.756812,28273,5915,3170,38,37,2.451192,2.333816,0.465953,0.497281
paper-106428-topk-10-depth-0,10,0,10,10,1.000000,0.978302,0.021698,0.000000,0.042370,-0.042370,10,10,0,1.000000,0.111111,2,8,8,2,1,0.468996,0.000000,0.900000,1.000000
paper-106428-topk-10-depth-1,10,1,10,10,1.000000,0.978302,0.021698,0.000000,0.042370,-0.042370,94,193,-99,0.487047,0.138889,35,59,158,6,5,1.661101,0.720827,0.585106,0.844560
paper-106428-topk-10-depth-2,10,2,10,10,1.000000,0.978302,0.021698,0.000000,0.042370,-0.042370,37892,33953,3939,1.116013,0.781428,31515,6377,2438,39,37,2.504556,2.323672,0.455505,0.503873
paper-113554-topk-1-depth-0,1,0,1,1,1.000000,0.951828,0.048172,,,,1,1,0,1.000000,0.000000,0,1,1,1,1,0.000000,0.000000,1.000000,1.000000
paper-113554-topk-1-depth-1,1,1,1,1,1.000000,0.951828,0.048172,,,,6,9,-3,0.666667,0.000000,0,6,9,1,4,0.000000,1.446617,1.000000,0.666667
paper-113554-topk-1-depth-2,1,2,1,1,1.000000,0.951828,0.048172,,,,14,2854,-2840,0.004905,0.000000,0,14,2854,5,27,1.626689,2.540786,0.642857,0.476174
paper-113554-topk-3-depth-0,3,0,3,3,1.000000,0.951052,0.048948,0.000000,0.000000,0.000000,3,3,0,1.000000,0.200000,1,2,2,2,2,0.918296,0.918296,0.666667,0.666667
paper-113554-topk-3-depth-1,3,1,3,3,1.000000,0.951052,0.048948,0.000000,0.000000,0.000000,217,72,145,3.013889,0.204167,49,168,23,8,7,1.119002,1.720923,0.792627,0.611111
paper-113554-topk-3-depth-2,3,2,3,3,1.000000,0.951052,0.048948,0.000000,0.000000,0.000000,35145,22229,12916,1.581043,0.569311,20814,14331,1415,37,36,2.430351,2.528820,0.481832,0.387602
paper-113554-topk-5-depth-0,5,0,5,5,1.000000,0.951354,0.048646,0.000000,0.002249,-0.002249,5,5,0,1.000000,0.111111,1,4,4,2,2,0.721928,0.721928,0.800000,0.800000
paper-113554-topk-5-depth-1,5,1,5,5,1.000000,0.951354,0.048646,0.000000,0.002249,-0.002249,225,162,63,1.388889,0.162162,54,171,108,9,7,1.130587,1.216843,0.795556,0.777778
paper-113554-topk-5-depth-2,5,2,5,5,1.000000,0.951354,0.048646,0.000000,0.002249,-0.002249,35165,31623,3542,1.112007,0.762263,28889,6276,2734,37,36,2.430152,2.421722,0.482042,0.454954
paper-113554-topk-10-depth-0,10,0,10,10,1.000000,0.955169,0.044831,0.000000,0.020263,-0.020263,10,10,0,1.000000,0.052632,1,9,9,5,2,2.121928,0.468996,0.400000,0.900000
paper-113554-topk-10-depth-1,10,1,10,10,1.000000,0.955169,0.044831,0.000000,0.020263,-0.020263,244,265,-21,0.920755,0.131111,59,185,206,11,8,1.469011,1.105609,0.741803,0.811321
paper-113554-topk-10-depth-2,10,2,10,10,1.000000,0.955169,0.044831,0.000000,0.020263,-0.020263,35270,38357,-3087,0.919519,0.780537,32276,2994,6081,37,36,2.444915,2.428971,0.480862,0.462471
paper-77462-topk-1-depth-0,1,0,1,1,1.000000,0.999761,0.000239,,,,1,1,0,1.000000,0.000000,0,1,1,1,1,0.000000,0.000000,1.000000,1.000000
paper-77462-topk-1-depth-1,1,1,1,1,1.000000,0.999761,0.000239,,,,10,6,4,1.666667,0.142857,2,8,4,2,1,0.721928,0.000000,0.800000,1.000000
paper-77462-topk-1-depth-2,1,2,1,1,1.000000,0.999761,0.000239,,,,514,80,434,6.425000,0.148936,77,437,3,8,3,0.870688,0.838840,0.795720,0.775000
paper-77462-topk-3-depth-0,3,0,3,3,1.000000,0.986787,0.013213,0.000000,0.193085,-0.193085,3,3,0,1.000000,0.200000,1,2,2,1,1,0.000000,0.000000,1.000000,1.000000
paper-77462-topk-3-depth-1,3,1,3,3,1.000000,0.986787,0.013213,0.000000,0.193085,-0.193085,29,13,16,2.230769,0.400000,12,17,1,2,1,0.362051,0.000000,0.931034,1.000000
paper-77462-topk-3-depth-2,3,2,3,3,1.000000,0.986787,0.013213,0.000000,0.193085,-0.193085,1439,112,1327,12.848214,0.077832,112,1327,0,12,4,0.971082,0.890410,0.756081,0.767857
paper-77462-topk-5-depth-0,5,0,5,5,1.000000,0.979592,0.020408,0.000000,0.100961,-0.100961,5,5,0,1.000000,0.111111,1,4,4,2,1,0.721928,0.000000,0.800000,1.000000
paper-77462-topk-5-depth-1,5,1,5,5,1.000000,0.979592,0.020408,0.000000,0.100961,-0.100961,44,22,22,2.000000,0.245283,13,31,9,3,2,0.921152,0.439497,0.750000,0.909091
paper-77462-topk-5-depth-2,5,2,5,5,1.000000,0.979592,0.020408,0.000000,0.100961,-0.100961,1719,1135,584,1.514537,0.319464,691,1028,444,16,12,1.100840,0.965016,0.728912,0.781498
paper-77462-topk-10-depth-0,10,0,10,10,1.000000,0.968390,0.031610,0.000000,0.069046,-0.069046,10,10,0,1.000000,0.000000,0,10,10,2,2,0.468996,0.468996,0.900000,0.900000
paper-77462-topk-10-depth-1,10,1,10,10,1.000000,0.968390,0.031610,0.000000,0.069046,-0.069046,82,38,44,2.157895,0.061947,7,75,31,4,2,1.049613,0.629249,0.682927,0.842105
paper-77462-topk-10-depth-2,10,2,10,10,1.000000,0.968390,0.031610,0.000000,0.069046,-0.069046,1963,1365,598,1.438095,0.373504,905,1058,460,21,12,1.198667,0.999414,0.718288,0.764835
paper-126402-topk-1-depth-0,1,0,1,1,1.000000,0.966383,0.033617,,,,1,1,0,1.000000,0.000000,0,1,1,1,1,0.000000,0.000000,1.000000,1.000000
paper-126402-topk-1-depth-1,1,1,1,1,1.000000,0.966383,0.033617,,,,4,5,-1,0.800000,0.000000,0,4,5,3,1,1.500000,0.000000,0.500000,1.000000
paper-126402-topk-1-depth-2,1,2,1,1,1.000000,0.966383,0.033617,,,,204,4178,-3974,0.048827,0.000457,2,202,4176,8,31,1.733783,2.035724,0.519608,0.591192
paper-126402-topk-3-depth-0,3,0,3,3,1.000000,0.965872,0.034128,0.000000,0.009259,-0.009259,3,3,0,1.000000,0.000000,0,3,3,2,3,0.918296,1.584963,0.666667,0.333333
paper-126402-topk-3-depth-1,3,1,3,3,1.000000,0.965872,0.034128,0.000000,0.009259,-0.009259,25,43,-18,0.581395,0.000000,0,25,43,7,4,1.963074,0.827964,0.480000,0.837209
paper-126402-topk-3-depth-2,3,2,3,3,1.000000,0.965872,0.034128,0.000000,0.009259,-0.009259,3863,20920,-17057,0.184656,0.082700,1893,1970,19027,32,37,2.707959,2.124184,0.337044,0.558604
paper-126402-topk-5-depth-0,5,0,5,5,1.000000,0.965047,0.034953,0.000000,0.012793,-0.012793,5,5,0,1.000000,0.000000,0,5,5,3,3,1.521928,1.370951,0.400000,0.600000
paper-126402-topk-5-depth-1,5,1,5,5,1.000000,0.965047,0.034953,0.000000,0.012793,-0.012793,61,89,-28,0.685393,0.027397,4,57,85,8,4,2.092505,1.005354,0.377049,0.808989
paper-126402-topk-5-depth-2,5,2,5,5,1.000000,0.965047,0.034953,0.000000,0.012793,-0.012793,18326,28781,-10455,0.636740,0.501227,15728,2598,13053,37,37,2.648639,2.344512,0.328768,0.489976
paper-126402-topk-10-depth-0,10,0,10,10,1.000000,0.967810,0.032190,0.000000,0.004721,-0.004721,10,10,0,1.000000,0.052632,1,9,9,6,3,2.321928,1.360964,0.400000,0.500000
paper-126402-topk-10-depth-1,10,1,10,10,1.000000,0.967810,0.032190,0.000000,0.004721,-0.004721,94,210,-116,0.447619,0.044674,13,81,197,15,7,2.898314,1.295162,0.287234,0.747619
paper-126402-topk-10-depth-2,10,2,10,10,1.000000,0.967810,0.032190,0.000000,0.004721,-0.004721,31652,36296,-4644,0.872052,0.756897,29273,2379,7023,38,38,2.446655,2.410476,0.463193,0.484378
paper-49111-topk-1-depth-0,1,0,1,1,1.000000,0.999757,0.000243,,,,1,1,0,1.000000,0.000000,0,1,1,1,1,0.000000,0.000000,1.000000,1.000000
paper-49111-topk-1-depth-1,1,1,1,1,1.000000,0.999757,0.000243,,,,13,2,11,6.500000,0.000000,0,13,2,3,1,1.238901,0.000000,0.615385,1.000000
paper-49111-topk-1-depth-2,1,2,1,1,1.000000,0.999757,0.000243,,,,183,8,175,22.875000,0.000000,0,183,8,16,4,2.936843,1.750000,0.360656,0.500000
paper-49111-topk-3-depth-0,3,0,3,3,1.000000,0.981892,0.018108,0.000000,0.000000,0.000000,3,3,0,1.000000,0.200000,1,2,2,2,3,0.918296,1.584963,0.666667,0.333333
paper-49111-topk-3-depth-1,3,1,3,3,1.000000,0.981892,0.018108,0.000000,0.000000,0.000000,17,8,9,2.125000,0.086957,2,15,6,3,4,1.253298,1.750000,0.529412,0.500000
paper-49111-topk-3-depth-2,3,2,3,3,1.000000,0.981892,0.018108,0.000000,0.000000,0.000000,201,170,31,1.182353,0.019231,7,194,163,18,16,3.041218,2.628604,0.363184,0.494118
paper-49111-topk-5-depth-0,5,0,5,5,1.000000,0.975765,0.024235,0.000000,0.000000,0.000000,5,5,0,1.000000,0.111111,1,4,4,2,5,0.721928,2.321928,0.800000,0.200000
paper-49111-topk-5-depth-1,5,1,5,5,1.000000,0.975765,0.024235,0.000000,0.000000,0.000000,24,36,-12,0.666667,0.034483,2,22,34,4,11,1.391836,2.995907,0.541667,0.222222
paper-49111-topk-5-depth-2,5,2,5,5,1.000000,0.975765,0.024235,0.000000,0.000000,0.000000,1565,14173,-12608,0.110421,0.013198,205,1360,13968,33,36,3.028278,2.368829,0.430671,0.471319
paper-49111-topk-10-depth-0,10,0,10,10,1.000000,0.970382,0.029618,0.000000,0.001458,-0.001458,10,10,0,1.000000,0.052632,1,9,9,4,7,1.721928,2.646439,0.400000,0.300000
paper-49111-topk-10-depth-1,10,1,10,10,1.000000,0.970382,0.029618,0.000000,0.001458,-0.001458,72,107,-35,0.672897,0.017045,3,69,104,9,17,2.590046,3.130870,0.319444,0.327103
paper-49111-topk-10-depth-2,10,2,10,10,1.000000,0.970382,0.029618,0.000000,0.001458,-0.001458,4823,19036,-14213,0.253362,0.132745,2796,2027,16240,39,38,2.914862,2.708936,0.326560,0.373503
paper-128918-topk-1-depth-0,1,0,1,1,1.000000,0.971132,0.028868,,,,1,1,0,1.000000,0.000000,0,1,1,1,1,0.000000,0.000000,1.000000,1.000000
paper-128918-topk-1-depth-1,1,1,1,1,1.000000,0.971132,0.028868,,,,3,4,-1,0.750000,0.000000,0,3,4,2,4,0.918296,2.000000,0.666667,0.250000
paper-128918-topk-1-depth-2,1,2,1,1,1.000000,0.971132,0.028868,,,,22,26,-4,0.846154,0.021277,1,21,25,5,8,1.488602,2.436180,0.681818,0.384615
paper-128918-topk-3-depth-0,3,0,3,3,1.000000,0.967096,0.032904,0.000000,0.000000,0.000000,3,3,0,1.000000,0.200000,1,2,2,2,3,0.918296,1.584963,0.666667,0.333333
paper-128918-topk-3-depth-1,3,1,3,3,1.000000,0.967096,0.032904,0.000000,0.000000,0.000000,12,17,-5,0.705882,0.115385,3,9,14,4,8,1.418296,2.603976,0.666667,0.294118
paper-128918-topk-3-depth-2,3,2,3,3,1.000000,0.967096,0.032904,0.000000,0.000000,0.000000,113,138,-25,0.818841,0.096070,22,91,116,13,14,2.631637,2.800031,0.442478,0.347826
paper-128918-topk-5-depth-0,5,0,5,5,1.000000,0.965656,0.034344,0.000000,0.000000,0.000000,5,5,0,1.000000,0.111111,1,4,4,3,3,1.370951,1.370951,0.600000,0.600000
paper-128918-topk-5-depth-1,5,1,5,5,1.000000,0.965656,0.034344,0.000000,0.000000,0.000000,38,21,17,1.809524,0.072727,4,34,17,7,10,2.091392,2.819958,0.526316,0.285714
paper-128918-topk-5-depth-2,5,2,5,5,1.000000,0.965656,0.034344,0.000000,0.000000,0.000000,415,221,194,1.877828,0.056478,34,381,187,23,16,3.301572,3.065753,0.272289,0.289593
paper-128918-topk-10-depth-0,10,0,10,10,1.000000,0.969500,0.030500,0.000000,0.000000,0.000000,10,10,0,1.000000,0.176471,3,7,7,3,5,1.156780,1.960964,0.700000,0.500000
paper-128918-topk-10-depth-1,10,1,10,10,1.000000,0.969500,0.030500,0.000000,0.000000,0.000000,58,60,-2,0.966667,0.282609,26,32,34,8,14,2.044856,2.872679,0.551724,0.316667
paper-128918-topk-10-depth-2,10,2,10,10,1.000000,0.969500,0.030500,0.000000,0.000000,0.000000,1507,1582,-75,0.952592,0.095779,270,1237,1312,30,36,3.145394,3.587700,0.396151,0.278129
paper-78007-topk-1-depth-0,1,0,1,1,1.000000,0.964870,0.035130,,,,1,1,0,1.000000,1.000000,1,0,0,1,1,0.000000,0.000000,1.000000,1.000000
paper-78007-topk-1-depth-1,1,1,1,1,1.000000,0.964870,0.035130,,,,9,9,0,1.000000,1.000000,9,0,0,3,3,1.224394,1.224394,0.666667,0.666667
paper-78007-topk-1-depth-2,1,2,1,1,1.000000,0.964870,0.035130,,,,45,45,0,1.000000,1.000000,45,0,0,8,8,2.024892,2.024892,0.533333,0.533333
paper-78007-topk-3-depth-0,3,0,3,3,1.000000,0.978106,0.021894,0.000000,0.074074,-0.074074,3,3,0,1.000000,0.000000,0,3,3,2,3,0.918296,1.584963,0.666667,0.333333
paper-78007-topk-3-depth-1,3,1,3,3,1.000000,0.978106,0.021894,0.000000,0.074074,-0.074074,15,26,-11,0.576923,0.000000,0,15,26,4,5,1.723231,1.953289,0.533333,0.461538
paper-78007-topk-3-depth-2,3,2,3,3,1.000000,0.978106,0.021894,0.000000,0.074074,-0.074074,107,173,-66,0.618497,0.000000,0,107,173,10,12,2.661922,2.226644,0.345794,0.560694
paper-78007-topk-5-depth-0,5,0,5,5,1.000000,0.972348,0.027652,0.000000,0.022222,-0.022222,5,5,0,1.000000,0.000000,0,5,5,3,4,1.370951,1.921928,0.600000,0.400000
paper-78007-topk-5-depth-1,5,1,5,5,1.000000,0.972348,0.027652,0.000000,0.022222,-0.022222,34,29,5,1.172414,0.000000,0,34,29,6,6,2.118214,2.158647,0.411765,0.413793
paper-78007-topk-5-depth-2,5,2,5,5,1.000000,0.972348,0.027652,0.000000,0.022222,-0.022222,433,178,255,2.432584,0.016639,10,423,168,19,13,2.886209,2.287241,0.330254,0.544944
paper-78007-topk-10-depth-0,10,0,10,10,1.000000,0.966688,0.033312,0.000000,0.004938,-0.004938,10,10,0,1.000000,0.111111,2,8,8,6,5,2.321928,2.170951,0.400000,0.300000
paper-78007-topk-10-depth-1,10,1,10,10,1.000000,0.966688,0.033312,0.000000,0.004938,-0.004938,100,77,23,1.298701,0.092593,15,85,62,13,12,3.126163,2.680557,0.210000,0.311688
paper-78007-topk-10-depth-2,10,2,10,10,1.000000,0.966688,0.033312,0.000000,0.004938,-0.004938,3278,509,2769,6.440079,0.037250,136,3142,373,32,22,3.106549,2.953899,0.367297,0.396857
paper-110570-topk-1-depth-0,1,0,1,1,1.000000,0.999628,0.000372,,,,1,1,0,1.000000,0.000000,0,1,1,1,1,0.000000,0.000000,1.000000,1.000000
paper-110570-topk-1-depth-1,1,1,1,1,1.000000,0.999628,0.000372,,,,5,4,1,1.250000,0.000000,0,5,4,2,2,0.721928,0.811278,0.800000,0.750000
paper-110570-topk-1-depth-2,1,2,1,1,1.000000,0.999628,0.000372,,,,11,193,-182,0.056995,0.000000,0,11,193,5,10,1.672933,1.168779,0.636364,0.797927
paper-110570-topk-3-depth-0,3,0,3,3,1.000000,0.981613,0.018387,0.000000,0.000000,0.000000,3,3,0,1.000000,0.000000,0,3,3,2,1,0.918296,0.000000,0.666667,1.000000
paper-110570-topk-3-depth-1,3,1,3,3,1.000000,0.981613,0.018387,0.000000,0.000000,0.000000,14,14,0,1.000000,0.000000,0,14,14,7,3,2.549523,1.198117,0.357143,0.642857
paper-110570-topk-3-depth-2,3,2,3,3,1.000000,0.981613,0.018387,0.000000,0.000000,0.000000,611,756,-145,0.808201,0.000000,0,611,756,20,22,1.436574,1.917403,0.692308,0.708995
paper-110570-topk-5-depth-0,5,0,5,5,1.000000,0.978194,0.021806,0.000000,0.012500,-0.012500,5,5,0,1.000000,0.000000,0,5,5,4,3,1.921928,1.370951,0.400000,0.600000
paper-110570-topk-5-depth-1,5,1,5,5,1.000000,0.978194,0.021806,0.000000,0.012500,-0.012500,62,19,43,3.263158,0.000000,0,62,19,14,7,3.048098,2.078492,0.290323,0.526316
paper-110570-topk-5-depth-2,5,2,5,5,1.000000,0.978194,0.021806,0.000000,0.012500,-0.012500,14658,767,13891,19.110821,0.004690,72,14586,695,35,22,2.190797,1.955295,0.567335,0.701434
paper-110570-topk-10-depth-0,10,0,10,10,1.000000,0.974765,0.025235,0.000000,0.002778,-0.002778,10,10,0,1.000000,0.000000,0,10,10,6,5,2.370951,1.960964,0.300000,0.500000
paper-110570-topk-10-depth-1,10,1,10,10,1.000000,0.974765,0.025235,0.000000,0.002778,-0.002778,109,42,67,2.595238,0.000000,0,109,42,17,9,2.939899,2.377956,0.311927,0.500000
paper-110570-topk-10-depth-2,10,2,10,10,1.000000,0.974765,0.025235,0.000000,0.002778,-0.002778,24334,15650,8684,1.554888,0.226729,7390,16944,8260,38,38,2.488374,2.726913,0.424468,0.320703
paper-27746-topk-1-depth-0,1,0,1,1,1.000000,0.999684,0.000316,,,,1,1,0,1.000000,0.000000,0,1,1,1,1,0.000000,0.000000,1.000000,1.000000
paper-27746-topk-1-depth-1,1,1,1,1,1.000000,0.999684,0.000316,,,,2,2,0,1.000000,0.000000,0,2,2,1,2,0.000000,1.000000,1.000000,0.500000
paper-27746-topk-1-depth-2,1,2,1,1,1.000000,0.999684,0.000316,,,,9,5,4,1.800000,0.000000,0,9,5,3,2,1.435521,0.721928,0.555556,0.800000
paper-27746-topk-3-depth-0,3,0,3,3,1.000000,0.972678,0.027322,0.000000,0.000000,0.000000,3,3,0,1.000000,0.000000,0,3,3,3,2,1.584963,0.918296,0.333333,0.666667
paper-27746-topk-3-depth-1,3,1,3,3,1.000000,0.972678,0.027322,0.000000,0.000000,0.000000,12,57,-45,0.210526,0.000000,0,12,57,7,8,2.688722,1.950824,0.250000,0.578947
paper-27746-topk-3-depth-2,3,2,3,3,1.000000,0.972678,0.027322,0.000000,0.000000,0.000000,50,15701,-15651,0.003185,0.000127,2,48,15699,13,34,3.248884,2.011618,0.240000,0.599261
paper-27746-topk-5-depth-0,5,0,5,5,1.000000,0.967101,0.032899,0.000000,0.000000,0.000000,5,5,0,1.000000,0.250000,2,3,3,5,4,2.321928,1.921928,0.200000,0.400000
paper-27746-topk-5-depth-1,5,1,5,5,1.000000,0.967101,0.032899,0.000000,0.000000,0.000000,20,76,-56,0.263158,0.043478,4,16,72,10,10,3.065957,2.564941,0.250000,0.434211
paper-27746-topk-5-depth-2,5,2,5,5,1.000000,0.967101,0.032899,0.000000,0.000000,0.000000,1087,20899,-19812,0.052012,0.036245,769,318,20130,25,36,2.738055,2.465636,0.479301,0.463228
paper-27746-topk-10-depth-0,10,0,10,10,1.000000,0.961254,0.038746,0.000000,0.000000,0.000000,10,10,0,1.000000,0.111111,2,8,8,7,8,2.646439,2.846439,0.300000,0.300000
paper-27746-topk-10-depth-1,10,1,10,10,1.000000,0.961254,0.038746,0.000000,0.000000,0.000000,79,138,-59,0.572464,0.023585,5,74,133,17,13,3.129239,2.992960,0.240506,0.268116
paper-27746-topk-10-depth-2,10,2,10,10,1.000000,0.961254,0.038746,0.000000,0.000000,0.000000,31572,22846,8726,1.381949,0.478027,17600,13972,5246,40,37,2.464260,2.534233,0.462213,0.427208
paper-99815-topk-1-depth-0,1,0,1,1,1.000000,0.999114,0.000886,,,,1,1,0,1.000000,0.000000,0,1,1,1,1,0.000000,0.000000,1.000000,1.000000
paper-99815-topk-1-depth-1,1,1,1,1,1.000000,0.999114,0.000886,,,,5,14,-9,0.357143,0.000000,0,5,14,3,1,1.521928,0.000000,0.400000,1.000000
paper-99815-topk-1-depth-2,1,2,1,1,1.000000,0.999114,0.000886,,,,235,53,182,4.433962,0.000000,0,235,53,18,2,2.574546,0.231813,0.378723,0.962264
paper-99815-topk-3-depth-0,3,0,3,3,1.000000,0.976336,0.023664,0.000000,0.000000,0.000000,3,3,0,1.000000,0.000000,0,3,3,3,2,1.584963,0.918296,0.333333,0.666667
paper-99815-topk-3-depth-1,3,1,3,3,1.000000,0.976336,0.023664,0.000000,0.000000,0.000000,22,33,-11,0.666667,0.000000,0,22,33,5,6,1.693041,1.421615,0.590909,0.696970
paper-99815-topk-3-depth-2,3,2,3,3,1.000000,0.976336,0.023664,0.000000,0.000000,0.000000,82,3905,-3823,0.020999,0.000000,0,82,3905,10,36,2.023318,2.362185,0.560976,0.459411
paper-99815-topk-5-depth-0,5,0,5,5,1.000000,0.973491,0.026509,0.000000,0.058631,-0.058631,5,5,0,1.000000,0.000000,0,5,5,4,2,1.921928,0.721928,0.400000,0.800000
paper-99815-topk-5-depth-1,5,1,5,5,1.000000,0.973491,0.026509,0.000000,0.058631,-0.058631,40,44,-4,0.909091,0.000000,0,40,44,7,6,2.263934,1.175715,0.450000,0.772727
paper-99815-topk-5-depth-2,5,2,5,5,1.000000,0.973491,0.026509,0.000000,0.058631,-0.058631,1570,3918,-2348,0.400715,0.001277,7,1563,3911,30,36,2.810899,2.375469,0.311465,0.457887
paper-99815-topk-10-depth-0,10,0,10,10,1.000000,0.969011,0.030989,0.000000,0.032176,-0.032176,10,10,0,1.000000,0.052632,1,9,9,7,6,2.721928,2.160964,0.200000,0.500000
paper-99815-topk-10-depth-1,10,1,10,10,1.000000,0.969011,0.030989,0.000000,0.032176,-0.032176,61,68,-7,0.897059,0.112069,13,48,55,9,13,2.591016,2.281679,0.360656,0.588235
paper-99815-topk-10-depth-2,10,2,10,10,1.000000,0.969011,0.030989,0.000000,0.032176,-0.032176,1675,4721,-3046,0.354798,0.024836,155,1520,4566,31,38,2.949137,2.735647,0.293731,0.381063
paper-94455-topk-1-depth-0,1,0,1,1,1.000000,0.999902,0.000098,,,,1,1,0,1.000000,0.000000,0,1,1,1,1,0.000000,0.000000,1.000000,1.000000
paper-94455-topk-1-depth-1,1,1,1,1,1.000000,0.999902,0.000098,,,,6,2,4,3.000000,0.000000,0,6,2,3,1,1.584963,0.000000,0.333333,1.000000
paper-94455-topk-1-depth-2,1,2,1,1,1.000000,0.999902,0.000098,,,,10,7,3,1.428571,0.000000,0,10,7,3,2,1.570951,0.591673,0.400000,0.857143
paper-94455-topk-3-depth-0,3,0,3,3,1.000000,0.981890,0.018110,0.000000,0.000000,0.000000,3,3,0,1.000000,0.200000,1,2,2,2,2,0.918296,0.918296,0.666667,0.666667
paper-94455-topk-3-depth-1,3,1,3,3,1.000000,0.981890,0.018110,0.000000,0.000000,0.000000,29,10,19,2.900000,0.181818,6,23,4,5,3,1.375445,1.521928,0.724138,0.400000
paper-94455-topk-3-depth-2,3,2,3,3,1.000000,0.981890,0.018110,0.000000,0.000000,0.000000,3499,24,3475,145.791667,0.003418,12,3487,12,29,5,2.308903,1.813984,0.565876,0.416667
paper-94455-topk-5-depth-0,5,0,5,5,1.000000,0.975291,0.024709,0.000000,0.000000,0.000000,5,5,0,1.000000,0.111111,1,4,4,2,3,0.970951,1.521928,0.600000,0.400000
paper-94455-topk-5-depth-1,5,1,5,5,1.000000,0.975291,0.024709,0.000000,0.000000,0.000000,27,27,0,1.000000,0.227273,10,17,17,4,6,1.326427,2.224576,0.666667,0.407407
paper-94455-topk-5-depth-2,5,2,5,5,1.000000,0.975291,0.024709,0.000000,0.000000,0.000000,8272,19961,-11689,0.414408,0.265827,5929,2343,14032,34,36,2.198051,2.516438,0.566368,0.382245
paper-94455-topk-10-depth-0,10,0,10,10,1.000000,0.970091,0.029909,0.000000,0.006887,-0.006887,10,10,0,1.000000,0.052632,1,9,9,4,3,1.721928,1.156780,0.400000,0.700000
paper-94455-topk-10-depth-1,10,1,10,10,1.000000,0.970091,0.029909,0.000000,0.006887,-0.006887,74,125,-51,0.592000,0.075676,14,60,111,7,6,1.529039,1.046354,0.716216,0.824000
paper-94455-topk-10-depth-2,10,2,10,10,1.000000,0.970091,0.029909,0.000000,0.006887,-0.006887,13907,27405,-13498,0.507462,0.442660,12676,1231,14729,36,38,2.458913,2.579436,0.495506,0.346470
paper-46460-topk-1-depth-0,1,0,1,1,1.000000,0.999893,0.000107,,,,1,1,0,1.000000,0.000000,0,1,1,1,1,0.000000,0.000000,1.000000,1.000000
paper-46460-topk-1-depth-1,1,1,1,1,1.000000,0.999893,0.000107,,,,5,5,0,1.000000,0.000000,0,5,5,3,2,1.370951,0.970951,0.600000,0.600000
paper-46460-topk-1-depth-2,1,2,1,1,1.000000,0.999893,0.000107,,,,210,5030,-4820,0.041750,0.005758,30,180,5000,11,27,1.799337,1.964949,0.442857,0.560835
paper-46460-topk-3-depth-0,3,0,3,3,1.000000,0.980253,0.019747,0.000000,0.000000,0.000000,3,3,0,1.000000,0.000000,0,3,3,1,2,0.000000,0.918296,1.000000,0.666667
paper-46460-topk-3-depth-1,3,1,3,3,1.000000,0.980253,0.019747,0.000000,0.000000,0.000000,28,46,-18,0.608696,0.027778,2,26,44,8,9,2.013007,2.372086,0.607143,0.434783
paper-46460-topk-3-depth-2,3,2,3,3,1.000000,0.980253,0.019747,0.000000,0.000000,0.000000,14566,18952,-4386,0.768573,0.233640,6348,8218,12604,37,38,2.593884,2.223214,0.361046,0.530023
paper-46460-topk-5-depth-0,5,0,5,5,1.000000,0.975534,0.024466,0.000000,0.007143,-0.007143,5,5,0,1.000000,0.000000,0,5,5,2,2,0.721928,0.970951,0.800000,0.600000
paper-46460-topk-5-depth-1,5,1,5,5,1.000000,0.975534,0.024466,0.000000,0.007143,-0.007143,68,84,-16,0.809524,0.027027,4,64,80,9,10,1.739523,2.114833,0.558824,0.404762
paper-46460-topk-5-depth-2,5,2,5,5,1.000000,0.975534,0.024466,0.000000,0.007143,-0.007143,23973,25934,-1961,0.924385,0.472444,16013,7960,9921,38,38,2.352648,2.127092,0.507279,0.578353
paper-46460-topk-10-depth-0,10,0,10,10,1.000000,0.971034,0.028966,0.000000,0.011032,-0.011032,10,10,0,1.000000,0.052632,1,9,9,2,2,0.468996,0.970951,0.900000,0.600000
paper-46460-topk-10-depth-1,10,1,10,10,1.000000,0.971034,0.028966,0.000000,0.011032,-0.011032,106,108,-2,0.981481,0.054187,11,95,97,12,10,1.977848,2.194131,0.462264,0.444444
paper-46460-topk-10-depth-2,10,2,10,10,1.000000,0.971034,0.028966,0.000000,0.011032,-0.011032,24811,32829,-8018,0.755765,0.641744,22531,2280,10298,39,38,2.433964,2.389612,0.494418,0.495446
paper-114370-topk-1-depth-0,1,0,1,1,1.000000,0.996523,0.003477,,,,1,1,0,1.000000,0.000000,0,1,1,1,1,0.000000,0.000000,1.000000,1.000000
paper-114370-topk-1-depth-1,1,1,1,1,1.000000,0.996523,0.003477,,,,10,11,-1,0.909091,0.000000,0,10,11,3,4,1.156780,1.676737,0.700000,0.454545
paper-114370-topk-1-depth-2,1,2,1,1,1.000000,0.996523,0.003477,,,,1466,17296,-15830,0.084759,0.007031,131,1335,17165,24,34,2.567724,1.979648,0.332879,0.602047
paper-114370-topk-3-depth-0,3,0,3,3,1.000000,0.983385,0.016615,0.000000,0.005747,-0.005747,3,3,0,1.000000,0.200000,1,2,2,2,3,0.918296,1.584963,0.666667,0.333333
paper-114370-topk-3-depth-1,3,1,3,3,1.000000,0.983385,0.016615,0.000000,0.005747,-0.005747,57,69,-12,0.826087,0.657895,50,7,19,7,6,1.823512,1.844349,0.543860,0.507246
paper-114370-topk-3-depth-2,3,2,3,3,1.000000,0.983385,0.016615,0.000000,0.005747,-0.005747,15763,21413,-5650,0.736142,0.727750,15659,104,5754,35,37,1.924218,2.120666,0.608323,0.552468
paper-114370-topk-5-depth-0,5,0,5,5,1.000000,0.979991,0.020009,0.000000,0.001724,-0.001724,5,5,0,1.000000,0.111111,1,4,4,4,3,1.921928,1.521928,0.400000,0.400000
paper-114370-topk-5-depth-1,5,1,5,5,1.000000,0.979991,0.020009,0.000000,0.001724,-0.001724,84,90,-6,0.933333,0.403226,50,34,40,8,8,2.076398,2.097109,0.416667,0.488889
paper-114370-topk-5-depth-2,5,2,5,5,1.000000,0.979991,0.020009,0.000000,0.001724,-0.001724,19241,22820,-3579,0.843164,0.631536,16281,2960,6539,37,37,2.073133,2.198640,0.589678,0.535846
paper-114370-topk-10-depth-0,10,0,10,10,1.000000,0.976353,0.023647,0.000000,0.006935,-0.006935,10,10,0,1.000000,0.052632,1,9,9,6,4,2.321928,1.760964,0.400000,0.500000
paper-114370-topk-10-depth-1,10,1,10,10,1.000000,0.976353,0.023647,0.000000,0.006935,-0.006935,152,192,-40,0.791667,0.186207,54,98,138,11,9,2.292853,2.235688,0.453947,0.421875
paper-114370-topk-10-depth-2,10,2,10,10,1.000000,0.976353,0.023647,0.000000,0.006935,-0.006935,25148,38240,-13092,0.657636,0.538693,22192,2956,16048,39,38,2.276286,2.493652,0.525767,0.452144
paper-134361-topk-1-depth-0,1,0,1,1,1.000000,0.999744,0.000256,,,,1,1,0,1.000000,0.000000,0,1,1,1,1,0.000000,0.000000,1.000000,1.000000
paper-134361-topk-1-depth-1,1,1,1,1,1.000000,0.999744,0.000256,,,,26,17,9,1.529412,0.131579,5,21,12,3,3,0.468167,0.978016,0.923077,0.764706
paper-134361-topk-1-depth-2,1,2,1,1,1.000000,0.999744,0.000256,,,,21823,13948,7875,1.564597,0.622562,13725,8098,223,34,32,1.860913,1.743044,0.651514,0.670347
paper-134361-topk-3-depth-0,3,0,3,3,1.000000,0.977293,0.022707,0.000000,0.119529,-0.119529,3,3,0,1.000000,0.000000,0,3,3,2,1,0.918296,0.000000,0.666667,1.000000
paper-134361-topk-3-depth-1,3,1,3,3,1.000000,0.977293,0.022707,0.000000,0.119529,-0.119529,47,55,-8,0.854545,0.108696,10,37,45,3,5,0.695293,0.784394,0.851064,0.872727
paper-134361-topk-3-depth-2,3,2,3,3,1.000000,0.977293,0.022707,0.000000,0.119529,-0.119529,7751,29399,-21648,0.263648,0.186484,5839,1912,23560,34,36,1.411249,2.254955,0.745968,0.535562
paper-134361-topk-5-depth-0,5,0,5,5,1.000000,0.970844,0.029156,0.002594,0.127599,-0.125005,5,5,0,1.000000,0.000000,0,5,5,2,1,0.721928,0.000000,0.800000,1.000000
paper-134361-topk-5-depth-1,5,1,5,5,1.000000,0.970844,0.029156,0.002594,0.127599,-0.125005,132,89,43,1.483146,0.163158,31,101,58,4,5,0.547563,0.663778,0.909091,0.898876
paper-134361-topk-5-depth-2,5,2,5,5,1.000000,0.970844,0.029156,0.002594,0.127599,-0.125005,31223,31002,221,1.007129,0.922483,29858,1365,1144,36,36,2.260016,2.253774,0.540787,0.540159
paper-134361-topk-10-depth-0,10,0,10,10,1.000000,0.964901,0.035099,0.000000,0.116098,-0.116098,10,10,0,1.000000,0.052632,1,9,9,2,1,0.881291,0.000000,0.700000,1.000000
paper-134361-topk-10-depth-1,10,1,10,10,1.000000,0.964901,0.035099,0.000000,0.116098,-0.116098,109,169,-60,0.644970,0.263636,58,51,111,3,6,0.832975,0.780281,0.825688,0.869822
paper-134361-topk-10-depth-2,10,2,10,10,1.000000,0.964901,0.035099,0.000000,0.116098,-0.116098,18582,34258,-15676,0.542413,0.519220,18059,523,16199,35,36,1.612880,2.291625,0.719352,0.532022
paper-146319-topk-1-depth-0,1,0,1,1,1.000000,0.999902,0.000098,,,,1,1,0,1.000000,0.000000,0,1,1,1,1,0.000000,0.000000,1.000000,1.000000
paper-146319-topk-1-depth-1,1,1,1,1,1.000000,0.999902,0.000098,,,,23,22,1,1.045455,0.097561,4,19,18,2,1,0.258019,0.000000,0.956522,1.000000
paper-146319-topk-1-depth-2,1,2,1,1,1.000000,0.999902,0.000098,,,,19307,14588,4719,1.323485,0.268241,7169,12138,7419,36,32,2.266834,1.743169,0.506863,0.671031
paper-146319-topk-3-depth-0,3,0,3,3,1.000000,0.981702,0.018298,0.000000,0.022370,-0.022370,3,3,0,1.000000,0.000000,0,3,3,2,1,0.918296,0.000000,0.666667,1.000000
paper-146319-topk-3-depth-1,3,1,3,3,1.000000,0.981702,0.018298,0.000000,0.022370,-0.022370,162,67,95,2.417910,0.111650,23,139,44,8,4,0.860027,0.682722,0.851852,0.880597
paper-146319-topk-3-depth-2,3,2,3,3,1.000000,0.981702,0.018298,0.000000,0.022370,-0.022370,22803,26927,-4124,0.846845,0.440239,15201,7602,11726,38,37,2.400295,2.106603,0.498136,0.586735
paper-146319-topk-5-depth-0,5,0,5,5,1.000000,0.977885,0.022115,0.000000,0.014958,-0.014958,5,5,0,1.000000,0.000000,0,5,5,2,1,0.970951,0.000000,0.600000,1.000000
paper-146319-topk-5-depth-1,5,1,5,5,1.000000,0.977885,0.022115,0.000000,0.014958,-0.014958,169,635,-466,0.266142,0.034749,27,142,608,8,11,0.901928,0.981876,0.840237,0.839370
paper-146319-topk-5-depth-2,5,2,5,5,1.000000,0.977885,0.022115,0.000000,0.014958,-0.014958,22907,34141,-11234,0.670953,0.597759,21343,1564,12798,38,37,2.398949,2.351555,0.497926,0.512756
paper-146319-topk-10-depth-0,10,0,10,10,1.000000,0.972993,0.027007,0.000000,0.015570,-0.015570,10,10,0,1.000000,0.111111,2,8,8,4,2,1.685475,0.721928,0.500000,0.800000
paper-146319-topk-10-depth-1,10,1,10,10,1.000000,0.972993,0.027007,0.000000,0.015570,-0.015570,219,808,-589,0.271040,0.183180,159,60,649,9,14,1.197662,1.078527,0.776256,0.825495
paper-146319-topk-10-depth-2,10,2,10,10,1.000000,0.972993,0.027007,0.000000,0.015570,-0.015570,30130,39450,-9320,0.763752,0.687401,28345,1785,11105,38,38,2.376028,2.499718,0.517259,0.465374
paper-30176-topk-1-depth-0,1,0,1,1,1.000000,0.999527,0.000473,,,,1,1,0,1.000000,0.000000,0,1,1,1,1,0.000000,0.000000,1.000000,1.000000
paper-30176-topk-1-depth-1,1,1,1,1,1.000000,0.999527,0.000473,,,,4,18,-14,0.222222,0.000000,0,4,18,1,2,0.000000,0.503258,1.000000,0.888889
paper-30176-topk-1-depth-2,1,2,1,1,1.000000,0.999527,0.000473,,,,18,6950,-6932,0.002590,0.000000,0,18,6950,3,33,0.614369,2.157447,0.888889,0.532518
paper-30176-topk-3-depth-0,3,0,3,3,1.000000,0.977834,0.022166,0.000000,0.000000,0.000000,3,3,0,1.000000,0.200000,1,2,2,3,3,1.584963,1.584963,0.333333,0.333333
paper-30176-topk-3-depth-1,3,1,3,3,1.000000,0.977834,0.022166,0.000000,0.000000,0.000000,33,28,5,1.178571,0.418605,18,15,10,6,5,1.937445,1.676945,0.484848,0.571429
paper-30176-topk-3-depth-2,3,2,3,3,1.000000,0.977834,0.022166,0.000000,0.000000,0.000000,7072,17781,-10709,0.397728,0.388203,6950,122,10831,37,36,2.264537,2.216149,0.523331,0.502503
paper-30176-topk-5-depth-0,5,0,5,5,1.000000,0.972902,0.027098,0.000000,0.002083,-0.002083,5,5,0,1.000000,0.000000,0,5,5,5,4,2.321928,1.921928,0.200000,0.400000
paper-30176-topk-5-depth-1,5,1,5,5,1.000000,0.972902,0.027098,0.000000,0.002083,-0.002083,55,67,-12,0.820896,0.025210,3,52,64,10,6,2.909446,1.482156,0.290909,0.701493
paper-30176-topk-5-depth-2,5,2,5,5,1.000000,0.972902,0.027098,0.000000,0.002083,-0.002083,4757,29931,-25174,0.158932,0.121174,3749,1008,26182,33,38,2.497235,2.532307,0.580408,0.399185
paper-30176-topk-10-depth-0,10,0,10,10,1.000000,0.967996,0.032004,0.000000,0.000000,0.000000,10,10,0,1.000000,0.176471,3,7,7,8,10,2.921928,3.321928,0.200000,0.100000
paper-30176-topk-10-depth-1,10,1,10,10,1.000000,0.967996,0.032004,0.000000,0.000000,0.000000,91,113,-22,0.805310,0.200000,34,57,79,14,14,3.119949,2.781867,0.351648,0.451327
paper-30176-topk-10-depth-2,10,2,10,10,1.000000,0.967996,0.032004,0.000000,0.000000,0.000000,11858,31476,-19618,0.376731,0.271687,9258,2600,22218,38,39,2.631873,2.453486,0.440209,0.458127
paper-110594-topk-1-depth-0,1,0,1,1,1.000000,0.962406,0.037594,,,,1,1,0,1.000000,0.000000,0,1,1,1,1,0.000000,0.000000,1.000000,1.000000
paper-110594-topk-1-depth-1,1,1,1,1,1.000000,0.962406,0.037594,,,,20,8,12,2.500000,0.037037,1,19,7,2,3,0.970951,1.298795,0.600000,0.625000
paper-110594-topk-1-depth-2,1,2,1,1,1.000000,0.962406,0.037594,,,,13887,515,13372,26.965049,0.034552,481,13406,34,36,14,2.660704,1.873764,0.345143,0.609709
paper-110594-topk-3-depth-0,3,0,3,3,1.000000,0.960443,0.039557,0.000000,0.007092,-0.007092,3,3,0,1.000000,0.200000,1,2,2,3,2,1.584963,0.918296,0.333333,0.666667
paper-110594-topk-3-depth-1,3,1,3,3,1.000000,0.960443,0.039557,0.000000,0.007092,-0.007092,65,57,8,1.140351,0.232323,23,42,34,9,6,2.526745,1.630773,0.261538,0.649123
paper-110594-topk-3-depth-2,3,2,3,3,1.000000,0.960443,0.039557,0.000000,0.007092,-0.007092,16219,20650,-4431,0.785424,0.445163,11357,4862,9293,37,37,2.499019,2.565732,0.383008,0.326634
paper-110594-topk-5-depth-0,5,0,5,5,1.000000,0.959582,0.040418,0.000000,0.011687,-0.011687,5,5,0,1.000000,0.111111,1,4,4,3,3,1.521928,1.370951,0.400000,0.600000
paper-110594-topk-5-depth-1,5,1,5,5,1.000000,0.959582,0.040418,0.000000,0.011687,-0.011687,91,172,-81,0.529070,0.138528,32,59,140,8,6,2.312654,1.439960,0.296703,0.697674
paper-110594-topk-5-depth-2,5,2,5,5,1.000000,0.959582,0.040418,0.000000,0.011687,-0.011687,29647,22459,7188,1.320050,0.551420,18520,11127,3939,38,38,2.595888,2.597458,0.415118,0.306514
paper-110594-topk-10-depth-0,10,0,10,10,1.000000,0.959213,0.040787,0.000000,0.024164,-0.024164,10,10,0,1.000000,0.052632,1,9,9,5,5,1.960964,2.121928,0.500000,0.400000
paper-110594-topk-10-depth-1,10,1,10,10,1.000000,0.959213,0.040787,0.000000,0.024164,-0.024164,130,389,-259,0.334190,0.079002,38,92,351,12,11,2.659886,2.103985,0.253846,0.375321
paper-110594-topk-10-depth-2,10,2,10,10,1.000000,0.959213,0.040787,0.000000,0.024164,-0.024164,31649,34697,-3048,0.912154,0.665353,26507,5142,8190,38,38,2.632624,2.574870,0.400739,0.393262
paper-129404-topk-1-depth-0,1,0,1,1,1.000000,0.967071,0.032929,,,,1,1,0,1.000000,0.000000,0,1,1,1,1,0.000000,0.000000,1.000000,1.000000
paper-129404-topk-1-depth-1,1,1,1,1,1.000000,0.967071,0.032929,,,,4,29,-25,0.137931,0.000000,0,4,29,4,3,2.000000,0.999700,0.250000,0.724138
paper-129404-topk-1-depth-2,1,2,1,1,1.000000,0.967071,0.032929,,,,31,28846,-28815,0.001075,0.000554,16,15,28830,7,37,2.124611,2.302468,0.354839,0.509845
paper-129404-topk-3-depth-0,3,0,3,3,1.000000,0.967010,0.032990,0.000000,0.008333,-0.008333,3,3,0,1.000000,0.000000,0,3,3,2,2,0.918296,0.918296,0.666667,0.666667
paper-129404-topk-3-depth-1,3,1,3,3,1.000000,0.967010,0.032990,0.000000,0.008333,-0.008333,26,101,-75,0.257426,0.000000,0,26,101,6,11,2.083551,2.396313,0.346154,0.534653
paper-129404-topk-3-depth-2,3,2,3,3,1.000000,0.967010,0.032990,0.000000,0.008333,-0.008333,1409,32181,-30772,0.043784,0.019547,644,765,31537,31,37,2.543619,2.503293,0.495387,0.459837
paper-129404-topk-5-depth-0,5,0,5,5,1.000000,0.966924,0.033076,0.000000,0.007753,-0.007753,5,5,0,1.000000,0.000000,0,5,5,4,3,1.921928,1.370951,0.400000,0.600000
paper-129404-topk-5-depth-1,5,1,5,5,1.000000,0.966924,0.033076,0.000000,0.007753,-0.007753,43,130,-87,0.330769,0.011696,2,41,128,7,11,2.370513,2.534695,0.348837,0.461538
paper-129404-topk-5-depth-2,5,2,5,5,1.000000,0.966924,0.033076,0.000000,0.007753,-0.007753,27041,34560,-7519,0.782436,0.640899,24060,2981,10500,37,38,2.408478,2.524255,0.475315,0.453472
paper-129404-topk-10-depth-0,10,0,10,10,1.000000,0.969595,0.030405,0.000000,0.005950,-0.005950,10,10,0,1.000000,0.000000,0,10,10,6,7,2.446439,2.646439,0.300000,0.300000
paper-129404-topk-10-depth-1,10,1,10,10,1.000000,0.969595,0.030405,0.000000,0.005950,-0.005950,75,195,-120,0.384615,0.015038,4,71,191,10,13,2.698521,2.613910,0.333333,0.389744
paper-129404-topk-10-depth-2,10,2,10,10,1.000000,0.969595,0.030405,0.000000,0.005950,-0.005950,31641,38149,-6508,0.829406,0.618619,26673,4968,11476,37,38,2.518079,2.522299,0.443854,0.458964
paper-59728-topk-1-depth-0,1,0,1,1,1.000000,0.999769,0.000231,,,,1,1,0,1.000000,0.000000,0,1,1,1,1,0.000000,0.000000,1.000000,1.000000
paper-59728-topk-1-depth-1,1,1,1,1,1.000000,0.999769,0.000231,,,,5,6,-1,0.833333,0.000000,0,5,6,2,3,0.721928,1.584963,0.800000,0.333333
paper-59728-topk-1-depth-2,1,2,1,1,1.000000,0.999769,0.000231,,,,210,421,-211,0.498812,0.000000,0,210,421,22,16,3.451838,2.023884,0.185714,0.489311
paper-59728-topk-3-depth-0,3,0,3,3,1.000000,0.987183,0.012817,0.000000,0.014493,-0.014493,3,3,0,1.000000,0.000000,0,3,3,3,1,1.584963,0.000000,0.333333,1.000000
paper-59728-topk-3-depth-1,3,1,3,3,1.000000,0.987183,0.012817,0.000000,0.014493,-0.014493,19,34,-15,0.558824,0.000000,0,19,34,8,7,2.458454,2.217827,0.421053,0.411765
paper-59728-topk-3-depth-2,3,2,3,3,1.000000,0.987183,0.012817,0.000000,0.014493,-0.014493,305,3951,-3646,0.077196,0.001647,7,298,3944,23,29,3.554329,2.497626,0.180328,0.365477
paper-59728-topk-5-depth-0,5,0,5,5,1.000000,0.983648,0.016352,0.000000,0.004348,-0.004348,5,5,0,1.000000,0.111111,1,4,4,4,2,1.921928,0.970951,0.400000,0.600000
paper-59728-topk-5-depth-1,5,1,5,5,1.000000,0.983648,0.016352,0.000000,0.004348,-0.004348,25,60,-35,0.416667,0.075949,6,19,54,5,11,2.123074,2.613269,0.320000,0.366667
paper-59728-topk-5-depth-2,5,2,5,5,1.000000,0.983648,0.016352,0.000000,0.004348,-0.004348,14079,4514,9565,3.118963,0.159743,2561,11518,1953,36,33,1.962899,2.619841,0.600398,0.386132
paper-59728-topk-10-depth-0,10,0,10,10,1.000000,0.979651,0.020349,0.000000,0.003452,-0.003452,10,10,0,1.000000,0.111111,2,8,8,5,5,2.246439,2.121928,0.300000,0.400000
paper-59728-topk-10-depth-1,10,1,10,10,1.000000,0.979651,0.020349,0.000000,0.003452,-0.003452,70,131,-61,0.534351,0.041451,8,62,123,11,13,2.948607,2.743398,0.285714,0.312977
paper-59728-topk-10-depth-2,10,2,10,10,1.000000,0.979651,0.020349,0.000000,0.003452,-0.003452,15031,8782,6249,1.711569,0.215817,4227,10804,4555,38,38,2.244195,2.629942,0.563169,0.420633
paper-101062-topk-1-depth-0,1,0,1,1,1.000000,0.998681,0.001319,,,,1,1,0,1.000000,0.000000,0,1,1,1,1,0.000000,0.000000,1.000000,1.000000
paper-101062-topk-1-depth-1,1,1,1,1,1.000000,0.998681,0.001319,,,,17,37,-20,0.459459,0.000000,0,17,37,6,6,2.019153,2.137866,0.411765,0.432432
paper-101062-topk-1-depth-2,1,2,1,1,1.000000,0.998681,0.001319,,,,2643,23657,-21014,0.111722,0.051411,1286,1357,22371,30,38,2.697639,2.634590,0.384412,0.348692
paper-101062-topk-3-depth-0,3,0,3,3,1.000000,0.979833,0.020167,0.000000,0.029436,-0.029436,3,3,0,1.000000,0.000000,0,3,3,2,3,0.918296,1.584963,0.666667,0.333333
paper-101062-topk-3-depth-1,3,1,3,3,1.000000,0.979833,0.020167,0.000000,0.029436,-0.029436,64,125,-61,0.512000,0.010695,2,62,123,7,8,1.946941,1.742896,0.437500,0.632000
paper-101062-topk-3-depth-2,3,2,3,3,1.000000,0.979833,0.020167,0.000000,0.029436,-0.029436,24086,33938,-9852,0.709706,0.486880,19000,5086,14938,39,38,2.140552,2.493810,0.573113,0.450439
paper-101062-topk-5-depth-0,5,0,5,5,1.000000,0.976283,0.023717,0.000000,0.027841,-0.027841,5,5,0,1.000000,0.000000,0,5,5,3,3,1.521928,1.521928,0.400000,0.400000
paper-101062-topk-5-depth-1,5,1,5,5,1.000000,0.976283,0.023717,0.000000,0.027841,-0.027841,119,154,-35,0.772727,0.022472,6,113,148,10,9,1.885406,1.754504,0.470588,0.636364
paper-101062-topk-5-depth-2,5,2,5,5,1.000000,0.976283,0.023717,0.000000,0.027841,-0.027841,28805,36488,-7683,0.789438,0.561324,23474,5331,13014,40,39,2.237355,2.505691,0.536990,0.457630
paper-101062-topk-10-depth-0,10,0,10,10,1.000000,0.972878,0.027122,0.000000,0.008343,-0.008343,10,10,0,1.000000,0.052632,1,9,9,8,5,2.846439,2.046439,0.300000,0.400000
paper-101062-topk-10-depth-1,10,1,10,10,1.000000,0.972878,0.027122,0.000000,0.008343,-0.008343,134,261,-127,0.513410,0.154971,53,81,208,13,11,2.335055,2.176934,0.470149,0.494253
paper-101062-topk-10-depth-2,10,2,10,10,1.000000,0.972878,0.027122,0.000000,0.008343,-0.008343,31106,41280,-10174,0.753537,0.668495,29002,2104,12278,38,40,2.392886,2.571849,0.496753,0.430499
paper-135613-topk-1-depth-0,1,0,1,1,1.000000,0.999804,0.000196,,,,1,1,0,1.000000,0.000000,0,1,1,1,1,0.000000,0.000000,1.000000,1.000000
paper-135613-topk-1-depth-1,1,1,1,1,1.000000,0.999804,0.000196,,,,3,2,1,1.500000,0.000000,0,3,2,1,2,0.000000,1.000000,1.000000,0.500000
paper-135613-topk-1-depth-2,1,2,1,1,1.000000,0.999804,0.000196,,,,16,9,7,1.777778,0.000000,0,16,9,2,3,0.696212,1.530493,0.812500,0.444444
paper-135613-topk-3-depth-0,3,0,3,3,1.000000,0.978945,0.021055,0.000000,0.000000,0.000000,3,3,0,1.000000,0.500000,2,1,1,2,2,0.918296,0.918296,0.666667,0.666667
paper-135613-topk-3-depth-1,3,1,3,3,1.000000,0.978945,0.021055,0.000000,0.000000,0.000000,48,47,1,1.021277,0.900000,45,3,2,4,4,0.624874,0.547581,0.895833,0.914894
paper-135613-topk-3-depth-2,3,2,3,3,1.000000,0.978945,0.021055,0.000000,0.000000,0.000000,1020,968,52,1.053719,0.931973,959,61,9,11,11,0.865128,0.730920,0.843137,0.881198
paper-135613-topk-5-depth-0,5,0,5,5,1.000000,0.973122,0.026878,0.000000,0.000000,0.000000,5,5,0,1.000000,0.250000,2,3,3,4,3,1.921928,1.521928,0.400000,0.400000
paper-135613-topk-5-depth-1,5,1,5,5,1.000000,0.973122,0.026878,0.000000,0.000000,0.000000,67,66,1,1.015152,0.511364,45,22,21,5,7,1.096654,1.123729,0.776119,0.818182
paper-135613-topk-5-depth-2,5,2,5,5,1.000000,0.973122,0.026878,0.000000,0.000000,0.000000,1372,1414,-42,0.970297,0.525739,960,412,454,14,20,0.962014,1.086344,0.837464,0.831683
paper-135613-topk-10-depth-0,10,0,10,10,1.000000,0.969547,0.030453,0.000000,0.000000,0.000000,10,10,0,1.000000,0.176471,3,7,7,6,5,2.521928,2.046439,0.200000,0.400000
paper-135613-topk-10-depth-1,10,1,10,10,1.000000,0.969547,0.030453,0.000000,0.000000,0.000000,88,103,-15,0.854369,0.394161,54,34,49,12,11,2.199398,1.909932,0.590909,0.660194
paper-135613-topk-10-depth-2,10,2,10,10,1.000000,0.969547,0.030453,0.000000,0.000000,0.000000,5432,5662,-230,0.959378,0.796308,4918,514,744,33,34,2.730677,2.667764,0.382364,0.366832
paper-11628-topk-1-depth-0,1,0,1,1,1.000000,0.999878,0.000122,,,,1,1,0,1.000000,1.000000,1,0,0,1,1,0.000000,0.000000,1.000000,1.000000
paper-11628-topk-1-depth-1,1,1,1,1,1.000000,0.999878,0.000122,,,,16,16,0,1.000000,1.000000,16,0,0,1,1,0.000000,0.000000,1.000000,1.000000
paper-11628-topk-1-depth-2,1,2,1,1,1.000000,0.999878,0.000122,,,,8688,8688,0,1.000000,1.000000,8688,0,0,34,34,2.362430,2.362430,0.478246,0.478246
paper-11628-topk-3-depth-0,3,0,3,3,1.000000,0.981094,0.018906,0.000000,0.041667,-0.041667,3,3,0,1.000000,0.200000,1,2,2,2,2,0.918296,0.918296,0.666667,0.666667
paper-11628-topk-3-depth-1,3,1,3,3,1.000000,0.981094,0.018906,0.000000,0.041667,-0.041667,58,31,27,1.870968,0.141026,11,47,20,5,3,0.894607,0.886570,0.844828,0.806452
paper-11628-topk-3-depth-2,3,2,3,3,1.000000,0.981094,0.018906,0.000000,0.041667,-0.041667,7935,19435,-11500,0.408284,0.359527,7238,697,12197,35,36,2.340272,2.595005,0.480529,0.307023
paper-11628-topk-5-depth-0,5,0,5,5,1.000000,0.976751,0.023249,0.000000,0.056449,-0.056449,5,5,0,1.000000,0.111111,1,4,4,2,2,0.721928,0.721928,0.800000,0.800000
paper-11628-topk-5-depth-1,5,1,5,5,1.000000,0.976751,0.023249,0.000000,0.056449,-0.056449,79,54,25,1.462963,0.146552,17,62,37,7,3,1.248279,0.605291,0.772152,0.888889
paper-11628-topk-5-depth-2,5,2,5,5,1.000000,0.976751,0.023249,0.000000,0.056449,-0.056449,20880,19843,1037,1.052260,0.907222,19371,1509,472,36,36,2.614580,2.599686,0.311830,0.302626
paper-11628-topk-10-depth-0,10,0,10,10,1.000000,0.972528,0.027472,0.000000,0.077242,-0.077242,10,10,0,1.000000,0.000000,0,10,10,1,2,0.000000,0.468996,1.000000,0.900000
paper-11628-topk-10-depth-1,10,1,10,10,1.000000,0.972528,0.027472,0.000000,0.077242,-0.077242,107,89,18,1.202247,0.088889,16,91,73,7,3,0.780880,0.418112,0.878505,0.932584
paper-11628-topk-10-depth-2,10,2,10,10,1.000000,0.972528,0.027472,0.000000,0.077242,-0.077242,22950,20615,2335,1.113267,0.812263,19526,3424,1089,37,36,2.662332,2.599332,0.292636,0.295416
paper-20466-topk-1-depth-0,1,0,1,1,1.000000,0.999675,0.000325,,,,1,1,0,1.000000,1.000000,1,0,0,1,1,0.000000,0.000000,1.000000,1.000000
paper-20466-topk-1-depth-1,1,1,1,1,1.000000,0.999675,0.000325,,,,6,6,0,1.000000,1.000000,6,0,0,2,2,0.918296,0.918296,0.666667,0.666667
paper-20466-topk-1-depth-2,1,2,1,1,1.000000,0.999675,0.000325,,,,15196,15196,0,1.000000,1.000000,15196,0,0,32,32,1.914218,1.914218,0.615820,0.615820
paper-20466-topk-3-depth-0,3,0,3,3,1.000000,0.976757,0.023243,0.000000,0.000000,0.000000,3,3,0,1.000000,0.200000,1,2,2,1,1,0.000000,0.000000,1.000000,1.000000
paper-20466-topk-3-depth-1,3,1,3,3,1.000000,0.976757,0.023243,0.000000,0.000000,0.000000,13,21,-8,0.619048,0.259259,7,6,14,2,2,0.619382,0.591673,0.846154,0.857143
paper-20466-topk-3-depth-2,3,2,3,3,1.000000,0.976757,0.023243,0.000000,0.000000,0.000000,17096,18049,-953,0.947199,0.908395,16729,367,1320,32,33,1.859296,1.814532,0.634593,0.651338
paper-20466-topk-5-depth-0,5,0,5,5,1.000000,0.971833,0.028167,0.000000,0.012721,-0.012721,5,5,0,1.000000,0.111111,1,4,4,1,1,0.000000,0.000000,1.000000,1.000000
paper-20466-topk-5-depth-1,5,1,5,5,1.000000,0.971833,0.028167,0.000000,0.012721,-0.012721,62,64,-2,0.968750,0.135135,15,47,49,2,4,0.458686,0.502643,0.903226,0.921875
paper-20466-topk-5-depth-2,5,2,5,5,1.000000,0.971833,0.028167,0.000000,0.012721,-0.012721,29788,24664,5124,1.207752,0.702689,22472,7316,2192,36,35,2.261577,1.922234,0.534175,0.637934
paper-20466-topk-10-depth-0,10,0,10,10,1.000000,0.967361,0.032639,0.000000,0.021368,-0.021368,10,10,0,1.000000,0.111111,2,8,8,1,1,0.000000,0.000000,1.000000,1.000000
paper-20466-topk-10-depth-1,10,1,10,10,1.000000,0.967361,0.032639,0.000000,0.021368,-0.021368,78,134,-56,0.582090,0.284848,47,31,87,3,8,0.612623,0.749050,0.871795,0.888060
paper-20466-topk-10-depth-2,10,2,10,10,1.000000,0.967361,0.032639,0.000000,0.021368,-0.021368,30453,32502,-2049,0.936958,0.903344,29879,574,2623,37,36,2.281675,2.273465,0.530128,0.536767
paper-81501-topk-1-depth-0,1,0,1,1,1.000000,0.999831,0.000169,,,,1,1,0,1.000000,0.000000,0,1,1,1,1,0.000000,0.000000,1.000000,1.000000
paper-81501-topk-1-depth-1,1,1,1,1,1.000000,0.999831,0.000169,,,,13,7,6,1.857143,0.000000,0,13,7,3,3,1.238901,1.378783,0.615385,0.571429
paper-81501-topk-1-depth-2,1,2,1,1,1.000000,0.999831,0.000169,,,,106,619,-513,0.171244,0.004155,3,103,616,13,20,1.987423,2.661470,0.452830,0.497577
paper-81501-topk-3-depth-0,3,0,3,3,1.000000,0.978743,0.021257,0.000000,0.034117,-0.034117,3,3,0,1.000000,0.000000,0,3,3,3,1,1.584963,0.000000,0.333333,1.000000
paper-81501-topk-3-depth-1,3,1,3,3,1.000000,0.978743,0.021257,0.000000,0.034117,-0.034117,35,49,-14,0.714286,0.000000,0,35,49,7,9,2.194822,1.900701,0.485714,0.632653
paper-81501-topk-3-depth-2,3,2,3,3,1.000000,0.978743,0.021257,0.000000,0.034117,-0.034117,14301,1790,12511,7.989385,0.026212,411,13890,1379,37,27,2.084557,2.714024,0.586812,0.375419
paper-81501-topk-5-depth-0,5,0,5,5,1.000000,0.972952,0.027048,0.000000,0.017033,-0.017033,5,5,0,1.000000,0.000000,0,5,5,2,2,0.721928,0.721928,0.800000,0.800000
paper-81501-topk-5-depth-1,5,1,5,5,1.000000,0.972952,0.027048,0.000000,0.017033,-0.017033,65,88,-23,0.738636,0.006579,1,64,87,8,10,1.504093,2.017606,0.738462,0.522727
paper-81501-topk-5-depth-2,5,2,5,5,1.000000,0.972952,0.027048,0.000000,0.017033,-0.017033,17579,17289,290,1.016774,0.206839,5976,11603,11313,38,39,2.350035,2.668776,0.492349,0.319972
paper-81501-topk-10-depth-0,10,0,10,10,1.000000,0.968156,0.031844,0.000000,0.013491,-0.013491,10,10,0,1.000000,0.052632,1,9,9,4,4,1.356780,1.685475,0.700000,0.500000
paper-81501-topk-10-depth-1,10,1,10,10,1.000000,0.968156,0.031844,0.000000,0.013491,-0.013491,139,156,-17,0.891026,0.092593,25,114,131,9,15,1.752886,2.353362,0.582734,0.448718
paper-81501-topk-10-depth-2,10,2,10,10,1.000000,0.968156,0.031844,0.000000,0.013491,-0.013491,25072,29765,-4693,0.842332,0.583740,20212,4860,9553,39,39,2.557110,2.604354,0.380863,0.391836
paper-34318-topk-1-depth-0,1,0,1,1,1.000000,0.997201,0.002799,,,,1,1,0,1.000000,1.000000,1,0,0,1,1,0.000000,0.000000,1.000000,1.000000
paper-34318-topk-1-depth-1,1,1,1,1,1.000000,0.997201,0.002799,,,,8,8,0,1.000000,1.000000,8,0,0,3,3,1.405639,1.405639,0.500000,0.500000
paper-34318-topk-1-depth-2,1,2,1,1,1.000000,0.997201,0.002799,,,,2052,2052,0,1.000000,1.000000,2052,0,0,23,23,1.374742,1.374742,0.763645,0.763645
paper-34318-topk-3-depth-0,3,0,3,3,1.000000,0.973647,0.026353,0.000000,0.022222,-0.022222,3,3,0,1.000000,0.000000,0,3,3,3,2,1.584963,0.918296,0.333333,0.666667
paper-34318-topk-3-depth-1,3,1,3,3,1.000000,0.973647,0.026353,0.000000,0.022222,-0.022222,37,25,12,1.480000,0.000000,0,37,25,5,4,1.696432,1.261119,0.594595,0.720000
paper-34318-topk-3-depth-2,3,2,3,3,1.000000,0.973647,0.026353,0.000000,0.022222,-0.022222,565,3013,-2448,0.187521,0.000000,0,565,3013,14,25,1.222621,1.896028,0.810619,0.560239
paper-34318-topk-5-depth-0,5,0,5,5,1.000000,0.967724,0.032276,0.000000,0.006667,-0.006667,5,5,0,1.000000,0.000000,0,5,5,5,4,2.321928,1.921928,0.200000,0.400000
paper-34318-topk-5-depth-1,5,1,5,5,1.000000,0.967724,0.032276,0.000000,0.006667,-0.006667,50,51,-1,0.980392,0.000000,0,50,51,8,8,2.283145,2.235162,0.440000,0.352941
paper-34318-topk-5-depth-2,5,2,5,5,1.000000,0.967724,0.032276,0.000000,0.006667,-0.006667,1598,17323,-15725,0.092247,0.021211,393,1205,16930,26,35,3.022136,2.243747,0.286608,0.556543
paper-34318-topk-10-depth-0,10,0,10,10,1.000000,0.962471,0.037529,0.000000,0.001481,-0.001481,10,10,0,1.000000,0.052632,1,9,9,9,7,3.121928,2.646439,0.200000,0.300000
paper-34318-topk-10-depth-1,10,1,10,10,1.000000,0.962471,0.037529,0.000000,0.001481,-0.001481,105,82,23,1.280488,0.044693,8,97,74,17,13,3.366952,3.009523,0.247619,0.280488
paper-34318-topk-10-depth-2,10,2,10,10,1.000000,0.962471,0.037529,0.000000,0.001481,-0.001481,31746,18318,13428,1.733049,0.389470,14033,17713,4285,39,39,2.553444,2.390197,0.442103,0.528387
paper-168013-topk-1-depth-0,1,0,1,1,1.000000,0.999830,0.000170,,,,1,1,0,1.000000,0.000000,0,1,1,1,1,0.000000,0.000000,1.000000,1.000000
paper-168013-topk-1-depth-1,1,1,1,1,1.000000,0.999830,0.000170,,,,3,4,-1,0.750000,0.000000,0,3,4,1,4,0.000000,2.000000,1.000000,0.250000
paper-168013-topk-1-depth-2,1,2,1,1,1.000000,0.999830,0.000170,,,,4,134,-130,0.029851,0.000000,0,4,134,1,12,0.000000,2.323950,1.000000,0.380597
paper-168013-topk-3-depth-0,3,0,3,3,1.000000,0.980552,0.019448,0.000000,0.000000,0.000000,3,3,0,1.000000,0.000000,0,3,3,1,3,0.000000,1.584963,1.000000,0.333333
paper-168013-topk-3-depth-1,3,1,3,3,1.000000,0.980552,0.019448,0.000000,0.000000,0.000000,11,24,-13,0.458333,0.000000,0,11,24,5,10,1.867634,2.812907,0.545455,0.375000
paper-168013-topk-3-depth-2,3,2,3,3,1.000000,0.980552,0.019448,0.000000,0.000000,0.000000,56,241,-185,0.232365,0.003378,1,55,240,9,17,2.802306,3.187851,0.267857,0.265560
paper-168013-topk-5-depth-0,5,0,5,5,1.000000,0.976294,0.023706,0.000000,0.000000,0.000000,5,5,0,1.000000,0.111111,1,4,4,3,3,1.370951,1.370951,0.600000,0.600000
paper-168013-topk-5-depth-1,5,1,5,5,1.000000,0.976294,0.023706,0.000000,0.000000,0.000000,26,35,-9,0.742857,0.051724,3,23,32,9,10,2.595476,2.644486,0.384615,0.428571
paper-168013-topk-5-depth-2,5,2,5,5,1.000000,0.976294,0.023706,0.000000,0.000000,0.000000,17070,281,16789,60.747331,0.001038,18,17052,263,36,17,2.503299,3.242177,0.414704,0.238434
paper-168013-topk-10-depth-0,10,0,10,10,1.000000,0.972134,0.027866,0.000000,0.007018,-0.007018,10,10,0,1.000000,0.176471,3,7,7,7,5,2.646439,1.960964,0.300000,0.500000
paper-168013-topk-10-depth-1,10,1,10,10,1.000000,0.972134,0.027866,0.000000,0.007018,-0.007018,63,60,3,1.050000,0.182692,19,44,41,13,12,3.251524,2.928811,0.222222,0.316667
paper-168013-topk-10-depth-2,10,2,10,10,1.000000,0.972134,0.027866,0.000000,0.007018,-0.007018,17914,14800,3114,1.210405,0.792057,14459,3455,341,36,38,2.587336,2.664661,0.404600,0.374662
paper-154080-topk-1-depth-0,1,0,1,1,1.000000,0.950203,0.049797,,,,1,1,0,1.000000,0.000000,0,1,1,1,1,0.000000,0.000000,1.000000,1.000000
paper-154080-topk-1-depth-1,1,1,1,1,1.000000,0.950203,0.049797,,,,2,5,-3,0.400000,0.000000,0,2,5,1,4,0.000000,1.921928,1.000000,0.400000
paper-154080-topk-1-depth-2,1,2,1,1,1.000000,0.950203,0.049797,,,,8,32,-24,0.250000,0.025641,1,7,31,3,6,1.561278,2.225537,0.375000,0.343750
paper-154080-topk-3-depth-0,3,0,3,3,1.000000,0.941691,0.058309,0.000000,0.000000,0.000000,3,3,0,1.000000,0.000000,0,3,3,1,3,0.000000,1.584963,1.000000,0.333333
paper-154080-topk-3-depth-1,3,1,3,3,1.000000,0.941691,0.058309,0.000000,0.000000,0.000000,11,12,-1,0.916667,0.000000,0,11,12,3,5,0.865857,1.780672,0.818182,0.583333
paper-154080-topk-3-depth-2,3,2,3,3,1.000000,0.941691,0.058309,0.000000,0.000000,0.000000,44,2804,-2760,0.015692,0.000703,2,42,2802,4,27,1.185008,2.428003,0.750000,0.540300
paper-154080-topk-5-depth-0,5,0,5,5,1.000000,0.942349,0.057651,0.000000,0.000000,0.000000,5,5,0,1.000000,0.428571,3,2,2,2,2,0.721928,0.721928,0.800000,0.800000
paper-154080-topk-5-depth-1,5,1,5,5,1.000000,0.942349,0.057651,0.000000,0.000000,0.000000,23,19,4,1.210526,0.400000,12,11,7,6,4,1.260142,1.400258,0.782609,0.684211
paper-154080-topk-5-depth-2,5,2,5,5,1.000000,0.942349,0.057651,0.000000,0.000000,0.000000,5055,2834,2221,1.783698,0.495829,2615,2440,219,35,27,2.839111,2.412360,0.381207,0.544107
paper-154080-topk-10-depth-0,10,0,10,10,1.000000,0.935310,0.064690,0.000000,0.000000,0.000000,10,10,0,1.000000,0.250000,4,6,6,4,5,1.685475,1.960964,0.500000,0.500000
paper-154080-topk-10-depth-1,10,1,10,10,1.000000,0.935310,0.064690,0.000000,0.000000,0.000000,58,61,-3,0.950820,0.155340,16,42,45,9,9,2.297050,2.394081,0.482759,0.491803
paper-154080-topk-10-depth-2,10,2,10,10,1.000000,0.935310,0.064690,0.000000,0.000000,0.000000,9506,3307,6199,2.874509,0.274799,2762,6744,545,34,28,2.469109,2.483149,0.499053,0.533112
paper-60990-topk-1-depth-0,1,0,1,1,1.000000,0.948751,0.051249,,,,1,1,0,1.000000,0.000000,0,1,1,1,1,0.000000,0.000000,1.000000,1.000000
paper-60990-topk-1-depth-1,1,1,1,1,1.000000,0.948751,0.051249,,,,2,25,-23,0.080000,0.000000,0,2,25,1,4,0.000000,0.996118,1.000000,0.800000
paper-60990-topk-1-depth-2,1,2,1,1,1.000000,0.948751,0.051249,,,,2693,15231,-12538,0.176810,0.098082,1601,1092,13630,30,35,1.668140,1.918562,0.739696,0.646248
paper-60990-topk-3-depth-0,3,0,3,3,1.000000,0.948539,0.051461,0.000000,0.059700,-0.059700,3,3,0,1.000000,0.000000,0,3,3,2,2,0.918296,0.918296,0.666667,0.666667
paper-60990-topk-3-depth-1,3,1,3,3,1.000000,0.948539,0.051461,0.000000,0.059700,-0.059700,21,49,-28,0.428571,0.044776,3,18,46,3,6,0.548954,1.308026,0.904762,0.693878
paper-60990-topk-3-depth-2,3,2,3,3,1.000000,0.948539,0.051461,0.000000,0.059700,-0.059700,8966,30368,-21402,0.295245,0.226237,7257,1709,23111,32,38,1.331120,2.362189,0.804930,0.501153
paper-60990-topk-5-depth-0,5,0,5,5,1.000000,0.947308,0.052692,0.000000,0.017910,-0.017910,5,5,0,1.000000,0.000000,0,5,5,2,3,0.721928,1.521928,0.800000,0.400000
paper-60990-topk-5-depth-1,5,1,5,5,1.000000,0.947308,0.052692,0.000000,0.017910,-0.017910,58,56,2,1.035714,0.045872,5,53,51,7,6,2.048849,1.447084,0.500000,0.642857
paper-60990-topk-5-depth-2,5,2,5,5,1.000000,0.947308,0.052692,0.000000,0.017910,-0.017910,29245,30416,-1171,0.961501,0.745648,25484,3761,4932,38,38,2.345520,2.364444,0.507642,0.500822
paper-60990-topk-10-depth-0,10,0,10,10,1.000000,0.945601,0.054399,0.000000,0.016488,-0.016488,10,10,0,1.000000,0.000000,0,10,10,4,4,1.685475,1.685475,0.500000,0.500000
paper-60990-topk-10-depth-1,10,1,10,10,1.000000,0.945601,0.054399,0.000000,0.016488,-0.016488,89,100,-11,0.890000,0.038462,7,82,93,12,11,2.427165,1.479400,0.505618,0.710000
paper-60990-topk-10-depth-2,10,2,10,10,1.000000,0.945601,0.054399,0.000000,0.016488,-0.016488,30064,32611,-2547,0.921898,0.736005,26572,3492,6039,39,40,2.384776,2.377644,0.503858,0.508816
paper-84581-topk-1-depth-0,1,0,1,1,1.000000,0.999901,0.000099,,,,1,1,0,1.000000,0.000000,0,1,1,1,1,0.000000,0.000000,1.000000,1.000000
paper-84581-topk-1-depth-1,1,1,1,1,1.000000,0.999901,0.000099,,,,9,10,-1,0.900000,0.055556,1,8,9,3,2,1.435521,0.970951,0.555556,0.600000
paper-84581-topk-1-depth-2,1,2,1,1,1.000000,0.999901,0.000099,,,,579,1597,-1018,0.362555,0.147679,280,299,1317,14,25,1.813447,2.289550,0.576857,0.486537
paper-84581-topk-3-depth-0,3,0,3,3,1.000000,0.978031,0.021969,0.000000,0.020833,-0.020833,3,3,0,1.000000,0.500000,2,1,1,2,2,0.918296,0.918296,0.666667,0.666667
paper-84581-topk-3-depth-1,3,1,3,3,1.000000,0.978031,0.021969,0.000000,0.020833,-0.020833,16,22,-6,0.727273,0.520000,13,3,9,5,5,1.952820,1.937434,0.500000,0.454545
paper-84581-topk-3-depth-2,3,2,3,3,1.000000,0.978031,0.021969,0.000000,0.020833,-0.020833,592,1904,-1312,0.310924,0.307491,587,5,1317,15,27,1.901343,2.288354,0.564189,0.498424
paper-84581-topk-5-depth-0,5,0,5,5,1.000000,0.971113,0.028887,0.000000,0.006250,-0.006250,5,5,0,1.000000,0.428571,3,2,2,4,3,1.921928,1.370951,0.400000,0.600000
paper-84581-topk-5-depth-1,5,1,5,5,1.000000,0.971113,0.028887,0.000000,0.006250,-0.006250,26,27,-1,0.962963,0.432432,16,10,11,9,6,2.844107,1.956086,0.307692,0.518519
paper-84581-topk-5-depth-2,5,2,5,5,1.000000,0.971113,0.028887,0.000000,0.006250,-0.006250,981,1912,-931,0.513075,0.257279,592,389,1320,19,28,2.382872,2.293891,0.375127,0.496339
paper-84581-topk-10-depth-0,10,0,10,10,1.000000,0.962417,0.037583,0.000000,0.001389,-0.001389,10,10,0,1.000000,0.250000,4,6,6,6,4,2.321928,1.356780,0.400000,0.700000
paper-84581-topk-10-depth-1,10,1,10,10,1.000000,0.962417,0.037583,0.000000,0.001389,-0.001389,56,52,4,1.076923,0.173913,16,40,36,13,6,3.273648,1.613337,0.214286,0.615385
paper-84581-topk-10-depth-2,10,2,10,10,1.000000,0.962417,0.037583,0.000000,0.001389,-0.001389,30023,2389,27634,12.567183,0.040814,1271,28752,1118,37,30,2.358568,2.335918,0.498318,0.429468
paper-75264-topk-1-depth-0,1,0,1,1,1.000000,0.905509,0.094491,,,,1,1,0,1.000000,0.000000,0,1,1,1,1,0.000000,0.000000,1.000000,1.000000
paper-75264-topk-1-depth-1,1,1,1,1,1.000000,0.905509,0.094491,,,,9,15,-6,0.600000,0.000000,0,9,15,2,5,0.503258,1.822816,0.888889,0.466667
paper-75264-topk-1-depth-2,1,2,1,1,1.000000,0.905509,0.094491,,,,2557,20720,-18163,0.123407,0.068095,1484,1073,19236,30,37,1.870646,2.095415,0.692609,0.576351
paper-75264-topk-3-depth-0,3,0,3,3,1.000000,0.904729,0.095271,0.000000,0.024541,-0.024541,3,3,0,1.000000,0.000000,0,3,3,3,2,1.584963,0.918296,0.333333,0.666667
paper-75264-topk-3-depth-1,3,1,3,3,1.000000,0.904729,0.095271,0.000000,0.024541,-0.024541,60,82,-22,0.731707,0.067669,9,51,73,5,8,1.684052,2.330081,0.466667,0.451220
paper-75264-topk-3-depth-2,3,2,3,3,1.000000,0.904729,0.095271,0.000000,0.024541,-0.024541,24625,22503,2122,1.094299,0.694825,19321,5304,3182,38,38,2.114217,2.230149,0.587614,0.549038
paper-75264-topk-5-depth-0,5,0,5,5,1.000000,0.904550,0.095450,0.000000,0.007362,-0.007362,5,5,0,1.000000,0.000000,0,5,5,3,3,1.370951,1.521928,0.600000,0.400000
paper-75264-topk-5-depth-1,5,1,5,5,1.000000,0.904550,0.095450,0.000000,0.007362,-0.007362,78,95,-17,0.821053,0.054878,9,69,86,5,10,1.756422,2.476410,0.410256,0.389474
paper-75264-topk-5-depth-2,5,2,5,5,1.000000,0.904550,0.095450,0.000000,0.007362,-0.007362,24821,22636,2185,1.096528,0.690967,19392,5429,3244,38,38,2.116403,2.233075,0.587164,0.550097
paper-75264-topk-10-depth-0,10,0,10,10,1.000000,0.914741,0.085259,0.000000,0.005902,-0.005902,10,10,0,1.000000,0.052632,1,9,9,4,2,1.846439,1.000000,0.400000,0.500000
paper-75264-topk-10-depth-1,10,1,10,10,1.000000,0.914741,0.085259,0.000000,0.005902,-0.005902,113,248,-135,0.455645,0.034384,12,101,236,12,12,2.599163,1.816597,0.389381,0.564516
paper-75264-topk-10-depth-2,10,2,10,10,1.000000,0.914741,0.085259,0.000000,0.005902,-0.005902,25272,35173,-9901,0.718506,0.580881,22210,3062,12963,37,40,2.092965,2.417670,0.601852,0.494442
paper-134323-topk-1-depth-0,1,0,1,1,1.000000,0.951102,0.048898,,,,1,1,0,1.000000,0.000000,0,1,1,1,1,0.000000,0.000000,1.000000,1.000000
paper-134323-topk-1-depth-1,1,1,1,1,1.000000,0.951102,0.048898,,,,6,10,-4,0.600000,0.000000,0,6,10,5,1,2.251629,0.000000,0.333333,1.000000
paper-134323-topk-1-depth-2,1,2,1,1,1.000000,0.951102,0.048898,,,,23,2969,-2946,0.007747,0.000000,0,23,2969,6,16,2.496206,0.599319,0.260870,0.919838
paper-134323-topk-3-depth-0,3,0,3,3,1.000000,0.978111,0.021889,0.000000,0.061199,-0.061199,3,3,0,1.000000,0.000000,0,3,3,2,2,0.918296,0.918296,0.666667,0.666667
paper-134323-topk-3-depth-1,3,1,3,3,1.000000,0.978111,0.021889,0.000000,0.061199,-0.061199,89,73,16,1.219178,0.038462,6,83,67,9,4,1.132939,1.499626,0.820225,0.465753
paper-134323-topk-3-depth-2,3,2,3,3,1.000000,0.978111,0.021889,0.000000,0.061199,-0.061199,21036,19798,1238,1.062532,0.680827,16540,4496,3258,36,35,1.935174,1.879542,0.626260,0.644105
paper-134323-topk-5-depth-0,5,0,5,5,1.000000,0.970230,0.029770,0.000000,0.048469,-0.048469,5,5,0,1.000000,0.111111,1,4,4,3,2,1.370951,0.721928,0.600000,0.800000
paper-134323-topk-5-depth-1,5,1,5,5,1.000000,0.970230,0.029770,0.000000,0.048469,-0.048469,70,103,-33,0.679612,0.054878,9,61,94,10,4,2.067811,1.340196,0.571429,0.611650
paper-134323-topk-5-depth-2,5,2,5,5,1.000000,0.970230,0.029770,0.000000,0.048469,-0.048469,19020,20515,-1495,0.927126,0.380508,10897,8123,9618,36,35,2.223330,1.872624,0.509832,0.648014
paper-134323-topk-10-depth-0,10,0,10,10,1.000000,0.956027,0.043973,0.000101,0.023931,-0.023830,10,10,0,1.000000,0.052632,1,9,9,5,3,1.960964,0.921928,0.500000,0.800000
paper-134323-topk-10-depth-1,10,1,10,10,1.000000,0.956027,0.043973,0.000101,0.023931,-0.023830,2949,159,2790,18.547170,0.023378,71,2878,88,25,8,1.014398,1.266769,0.849780,0.723270
paper-134323-topk-10-depth-2,10,2,10,10,1.000000,0.956027,0.043973,0.000101,0.023931,-0.023830,36109,32920,3189,1.096871,0.652598,27259,8850,5661,38,36,2.270038,2.236076,0.542441,0.547145
paper-11107-topk-1-depth-0,1,0,1,1,1.000000,0.999890,0.000110,,,,1,1,0,1.000000,1.000000,1,0,0,1,1,0.000000,0.000000,1.000000,1.000000
paper-11107-topk-1-depth-1,1,1,1,1,1.000000,0.999890,0.000110,,,,3,3,0,1.000000,1.000000,3,0,0,3,3,1.584963,1.584963,0.333333,0.333333
paper-11107-topk-1-depth-2,1,2,1,1,1.000000,0.999890,0.000110,,,,12,12,0,1.000000,1.000000,12,0,0,5,5,1.780672,1.780672,0.583333,0.583333
paper-11107-topk-3-depth-0,3,0,3,3,1.000000,0.975671,0.024329,0.000000,0.000000,0.000000,3,3,0,1.000000,0.200000,1,2,2,2,2,0.918296,0.918296,0.666667,0.666667
paper-11107-topk-3-depth-1,3,1,3,3,1.000000,0.975671,0.024329,0.000000,0.000000,0.000000,19,16,3,1.187500,0.093750,3,16,13,4,5,1.528802,1.794737,0.578947,0.562500
paper-11107-topk-3-depth-2,3,2,3,3,1.000000,0.975671,0.024329,0.000000,0.000000,0.000000,560,242,318,2.314050,0.019060,15,545,227,25,11,2.642162,1.642185,0.532143,0.520661
paper-11107-topk-5-depth-0,5,0,5,5,1.000000,0.970281,0.029719,0.000000,0.000000,0.000000,5,5,0,1.000000,0.111111,1,4,4,3,2,1.370951,0.721928,0.600000,0.800000
paper-11107-topk-5-depth-1,5,1,5,5,1.000000,0.970281,0.029719,0.000000,0.000000,0.000000,37,30,7,1.233333,0.098361,6,31,24,6,5,1.989651,1.213664,0.405405,0.766667
paper-11107-topk-5-depth-2,5,2,5,5,1.000000,0.970281,0.029719,0.000000,0.000000,0.000000,748,500,248,1.496000,0.162011,174,574,326,27,13,2.789741,1.281392,0.407754,0.724000
paper-11107-topk-10-depth-0,10,0,10,10,1.000000,0.964097,0.035903,0.000000,0.000000,0.000000,10,10,0,1.000000,0.052632,1,9,9,4,4,1.846439,1.570951,0.400000,0.600000
paper-11107-topk-10-depth-1,10,1,10,10,1.000000,0.964097,0.035903,0.000000,0.000000,0.000000,104,57,47,1.824561,0.045455,7,97,50,7,8,1.844629,1.871670,0.605769,0.614035
paper-11107-topk-10-depth-2,10,2,10,10,1.000000,0.964097,0.035903,0.000000,0.000000,0.000000,1885,1019,866,1.849853,0.074759,202,1683,817,31,25,2.007412,2.104901,0.667905,0.624141
paper-1809-topk-1-depth-0,1,0,1,1,1.000000,0.966718,0.033282,,,,1,1,0,1.000000,1.000000,1,0,0,1,1,0.000000,0.000000,1.000000,1.000000
paper-1809-topk-1-depth-1,1,1,1,1,1.000000,0.966718,0.033282,,,,5,5,0,1.000000,1.000000,5,0,0,3,3,1.370951,1.370951,0.600000,0.600000
paper-1809-topk-1-depth-2,1,2,1,1,1.000000,0.966718,0.033282,,,,133,133,0,1.000000,1.000000,133,0,0,10,10,1.873593,1.873593,0.601504,0.601504
paper-1809-topk-3-depth-0,3,0,3,3,1.000000,0.977411,0.022589,0.000000,0.060669,-0.060669,3,3,0,1.000000,0.200000,1,2,2,2,2,0.918296,0.918296,0.666667,0.666667
paper-1809-topk-3-depth-1,3,1,3,3,1.000000,0.977411,0.022589,0.000000,0.060669,-0.060669,15,49,-34,0.306122,0.084746,5,10,44,5,6,1.558939,1.471968,0.666667,0.673469
paper-1809-topk-3-depth-2,3,2,3,3,1.000000,0.977411,0.022589,0.000000,0.060669,-0.060669,184,608,-424,0.302632,0.214724,140,44,468,17,18,2.281569,2.374261,0.592391,0.542763
paper-1809-topk-5-depth-0,5,0,5,5,1.000000,0.970893,0.029107,0.000000,0.018201,-0.018201,5,5,0,1.000000,0.000000,0,5,5,1,2,0.000000,0.970951,1.000000,0.600000
paper-1809-topk-5-depth-1,5,1,5,5,1.000000,0.970893,0.029107,0.000000,0.018201,-0.018201,35,61,-26,0.573770,0.090909,8,27,53,7,7,1.444531,1.576085,0.742857,0.672131
paper-1809-topk-5-depth-2,5,2,5,5,1.000000,0.970893,0.029107,0.000000,0.018201,-0.018201,456,648,-192,0.703704,0.446920,341,115,307,20,21,2.444745,2.471186,0.541667,0.532407
paper-1809-topk-10-depth-0,10,0,10,10,1.000000,0.960702,0.039298,0.000000,0.007774,-0.007774,10,10,0,1.000000,0.111111,2,8,8,4,3,1.356780,1.370951,0.700000,0.600000
paper-1809-topk-10-depth-1,10,1,10,10,1.000000,0.960702,0.039298,0.000000,0.007774,-0.007774,61,83,-22,0.734940,0.116279,15,46,68,12,10,1.997552,1.838433,0.672131,0.650602
paper-1809-topk-10-depth-2,10,2,10,10,1.000000,0.960702,0.039298,0.000000,0.007774,-0.007774,702,820,-118,0.856098,0.474806,490,212,330,22,24,2.680419,2.673797,0.504274,0.485366
paper-107098-topk-1-depth-0,1,0,1,1,1.000000,0.999904,0.000096,,,,1,1,0,1.000000,0.000000,0,1,1,1,1,0.000000,0.000000,1.000000,1.000000
paper-107098-topk-1-depth-1,1,1,1,1,1.000000,0.999904,0.000096,,,,16,25,-9,0.640000,0.000000,0,16,25,3,4,1.014098,1.602740,0.750000,0.440000
paper-107098-topk-1-depth-2,1,2,1,1,1.000000,0.999904,0.000096,,,,1996,21505,-19509,0.092816,0.028310,647,1349,20858,27,37,2.360625,2.082897,0.430862,0.576517
paper-107098-topk-3-depth-0,3,0,3,3,1.000000,0.984661,0.015339,0.000000,0.000000,0.000000,3,3,0,1.000000,0.200000,1,2,2,3,3,1.584963,1.584963,0.333333,0.333333
paper-107098-topk-3-depth-1,3,1,3,3,1.000000,0.984661,0.015339,0.000000,0.000000,0.000000,107,45,62,2.377778,0.142857,19,88,26,13,5,1.566017,1.579810,0.738318,0.511111
paper-107098-topk-3-depth-2,3,2,3,3,1.000000,0.984661,0.015339,0.000000,0.000000,0.000000,21508,22972,-1464,0.936270,0.657722,17648,3860,5324,39,38,2.155757,2.147889,0.562256,0.557374
paper-107098-topk-5-depth-0,5,0,5,5,1.000000,0.980837,0.019163,0.000000,0.000000,0.000000,5,5,0,1.000000,0.250000,2,3,3,3,3,1.521928,1.370951,0.400000,0.600000
paper-107098-topk-5-depth-1,5,1,5,5,1.000000,0.980837,0.019163,0.000000,0.000000,0.000000,124,65,59,1.907692,0.152439,25,99,40,13,6,1.522535,1.639846,0.741935,0.523077
paper-107098-topk-5-depth-2,5,2,5,5,1.000000,0.980837,0.019163,0.000000,0.000000,0.000000,21983,30424,-8441,0.722555,0.571142,19051,2932,11373,39,38,2.164122,2.393737,0.554474,0.477846
paper-107098-topk-10-depth-0,10,0,10,10,1.000000,0.977320,0.022680,0.000000,0.008981,-0.008981,10,10,0,1.000000,0.176471,3,7,7,4,4,1.721928,1.570951,0.400000,0.600000
paper-107098-topk-10-depth-1,10,1,10,10,1.000000,0.977320,0.022680,0.000000,0.008981,-0.008981,186,167,19,1.113772,0.124204,39,147,128,18,12,1.834173,2.006455,0.677419,0.497006
paper-107098-topk-10-depth-2,10,2,10,10,1.000000,0.977320,0.022680,0.000000,0.008981,-0.008981,26079,37131,-11052,0.702351,0.613282,24029,2050,13102,39,38,2.187771,2.572662,0.557843,0.430314
paper-70223-topk-1-depth-0,1,0,1,1,1.000000,0.999836,0.000164,,,,1,1,0,1.000000,0.000000,0,1,1,1,1,0.000000,0.000000,1.000000,1.000000
paper-70223-topk-1-depth-1,1,1,1,1,1.000000,0.999836,0.000164,,,,366,5,361,73.200000,0.002703,1,365,4,16,3,1.792938,1.521928,0.560109,0.400000
paper-70223-topk-1-depth-2,1,2,1,1,1.000000,0.999836,0.000164,,,,10817,2888,7929,3.745499,0.096751,1209,9608,1679,34,27,2.151021,1.878878,0.567902,0.538435
paper-70223-topk-3-depth-0,3,0,3,3,1.000000,0.986712,0.013288,0.000000,0.125181,-0.125181,3,3,0,1.000000,0.000000,0,3,3,3,2,1.584963,0.918296,0.333333,0.666667
paper-70223-topk-3-depth-1,3,1,3,3,1.000000,0.986712,0.013288,0.000000,0.125181,-0.125181,374,22,352,17.000000,0.007634,3,371,19,17,4,1.902104,1.708099,0.548128,0.545455
paper-70223-topk-3-depth-2,3,2,3,3,1.000000,0.986712,0.013288,0.000000,0.125181,-0.125181,13922,9323,4599,1.493296,0.207470,3994,9928,5329,35,37,2.179139,1.668809,0.555955,0.694090
paper-70223-topk-5-depth-0,5,0,5,5,1.000000,0.982287,0.017713,0.000270,0.037554,-0.037285,5,5,0,1.000000,0.111111,1,4,4,3,3,1.521928,1.521928,0.400000,0.400000
paper-70223-topk-5-depth-1,5,1,5,5,1.000000,0.982287,0.017713,0.000270,0.037554,-0.037285,427,69,358,6.188406,0.026915,13,414,56,16,10,1.743378,2.491750,0.548009,0.362319
paper-70223-topk-5-depth-2,5,2,5,5,1.000000,0.982287,0.017713,0.000270,0.037554,-0.037285,34195,16923,17272,2.020623,0.444705,15735,18460,1188,37,38,2.362436,1.957487,0.501594,0.650180
paper-70223-topk-10-depth-0,10,0,10,10,1.000000,0.978520,0.021480,0.000000,0.014467,-0.014467,10,10,0,1.000000,0.000000,0,10,10,7,4,2.721928,1.846439,0.200000,0.400000
paper-70223-topk-10-depth-1,10,1,10,10,1.000000,0.978520,0.021480,0.000000,0.014467,-0.014467,473,137,336,3.452555,0.016667,10,463,127,20,14,2.133235,2.571694,0.446089,0.343066
paper-70223-topk-10-depth-2,10,2,10,10,1.000000,0.978520,0.021480,0.000000,0.014467,-0.014467,33399,29484,3915,1.132784,0.627702,24250,9149,5234,39,39,2.490453,2.486267,0.471541,0.469984
paper-8341-topk-1-depth-0,1,0,1,1,1.000000,0.999890,0.000110,,,,1,1,0,1.000000,1.000000,1,0,0,1,1,0.000000,0.000000,1.000000,1.000000
paper-8341-topk-1-depth-1,1,1,1,1,1.000000,0.999890,0.000110,,,,27,27,0,1.000000,1.000000,27,0,0,5,5,1.658234,1.658234,0.592593,0.592593
paper-8341-topk-1-depth-2,1,2,1,1,1.000000,0.999890,0.000110,,,,15491,15491,0,1.000000,1.000000,15491,0,0,37,37,2.637186,2.637186,0.337357,0.337357
paper-8341-topk-3-depth-0,3,0,3,3,1.000000,0.969567,0.030433,0.000000,0.044444,-0.044444,3,3,0,1.000000,0.200000,1,2,2,2,3,0.918296,1.584963,0.666667,0.333333
paper-8341-topk-3-depth-1,3,1,3,3,1.000000,0.969567,0.030433,0.000000,0.044444,-0.044444,38,38,0,1.000000,0.551020,27,11,11,7,6,2.061739,1.729680,0.500000,0.605263
paper-8341-topk-3-depth-2,3,2,3,3,1.000000,0.969567,0.030433,0.000000,0.044444,-0.044444,17123,16083,1040,1.064665,0.884456,15585,1538,498,37,37,2.682701,2.664744,0.325001,0.328981
paper-8341-topk-5-depth-0,5,0,5,5,1.000000,0.963545,0.036455,0.000000,0.018739,-0.018739,5,5,0,1.000000,0.250000,2,3,3,4,4,1.921928,1.921928,0.400000,0.400000
paper-8341-topk-5-depth-1,5,1,5,5,1.000000,0.963545,0.036455,0.000000,0.018739,-0.018739,77,55,22,1.400000,0.333333,33,44,22,7,7,2.124212,1.956434,0.415584,0.472727
paper-8341-topk-5-depth-2,5,2,5,5,1.000000,0.963545,0.036455,0.000000,0.018739,-0.018739,22432,16841,5591,1.331987,0.711466,16326,6106,515,37,37,2.519909,2.705553,0.422789,0.319696
paper-8341-topk-10-depth-0,10,0,10,10,1.000000,0.957734,0.042266,0.000000,0.008384,-0.008384,10,10,0,1.000000,0.176471,3,7,7,7,6,2.646439,2.446439,0.300000,0.300000
paper-8341-topk-10-depth-1,10,1,10,10,1.000000,0.957734,0.042266,0.000000,0.008384,-0.008384,136,130,6,1.046154,0.237209,51,85,79,9,8,2.532275,2.112909,0.301471,0.500000
paper-8341-topk-10-depth-2,10,2,10,10,1.000000,0.957734,0.042266,0.000000,0.008384,-0.008384,37468,18332,19136,2.043858,0.453390,17407,20061,925,38,37,2.589413,2.741009,0.410937,0.313386
paper-69946-topk-1-depth-0,1,0,1,1,1.000000,0.953865,0.046135,,,,1,1,0,1.000000,0.000000,0,1,1,1,1,0.000000,0.000000,1.000000,1.000000
paper-69946-topk-1-depth-1,1,1,1,1,1.000000,0.953865,0.046135,,,,19,171,-152,0.111111,0.000000,0,19,171,1,10,0.000000,1.793284,1.000000,0.538012
paper-69946-topk-1-depth-2,1,2,1,1,1.000000,0.953865,0.046135,,,,18561,15287,3274,1.214169,0.196465,5558,13003,9729,34,37,1.787980,2.557608,0.668606,0.361157
paper-69946-topk-3-depth-0,3,0,3,3,1.000000,0.954152,0.045848,0.000000,0.000000,0.000000,3,3,0,1.000000,0.000000,0,3,3,2,3,0.918296,1.584963,0.666667,0.333333
paper-69946-topk-3-depth-1,3,1,3,3,1.000000,0.954152,0.045848,0.000000,0.000000,0.000000,62,227,-165,0.273128,0.024823,7,55,220,5,13,0.935200,1.896105,0.838710,0.444934
paper-69946-topk-3-depth-2,3,2,3,3,1.000000,0.954152,0.045848,0.000000,0.000000,0.000000,19277,25453,-6176,0.757357,0.364427,11947,7330,13506,35,38,1.865615,2.314535,0.657934,0.501041
paper-69946-topk-5-depth-0,5,0,5,5,1.000000,0.956155,0.043845,0.000000,0.019403,-0.019403,5,5,0,1.000000,0.000000,0,5,5,5,3,2.321928,1.370951,0.200000,0.600000
paper-69946-topk-5-depth-1,5,1,5,5,1.000000,0.956155,0.043845,0.000000,0.019403,-0.019403,41,122,-81,0.336066,0.044872,7,34,115,10,10,2.462171,1.642175,0.463415,0.696721
paper-69946-topk-5-depth-2,5,2,5,5,1.000000,0.956155,0.043845,0.000000,0.019403,-0.019403,18818,15417,3401,1.220601,0.366176,9176,9642,6241,36,37,1.872737,1.791969,0.659528,0.679704
paper-69946-topk-10-depth-0,10,0,10,10,1.000000,0.959961,0.040039,0.000000,0.024772,-0.024772,10,10,0,1.000000,0.052632,1,9,9,7,4,2.646439,1.356780,0.300000,0.700000
paper-69946-topk-10-depth-1,10,1,10,10,1.000000,0.959961,0.040039,0.000000,0.024772,-0.024772,118,367,-249,0.321526,0.058952,27,91,340,14,18,2.494690,1.858634,0.516949,0.561308
paper-69946-topk-10-depth-2,10,2,10,10,1.000000,0.959961,0.040039,0.000000,0.024772,-0.024772,32154,36759,-4605,0.874725,0.758703,29729,2425,7030,39,39,2.422217,2.423045,0.487871,0.499333
paper-17149-topk-1-depth-0,1,0,1,1,1.000000,0.955495,0.044505,,,,1,1,0,1.000000,0.000000,0,1,1,1,1,0.000000,0.000000,1.000000,1.000000
paper-17149-topk-1-depth-1,1,1,1,1,1.000000,0.955495,0.044505,,,,22,6,16,3.666667,0.000000,0,22,6,5,2,1.933817,0.650022,0.500000,0.833333
paper-17149-topk-1-depth-2,1,2,1,1,1.000000,0.955495,0.044505,,,,15106,88,15018,171.659091,0.002640,40,15066,48,36,7,2.601492,1.339169,0.350192,0.727273
paper-17149-topk-3-depth-0,3,0,3,3,1.000000,0.954079,0.045921,0.000000,0.000000,0.000000,3,3,0,1.000000,0.000000,0,3,3,3,3,1.584963,1.584963,0.333333,0.333333
paper-17149-topk-3-depth-1,3,1,3,3,1.000000,0.954079,0.045921,0.000000,0.000000,0.000000,36,24,12,1.500000,0.052632,3,33,21,6,5,2.173048,2.221252,0.416667,0.333333
paper-17149-topk-3-depth-2,3,2,3,3,1.000000,0.954079,0.045921,0.000000,0.000000,0.000000,23300,19456,3844,1.197574,0.705261,17683,5617,1773,38,38,2.677894,2.765357,0.340601,0.287983
paper-17149-topk-5-depth-0,5,0,5,5,1.000000,0.953925,0.046075,0.000000,0.010345,-0.010345,5,5,0,1.000000,0.000000,0,5,5,3,3,1.370951,1.521928,0.600000,0.400000
paper-17149-topk-5-depth-1,5,1,5,5,1.000000,0.953925,0.046075,0.000000,0.010345,-0.010345,49,53,-4,0.924528,0.030303,3,46,50,8,7,2.526180,2.239681,0.326531,0.433962
paper-17149-topk-5-depth-2,5,2,5,5,1.000000,0.953925,0.046075,0.000000,0.010345,-0.010345,25544,22437,3107,1.138477,0.610695,18192,7352,4245,38,39,2.712636,2.796420,0.366113,0.275482
paper-17149-topk-10-depth-0,10,0,10,10,1.000000,0.957756,0.042244,0.000000,0.006202,-0.006202,10,10,0,1.000000,0.176471,3,7,7,4,5,1.685475,2.170951,0.500000,0.300000
paper-17149-topk-10-depth-1,10,1,10,10,1.000000,0.957756,0.042244,0.000000,0.006202,-0.006202,81,117,-36,0.692308,0.131429,23,58,94,10,11,2.421428,2.680117,0.432099,0.282051
paper-17149-topk-10-depth-2,10,2,10,10,1.000000,0.957756,0.042244,0.000000,0.006202,-0.006202,28190,39279,-11089,0.717686,0.648078,26531,1659,12748,38,39,2.721669,2.618323,0.340866,0.412689
paper-1279-topk-1-depth-0,1,0,1,1,1.000000,0.940110,0.059890,,,,1,1,0,1.000000,0.000000,0,1,1,1,1,0.000000,0.000000,1.000000,1.000000
paper-1279-topk-1-depth-1,1,1,1,1,1.000000,0.940110,0.059890,,,,7,6,1,1.166667,0.000000,0,7,6,2,1,0.985228,0.000000,0.571429,1.000000
paper-1279-topk-1-depth-2,1,2,1,1,1.000000,0.940110,0.059890,,,,118,16,102,7.375000,0.000000,0,118,16,6,2,1.086192,0.696212,0.779661,0.812500
paper-1279-topk-3-depth-0,3,0,3,3,1.000000,0.958655,0.041345,0.000000,0.000000,0.000000,3,3,0,1.000000,0.200000,1,2,2,3,2,1.584963,0.918296,0.333333,0.666667
paper-1279-topk-3-depth-1,3,1,3,3,1.000000,0.958655,0.041345,0.000000,0.000000,0.000000,23,17,6,1.352941,0.212121,7,16,10,4,3,1.913166,1.383100,0.391304,0.588235
paper-1279-topk-3-depth-2,3,2,3,3,1.000000,0.958655,0.041345,0.000000,0.000000,0.000000,198,166,32,1.192771,0.479675,118,80,48,10,8,2.110742,1.758211,0.464646,0.554217
paper-1279-topk-5-depth-0,5,0,5,5,1.000000,0.950434,0.049566,0.000000,0.066667,-0.066667,5,5,0,1.000000,0.111111,1,4,4,4,2,1.921928,0.721928,0.400000,0.800000
paper-1279-topk-5-depth-1,5,1,5,5,1.000000,0.950434,0.049566,0.000000,0.066667,-0.066667,34,29,5,1.172414,0.125000,7,27,22,5,4,2.027489,1.237514,0.352941,0.724138
paper-1279-topk-5-depth-2,5,2,5,5,1.000000,0.950434,0.049566,0.000000,0.066667,-0.066667,243,194,49,1.252577,0.405145,126,117,68,12,8,2.253677,1.771823,0.382716,0.474227
paper-1279-topk-10-depth-0,10,0,10,10,1.000000,0.940844,0.059156,0.000000,0.018855,-0.018855,10,10,0,1.000000,0.111111,2,8,8,7,3,2.721928,0.921928,0.200000,0.800000
paper-1279-topk-10-depth-1,10,1,10,10,1.000000,0.940844,0.059156,0.000000,0.018855,-0.018855,70,64,6,1.093750,0.145299,17,53,47,9,8,2.551899,1.912403,0.342857,0.625000
paper-1279-topk-10-depth-2,10,2,10,10,1.000000,0.940844,0.059156,0.000000,0.018855,-0.018855,1497,1079,418,1.387396,0.088297,209,1288,870,32,30,2.608377,3.222759,0.533066,0.274328
paper-106981-topk-1-depth-0,1,0,1,1,1.000000,0.998651,0.001349,,,,1,1,0,1.000000,0.000000,0,1,1,1,1,0.000000,0.000000,1.000000,1.000000
paper-106981-topk-1-depth-1,1,1,1,1,1.000000,0.998651,0.001349,,,,18,11,7,1.636364,0.035714,1,17,10,3,3,0.614369,1.240671,0.888889,0.636364
paper-106981-topk-1-depth-2,1,2,1,1,1.000000,0.998651,0.001349,,,,21674,16924,4750,1.280667,0.318868,9332,12342,7592,34,36,1.876411,2.360717,0.649672,0.475597
paper-106981-topk-3-depth-0,3,0,3,3,1.000000,0.988162,0.011838,0.000000,0.011494,-0.011494,3,3,0,1.000000,0.000000,0,3,3,1,2,0.000000,0.918296,1.000000,0.666667
paper-106981-topk-3-depth-1,3,1,3,3,1.000000,0.988162,0.011838,0.000000,0.011494,-0.011494,28,35,-7,0.800000,0.032787,2,26,33,3,3,0.888886,0.605427,0.785714,0.885714
paper-106981-topk-3-depth-2,3,2,3,3,1.000000,0.988162,0.011838,0.000000,0.011494,-0.011494,22653,26504,-3851,0.854701,0.569809,17843,4810,8661,36,36,1.920218,2.229725,0.636649,0.538485
paper-106981-topk-5-depth-0,5,0,5,5,1.000000,0.984706,0.015294,0.000000,0.020115,-0.020115,5,5,0,1.000000,0.111111,1,4,4,1,2,0.000000,0.970951,1.000000,0.600000
paper-106981-topk-5-depth-1,5,1,5,5,1.000000,0.984706,0.015294,0.000000,0.020115,-0.020115,70,48,22,1.458333,0.063063,7,63,41,4,3,0.899562,1.014098,0.785714,0.750000
paper-106981-topk-5-depth-2,5,2,5,5,1.000000,0.984706,0.015294,0.000000,0.020115,-0.020115,28099,27307,792,1.029004,0.549775,19655,8444,7652,37,36,2.247113,2.259069,0.549343,0.530340
paper-106981-topk-10-depth-0,10,0,10,10,1.000000,0.981454,0.018546,0.000000,0.006861,-0.006861,10,10,0,1.000000,0.176471,3,7,7,3,2,1.156780,0.881291,0.700000,0.700000
paper-106981-topk-10-depth-1,10,1,10,10,1.000000,0.981454,0.018546,0.000000,0.006861,-0.006861,126,383,-257,0.328982,0.045175,22,104,361,8,9,1.456802,1.029534,0.706349,0.785901
paper-106981-topk-10-depth-2,10,2,10,10,1.000000,0.981454,0.018546,0.000000,0.006861,-0.006861,35385,33323,2062,1.061879,0.781246,30135,5250,3188,38,39,2.461319,2.331393,0.482125,0.529724
paper-45804-topk-1-depth-0,1,0,1,1,1.000000,0.999400,0.000600,,,,1,1,0,1.000000,0.000000,0,1,1,1,1,0.000000,0.000000,1.000000,1.000000
paper-45804-topk-1-depth-1,1,1,1,1,1.000000,0.999400,0.000600,,,,12,100,-88,0.120000,0.000000,0,12,100,2,13,1.000000,2.377362,0.500000,0.390000
paper-45804-topk-1-depth-2,1,2,1,1,1.000000,0.999400,0.000600,,,,4141,31271,-27130,0.132423,0.040703,1385,2756,29886,28,38,2.468755,2.240392,0.497223,0.553420
paper-45804-topk-3-depth-0,3,0,3,3,1.000000,0.982209,0.017791,0.000000,0.005051,-0.005051,3,3,0,1.000000,0.000000,0,3,3,3,3,1.584963,1.584963,0.333333,0.333333
paper-45804-topk-3-depth-1,3,1,3,3,1.000000,0.982209,0.017791,0.000000,0.005051,-0.005051,27,143,-116,0.188811,0.005917,1,26,142,7,15,2.420830,2.590139,0.296296,0.384615
paper-45804-topk-3-depth-2,3,2,3,3,1.000000,0.982209,0.017791,0.000000,0.005051,-0.005051,4314,32305,-27991,0.133540,0.043514,1527,2787,30778,30,39,2.555083,2.288869,0.480065,0.542671
paper-45804-topk-5-depth-0,5,0,5,5,1.000000,0.977740,0.022260,0.000000,0.001515,-0.001515,5,5,0,1.000000,0.111111,1,4,4,4,5,1.921928,2.321928,0.400000,0.200000
paper-45804-topk-5-depth-1,5,1,5,5,1.000000,0.977740,0.022260,0.000000,0.001515,-0.001515,75,166,-91,0.451807,0.066372,15,60,151,8,15,2.002355,2.581269,0.506667,0.421687
paper-45804-topk-5-depth-2,5,2,5,5,1.000000,0.977740,0.022260,0.000000,0.001515,-0.001515,24290,37113,-12823,0.654488,0.569446,22279,2011,14834,38,40,2.330091,2.503218,0.508769,0.474982
paper-45804-topk-10-depth-0,10,0,10,10,1.000000,0.973256,0.026744,0.000000,0.003099,-0.003099,10,10,0,1.000000,0.052632,1,9,9,8,7,2.921928,2.646439,0.200000,0.300000
paper-45804-topk-10-depth-1,10,1,10,10,1.000000,0.973256,0.026744,0.000000,0.003099,-0.003099,103,284,-181,0.362676,0.043127,16,87,268,14,18,2.757010,2.841509,0.368932,0.338028
paper-45804-topk-10-depth-2,10,2,10,10,1.000000,0.973256,0.026744,0.000000,0.003099,-0.003099,25930,45888,-19958,0.565071,0.507958,24192,1738,21696,40,40,2.411157,2.647656,0.487890,0.407405
paper-1125-topk-1-depth-0,1,0,1,1,1.000000,0.963031,0.036969,,,,1,1,0,1.000000,0.000000,0,1,1,1,1,0.000000,0.000000,1.000000,1.000000
paper-1125-topk-1-depth-1,1,1,1,1,1.000000,0.963031,0.036969,,,,5,25,-20,0.200000,0.000000,0,5,25,3,4,1.521928,1.498455,0.400000,0.520000
paper-1125-topk-1-depth-2,1,2,1,1,1.000000,0.963031,0.036969,,,,124,19915,-19791,0.006226,0.000150,3,121,19912,17,38,2.690712,2.377936,0.467742,0.449661
paper-1125-topk-3-depth-0,3,0,3,3,1.000000,0.974310,0.025690,0.000000,0.000000,0.000000,3,3,0,1.000000,0.500000,2,1,1,2,2,0.918296,0.918296,0.666667,0.666667
paper-1125-topk-3-depth-1,3,1,3,3,1.000000,0.974310,0.025690,0.000000,0.000000,0.000000,18,41,-23,0.439024,0.372093,16,2,25,4,6,1.675822,1.920930,0.500000,0.536585
paper-1125-topk-3-depth-2,3,2,3,3,1.000000,0.974310,0.025690,0.000000,0.000000,0.000000,379,20218,-19839,0.018746,0.018494,374,5,19844,23,39,2.727147,2.428168,0.390501,0.443911
paper-1125-topk-5-depth-0,5,0,5,5,1.000000,0.969030,0.030970,0.000000,0.000000,0.000000,5,5,0,1.000000,0.428571,3,2,2,3,3,1.521928,1.370951,0.400000,0.600000
paper-1125-topk-5-depth-1,5,1,5,5,1.000000,0.969030,0.030970,0.000000,0.000000,0.000000,39,51,-12,0.764706,0.304348,21,18,30,5,6,1.809896,2.131251,0.435897,0.490196
paper-1125-topk-5-depth-2,5,2,5,5,1.000000,0.969030,0.030970,0.000000,0.000000,0.000000,689,21459,-20770,0.032108,0.022294,483,206,20976,27,40,2.927986,2.558416,0.316401,0.426534
paper-1125-topk-10-depth-0,10,0,10,10,1.000000,0.963085,0.036915,0.000000,0.002222,-0.002222,10,10,0,1.000000,0.250000,4,6,6,4,4,1.685475,1.570951,0.500000,0.600000
paper-1125-topk-10-depth-1,10,1,10,10,1.000000,0.963085,0.036915,0.000000,0.002222,-0.002222,97,94,3,1.031915,0.281879,42,55,52,9,6,2.323580,2.147798,0.371134,0.393617
paper-1125-topk-10-depth-2,10,2,10,10,1.000000,0.963085,0.036915,0.000000,0.002222,-0.002222,20445,22516,-2071,0.908021,0.367923,11555,8890,10961,38,40,2.807761,2.649499,0.310247,0.408376
paper-7404-topk-1-depth-0,1,0,1,1,1.000000,0.998963,0.001037,,,,1,1,0,1.000000,1.000000,1,0,0,1,1,0.000000,0.000000,1.000000,1.000000
paper-7404-topk-1-depth-1,1,1,1,1,1.000000,0.998963,0.001037,,,,67,67,0,1.000000,1.000000,67,0,0,2,2,0.607970,0.607970,0.850746,0.850746
paper-7404-topk-1-depth-2,1,2,1,1,1.000000,0.998963,0.001037,,,,15193,15193,0,1.000000,1.000000,15193,0,0,36,36,2.569913,2.569913,0.326071,0.326071
paper-7404-topk-3-depth-0,3,0,3,3,1.000000,0.986846,0.013154,0.000000,0.045932,-0.045932,3,3,0,1.000000,0.000000,0,3,3,2,2,0.918296,0.918296,0.666667,0.666667
paper-7404-topk-3-depth-1,3,1,3,3,1.000000,0.986846,0.013154,0.000000,0.045932,-0.045932,85,200,-115,0.425000,0.017857,5,80,195,7,8,1.444327,0.899011,0.694118,0.845000
paper-7404-topk-3-depth-2,3,2,3,3,1.000000,0.986846,0.013154,0.000000,0.045932,-0.045932,28806,20523,8283,1.403596,0.618352,18848,9958,1675,38,37,2.527086,2.588132,0.405298,0.295376
paper-7404-topk-5-depth-0,5,0,5,5,1.000000,0.984168,0.015832,0.000406,0.022899,-0.022493,5,5,0,1.000000,0.000000,0,5,5,3,2,1.370951,0.721928,0.600000,0.800000
paper-7404-topk-5-depth-1,5,1,5,5,1.000000,0.984168,0.015832,0.000406,0.022899,-0.022493,517,259,258,1.996139,0.006485,5,512,254,14,8,1.094608,0.820255,0.833656,0.861004
paper-7404-topk-5-depth-2,5,2,5,5,1.000000,0.984168,0.015832,0.000406,0.022899,-0.022493,36778,21548,15230,1.706794,0.505887,19594,17184,1954,38,37,2.472042,2.587050,0.456115,0.310238
paper-7404-topk-10-depth-0,10,0,10,10,1.000000,0.979874,0.020126,0.000227,0.007664,-0.007437,10,10,0,1.000000,0.052632,1,9,9,5,5,2.170951,2.121928,0.300000,0.400000
paper-7404-topk-10-depth-1,10,1,10,10,1.000000,0.979874,0.020126,0.000227,0.007664,-0.007437,612,527,85,1.161290,0.072505,77,535,450,14,11,1.498416,1.949868,0.720588,0.455408
paper-7404-topk-10-depth-2,10,2,10,10,1.000000,0.979874,0.020126,0.000227,0.007664,-0.007437,36104,35448,656,1.018506,0.751922,30710,5394,4738,38,39,2.439582,2.483041,0.463273,0.434355
paper-104271-topk-1-depth-0,1,0,1,1,1.000000,0.999092,0.000908,,,,1,1,0,1.000000,0.000000,0,1,1,1,1,0.000000,0.000000,1.000000,1.000000
paper-104271-topk-1-depth-1,1,1,1,1,1.000000,0.999092,0.000908,,,,13,19,-6,0.684211,0.032258,1,12,18,5,5,2.199688,1.976282,0.307692,0.368421
paper-104271-topk-1-depth-2,1,2,1,1,1.000000,0.999092,0.000908,,,,2387,17071,-14684,0.139828,0.117890,2052,335,15019,28,37,2.400901,2.020018,0.475073,0.590299
paper-104271-topk-3-depth-0,3,0,3,3,1.000000,0.983123,0.016877,0.000000,0.004197,-0.004197,3,3,0,1.000000,0.000000,0,3,3,1,2,0.000000,0.918296,1.000000,0.666667
paper-104271-topk-3-depth-1,3,1,3,3,1.000000,0.983123,0.016877,0.000000,0.004197,-0.004197,101,1116,-1015,0.090502,0.039283,46,55,1070,12,19,1.574333,1.829049,0.752475,0.534946
paper-104271-topk-3-depth-2,3,2,3,3,1.000000,0.983123,0.016877,0.000000,0.004197,-0.004197,19261,32057,-12796,0.600836,0.546841,18142,1119,13915,38,39,2.292500,2.514220,0.506204,0.453099
paper-104271-topk-5-depth-0,5,0,5,5,1.000000,0.980177,0.019823,0.000000,0.004976,-0.004976,5,5,0,1.000000,0.111111,1,4,4,2,3,0.721928,1.370951,0.800000,0.600000
paper-104271-topk-5-depth-1,5,1,5,5,1.000000,0.980177,0.019823,0.000000,0.004976,-0.004976,110,1134,-1024,0.097002,0.045378,54,56,1080,13,19,1.747059,1.876834,0.718182,0.532628
paper-104271-topk-5-depth-2,5,2,5,5,1.000000,0.980177,0.019823,0.000000,0.004976,-0.004976,19799,32769,-12970,0.604199,0.563128,18938,861,13831,38,39,2.274918,2.543590,0.513359,0.443468
paper-104271-topk-10-depth-0,10,0,10,10,1.000000,0.976605,0.023395,0.000000,0.013638,-0.013638,10,10,0,1.000000,0.052632,1,9,9,5,3,1.770951,0.921928,0.600000,0.800000
paper-104271-topk-10-depth-1,10,1,10,10,1.000000,0.976605,0.023395,0.000000,0.013638,-0.013638,165,1215,-1050,0.135802,0.041509,55,110,1160,18,20,2.237412,1.898531,0.636364,0.537449
paper-104271-topk-10-depth-2,10,2,10,10,1.000000,0.976605,0.023395,0.000000,0.013638,-0.013638,23739,35806,-12067,0.662989,0.537717,20822,2917,14984,39,39,2.508179,2.534220,0.431990,0.447216
paper-109230-topk-1-depth-0,1,0,1,1,1.000000,0.996970,0.003030,,,,1,1,0,1.000000,0.000000,0,1,1,1,1,0.000000,0.000000,1.000000,1.000000
paper-109230-topk-1-depth-1,1,1,1,1,1.000000,0.996970,0.003030,,,,6,21,-15,0.285714,0.038462,1,5,20,4,4,1.792481,0.988181,0.500000,0.809524
paper-109230-topk-1-depth-2,1,2,1,1,1.000000,0.996970,0.003030,,,,452,14344,-13892,0.031511,0.007902,116,336,14228,21,36,2.708023,2.571254,0.336283,0.383436
paper-109230-topk-3-depth-0,3,0,3,3,1.000000,0.972889,0.027111,0.000000,0.000000,0.000000,3,3,0,1.000000,0.000000,0,3,3,1,1,0.000000,0.000000,1.000000,1.000000
paper-109230-topk-3-depth-1,3,1,3,3,1.000000,0.972889,0.027111,0.000000,0.000000,0.000000,21,33,-12,0.636364,0.038462,2,19,31,4,4,0.988181,0.911607,0.809524,0.818182
paper-109230-topk-3-depth-2,3,2,3,3,1.000000,0.972889,0.027111,0.000000,0.000000,0.000000,15829,14639,1190,1.081290,0.783423,13384,2445,1255,37,37,2.502461,2.554595,0.414050,0.393674
paper-109230-topk-5-depth-0,5,0,5,5,1.000000,0.968177,0.031823,0.000000,0.022479,-0.022479,5,5,0,1.000000,0.000000,0,5,5,2,2,0.721928,0.721928,0.800000,0.800000
paper-109230-topk-5-depth-1,5,1,5,5,1.000000,0.968177,0.031823,0.000000,0.022479,-0.022479,36,58,-22,0.620690,0.032967,3,33,55,6,5,1.344336,1.443630,0.722222,0.586207
paper-109230-topk-5-depth-2,5,2,5,5,1.000000,0.968177,0.031823,0.000000,0.022479,-0.022479,17174,15690,1484,1.094583,0.748550,14069,3105,1621,38,37,2.576686,2.582169,0.396763,0.412110
paper-109230-topk-10-depth-0,10,0,10,10,1.000000,0.963717,0.036283,0.000000,0.005399,-0.005399,10,10,0,1.000000,0.052632,1,9,9,4,4,1.570951,1.356780,0.600000,0.700000
paper-109230-topk-10-depth-1,10,1,10,10,1.000000,0.963717,0.036283,0.000000,0.005399,-0.005399,134,154,-20,0.870130,0.156627,39,95,115,12,10,1.714574,1.723409,0.619403,0.681818
paper-109230-topk-10-depth-2,10,2,10,10,1.000000,0.963717,0.036283,0.000000,0.005399,-0.005399,21134,20558,576,1.028018,0.589417,15461,5673,5097,38,38,2.678473,2.509791,0.365761,0.468577
paper-116345-topk-1-depth-0,1,0,1,1,1.000000,0.926062,0.073938,,,,1,1,0,1.000000,0.000000,0,1,1,1,1,0.000000,0.000000,1.000000,1.000000
paper-116345-topk-1-depth-1,1,1,1,1,1.000000,0.926062,0.073938,,,,9,12,-3,0.750000,0.000000,0,9,12,4,3,1.446617,0.816689,0.666667,0.833333
paper-116345-topk-1-depth-2,1,2,1,1,1.000000,0.926062,0.073938,,,,121,108,13,1.120370,0.008811,2,119,106,17,9,3.194495,1.635834,0.223140,0.685185
paper-116345-topk-3-depth-0,3,0,3,3,1.000000,0.926928,0.073072,0.000000,0.000000,0.000000,3,3,0,1.000000,0.000000,0,3,3,3,2,1.584963,0.918296,0.333333,0.666667
paper-116345-topk-3-depth-1,3,1,3,3,1.000000,0.926928,0.073072,0.000000,0.000000,0.000000,22,44,-22,0.500000,0.000000,0,22,44,10,6,2.936260,1.543133,0.272727,0.590909
paper-116345-topk-3-depth-2,3,2,3,3,1.000000,0.926928,0.073072,0.000000,0.000000,0.000000,231,717,-486,0.322176,0.005302,5,226,712,23,21,3.711364,2.146508,0.155844,0.389121
paper-116345-topk-5-depth-0,5,0,5,5,1.000000,0.927998,0.072002,0.000000,0.010250,-0.010250,5,5,0,1.000000,0.000000,0,5,5,4,2,1.921928,0.721928,0.400000,0.800000
paper-116345-topk-5-depth-1,5,1,5,5,1.000000,0.927998,0.072002,0.000000,0.010250,-0.010250,28,56,-28,0.500000,0.000000,0,28,56,11,8,3.067031,1.514238,0.214286,0.732143
paper-116345-topk-5-depth-2,5,2,5,5,1.000000,0.927998,0.072002,0.000000,0.010250,-0.010250,1141,6416,-5275,0.177837,0.067674,479,662,5937,27,33,2.919367,2.506361,0.329535,0.507793
paper-116345-topk-10-depth-0,10,0,10,10,1.000000,0.927016,0.072984,0.000000,0.003667,-0.003667,10,10,0,1.000000,0.176471,3,7,7,6,5,2.321928,1.770951,0.400000,0.600000
paper-116345-topk-10-depth-1,10,1,10,10,1.000000,0.927016,0.072984,0.000000,0.003667,-0.003667,85,105,-20,0.809524,0.292517,43,42,62,13,11,2.681387,2.419585,0.364706,0.514286
paper-116345-topk-10-depth-2,10,2,10,10,1.000000,0.927016,0.072984,0.000000,0.003667,-0.003667,17587,19003,-1416,0.925485,0.213438,6436,11151,12567,37,38,2.304532,2.797701,0.514926,0.287639
paper-90744-topk-1-depth-0,1,0,1,1,1.000000,0.999806,0.000194,,,,1,1,0,1.000000,1.000000,1,0,0,1,1,0.000000,0.000000,1.000000,1.000000
paper-90744-topk-1-depth-1,1,1,1,1,1.000000,0.999806,0.000194,,,,13,13,0,1.000000,1.000000,13,0,0,2,2,0.391244,0.391244,0.923077,0.923077
paper-90744-topk-1-depth-2,1,2,1,1,1.000000,0.999806,0.000194,,,,3829,3829,0,1.000000,1.000000,3829,0,0,35,35,2.884687,2.884687,0.441369,0.441369
paper-90744-topk-3-depth-0,3,0,3,3,1.000000,0.976770,0.023230,0.000000,0.021277,-0.021277,3,3,0,1.000000,0.000000,0,3,3,2,2,0.918296,0.918296,0.666667,0.666667
paper-90744-topk-3-depth-1,3,1,3,3,1.000000,0.976770,0.023230,0.000000,0.021277,-0.021277,23,55,-32,0.418182,0.012987,1,22,54,4,6,1.306171,1.270687,0.695652,0.763636
paper-90744-topk-3-depth-2,3,2,3,3,1.000000,0.976770,0.023230,0.000000,0.021277,-0.021277,13605,17359,-3754,0.783743,0.742389,13193,412,4166,36,37,2.558104,2.768509,0.358471,0.325998
paper-90744-topk-5-depth-0,5,0,5,5,1.000000,0.971734,0.028266,0.000000,0.044089,-0.044089,5,5,0,1.000000,0.000000,0,5,5,3,2,1.370951,0.721928,0.600000,0.800000
paper-90744-topk-5-depth-1,5,1,5,5,1.000000,0.971734,0.028266,0.000000,0.044089,-0.044089,42,110,-68,0.381818,0.020134,3,39,107,8,7,2.229625,1.080006,0.428571,0.809091
paper-90744-topk-5-depth-2,5,2,5,5,1.000000,0.971734,0.028266,0.000000,0.044089,-0.044089,13927,18492,-4565,0.753136,0.700267,13352,575,5140,36,38,2.627173,2.765482,0.350255,0.339282
paper-90744-topk-10-depth-0,10,0,10,10,1.000000,0.967674,0.032326,0.000000,0.023350,-0.023350,10,10,0,1.000000,0.000000,0,10,10,7,4,2.521928,1.570951,0.400000,0.600000
paper-90744-topk-10-depth-1,10,1,10,10,1.000000,0.967674,0.032326,0.000000,0.023350,-0.023350,79,145,-66,0.544828,0.013575,3,76,142,15,9,3.031541,1.362224,0.379747,0.751724
paper-90744-topk-10-depth-2,10,2,10,10,1.000000,0.967674,0.032326,0.000000,0.023350,-0.023350,14710,19048,-4338,0.772260,0.681594,13683,1027,5365,38,38,2.727832,2.768288,0.335350,0.340561
paper-19745-topk-1-depth-0,1,0,1,1,1.000000,0.999903,0.000097,,,,1,1,0,1.000000,1.000000,1,0,0,1,1,0.000000,0.000000,1.000000,1.000000
paper-19745-topk-1-depth-1,1,1,1,1,1.000000,0.999903,0.000097,,,,17,17,0,1.000000,1.000000,17,0,0,4,4,0.951994,0.951994,0.823529,0.823529
paper-19745-topk-1-depth-2,1,2,1,1,1.000000,0.999903,0.000097,,,,23097,23097,0,1.000000,1.000000,23097,0,0,37,37,2.368128,2.368128,0.480409,0.480409
paper-19745-topk-3-depth-0,3,0,3,3,1.000000,0.980064,0.019936,0.000000,0.000000,0.000000,3,3,0,1.000000,0.200000,1,2,2,3,2,1.584963,0.918296,0.333333,0.666667
paper-19745-topk-3-depth-1,3,1,3,3,1.000000,0.980064,0.019936,0.000000,0.000000,0.000000,29,31,-2,0.935484,0.395349,17,12,14,6,7,1.789131,1.671989,0.586207,0.677419
paper-19745-topk-3-depth-2,3,2,3,3,1.000000,0.980064,0.019936,0.000000,0.000000,0.000000,23425,23314,111,1.004761,0.976948,23097,328,217,38,38,2.414152,2.381614,0.473938,0.476066
paper-19745-topk-5-depth-0,5,0,5,5,1.000000,0.975239,0.024761,0.000000,0.000000,0.000000,5,5,0,1.000000,0.250000,2,3,3,4,4,1.921928,1.921928,0.400000,0.400000
paper-19745-topk-5-depth-1,5,1,5,5,1.000000,0.975239,0.024761,0.000000,0.000000,0.000000,46,42,4,1.095238,0.353846,23,23,19,7,10,1.657372,2.392751,0.673913,0.523810
paper-19745-topk-5-depth-2,5,2,5,5,1.000000,0.975239,0.024761,0.000000,0.000000,0.000000,23523,23663,-140,0.994084,0.984022,23403,120,260,38,38,2.418090,2.439547,0.472091,0.469129
paper-19745-topk-10-depth-0,10,0,10,10,1.000000,0.967931,0.032069,0.000000,0.013333,-0.013333,10,10,0,1.000000,0.176471,3,7,7,6,5,2.160964,2.170951,0.500000,0.300000
paper-19745-topk-10-depth-1,10,1,10,10,1.000000,0.967931,0.032069,0.000000,0.013333,-0.013333,86,60,26,1.433333,0.258621,30,56,30,11,10,2.335329,2.439558,0.523256,0.483333
paper-19745-topk-10-depth-2,10,2,10,10,1.000000,0.967931,0.032069,0.000000,0.013333,-0.013333,24163,23880,283,1.011851,0.962381,23561,602,319,38,38,2.497604,2.469424,0.460829,0.465117
paper-93366-topk-1-depth-0,1,0,1,1,1.000000,0.964901,0.035099,,,,1,1,0,1.000000,0.000000,0,1,1,1,1,0.000000,0.000000,1.000000,1.000000
paper-93366-topk-1-depth-1,1,1,1,1,1.000000,0.964901,0.035099,,,,25,2,23,12.500000,0.000000,0,25,2,3,1,0.866314,0.000000,0.800000,1.000000
paper-93366-topk-1-depth-2,1,2,1,1,1.000000,0.964901,0.035099,,,,544,5,539,108.800000,0.000000,0,544,5,13,1,1.768258,0.000000,0.593750,1.000000
paper-93366-topk-3-depth-0,3,0,3,3,1.000000,0.960587,0.039413,0.000000,0.000000,0.000000,3,3,0,1.000000,0.200000,1,2,2,2,3,0.918296,1.584963,0.666667,0.333333
paper-93366-topk-3-depth-1,3,1,3,3,1.000000,0.960587,0.039413,0.000000,0.000000,0.000000,36,248,-212,0.145161,0.010676,3,33,245,7,12,1.779872,1.656432,0.638889,0.524194
paper-93366-topk-3-depth-2,3,2,3,3,1.000000,0.960587,0.039413,0.000000,0.000000,0.000000,19563,18592,971,1.052227,0.592978,14203,5360,4389,36,36,2.050479,2.016328,0.601646,0.590577
paper-93366-topk-5-depth-0,5,0,5,5,1.000000,0.967843,0.032157,0.000000,0.015160,-0.015160,5,5,0,1.000000,0.000000,0,5,5,4,4,1.921928,1.921928,0.400000,0.400000
paper-93366-topk-5-depth-1,5,1,5,5,1.000000,0.967843,0.032157,0.000000,0.015160,-0.015160,68,272,-204,0.250000,0.059190,19,49,253,9,12,2.253963,1.643372,0.485294,0.514706
paper-93366-topk-5-depth-2,5,2,5,5,1.000000,0.967843,0.032157,0.000000,0.015160,-0.015160,23970,28643,-4673,0.836854,0.787855,23185,785,5458,37,37,2.393628,2.390646,0.470004,0.489404
paper-93366-topk-10-depth-0,10,0,10,10,1.000000,0.959843,0.040157,0.000139,0.003369,-0.003230,10,10,0,1.000000,0.250000,4,6,6,6,6,2.321928,2.370951,0.400000,0.300000
paper-93366-topk-10-depth-1,10,1,10,10,1.000000,0.959843,0.040157,0.000139,0.003369,-0.003230,415,313,102,1.325879,0.093093,62,353,251,13,15,1.066848,1.940247,0.836145,0.511182
paper-93366-topk-10-depth-2,10,2,10,10,1.000000,0.959843,0.040157,0.000139,0.003369,-0.003230,33411,28976,4435,1.153058,0.755057,26840,6571,2136,38,39,2.342275,2.416154,0.518871,0.488025
paper-23837-topk-1-depth-0,1,0,1,1,1.000000,0.999905,0.000095,,,,1,1,0,1.000000,1.000000,1,0,0,1,1,0.000000,0.000000,1.000000,1.000000
paper-23837-topk-1-depth-1,1,1,1,1,1.000000,0.999905,0.000095,,,,9,9,0,1.000000,1.000000,9,0,0,2,2,0.503258,0.503258,0.888889,0.888889
paper-23837-topk-1-depth-2,1,2,1,1,1.000000,0.999905,0.000095,,,,637,637,0,1.000000,1.000000,637,0,0,19,19,2.010891,2.010891,0.566719,0.566719
paper-23837-topk-3-depth-0,3,0,3,3,1.000000,0.981704,0.018296,0.000000,0.000000,0.000000,3,3,0,1.000000,0.200000,1,2,2,3,3,1.584963,1.584963,0.333333,0.333333
paper-23837-topk-3-depth-1,3,1,3,3,1.000000,0.981704,0.018296,0.000000,0.000000,0.000000,23,19,4,1.210526,0.272727,9,14,10,6,4,2.223829,1.722971,0.391304,0.526316
paper-23837-topk-3-depth-2,3,2,3,3,1.000000,0.981704,0.018296,0.000000,0.000000,0.000000,943,1755,-812,0.537322,0.356461,709,234,1046,28,28,2.754540,2.460173,0.401909,0.413675
paper-23837-topk-5-depth-0,5,0,5,5,1.000000,0.979122,0.020878,0.000000,0.000000,0.000000,5,5,0,1.000000,0.111111,1,4,4,3,5,1.370951,2.321928,0.600000,0.200000
paper-23837-topk-5-depth-1,5,1,5,5,1.000000,0.979122,0.020878,0.000000,0.000000,0.000000,44,33,11,1.333333,0.132353,9,35,24,7,9,2.232311,2.582019,0.340909,0.303030
paper-23837-topk-5-depth-2,5,2,5,5,1.000000,0.979122,0.020878,0.000000,0.000000,0.000000,1205,1147,58,1.050567,0.433272,711,494,436,30,30,2.931220,3.041015,0.315353,0.329555
paper-23837-topk-10-depth-0,10,0,10,10,1.000000,0.973590,0.026410,0.000000,0.005229,-0.005229,10,10,0,1.000000,0.052632,1,9,9,6,5,2.321928,2.246439,0.400000,0.300000
paper-23837-topk-10-depth-1,10,1,10,10,1.000000,0.973590,0.026410,0.000000,0.005229,-0.005229,79,59,20,1.338983,0.078125,10,69,49,13,11,2.734727,2.767787,0.405063,0.271186
paper-23837-topk-10-depth-2,10,2,10,10,1.000000,0.973590,0.026410,0.000000,0.005229,-0.005229,26178,6479,19699,4.040438,0.094807,2828,23350,3651,38,36,2.573385,2.904340,0.426541,0.334002
paper-126378-topk-1-depth-0,1,0,1,1,1.000000,0.999689,0.000311,,,,1,1,0,1.000000,0.000000,0,1,1,1,1,0.000000,0.000000,1.000000,1.000000
paper-126378-topk-1-depth-1,1,1,1,1,1.000000,0.999689,0.000311,,,,13,22,-9,0.590909,0.000000,0,13,22,3,8,1.526235,2.622778,0.461538,0.318182
paper-126378-topk-1-depth-2,1,2,1,1,1.000000,0.999689,0.000311,,,,193,2069,-1876,0.093282,0.001771,4,189,2065,11,28,2.432595,2.588358,0.393782,0.411310
paper-126378-topk-3-depth-0,3,0,3,3,1.000000,0.976394,0.023606,0.000000,0.000000,0.000000,3,3,0,1.000000,0.200000,1,2,2,3,3,1.584963,1.584963,0.333333,0.333333
paper-126378-topk-3-depth-1,3,1,3,3,1.000000,0.976394,0.023606,0.000000,0.000000,0.000000,25,40,-15,0.625000,0.250000,13,12,27,7,12,2.473270,3.346039,0.320000,0.175000
paper-126378-topk-3-depth-2,3,2,3,3,1.000000,0.976394,0.023606,0.000000,0.000000,0.000000,485,2270,-1785,0.213656,0.078700,201,284,2069,20,30,2.902350,2.800577,0.317526,0.395595
paper-126378-topk-5-depth-0,5,0,5,5,1.000000,0.971177,0.028823,0.000000,0.018182,-0.018182,5,5,0,1.000000,0.111111,1,4,4,5,4,2.321928,1.921928,0.200000,0.400000
paper-126378-topk-5-depth-1,5,1,5,5,1.000000,0.971177,0.028823,0.000000,0.018182,-0.018182,69,45,24,1.533333,0.128713,13,56,32,13,12,2.797940,3.279300,0.420290,0.200000
paper-126378-topk-5-depth-2,5,2,5,5,1.000000,0.971177,0.028823,0.000000,0.018182,-0.018182,1205,2280,-1075,0.528509,0.062824,206,999,2074,24,30,2.760713,2.803921,0.436515,0.394737
paper-126378-topk-10-depth-0,10,0,10,10,1.000000,0.966336,0.033664,0.000000,0.006297,-0.006297,10,10,0,1.000000,0.000000,0,10,10,6,8,2.446439,2.846439,0.300000,0.300000
paper-126378-topk-10-depth-1,10,1,10,10,1.000000,0.966336,0.033664,0.000000,0.006297,-0.006297,172,137,35,1.255474,0.040404,12,160,125,17,16,2.654739,3.229256,0.465116,0.218978
paper-126378-topk-10-depth-2,10,2,10,10,1.000000,0.966336,0.033664,0.000000,0.006297,-0.006297,2536,3473,-937,0.730204,0.105002,571,1965,2902,32,35,3.194571,3.221908,0.291404,0.352721
paper-21927-topk-1-depth-0,1,0,1,1,1.000000,0.999915,0.000085,,,,1,1,0,1.000000,0.000000,0,1,1,1,1,0.000000,0.000000,1.000000,1.000000
paper-21927-topk-1-depth-1,1,1,1,1,1.000000,0.999915,0.000085,,,,4,6,-2,0.666667,0.000000,0,4,6,1,2,0.000000,0.918296,1.000000,0.666667
paper-21927-topk-1-depth-2,1,2,1,1,1.000000,0.999915,0.000085,,,,15,79,-64,0.189873,0.000000,0,15,79,1,12,0.000000,2.738232,1.000000,0.265823
paper-21927-topk-3-depth-0,3,0,3,3,1.000000,0.979905,0.020095,0.000000,0.000000,0.000000,3,3,0,1.000000,0.000000,0,3,3,2,3,0.918296,1.584963,0.666667,0.333333
paper-21927-topk-3-depth-1,3,1,3,3,1.000000,0.979905,0.020095,0.000000,0.000000,0.000000,21,10,11,2.100000,0.000000,0,21,10,2,3,0.985228,1.521928,0.571429,0.400000
paper-21927-topk-3-depth-2,3,2,3,3,1.000000,0.979905,0.020095,0.000000,0.000000,0.000000,377,95,282,3.968421,0.000000,0,377,95,13,14,2.197431,2.874480,0.450928,0.294737
paper-21927-topk-5-depth-0,5,0,5,5,1.000000,0.974988,0.025012,0.000000,0.000000,0.000000,5,5,0,1.000000,0.000000,0,5,5,3,5,1.521928,2.321928,0.400000,0.200000
paper-21927-topk-5-depth-1,5,1,5,5,1.000000,0.974988,0.025012,0.000000,0.000000,0.000000,41,32,9,1.281250,0.000000,0,41,32,5,6,1.608642,1.901926,0.560976,0.531250
paper-21927-topk-5-depth-2,5,2,5,5,1.000000,0.974988,0.025012,0.000000,0.000000,0.000000,944,440,504,2.145455,0.051672,68,876,372,23,21,2.826232,2.381952,0.352754,0.515909
paper-21927-topk-10-depth-0,10,0,10,10,1.000000,0.970911,0.029089,0.000000,0.000000,0.000000,10,10,0,1.000000,0.111111,2,8,8,5,6,2.046439,2.446439,0.400000,0.300000
paper-21927-topk-10-depth-1,10,1,10,10,1.000000,0.970911,0.029089,0.000000,0.000000,0.000000,70,64,6,1.093750,0.089431,11,59,53,10,9,2.419747,2.584136,0.457143,0.281250
paper-21927-topk-10-depth-2,10,2,10,10,1.000000,0.970911,0.029089,0.000000,0.000000,0.000000,7407,1001,6406,7.399600,0.049164,394,7013,607,38,28,3.073075,2.899406,0.329283,0.358641
paper-122128-topk-1-depth-0,1,0,1,1,1.000000,0.999901,0.000099,,,,1,1,0,1.000000,0.000000,0,1,1,1,1,0.000000,0.000000,1.000000,1.000000
paper-122128-topk-1-depth-1,1,1,1,1,1.000000,0.999901,0.000099,,,,6,8,-2,0.750000,0.076923,1,5,7,3,2,1.459148,0.954434,0.500000,0.625000
paper-122128-topk-1-depth-2,1,2,1,1,1.000000,0.999901,0.000099,,,,287,595,-308,0.482353,0.382445,244,43,351,12,14,2.006605,1.880694,0.487805,0.463866
paper-122128-topk-3-depth-0,3,0,3,3,1.000000,0.991028,0.008972,0.000000,0.032540,-0.032540,3,3,0,1.000000,0.000000,0,3,3,2,2,0.918296,0.918296,0.666667,0.666667
paper-122128-topk-3-depth-1,3,1,3,3,1.000000,0.991028,0.008972,0.000000,0.032540,-0.032540,26,29,-3,0.896552,0.057692,3,23,26,3,2,1.141620,0.929364,0.615385,0.655172
paper-122128-topk-3-depth-2,3,2,3,3,1.000000,0.991028,0.008972,0.000000,0.032540,-0.032540,988,969,19,1.019608,0.347796,505,483,464,14,19,1.514872,1.758182,0.599190,0.575851
paper-122128-topk-5-depth-0,5,0,5,5,1.000000,0.988247,0.011753,0.000000,0.048818,-0.048818,5,5,0,1.000000,0.000000,0,5,5,2,3,0.970951,1.521928,0.600000,0.400000
paper-122128-topk-5-depth-1,5,1,5,5,1.000000,0.988247,0.011753,0.000000,0.048818,-0.048818,50,42,8,1.190476,0.057471,5,45,37,3,4,0.987299,1.190230,0.700000,0.642857
paper-122128-topk-5-depth-2,5,2,5,5,1.000000,0.988247,0.011753,0.000000,0.048818,-0.048818,1975,1034,941,1.910058,0.200239,502,1473,532,17,20,1.275568,1.773395,0.704304,0.576402
paper-122128-topk-10-depth-0,10,0,10,10,1.000000,0.984782,0.015218,0.000000,0.052643,-0.052643,10,10,0,1.000000,0.111111,2,8,8,3,3,1.360964,1.485475,0.500000,0.500000
paper-122128-topk-10-depth-1,10,1,10,10,1.000000,0.984782,0.015218,0.000000,0.052643,-0.052643,67,77,-10,0.870130,0.200000,24,43,53,5,5,1.509013,1.426619,0.582090,0.545455
paper-122128-topk-10-depth-2,10,2,10,10,1.000000,0.984782,0.015218,0.000000,0.052643,-0.052643,1785,1510,275,1.182119,0.323293,805,980,705,21,28,1.557255,2.200086,0.640896,0.499338
paper-27124-topk-1-depth-0,1,0,1,1,1.000000,0.997689,0.002311,,,,1,1,0,1.000000,1.000000,1,0,0,1,1,0.000000,0.000000,1.000000,1.000000
paper-27124-topk-1-depth-1,1,1,1,1,1.000000,0.997689,0.002311,,,,23,23,0,1.000000,1.000000,23,0,0,7,7,2.392277,2.392277,0.347826,0.347826
paper-27124-topk-1-depth-2,1,2,1,1,1.000000,0.997689,0.002311,,,,2789,2789,0,1.000000,1.000000,2789,0,0,32,32,2.953956,2.953956,0.301183,0.301183
paper-27124-topk-3-depth-0,3,0,3,3,1.000000,0.981864,0.018136,0.000000,0.019520,-0.019520,3,3,0,1.000000,0.500000,2,1,1,3,3,1.584963,1.584963,0.333333,0.333333
paper-27124-topk-3-depth-1,3,1,3,3,1.000000,0.981864,0.018136,0.000000,0.019520,-0.019520,37,216,-179,0.171296,0.160550,35,2,181,9,14,2.727611,2.657694,0.297297,0.430556
paper-27124-topk-3-depth-2,3,2,3,3,1.000000,0.981864,0.018136,0.000000,0.019520,-0.019520,4765,26280,-21515,0.181317,0.181137,4761,4,21519,34,40,2.729095,2.292137,0.391815,0.547412
paper-27124-topk-5-depth-0,5,0,5,5,1.000000,0.975218,0.024782,0.000000,0.005856,-0.005856,5,5,0,1.000000,0.250000,2,3,3,5,4,2.321928,1.921928,0.200000,0.400000
paper-27124-topk-5-depth-1,5,1,5,5,1.000000,0.975218,0.024782,0.000000,0.005856,-0.005856,75,284,-209,0.264085,0.118380,38,37,246,10,14,2.588370,2.496139,0.386667,0.503521
paper-27124-topk-5-depth-2,5,2,5,5,1.000000,0.975218,0.024782,0.000000,0.005856,-0.005856,20572,30612,-10040,0.672024,0.376062,13988,6584,16624,37,40,2.500786,2.525401,0.445654,0.473703
paper-27124-topk-10-depth-0,10,0,10,10,1.000000,0.969281,0.030719,0.000000,0.029292,-0.029292,10,10,0,1.000000,0.111111,2,8,8,6,5,2.160964,1.960964,0.500000,0.500000
paper-27124-topk-10-depth-1,10,1,10,10,1.000000,0.969281,0.030719,0.000000,0.029292,-0.029292,114,406,-292,0.280788,0.090147,43,71,363,13,16,2.754862,2.521691,0.307018,0.487685
paper-27124-topk-10-depth-2,10,2,10,10,1.000000,0.969281,0.030719,0.000000,0.029292,-0.029292,25292,39940,-14648,0.633250,0.562555,23485,1807,16455,39,40,2.588792,2.626498,0.429148,0.425088
paper-25803-topk-1-depth-0,1,0,1,1,1.000000,0.980022,0.019978,,,,1,1,0,1.000000,0.000000,0,1,1,1,1,0.000000,0.000000,1.000000,1.000000
paper-25803-topk-1-depth-1,1,1,1,1,1.000000,0.980022,0.019978,,,,33,157,-124,0.210191,0.079545,14,19,143,3,5,0.390452,0.302557,0.939394,0.961783
paper-25803-topk-1-depth-2,1,2,1,1,1.000000,0.980022,0.019978,,,,21376,21344,32,1.001499,0.737857,18138,3238,3206,35,35,1.833681,1.877326,0.655689,0.642897
paper-25803-topk-3-depth-0,3,0,3,3,1.000000,0.983955,0.016045,0.000000,0.037064,-0.037064,3,3,0,1.000000,0.200000,1,2,2,1,1,0.000000,0.000000,1.000000,1.000000
paper-25803-topk-3-depth-1,3,1,3,3,1.000000,0.983955,0.016045,0.000000,0.037064,-0.037064,72,206,-134,0.349515,0.139344,34,38,172,7,6,0.921105,0.286291,0.861111,0.966019
paper-25803-topk-3-depth-2,3,2,3,3,1.000000,0.983955,0.016045,0.000000,0.037064,-0.037064,26569,25438,1131,1.044461,0.835757,23677,2892,1761,36,36,2.055682,1.914426,0.600324,0.643683
paper-25803-topk-5-depth-0,5,0,5,5,1.000000,0.978408,0.021592,0.003654,0.036837,-0.033183,5,5,0,1.000000,0.111111,1,4,4,1,1,0.000000,0.000000,1.000000,1.000000
paper-25803-topk-5-depth-1,5,1,5,5,1.000000,0.978408,0.021592,0.003654,0.036837,-0.033183,167,257,-90,0.649805,0.089974,35,132,222,7,8,0.636971,0.468193,0.910180,0.941634
paper-25803-topk-5-depth-2,5,2,5,5,1.000000,0.978408,0.021592,0.003654,0.036837,-0.033183,33479,35898,-2419,0.932615,0.817198,31199,2280,4699,36,37,2.297214,2.411225,0.521491,0.494652
paper-25803-topk-10-depth-0,10,0,10,10,1.000000,0.973289,0.026711,0.000629,0.040048,-0.039418,10,10,0,1.000000,0.176471,3,7,7,4,1,1.570951,0.000000,0.600000,1.000000
paper-25803-topk-10-depth-1,10,1,10,10,1.000000,0.973289,0.026711,0.000629,0.040048,-0.039418,215,352,-137,0.610795,0.138554,69,146,283,10,9,1.783765,0.692616,0.641860,0.903409
paper-25803-topk-10-depth-2,10,2,10,10,1.000000,0.973289,0.026711,0.000629,0.040048,-0.039418,35325,38219,-2894,0.924279,0.815184,33028,2297,5191,38,37,2.367287,2.447775,0.501599,0.479761
paper-78856-topk-1-depth-0,1,0,1,1,1.000000,0.999637,0.000363,,,,1,1,0,1.000000,0.000000,0,1,1,1,1,0.000000,0.000000,1.000000,1.000000
paper-78856-topk-1-depth-1,1,1,1,1,1.000000,0.999637,0.000363,,,,481,18,463,26.722222,0.002008,1,480,17,12,3,0.863566,0.803072,0.873181,0.833333
paper-78856-topk-1-depth-2,1,2,1,1,1.000000,0.999637,0.000363,,,,20252,17749,2503,1.141022,0.459332,11961,8291,5788,37,35,1.829673,1.949534,0.661861,0.608992
paper-78856-topk-3-depth-0,3,0,3,3,1.000000,0.988847,0.011153,0.002516,0.128427,-0.125911,3,3,0,1.000000,0.200000,1,2,2,2,1,0.918296,0.000000,0.666667,1.000000
paper-78856-topk-3-depth-1,3,1,3,3,1.000000,0.988847,0.011153,0.002516,0.128427,-0.125911,576,78,498,7.384615,0.091820,55,521,23,14,4,1.120223,0.848816,0.809028,0.820513
paper-78856-topk-3-depth-2,3,2,3,3,1.000000,0.988847,0.011153,0.002516,0.128427,-0.125911,28119,23443,4676,1.199463,0.756019,22199,5920,1244,37,36,2.103649,1.998619,0.588463,0.603720
paper-78856-topk-5-depth-0,5,0,5,5,1.000000,0.985212,0.014788,0.000755,0.043032,-0.042277,5,5,0,1.000000,0.250000,2,3,3,3,1,1.521928,0.000000,0.400000,1.000000
paper-78856-topk-5-depth-1,5,1,5,5,1.000000,0.985212,0.014788,0.000755,0.043032,-0.042277,582,823,-241,0.707169,0.609393,532,50,291,14,13,1.152982,1.186106,0.800687,0.758202
paper-78856-topk-5-depth-2,5,2,5,5,1.000000,0.985212,0.014788,0.000755,0.043032,-0.042277,34411,29271,5140,1.175600,0.737666,27034,7377,2237,39,37,2.371866,2.047811,0.508471,0.597144
paper-78856-topk-10-depth-0,10,0,10,10,1.000000,0.981417,0.018583,0.000000,0.017007,-0.017007,10,10,0,1.000000,0.000000,0,10,10,4,4,1.846439,1.570951,0.400000,0.600000
paper-78856-topk-10-depth-1,10,1,10,10,1.000000,0.981417,0.018583,0.000000,0.017007,-0.017007,140,906,-766,0.154525,0.010628,11,129,895,7,14,2.009730,1.251693,0.435714,0.742826
paper-78856-topk-10-depth-2,10,2,10,10,1.000000,0.981417,0.018583,0.000000,0.017007,-0.017007,33565,36850,-3285,0.910855,0.646672,27653,5912,9197,39,38,2.584035,2.358795,0.411202,0.504369
paper-93917-topk-1-depth-0,1,0,1,1,1.000000,0.957893,0.042107,,,,1,1,0,1.000000,0.000000,0,1,1,1,1,0.000000,0.000000,1.000000,1.000000
paper-93917-topk-1-depth-1,1,1,1,1,1.000000,0.957893,0.042107,,,,4,8,-4,0.500000,0.000000,0,4,8,2,2,0.811278,0.543564,0.750000,0.875000
paper-93917-topk-1-depth-2,1,2,1,1,1.000000,0.957893,0.042107,,,,43,65,-22,0.661538,0.000000,0,43,65,3,9,1.574569,2.225108,0.372093,0.430769
paper-93917-topk-3-depth-0,3,0,3,3,1.000000,0.957613,0.042387,0.000000,0.000000,0.000000,3,3,0,1.000000,0.200000,1,2,2,3,2,1.584963,0.918296,0.333333,0.666667
paper-93917-topk-3-depth-1,3,1,3,3,1.000000,0.957613,0.042387,0.000000,0.000000,0.000000,28,52,-24,0.538462,0.052632,4,24,48,10,6,3.013111,1.640931,0.214286,0.557692
paper-93917-topk-3-depth-2,3,2,3,3,1.000000,0.957613,0.042387,0.000000,0.000000,0.000000,182,638,-456,0.285266,0.056701,44,138,594,13,17,3.075785,2.459985,0.203297,0.354232
paper-93917-topk-5-depth-0,5,0,5,5,1.000000,0.966231,0.033769,0.000000,0.033333,-0.033333,5,5,0,1.000000,0.111111,1,4,4,3,2,1.521928,0.721928,0.400000,0.800000
paper-93917-topk-5-depth-1,5,1,5,5,1.000000,0.966231,0.033769,0.000000,0.033333,-0.033333,27,21,6,1.285714,0.090909,4,23,17,7,4,2.206420,1.154222,0.407407,0.761905
paper-93917-topk-5-depth-2,5,2,5,5,1.000000,0.966231,0.033769,0.000000,0.033333,-0.033333,4185,277,3908,15.108303,0.010188,45,4140,232,34,17,1.918096,2.659331,0.655914,0.440433
paper-93917-topk-10-depth-0,10,0,10,10,1.000000,0.959849,0.040151,0.000000,0.007407,-0.007407,10,10,0,1.000000,0.052632,1,9,9,4,6,1.846439,2.321928,0.400000,0.400000
paper-93917-topk-10-depth-1,10,1,10,10,1.000000,0.959849,0.040151,0.000000,0.007407,-0.007407,65,114,-49,0.570175,0.022857,4,61,110,11,12,2.855259,2.618835,0.292308,0.394737
paper-93917-topk-10-depth-2,10,2,10,10,1.000000,0.959849,0.040151,0.000000,0.007407,-0.007407,4481,1916,2565,2.338727,0.018955,119,4362,1797,36,34,2.115705,3.386207,0.615711,0.270355
paper-169218-topk-1-depth-0,1,0,1,1,1.000000,0.999912,0.000088,,,,1,1,0,1.000000,0.000000,0,1,1,1,1,0.000000,0.000000,1.000000,1.000000
paper-169218-topk-1-depth-1,1,1,1,1,1.000000,0.999912,0.000088,,,,68,34,34,2.000000,0.000000,0,68,34,6,5,1.992147,2.004087,0.426471,0.382353
paper-169218-topk-1-depth-2,1,2,1,1,1.000000,0.999912,0.000088,,,,21305,5810,15495,3.666954,0.105426,2586,18719,3224,37,32,2.404685,2.585971,0.477071,0.355594
paper-169218-topk-3-depth-0,3,0,3,3,1.000000,0.972745,0.027255,0.000000,0.020833,-0.020833,3,3,0,1.000000,0.000000,0,3,3,3,3,1.584963,1.584963,0.333333,0.333333
paper-169218-topk-3-depth-1,3,1,3,3,1.000000,0.972745,0.027255,0.000000,0.020833,-0.020833,89,60,29,1.483333,0.006757,1,88,59,6,6,1.794311,2.173357,0.539326,0.266667
paper-169218-topk-3-depth-2,3,2,3,3,1.000000,0.972745,0.027255,0.000000,0.020833,-0.020833,25977,20827,5150,1.247275,0.547649,16562,9415,4265,38,36,2.551686,2.553643,0.401471,0.386325
paper-169218-topk-5-depth-0,5,0,5,5,1.000000,0.966867,0.033133,0.000000,0.006250,-0.006250,5,5,0,1.000000,0.111111,1,4,4,3,5,1.370951,2.321928,0.600000,0.200000
paper-169218-topk-5-depth-1,5,1,5,5,1.000000,0.966867,0.033133,0.000000,0.006250,-0.006250,113,80,33,1.412500,0.102857,18,95,62,10,10,2.263321,2.648510,0.477876,0.225000
paper-169218-topk-5-depth-2,5,2,5,5,1.000000,0.966867,0.033133,0.000000,0.006250,-0.006250,23636,20911,2725,1.130314,0.594723,16613,7023,4298,37,36,2.490049,2.569627,0.434634,0.385156
paper-169218-topk-10-depth-0,10,0,10,10,1.000000,0.961939,0.038061,0.000000,0.011928,-0.011928,10,10,0,1.000000,0.052632,1,9,9,5,5,2.046439,2.121928,0.400000,0.400000
paper-169218-topk-10-depth-1,10,1,10,10,1.000000,0.961939,0.038061,0.000000,0.011928,-0.011928,194,139,55,1.395683,0.077670,24,170,115,11,10,2.009733,2.619236,0.592784,0.273381
paper-169218-topk-10-depth-2,10,2,10,10,1.000000,0.961939,0.038061,0.000000,0.011928,-0.011928,28264,25913,2351,1.090727,0.578538,19856,8408,6057,37,38,2.576089,2.708634,0.379033,0.332073
paper-17172-topk-1-depth-0,1,0,1,1,1.000000,0.966247,0.033753,,,,1,1,0,1.000000,0.000000,0,1,1,1,1,0.000000,0.000000,1.000000,1.000000
paper-17172-topk-1-depth-1,1,1,1,1,1.000000,0.966247,0.033753,,,,2,2,0,1.000000,0.000000,0,2,2,2,2,1.000000,1.000000,0.500000,0.500000
paper-17172-topk-1-depth-2,1,2,1,1,1.000000,0.966247,0.033753,,,,3,4,-1,0.750000,0.000000,0,3,4,3,3,1.584963,1.500000,0.333333,0.500000
paper-17172-topk-3-depth-0,3,0,3,3,1.000000,0.964138,0.035862,0.000000,0.000000,0.000000,3,3,0,1.000000,0.200000,1,2,2,3,3,1.584963,1.584963,0.333333,0.333333
paper-17172-topk-3-depth-1,3,1,3,3,1.000000,0.964138,0.035862,0.000000,0.000000,0.000000,11,13,-2,0.846154,0.411765,7,4,6,6,8,2.222192,2.507380,0.454545,0.461538
paper-17172-topk-3-depth-2,3,2,3,3,1.000000,0.964138,0.035862,0.000000,0.000000,0.000000,3799,2303,1496,1.649587,0.060111,346,3453,1957,31,32,2.559102,2.738928,0.488023,0.381242
paper-17172-topk-5-depth-0,5,0,5,5,1.000000,0.963210,0.036790,0.000000,0.000000,0.000000,5,5,0,1.000000,0.111111,1,4,4,4,4,1.921928,1.921928,0.400000,0.400000
paper-17172-topk-5-depth-1,5,1,5,5,1.000000,0.963210,0.036790,0.000000,0.000000,0.000000,21,69,-48,0.304348,0.084337,7,14,62,7,11,2.543321,2.193781,0.238095,0.521739
paper-17172-topk-5-depth-2,5,2,5,5,1.000000,0.963210,0.036790,0.000000,0.000000,0.000000,3895,26904,-23009,0.144774,0.046980,1382,2513,25522,35,37,2.684426,2.392082,0.475995,0.469670
paper-17172-topk-10-depth-0,10,0,10,10,1.000000,0.966260,0.033740,0.000000,0.004521,-0.004521,10,10,0,1.000000,0.176471,3,7,7,6,6,2.446439,2.446439,0.300000,0.300000
paper-17172-topk-10-depth-1,10,1,10,10,1.000000,0.966260,0.033740,0.000000,0.004521,-0.004521,70,120,-50,0.583333,0.091954,16,54,104,14,15,2.862880,2.388416,0.328571,0.416667
paper-17172-topk-10-depth-2,10,2,10,10,1.000000,0.966260,0.033740,0.000000,0.004521,-0.004521,9639,32787,-23148,0.293988,0.188104,6717,2922,26070,38,38,2.541265,2.381935,0.455441,0.494556
paper-130663-topk-1-depth-0,1,0,1,1,1.000000,0.968573,0.031427,,,,1,1,0,1.000000,0.000000,0,1,1,1,1,0.000000,0.000000,1.000000,1.000000
paper-130663-topk-1-depth-1,1,1,1,1,1.000000,0.968573,0.031427,,,,39,17,22,2.294118,0.000000,0,39,17,5,5,1.442763,1.257715,0.666667,0.764706
paper-130663-topk-1-depth-2,1,2,1,1,1.000000,0.968573,0.031427,,,,15626,18570,-2944,0.841465,0.185920,5361,10265,13209,33,37,1.994569,2.674576,0.600410,0.295153
paper-130663-topk-3-depth-0,3,0,3,3,1.000000,0.968166,0.031834,0.000000,0.000000,0.000000,3,3,0,1.000000,0.200000,1,2,2,2,2,0.918296,0.918296,0.666667,0.666667
paper-130663-topk-3-depth-1,3,1,3,3,1.000000,0.968166,0.031834,0.000000,0.000000,0.000000,78,65,13,1.200000,0.375000,39,39,26,7,7,2.256265,2.146457,0.333333,0.400000
paper-130663-topk-3-depth-2,3,2,3,3,1.000000,0.968166,0.031834,0.000000,0.000000,0.000000,24503,30088,-5585,0.814378,0.570602,19833,4670,10255,36,37,2.274109,2.580728,0.513325,0.401522
paper-130663-topk-5-depth-0,5,0,5,5,1.000000,0.974754,0.025246,0.000000,0.014606,-0.014606,5,5,0,1.000000,0.111111,1,4,4,3,3,1.370951,1.521928,0.600000,0.400000
paper-130663-topk-5-depth-1,5,1,5,5,1.000000,0.974754,0.025246,0.000000,0.014606,-0.014606,116,113,3,1.026549,0.244565,45,71,68,7,8,2.342731,2.377297,0.284483,0.274336
paper-130663-topk-5-depth-2,5,2,5,5,1.000000,0.974754,0.025246,0.000000,0.014606,-0.014606,28000,30817,-2817,0.908589,0.606978,22216,5784,8601,37,38,2.361407,2.592770,0.482036,0.395983
paper-130663-topk-10-depth-0,10,0,10,10,1.000000,0.970791,0.029209,0.000000,0.010386,-0.010386,10,10,0,1.000000,0.176471,3,7,7,5,3,2.046439,1.156780,0.400000,0.700000
paper-130663-topk-10-depth-1,10,1,10,10,1.000000,0.970791,0.029209,0.000000,0.010386,-0.010386,166,238,-72,0.697479,0.282540,89,77,149,8,9,2.354314,2.051378,0.283133,0.529412
paper-130663-topk-10-depth-2,10,2,10,10,1.000000,0.970791,0.029209,0.000000,0.010386,-0.010386,29538,37755,-8217,0.782360,0.694440,27579,1959,10176,37,39,2.413094,2.605539,0.462726,0.389909
paper-155988-topk-1-depth-0,1,0,1,1,1.000000,0.999698,0.000302,,,,1,1,0,1.000000,0.000000,0,1,1,1,1,0.000000,0.000000,1.000000,1.000000
paper-155988-topk-1-depth-1,1,1,1,1,1.000000,0.999698,0.000302,,,,3,3,0,1.000000,0.000000,0,3,3,2,1,0.918296,0.000000,0.666667,1.000000
paper-155988-topk-1-depth-2,1,2,1,1,1.000000,0.999698,0.000302,,,,9,13,-4,0.692308,0.000000,0,9,13,3,2,1.435521,0.391244,0.555556,0.923077
paper-155988-topk-3-depth-0,3,0,3,3,1.000000,0.987051,0.012949,0.000000,0.000000,0.000000,3,3,0,1.000000,0.000000,0,3,3,3,3,1.584963,1.584963,0.333333,0.333333
paper-155988-topk-3-depth-1,3,1,3,3,1.000000,0.987051,0.012949,0.000000,0.000000,0.000000,16,9,7,1.777778,0.000000,0,16,9,8,7,2.827820,2.641604,0.250000,0.333333
paper-155988-topk-3-depth-2,3,2,3,3,1.000000,0.987051,0.012949,0.000000,0.000000,0.000000,75,85,-10,0.882353,0.000000,0,75,85,13,17,3.273943,2.775082,0.186667,0.470588
paper-155988-topk-5-depth-0,5,0,5,5,1.000000,0.984096,0.015904,0.000000,0.000000,0.000000,5,5,0,1.000000,0.111111,1,4,4,3,5,1.521928,2.321928,0.400000,0.200000
paper-155988-topk-5-depth-1,5,1,5,5,1.000000,0.984096,0.015904,0.000000,0.000000,0.000000,20,18,2,1.111111,0.225806,7,13,11,5,8,1.983383,2.549855,0.350000,0.388889
paper-155988-topk-5-depth-2,5,2,5,5,1.000000,0.984096,0.015904,0.000000,0.000000,0.000000,41,102,-61,0.401961,0.108527,14,27,88,7,17,2.139761,2.959054,0.439024,0.411765
paper-155988-topk-10-depth-0,10,0,10,10,1.000000,0.980453,0.019547,0.000000,0.000000,0.000000,10,10,0,1.000000,0.176471,3,7,7,7,6,2.646439,2.321928,0.300000,0.400000
paper-155988-topk-10-depth-1,10,1,10,10,1.000000,0.980453,0.019547,0.000000,0.000000,0.000000,64,42,22,1.523810,0.139785,13,51,29,11,10,2.973945,2.569260,0.250000,0.428571
paper-155988-topk-10-depth-2,10,2,10,10,1.000000,0.980453,0.019547,0.000000,0.000000,0.000000,1279,183,1096,6.989071,0.018815,27,1252,156,36,23,3.288053,3.302982,0.302580,0.251366
paper-130205-topk-1-depth-0,1,0,1,1,1.000000,0.999657,0.000343,,,,1,1,0,1.000000,0.000000,0,1,1,1,1,0.000000,0.000000,1.000000,1.000000
paper-130205-topk-1-depth-1,1,1,1,1,1.000000,0.999657,0.000343,,,,20,26,-6,0.769231,0.000000,0,20,26,2,5,0.286397,1.288493,0.950000,0.730769
paper-130205-topk-1-depth-2,1,2,1,1,1.000000,0.999657,0.000343,,,,3392,22092,-18700,0.153540,0.096888,2251,1141,19841,28,37,2.264958,2.651205,0.577830,0.302870
paper-130205-topk-3-depth-0,3,0,3,3,1.000000,0.975698,0.024302,0.000000,0.008547,-0.008547,3,3,0,1.000000,0.000000,0,3,3,1,2,0.000000,0.918296,1.000000,0.666667
paper-130205-topk-3-depth-1,3,1,3,3,1.000000,0.975698,0.024302,0.000000,0.008547,-0.008547,79,53,26,1.490566,0.047619,6,73,47,5,7,1.347548,1.818123,0.696203,0.603774
paper-130205-topk-3-depth-2,3,2,3,3,1.000000,0.975698,0.024302,0.000000,0.008547,-0.008547,11097,27021,-15924,0.410681,0.295473,8694,2403,18327,38,37,2.515398,2.599761,0.468865,0.323230
paper-130205-topk-5-depth-0,5,0,5,5,1.000000,0.970182,0.029818,0.000000,0.016874,-0.016874,5,5,0,1.000000,0.000000,0,5,5,3,3,1.370951,1.370951,0.600000,0.600000
paper-130205-topk-5-depth-1,5,1,5,5,1.000000,0.970182,0.029818,0.000000,0.016874,-0.016874,74,100,-26,0.740000,0.122581,19,55,81,7,7,1.460232,1.549175,0.702703,0.700000
paper-130205-topk-5-depth-2,5,2,5,5,1.000000,0.970182,0.029818,0.000000,0.016874,-0.016874,29210,28478,732,1.025704,0.628454,22263,6947,6215,37,37,2.506241,2.596892,0.403629,0.327867
paper-130205-topk-10-depth-0,10,0,10,10,1.000000,0.966104,0.033896,0.000000,0.019460,-0.019460,10,10,0,1.000000,0.000000,0,10,10,4,4,1.570951,1.356780,0.600000,0.700000
paper-130205-topk-10-depth-1,10,1,10,10,1.000000,0.966104,0.033896,0.000000,0.019460,-0.019460,216,205,11,1.053659,0.044665,18,198,187,14,9,2.141657,1.836628,0.527778,0.614634
paper-130205-topk-10-depth-2,10,2,10,10,1.000000,0.966104,0.033896,0.000000,0.019460,-0.019460,33028,37192,-4164,0.888040,0.667617,28112,4916,9080,38,39,2.528710,2.608338,0.417706,0.373871
paper-52449-topk-1-depth-0,1,0,1,1,1.000000,0.999900,0.000100,,,,1,1,0,1.000000,0.000000,0,1,1,1,1,0.000000,0.000000,1.000000,1.000000
paper-52449-topk-1-depth-1,1,1,1,1,1.000000,0.999900,0.000100,,,,11,18,-7,0.611111,0.160000,4,7,14,2,2,0.439497,0.309543,0.909091,0.944444
paper-52449-topk-1-depth-2,1,2,1,1,1.000000,0.999900,0.000100,,,,652,647,5,1.007728,0.921598,623,29,24,14,14,0.965019,0.935926,0.806748,0.812983
paper-52449-topk-3-depth-0,3,0,3,3,1.000000,0.982930,0.017070,0.000000,0.062943,-0.062943,3,3,0,1.000000,0.000000,0,3,3,1,1,0.000000,0.000000,1.000000,1.000000
paper-52449-topk-3-depth-1,3,1,3,3,1.000000,0.982930,0.017070,0.000000,0.062943,-0.062943,89,44,45,2.022727,0.081301,10,79,34,5,4,1.157300,0.814899,0.752809,0.840909
paper-52449-topk-3-depth-2,3,2,3,3,1.000000,0.982930,0.017070,0.000000,0.062943,-0.062943,1807,993,814,1.819738,0.377953,768,1039,225,18,18,1.229213,1.262340,0.747095,0.709970
paper-52449-topk-5-depth-0,5,0,5,5,1.000000,0.978517,0.021483,0.000000,0.090269,-0.090269,5,5,0,1.000000,0.000000,0,5,5,3,1,1.370951,0.000000,0.600000,1.000000
paper-52449-topk-5-depth-1,5,1,5,5,1.000000,0.978517,0.021483,0.000000,0.090269,-0.090269,70,55,15,1.272727,0.068376,8,62,47,7,5,1.694906,1.020151,0.642857,0.800000
paper-52449-topk-5-depth-2,5,2,5,5,1.000000,0.978517,0.021483,0.000000,0.090269,-0.090269,1477,1048,429,1.409351,0.454493,789,688,259,20,18,1.406919,1.286224,0.727827,0.711832
paper-52449-topk-10-depth-0,10,0,10,10,1.000000,0.973978,0.026022,0.000000,0.039061,-0.039061,10,10,0,1.000000,0.052632,1,9,9,4,1,1.760964,0.000000,0.500000,1.000000
paper-52449-topk-10-depth-1,10,1,10,10,1.000000,0.973978,0.026022,0.000000,0.039061,-0.039061,102,97,5,1.051546,0.130682,23,79,74,7,5,1.690591,0.841692,0.549020,0.835052
paper-52449-topk-10-depth-2,10,2,10,10,1.000000,0.973978,0.026022,0.000000,0.039061,-0.039061,2069,1543,526,1.340894,0.414806,1059,1010,484,20,21,1.545405,1.225124,0.666989,0.736228
paper-69405-topk-1-depth-0,1,0,1,1,1.000000,0.959728,0.040272,,,,1,1,0,1.000000,1.000000,1,0,0,1,1,0.000000,0.000000,1.000000,1.000000
paper-69405-topk-1-depth-1,1,1,1,1,1.000000,0.959728,0.040272,,,,3,3,0,1.000000,1.000000,3,0,0,2,2,0.918296,0.918296,0.666667,0.666667
paper-69405-topk-1-depth-2,1,2,1,1,1.000000,0.959728,0.040272,,,,20,20,0,1.000000,1.000000,20,0,0,3,3,1.219241,1.219241,0.550000,0.550000
paper-69405-topk-3-depth-0,3,0,3,3,1.000000,0.974360,0.025640,0.000000,0.000000,0.000000,3,3,0,1.000000,0.500000,2,1,1,2,3,0.918296,1.584963,0.666667,0.333333
paper-69405-topk-3-depth-1,3,1,3,3,1.000000,0.974360,0.025640,0.000000,0.000000,0.000000,20,12,8,1.666667,0.391304,9,11,3,5,4,1.643752,1.614005,0.550000,0.583333
paper-69405-topk-3-depth-2,3,2,3,3,1.000000,0.974360,0.025640,0.000000,0.000000,0.000000,164,1120,-956,0.146429,0.103093,120,44,1000,10,29,2.159786,2.467710,0.481707,0.420536
paper-69405-topk-5-depth-0,5,0,5,5,1.000000,0.959786,0.040214,0.000000,0.016667,-0.016667,5,5,0,1.000000,0.428571,3,2,2,3,2,1.370951,0.970951,0.600000,0.600000
paper-69405-topk-5-depth-1,5,1,5,5,1.000000,0.959786,0.040214,0.000000,0.016667,-0.016667,45,42,3,1.071429,0.298507,20,25,22,6,6,2.030708,1.873218,0.377778,0.500000
paper-69405-topk-5-depth-2,5,2,5,5,1.000000,0.959786,0.040214,0.000000,0.016667,-0.016667,583,16828,-16245,0.034645,0.009509,164,419,16664,19,36,2.504575,1.818942,0.487136,0.657892
paper-69405-topk-10-depth-0,10,0,10,10,1.000000,0.961797,0.038203,0.000000,0.005967,-0.005967,10,10,0,1.000000,0.111111,2,8,8,4,5,1.685475,2.046439,0.500000,0.400000
paper-69405-topk-10-depth-1,10,1,10,10,1.000000,0.961797,0.038203,0.000000,0.005967,-0.005967,69,93,-24,0.741935,0.094595,14,55,79,6,8,1.950501,1.985517,0.492754,0.580645
paper-69405-topk-10-depth-2,10,2,10,10,1.000000,0.961797,0.038203,0.000000,0.005967,-0.005967,721,28541,-27820,0.025262,0.003257,95,626,28446,19,38,2.454219,2.292376,0.489598,0.518622
paper-87065-topk-1-depth-0,1,0,1,1,1.000000,0.999872,0.000128,,,,1,1,0,1.000000,0.000000,0,1,1,1,1,0.000000,0.000000,1.000000,1.000000
paper-87065-topk-1-depth-1,1,1,1,1,1.000000,0.999872,0.000128,,,,3,5,-2,0.600000,0.000000,0,3,5,1,2,0.000000,0.970951,1.000000,0.600000
paper-87065-topk-1-depth-2,1,2,1,1,1.000000,0.999872,0.000128,,,,7,31,-24,0.225806,0.000000,0,7,31,3,2,1.448816,0.999249,0.428571,0.516129
paper-87065-topk-3-depth-0,3,0,3,3,1.000000,0.976941,0.023059,0.000000,0.022222,-0.022222,3,3,0,1.000000,0.000000,0,3,3,3,1,1.584963,0.000000,0.333333,1.000000
paper-87065-topk-3-depth-1,3,1,3,3,1.000000,0.976941,0.023059,0.000000,0.022222,-0.022222,10,19,-9,0.526316,0.000000,0,10,19,4,2,1.570951,0.742488,0.600000,0.789474
paper-87065-topk-3-depth-2,3,2,3,3,1.000000,0.976941,0.023059,0.000000,0.022222,-0.022222,69,85,-16,0.811765,0.000000,0,69,85,7,6,1.710091,1.296659,0.594203,0.670588
paper-87065-topk-5-depth-0,5,0,5,5,1.000000,0.967172,0.032828,0.000000,0.006667,-0.006667,5,5,0,1.000000,0.111111,1,4,4,3,3,1.521928,1.370951,0.400000,0.600000
paper-87065-topk-5-depth-1,5,1,5,5,1.000000,0.967172,0.032828,0.000000,0.006667,-0.006667,22,39,-17,0.564103,0.070175,4,18,35,4,3,1.716764,1.526342,0.454545,0.410256
paper-87065-topk-5-depth-2,5,2,5,5,1.000000,0.967172,0.032828,0.000000,0.006667,-0.006667,174,191,-17,0.910995,0.054913,19,155,172,9,11,1.840135,1.986924,0.568966,0.424084
paper-87065-topk-10-depth-0,10,0,10,10,1.000000,0.958676,0.041324,0.000000,0.001481,-0.001481,10,10,0,1.000000,0.052632,1,9,9,5,3,2.246439,1.485475,0.300000,0.500000
paper-87065-topk-10-depth-1,10,1,10,10,1.000000,0.958676,0.041324,0.000000,0.001481,-0.001481,61,95,-34,0.642105,0.019608,3,58,92,10,4,2.440861,1.729671,0.426230,0.463158
paper-87065-topk-10-depth-2,10,2,10,10,1.000000,0.958676,0.041324,0.000000,0.001481,-0.001481,1500,582,918,2.577320,0.020588,42,1458,540,32,19,3.441163,2.362097,0.234000,0.417526
paper-114998-topk-1-depth-0,1,0,1,1,1.000000,0.965118,0.034882,,,,1,1,0,1.000000,1.000000,1,0,0,1,1,0.000000,0.000000,1.000000,1.000000
paper-114998-topk-1-depth-1,1,1,1,1,1.000000,0.965118,0.034882,,,,4,4,0,1.000000,1.000000,4,0,0,1,1,0.000000,0.000000,1.000000,1.000000
paper-114998-topk-1-depth-2,1,2,1,1,1.000000,0.965118,0.034882,,,,23,23,0,1.000000,1.000000,23,0,0,6,6,1.415437,1.415437,0.739130,0.739130
paper-114998-topk-3-depth-0,3,0,3,3,1.000000,0.963454,0.036546,0.000000,0.000000,0.000000,3,3,0,1.000000,0.200000,1,2,2,2,2,0.918296,0.918296,0.666667,0.666667
paper-114998-topk-3-depth-1,3,1,3,3,1.000000,0.963454,0.036546,0.000000,0.000000,0.000000,171,27,144,6.333333,0.020619,4,167,23,7,5,1.246746,1.532790,0.608187,0.629630
paper-114998-topk-3-depth-2,3,2,3,3,1.000000,0.963454,0.036546,0.000000,0.000000,0.000000,29982,737,29245,40.681140,0.015471,468,29514,269,37,20,2.269654,2.260736,0.516610,0.445047
paper-114998-topk-5-depth-0,5,0,5,5,1.000000,0.963166,0.036834,0.000000,0.000000,0.000000,5,5,0,1.000000,0.250000,2,3,3,2,4,0.721928,1.921928,0.800000,0.400000
paper-114998-topk-5-depth-1,5,1,5,5,1.000000,0.963166,0.036834,0.000000,0.000000,0.000000,43,35,8,1.228571,0.083333,6,37,29,4,7,1.183800,1.899774,0.697674,0.514286
paper-114998-topk-5-depth-2,5,2,5,5,1.000000,0.963166,0.036834,0.000000,0.000000,0.000000,26532,1874,24658,14.157951,0.054104,1458,25074,416,38,22,2.304273,1.786324,0.515340,0.660619
paper-114998-topk-10-depth-0,10,0,10,10,1.000000,0.966303,0.033697,0.000149,0.005557,-0.005407,10,10,0,1.000000,0.176471,3,7,7,4,5,1.760964,2.170951,0.500000,0.300000
paper-114998-topk-10-depth-1,10,1,10,10,1.000000,0.966303,0.033697,0.000149,0.005557,-0.005407,520,98,422,5.306122,0.043919,26,494,72,14,10,1.341178,2.360942,0.751923,0.418367
paper-114998-topk-10-depth-2,10,2,10,10,1.000000,0.966303,0.033697,0.000149,0.005557,-0.005407,37616,30408,7208,1.237043,0.772104,29638,7978,770,39,38,2.492390,2.312548,0.461426,0.519600
paper-24877-topk-1-depth-0,1,0,1,1,1.000000,0.999886,0.000114,,,,1,1,0,1.000000,0.000000,0,1,1,1,1,0.000000,0.000000,1.000000,1.000000
paper-24877-topk-1-depth-1,1,1,1,1,1.000000,0.999886,0.000114,,,,6,22,-16,0.272727,0.000000,0,6,22,4,5,1.918296,1.432006,0.333333,0.681818
paper-24877-topk-1-depth-2,1,2,1,1,1.000000,0.999886,0.000114,,,,33,283,-250,0.116608,0.003175,1,32,282,9,18,2.520969,2.885619,0.333333,0.282686
paper-24877-topk-3-depth-0,3,0,3,3,1.000000,0.979839,0.020161,0.000000,0.000000,0.000000,3,3,0,1.000000,0.200000,1,2,2,3,2,1.584963,0.918296,0.333333,0.666667
paper-24877-topk-3-depth-1,3,1,3,3,1.000000,0.979839,0.020161,0.000000,0.000000,0.000000,38,35,3,1.085714,0.089552,6,32,29,8,9,1.888750,2.168628,0.631579,0.428571
paper-24877-topk-3-depth-2,3,2,3,3,1.000000,0.979839,0.020161,0.000000,0.000000,0.000000,235,340,-105,0.691176,0.080827,43,192,297,17,22,2.304487,3.069924,0.608511,0.255882
paper-24877-topk-5-depth-0,5,0,5,5,1.000000,0.974807,0.025193,0.000000,0.000000,0.000000,5,5,0,1.000000,0.111111,1,4,4,4,2,1.921928,0.970951,0.400000,0.600000
paper-24877-topk-5-depth-1,5,1,5,5,1.000000,0.974807,0.025193,0.000000,0.000000,0.000000,76,51,25,1.490196,0.144144,16,60,35,10,10,2.435345,2.190183,0.315789,0.431373
paper-24877-topk-5-depth-2,5,2,5,5,1.000000,0.974807,0.025193,0.000000,0.000000,0.000000,463,545,-82,0.849541,0.161290,140,323,405,22,25,2.915404,3.169998,0.308855,0.288073
paper-24877-topk-10-depth-0,10,0,10,10,1.000000,0.970926,0.029074,0.000000,0.007576,-0.007576,10,10,0,1.000000,0.176471,3,7,7,6,4,2.446439,1.721928,0.300000,0.400000
paper-24877-topk-10-depth-1,10,1,10,10,1.000000,0.970926,0.029074,0.000000,0.007576,-0.007576,117,93,24,1.258065,0.329114,52,65,41,13,16,2.793486,2.786844,0.264957,0.301075
paper-24877-topk-10-depth-2,10,2,10,10,1.000000,0.970926,0.029074,0.000000,0.007576,-0.007576,1543,1502,41,1.027297,0.134501,361,1182,1141,34,34,3.291749,3.617548,0.296176,0.278296
paper-60491-topk-1-depth-0,1,0,1,1,1.000000,0.960772,0.039228,,,,1,1,0,1.000000,0.000000,0,1,1,1,1,0.000000,0.000000,1.000000,1.000000
paper-60491-topk-1-depth-1,1,1,1,1,1.000000,0.960772,0.039228,,,,12,20,-8,0.600000,0.000000,0,12,20,4,5,1.729574,2.285475,0.500000,0.250000
paper-60491-topk-1-depth-2,1,2,1,1,1.000000,0.960772,0.039228,,,,156,11501,-11345,0.013564,0.003616,42,114,11459,16,37,3.102314,2.489242,0.250000,0.456569
paper-60491-topk-3-depth-0,3,0,3,3,1.000000,0.960792,0.039208,0.000000,0.000000,0.000000,3,3,0,1.000000,0.000000,0,3,3,3,2,1.584963,0.918296,0.333333,0.666667
paper-60491-topk-3-depth-1,3,1,3,3,1.000000,0.960792,0.039208,0.000000,0.000000,0.000000,67,32,35,2.093750,0.020619,2,65,30,7,6,1.713097,2.396868,0.626866,0.281250
paper-60491-topk-3-depth-2,3,2,3,3,1.000000,0.960792,0.039208,0.000000,0.000000,0.000000,22614,14988,7626,1.508807,0.355662,9865,12749,5123,37,38,2.086720,2.466142,0.593526,0.477649
paper-60491-topk-5-depth-0,5,0,5,5,1.000000,0.967643,0.032357,0.000000,0.007143,-0.007143,5,5,0,1.000000,0.000000,0,5,5,3,4,1.370951,1.921928,0.600000,0.400000
paper-60491-topk-5-depth-1,5,1,5,5,1.000000,0.967643,0.032357,0.000000,0.007143,-0.007143,74,50,24,1.480000,0.024793,3,71,47,8,9,1.773793,2.602750,0.635135,0.340000
paper-60491-topk-5-depth-2,5,2,5,5,1.000000,0.967643,0.032357,0.000000,0.007143,-0.007143,23582,24676,-1094,0.955665,0.384417,13400,10182,11276,37,38,2.139072,2.561668,0.575227,0.426649
paper-60491-topk-10-depth-0,10,0,10,10,1.000000,0.961398,0.038602,0.000000,0.007385,-0.007385,10,10,0,1.000000,0.176471,3,7,7,5,6,1.770951,2.370951,0.600000,0.300000
paper-60491-topk-10-depth-1,10,1,10,10,1.000000,0.961398,0.038602,0.000000,0.007385,-0.007385,171,124,47,1.379032,0.152344,39,132,85,14,14,2.291866,2.840759,0.584795,0.282258
paper-60491-topk-10-depth-2,10,2,10,10,1.000000,0.961398,0.038602,0.000000,0.007385,-0.007385,32574,35601,-3027,0.914974,0.765597,29562,3012,6039,39,39,2.485553,2.492165,0.473138,0.473470
paper-19665-topk-1-depth-0,1,0,1,1,1.000000,0.955422,0.044578,,,,1,1,0,1.000000,0.000000,0,1,1,1,1,0.000000,0.000000,1.000000,1.000000
paper-19665-topk-1-depth-1,1,1,1,1,1.000000,0.955422,0.044578,,,,7,12,-5,0.583333,0.000000,0,7,12,2,3,0.591673,0.816689,0.857143,0.833333
paper-19665-topk-1-depth-2,1,2,1,1,1.000000,0.955422,0.044578,,,,151,73,78,2.068493,0.000000,0,151,73,13,8,1.959918,1.419421,0.615894,0.753425
paper-19665-topk-3-depth-0,3,0,3,3,1.000000,0.954785,0.045215,0.000000,0.030303,-0.030303,3,3,0,1.000000,0.000000,0,3,3,2,3,0.918296,1.584963,0.666667,0.333333
paper-19665-topk-3-depth-1,3,1,3,3,1.000000,0.954785,0.045215,0.000000,0.030303,-0.030303,33,16,17,2.062500,0.000000,0,33,16,6,3,1.773232,1.121641,0.606061,0.687500
paper-19665-topk-3-depth-2,3,2,3,3,1.000000,0.954785,0.045215,0.000000,0.030303,-0.030303,454,13561,-13107,0.033478,0.000214,3,451,13558,17,37,2.761898,2.586230,0.365639,0.362068
paper-19665-topk-5-depth-0,5,0,5,5,1.000000,0.963761,0.036239,0.000000,0.009091,-0.009091,5,5,0,1.000000,0.000000,0,5,5,3,5,1.370951,2.321928,0.600000,0.200000
paper-19665-topk-5-depth-1,5,1,5,5,1.000000,0.963761,0.036239,0.000000,0.009091,-0.009091,48,40,8,1.200000,0.047619,4,44,36,10,7,2.058133,1.959620,0.604167,0.500000
paper-19665-topk-5-depth-2,5,2,5,5,1.000000,0.963761,0.036239,0.000000,0.009091,-0.009091,592,13777,-13185,0.042970,0.005739,82,510,13695,22,38,2.879960,2.677562,0.376689,0.356464
paper-19665-topk-10-depth-0,10,0,10,10,1.000000,0.958705,0.041295,0.000000,0.003502,-0.003502,10,10,0,1.000000,0.052632,1,9,9,6,6,2.160964,2.446439,0.500000,0.300000
paper-19665-topk-10-depth-1,10,1,10,10,1.000000,0.958705,0.041295,0.000000,0.003502,-0.003502,87,90,-3,0.966667,0.059880,10,77,80,14,14,2.910604,2.640456,0.367816,0.355556
paper-19665-topk-10-depth-2,10,2,10,10,1.000000,0.958705,0.041295,0.000000,0.003502,-0.003502,15402,15827,-425,0.973147,0.195323,5103,10299,10724,37,38,2.260476,2.781135,0.555967,0.317306
paper-95095-topk-1-depth-0,1,0,1,1,1.000000,0.999726,0.000274,,,,1,1,0,1.000000,0.000000,0,1,1,1,1,0.000000,0.000000,1.000000,1.000000
paper-95095-topk-1-depth-1,1,1,1,1,1.000000,0.999726,0.000274,,,,3,15,-12,0.200000,0.000000,0,3,15,2,3,0.918296,1.272906,0.666667,0.533333
paper-95095-topk-1-depth-2,1,2,1,1,1.000000,0.999726,0.000274,,,,45,7655,-7610,0.005879,0.000520,4,41,7651,7,33,1.749826,2.002699,0.644444,0.573089
paper-95095-topk-3-depth-0,3,0,3,3,1.000000,0.981770,0.018230,0.000000,0.000000,0.000000,3,3,0,1.000000,0.000000,0,3,3,3,2,1.584963,0.918296,0.333333,0.666667
paper-95095-topk-3-depth-1,3,1,3,3,1.000000,0.981770,0.018230,0.000000,0.000000,0.000000,110,48,62,2.291667,0.097222,14,96,34,9,7,1.801578,2.344594,0.472727,0.333333
paper-95095-topk-3-depth-2,3,2,3,3,1.000000,0.981770,0.018230,0.000000,0.000000,0.000000,29487,27378,2109,1.077033,0.836369,25899,3588,1479,37,37,2.366873,2.372505,0.492115,0.479874
paper-95095-topk-5-depth-0,5,0,5,5,1.000000,0.976463,0.023537,0.000000,0.002703,-0.002703,5,5,0,1.000000,0.000000,0,5,5,4,4,1.921928,1.921928,0.400000,0.400000
paper-95095-topk-5-depth-1,5,1,5,5,1.000000,0.976463,0.023537,0.000000,0.002703,-0.002703,74,68,6,1.088235,0.067669,9,65,59,10,12,1.952176,2.942017,0.513514,0.235294
paper-95095-topk-5-depth-2,5,2,5,5,1.000000,0.976463,0.023537,0.000000,0.002703,-0.002703,26694,28635,-1941,0.932216,0.837929,25225,1469,3410,38,38,2.350906,2.464638,0.483704,0.462755
paper-95095-topk-10-depth-0,10,0,10,10,1.000000,0.972703,0.027297,0.000000,0.012339,-0.012339,10,10,0,1.000000,0.052632,1,9,9,6,5,2.160964,2.121928,0.500000,0.400000
paper-95095-topk-10-depth-1,10,1,10,10,1.000000,0.972703,0.027297,0.000000,0.012339,-0.012339,79,111,-32,0.711712,0.111111,19,60,92,13,14,3.055707,2.950786,0.329114,0.288288
paper-95095-topk-10-depth-2,10,2,10,10,1.000000,0.972703,0.027297,0.000000,0.012339,-0.012339,25288,34992,-9704,0.722679,0.632941,23365,1923,11627,39,39,2.615273,2.515940,0.419369,0.446359
paper-76770-topk-1-depth-0,1,0,1,1,1.000000,0.999793,0.000207,,,,1,1,0,1.000000,0.000000,0,1,1,1,1,0.000000,0.000000,1.000000,1.000000
paper-76770-topk-1-depth-1,1,1,1,1,1.000000,0.999793,0.000207,,,,25,21,4,1.190476,0.000000,0,25,21,2,3,0.402179,0.856996,0.920000,0.809524
paper-76770-topk-1-depth-2,1,2,1,1,1.000000,0.999793,0.000207,,,,16811,10808,6003,1.555422,0.250521,5533,11278,5275,36,32,2.569994,2.351318,0.309738,0.360474
paper-76770-topk-3-depth-0,3,0,3,3,1.000000,0.979027,0.020973,0.000000,0.000000,0.000000,3,3,0,1.000000,0.500000,2,1,1,2,1,0.918296,0.000000,0.666667,1.000000
paper-76770-topk-3-depth-1,3,1,3,3,1.000000,0.979027,0.020973,0.000000,0.000000,0.000000,41,50,-9,0.820000,0.400000,26,15,24,6,3,1.662396,0.607364,0.658537,0.880000
paper-76770-topk-3-depth-2,3,2,3,3,1.000000,0.979027,0.020973,0.000000,0.000000,0.000000,16728,22133,-5405,0.755795,0.552639,13832,2896,8301,35,36,2.501446,2.543334,0.391320,0.324041
paper-76770-topk-5-depth-0,5,0,5,5,1.000000,0.974393,0.025607,0.000000,0.006389,-0.006389,5,5,0,1.000000,0.111111,1,4,4,2,2,0.721928,0.721928,0.800000,0.800000
paper-76770-topk-5-depth-1,5,1,5,5,1.000000,0.974393,0.025607,0.000000,0.006389,-0.006389,77,80,-3,0.962500,0.082759,12,65,68,5,5,1.437940,1.082935,0.571429,0.800000
paper-76770-topk-5-depth-2,5,2,5,5,1.000000,0.974393,0.025607,0.000000,0.006389,-0.006389,34641,23059,11582,1.502277,0.576115,21091,13550,1968,37,36,2.479354,2.558141,0.432580,0.313760
paper-76770-topk-10-depth-0,10,0,10,10,1.000000,0.971278,0.028722,0.000000,0.017265,-0.017265,10,10,0,1.000000,0.052632,1,9,9,3,3,1.156780,1.156780,0.700000,0.700000
paper-76770-topk-10-depth-1,10,1,10,10,1.000000,0.971278,0.028722,0.000000,0.017265,-0.017265,117,286,-169,0.409091,0.046753,18,99,268,7,9,1.625912,1.782583,0.529915,0.465035
paper-76770-topk-10-depth-2,10,2,10,10,1.000000,0.971278,0.028722,0.000000,0.017265,-0.017265,35624,31059,4565,1.146978,0.637638,25964,9660,5095,38,37,2.505512,2.511530,0.423928,0.384848
paper-19664-topk-1-depth-0,1,0,1,1,1.000000,0.999817,0.000183,,,,1,1,0,1.000000,0.000000,0,1,1,1,1,0.000000,0.000000,1.000000,1.000000
paper-19664-topk-1-depth-1,1,1,1,1,1.000000,0.999817,0.000183,,,,16,14,2,1.142857,0.000000,0,16,14,2,3,0.337290,1.094914,0.937500,0.714286
paper-19664-topk-1-depth-2,1,2,1,1,1.000000,0.999817,0.000183,,,,807,747,60,1.080321,0.069511,101,706,646,8,22,0.653750,1.836484,0.872367,0.693440
paper-19664-topk-3-depth-0,3,0,3,3,1.000000,0.985808,0.014192,0.000000,0.000000,0.000000,3,3,0,1.000000,0.200000,1,2,2,2,2,0.918296,0.918296,0.666667,0.666667
paper-19664-topk-3-depth-1,3,1,3,3,1.000000,0.985808,0.014192,0.000000,0.000000,0.000000,42,27,15,1.555556,0.254545,14,28,13,3,3,0.748635,0.824980,0.833333,0.814815
paper-19664-topk-3-depth-2,3,2,3,3,1.000000,0.985808,0.014192,0.000000,0.000000,0.000000,1981,2388,-407,0.829564,0.365739,1170,811,1218,25,24,1.377274,1.277060,0.758203,0.768425
paper-19664-topk-5-depth-0,5,0,5,5,1.000000,0.982264,0.017736,0.000000,0.008333,-0.008333,5,5,0,1.000000,0.250000,2,3,3,2,2,0.721928,0.970951,0.800000,0.600000
paper-19664-topk-5-depth-1,5,1,5,5,1.000000,0.982264,0.017736,0.000000,0.008333,-0.008333,57,97,-40,0.587629,0.193798,25,32,72,3,5,0.661447,0.861748,0.859649,0.814433
paper-19664-topk-5-depth-2,5,2,5,5,1.000000,0.982264,0.017736,0.000000,0.008333,-0.008333,3296,3434,-138,0.959814,0.577590,2464,832,970,25,26,1.258169,1.388080,0.762743,0.738789
paper-19664-topk-10-depth-0,10,0,10,10,1.000000,0.978627,0.021373,0.000000,0.020818,-0.020818,10,10,0,1.000000,0.111111,2,8,8,3,2,1.295462,0.881291,0.600000,0.700000
paper-19664-topk-10-depth-1,10,1,10,10,1.000000,0.978627,0.021373,0.000000,0.020818,-0.020818,138,141,-3,0.978723,0.102767,26,112,115,5,5,1.126831,0.921576,0.644928,0.765957
paper-19664-topk-10-depth-2,10,2,10,10,1.000000,0.978627,0.021373,0.000000,0.020818,-0.020818,3593,4591,-998,0.782618,0.466930,2605,988,1986,22,26,1.016110,1.351827,0.786529,0.733391
paper-47541-topk-1-depth-0,1,0,1,1,1.000000,0.999671,0.000329,,,,1,1,0,1.000000,1.000000,1,0,0,1,1,0.000000,0.000000,1.000000,1.000000
paper-47541-topk-1-depth-1,1,1,1,1,1.000000,0.999671,0.000329,,,,12,12,0,1.000000,1.000000,12,0,0,2,2,0.413817,0.413817,0.916667,0.916667
paper-47541-topk-1-depth-2,1,2,1,1,1.000000,0.999671,0.000329,,,,17514,17514,0,1.000000,1.000000,17514,0,0,36,36,2.632428,2.632428,0.294507,0.294507
paper-47541-topk-3-depth-0,3,0,3,3,1.000000,0.972884,0.027116,0.000000,0.034495,-0.034495,3,3,0,1.000000,0.000000,0,3,3,3,1,1.584963,0.000000,0.333333,1.000000
paper-47541-topk-3-depth-1,3,1,3,3,1.000000,0.972884,0.027116,0.000000,0.034495,-0.034495,22,40,-18,0.550000,0.050847,3,19,37,6,4,2.218388,1.189733,0.318182,0.725000
paper-47541-topk-3-depth-2,3,2,3,3,1.000000,0.972884,0.027116,0.000000,0.034495,-0.034495,7681,20047,-12366,0.383150,0.209879,4810,2871,15237,35,37,2.544594,2.632551,0.450723,0.323639
paper-47541-topk-5-depth-0,5,0,5,5,1.000000,0.964288,0.035712,0.000000,0.050074,-0.050074,5,5,0,1.000000,0.000000,0,5,5,4,2,1.921928,0.721928,0.400000,0.800000
paper-47541-topk-5-depth-1,5,1,5,5,1.000000,0.964288,0.035712,0.000000,0.050074,-0.050074,32,70,-38,0.457143,0.085106,8,24,62,8,5,2.374128,1.797140,0.343750,0.514286
paper-47541-topk-5-depth-2,5,2,5,5,1.000000,0.964288,0.035712,0.000000,0.050074,-0.050074,8894,23029,-14135,0.386209,0.310038,7555,1339,15474,36,37,2.501535,2.677218,0.473240,0.311303
paper-47541-topk-10-depth-0,10,0,10,10,1.000000,0.956713,0.043287,0.000000,0.043195,-0.043195,10,10,0,1.000000,0.052632,1,9,9,4,3,1.356780,1.295462,0.700000,0.600000
paper-47541-topk-10-depth-1,10,1,10,10,1.000000,0.956713,0.043287,0.000000,0.043195,-0.043195,100,135,-35,0.740741,0.129808,27,73,108,10,10,2.301957,2.297306,0.460000,0.392593
paper-47541-topk-10-depth-2,10,2,10,10,1.000000,0.956713,0.043287,0.000000,0.043195,-0.043195,19614,23919,-4305,0.820018,0.444312,13392,6222,10527,37,37,2.573142,2.716393,0.359692,0.304319
paper-159444-topk-1-depth-0,1,0,1,1,1.000000,0.998162,0.001838,,,,1,1,0,1.000000,0.000000,0,1,1,1,1,0.000000,0.000000,1.000000,1.000000
paper-159444-topk-1-depth-1,1,1,1,1,1.000000,0.998162,0.001838,,,,8,9,-1,0.888889,0.000000,0,8,9,2,2,0.811278,0.503258,0.750000,0.888889
paper-159444-topk-1-depth-2,1,2,1,1,1.000000,0.998162,0.001838,,,,80,35,45,2.285714,0.000000,0,80,35,6,4,0.848769,1.264763,0.862500,0.600000
paper-159444-topk-3-depth-0,3,0,3,3,1.000000,0.982685,0.017315,0.000000,0.000000,0.000000,3,3,0,1.000000,0.000000,0,3,3,2,3,0.918296,1.584963,0.666667,0.333333
paper-159444-topk-3-depth-1,3,1,3,3,1.000000,0.982685,0.017315,0.000000,0.000000,0.000000,12,31,-19,0.387097,0.000000,0,12,31,5,4,1.959148,1.662841,0.500000,0.451613
paper-159444-topk-3-depth-2,3,2,3,3,1.000000,0.982685,0.017315,0.000000,0.000000,0.000000,96,361,-265,0.265928,0.006608,3,93,358,8,16,1.530822,1.707399,0.718750,0.664820
paper-159444-topk-5-depth-0,5,0,5,5,1.000000,0.978476,0.021524,0.000000,0.000000,0.000000,5,5,0,1.000000,0.000000,0,5,5,3,4,1.521928,1.921928,0.400000,0.400000
paper-159444-topk-5-depth-1,5,1,5,5,1.000000,0.978476,0.021524,0.000000,0.000000,0.000000,18,53,-35,0.339623,0.000000,0,18,53,7,5,2.441069,1.984290,0.333333,0.396226
paper-159444-topk-5-depth-2,5,2,5,5,1.000000,0.978476,0.021524,0.000000,0.000000,0.000000,152,482,-330,0.315353,0.007949,5,147,477,13,18,2.360782,1.896015,0.460526,0.641079
paper-159444-topk-10-depth-0,10,0,10,10,1.000000,0.974648,0.025352,0.000000,0.000000,0.000000,10,10,0,1.000000,0.000000,0,10,10,6,6,2.446439,2.446439,0.300000,0.300000
paper-159444-topk-10-depth-1,10,1,10,10,1.000000,0.974648,0.025352,0.000000,0.000000,0.000000,65,119,-54,0.546218,0.027933,5,60,114,10,8,2.673208,2.747124,0.400000,0.235294
paper-159444-topk-10-depth-2,10,2,10,10,1.000000,0.974648,0.025352,0.000000,0.000000,0.000000,1552,24095,-22543,0.064412,0.034654,859,693,23236,30,38,2.851934,2.329091,0.379510,0.541772
paper-25746-topk-1-depth-0,1,0,1,1,1.000000,0.999598,0.000402,,,,1,1,0,1.000000,1.000000,1,0,0,1,1,0.000000,0.000000,1.000000,1.000000
paper-25746-topk-1-depth-1,1,1,1,1,1.000000,0.999598,0.000402,,,,4,4,0,1.000000,1.000000,4,0,0,1,1,0.000000,0.000000,1.000000,1.000000
paper-25746-topk-1-depth-2,1,2,1,1,1.000000,0.999598,0.000402,,,,335,335,0,1.000000,1.000000,335,0,0,14,14,1.217890,1.217890,0.808955,0.808955
paper-25746-topk-3-depth-0,3,0,3,3,1.000000,0.987268,0.012732,0.000000,0.000000,0.000000,3,3,0,1.000000,0.200000,1,2,2,3,2,1.584963,0.918296,0.333333,0.666667
paper-25746-topk-3-depth-1,3,1,3,3,1.000000,0.987268,0.012732,0.000000,0.000000,0.000000,10,43,-33,0.232558,0.081633,4,6,39,3,4,1.521928,0.677983,0.400000,0.883721
paper-25746-topk-3-depth-2,3,2,3,3,1.000000,0.987268,0.012732,0.000000,0.000000,0.000000,351,1939,-1588,0.181021,0.171355,335,16,1604,15,28,1.403789,1.929028,0.774929,0.683858
paper-25746-topk-5-depth-0,5,0,5,5,1.000000,0.983315,0.016685,0.000000,0.007294,-0.007294,5,5,0,1.000000,0.111111,1,4,4,4,2,1.921928,0.721928,0.400000,0.800000
paper-25746-topk-5-depth-1,5,1,5,5,1.000000,0.983315,0.016685,0.000000,0.007294,-0.007294,19,73,-54,0.260274,0.082353,7,12,66,6,5,1.973229,0.997003,0.526316,0.808219
paper-25746-topk-5-depth-2,5,2,5,5,1.000000,0.983315,0.016685,0.000000,0.007294,-0.007294,13323,29126,-15803,0.457426,0.453633,13247,76,15879,36,37,1.896150,2.324304,0.612550,0.500515
paper-25746-topk-10-depth-0,10,0,10,10,1.000000,0.979568,0.020432,0.000000,0.026251,-0.026251,10,10,0,1.000000,0.052632,1,9,9,5,3,1.770951,0.921928,0.600000,0.800000
paper-25746-topk-10-depth-1,10,1,10,10,1.000000,0.979568,0.020432,0.000000,0.026251,-0.026251,99,214,-115,0.462617,0.026230,8,91,206,12,10,1.706095,1.290893,0.717172,0.761682
paper-25746-topk-10-depth-2,10,2,10,10,1.000000,0.979568,0.020432,0.000000,0.026251,-0.026251,15136,35591,-20455,0.425276,0.386249,14134,1002,21457,38,39,2.094624,2.470919,0.560782,0.453907
paper-130378-topk-1-depth-0,1,0,1,1,1.000000,0.997307,0.002693,,,,1,1,0,1.000000,0.000000,0,1,1,1,1,0.000000,0.000000,1.000000,1.000000
paper-130378-topk-1-depth-1,1,1,1,1,1.000000,0.997307,0.002693,,,,29,20,9,1.450000,0.042553,2,27,18,2,2,0.216397,0.468996,0.965517,0.900000
paper-130378-topk-1-depth-2,1,2,1,1,1.000000,0.997307,0.002693,,,,22281,26303,-4022,0.847090,0.617687,18551,3730,7752,36,36,2.015764,2.280146,0.607648,0.520017
paper-130378-topk-3-depth-0,3,0,3,3,1.000000,0.984172,0.015828,0.000000,0.181818,-0.181818,3,3,0,1.000000,0.200000,1,2,2,1,1,0.000000,0.000000,1.000000,1.000000
paper-130378-topk-3-depth-1,3,1,3,3,1.000000,0.984172,0.015828,0.000000,0.181818,-0.181818,130,120,10,1.083333,0.644737,98,32,22,4,3,0.447812,0.279963,0.930769,0.958333
paper-130378-topk-3-depth-2,3,2,3,3,1.000000,0.984172,0.015828,0.000000,0.181818,-0.181818,27311,28273,-962,0.965975,0.798078,24671,2640,3602,36,36,2.237133,2.278083,0.541247,0.523149
paper-130378-topk-5-depth-0,5,0,5,5,1.000000,0.980441,0.019559,0.000000,0.054545,-0.054545,5,5,0,1.000000,0.000000,0,5,5,3,1,1.370951,0.000000,0.600000,1.000000
paper-130378-topk-5-depth-1,5,1,5,5,1.000000,0.980441,0.019559,0.000000,0.054545,-0.054545,107,185,-78,0.578378,0.010381,3,104,182,6,4,1.605516,0.413976,0.607477,0.935135
paper-130378-topk-5-depth-2,5,2,5,5,1.000000,0.980441,0.019559,0.000000,0.054545,-0.054545,27910,30947,-3037,0.901864,0.675215,23723,4187,7224,38,37,2.334906,2.246975,0.505840,0.533719
paper-130378-topk-10-depth-0,10,0,10,10,1.000000,0.976542,0.023458,0.000000,0.024615,-0.024615,10,10,0,1.000000,0.052632,1,9,9,4,1,1.356780,0.000000,0.700000,1.000000
paper-130378-topk-10-depth-1,10,1,10,10,1.000000,0.976542,0.023458,0.000000,0.024615,-0.024615,198,312,-114,0.634615,0.080508,38,160,274,7,5,1.293998,0.439063,0.717172,0.935897
paper-130378-topk-10-depth-2,10,2,10,10,1.000000,0.976542,0.023458,0.000000,0.024615,-0.024615,33709,36779,-3070,0.916528,0.776501,30810,2899,5969,38,39,2.294833,2.321146,0.524281,0.508470
paper-92462-topk-1-depth-0,1,0,1,1,1.000000,0.999902,0.000098,,,,1,1,0,1.000000,0.000000,0,1,1,1,1,0.000000,0.000000,1.000000,1.000000
paper-92462-topk-1-depth-1,1,1,1,1,1.000000,0.999902,0.000098,,,,9,14,-5,0.642857,0.000000,0,9,14,4,3,1.752715,1.287054,0.444444,0.642857
paper-92462-topk-1-depth-2,1,2,1,1,1.000000,0.999902,0.000098,,,,377,341,36,1.105572,0.014124,10,367,331,20,13,2.596567,2.568046,0.445623,0.398827
paper-92462-topk-3-depth-0,3,0,3,3,1.000000,0.964200,0.035800,0.000000,0.000000,0.000000,3,3,0,1.000000,0.000000,0,3,3,2,2,0.918296,0.918296,0.666667,0.666667
paper-92462-topk-3-depth-1,3,1,3,3,1.000000,0.964200,0.035800,0.000000,0.000000,0.000000,29,25,4,1.160000,0.000000,0,29,25,4,4,1.436626,1.354186,0.551724,0.680000
paper-92462-topk-3-depth-2,3,2,3,3,1.000000,0.964200,0.035800,0.000000,0.000000,0.000000,757,622,135,1.217042,0.002180,3,754,619,12,26,1.747710,2.674991,0.638045,0.463023
paper-92462-topk-5-depth-0,5,0,5,5,1.000000,0.956043,0.043957,0.000000,0.009091,-0.009091,5,5,0,1.000000,0.000000,0,5,5,3,2,1.370951,0.721928,0.600000,0.800000
paper-92462-topk-5-depth-1,5,1,5,5,1.000000,0.956043,0.043957,0.000000,0.009091,-0.009091,43,37,6,1.162162,0.000000,0,43,37,7,6,2.125741,1.708056,0.465116,0.621622
paper-92462-topk-5-depth-2,5,2,5,5,1.000000,0.956043,0.043957,0.000000,0.009091,-0.009091,4180,1710,2470,2.444444,0.010638,62,4118,1648,30,33,2.943118,3.243740,0.430622,0.298246
paper-92462-topk-10-depth-0,10,0,10,10,1.000000,0.948827,0.051173,0.000000,0.002020,-0.002020,10,10,0,1.000000,0.111111,2,8,8,5,4,2.246439,1.356780,0.300000,0.700000
paper-92462-topk-10-depth-1,10,1,10,10,1.000000,0.948827,0.051173,0.000000,0.002020,-0.002020,76,136,-60,0.558824,0.115789,22,54,114,12,12,2.749792,2.188027,0.302632,0.492647
paper-92462-topk-10-depth-2,10,2,10,10,1.000000,0.948827,0.051173,0.000000,0.002020,-0.002020,4949,6230,-1281,0.794382,0.605256,4215,734,2015,33,36,3.083941,3.322303,0.363710,0.295506
paper-15620-topk-1-depth-0,1,0,1,1,1.000000,0.931864,0.068136,,,,1,1,0,1.000000,0.000000,0,1,1,1,1,0.000000,0.000000,1.000000,1.000000
paper-15620-topk-1-depth-1,1,1,1,1,1.000000,0.931864,0.068136,,,,47,29,18,1.620690,0.000000,0,47,29,5,5,1.750582,1.646765,0.574468,0.448276
paper-15620-topk-1-depth-2,1,2,1,1,1.000000,0.931864,0.068136,,,,579,20795,-20216,0.027843,0.002251,48,531,20747,20,37,2.479994,2.541369,0.411054,0.359846
paper-15620-topk-3-depth-0,3,0,3,3,1.000000,0.942140,0.057860,0.000000,0.000000,0.000000,3,3,0,1.000000,0.000000,0,3,3,2,3,0.918296,1.584963,0.666667,0.333333
paper-15620-topk-3-depth-1,3,1,3,3,1.000000,0.942140,0.057860,0.000000,0.000000,0.000000,31,87,-56,0.356322,0.026087,3,28,84,5,11,1.501953,2.714566,0.516129,0.333333
paper-15620-topk-3-depth-2,3,2,3,3,1.000000,0.942140,0.057860,0.000000,0.000000,0.000000,1551,21931,-20380,0.070722,0.033857,769,782,21162,30,38,3.076152,2.728417,0.408124,0.341480
paper-15620-topk-5-depth-0,5,0,5,5,1.000000,0.951365,0.048635,0.000000,0.009524,-0.009524,5,5,0,1.000000,0.250000,2,3,3,2,3,0.970951,1.370951,0.600000,0.600000
paper-15620-topk-5-depth-1,5,1,5,5,1.000000,0.951365,0.048635,0.000000,0.009524,-0.009524,54,112,-58,0.482143,0.238806,32,22,80,6,11,1.839708,2.549251,0.462963,0.330357
paper-15620-topk-5-depth-2,5,2,5,5,1.000000,0.951365,0.048635,0.000000,0.009524,-0.009524,15108,22237,-7129,0.679408,0.626383,14383,725,7854,39,38,2.729982,2.732639,0.336312,0.339704
paper-15620-topk-10-depth-0,10,0,10,10,1.000000,0.938803,0.061197,0.000000,0.013577,-0.013577,10,10,0,1.000000,0.176471,3,7,7,7,5,2.646439,1.960964,0.300000,0.500000
paper-15620-topk-10-depth-1,10,1,10,10,1.000000,0.938803,0.061197,0.000000,0.013577,-0.013577,74,172,-98,0.430233,0.242424,48,26,124,9,13,2.346650,2.520876,0.364865,0.343023
paper-15620-topk-10-depth-2,10,2,10,10,1.000000,0.938803,0.061197,0.000000,0.013577,-0.013577,15285,23556,-8271,0.648879,0.635755,15096,189,8460,39,39,2.741548,2.797153,0.338306,0.329725
paper-71369-topk-1-depth-0,1,0,1,1,1.000000,0.998741,0.001259,,,,1,1,0,1.000000,0.000000,0,1,1,1,1,0.000000,0.000000,1.000000,1.000000
paper-71369-topk-1-depth-1,1,1,1,1,1.000000,0.998741,0.001259,,,,26,38,-12,0.684211,0.000000,0,26,38,3,5,1.104791,0.814638,0.653846,0.868421
paper-71369-topk-1-depth-2,1,2,1,1,1.000000,0.998741,0.001259,,,,700,5567,-4867,0.125741,0.002560,16,684,5551,15,28,1.492199,1.446123,0.688571,0.735046
paper-71369-topk-3-depth-0,3,0,3,3,1.000000,0.979066,0.020934,0.000000,0.000000,0.000000,3,3,0,1.000000,0.000000,0,3,3,3,3,1.584963,1.584963,0.333333,0.333333
paper-71369-topk-3-depth-1,3,1,3,3,1.000000,0.979066,0.020934,0.000000,0.000000,0.000000,12,68,-56,0.176471,0.000000,0,12,68,5,7,1.896241,1.564318,0.500000,0.617647
paper-71369-topk-3-depth-2,3,2,3,3,1.000000,0.979066,0.020934,0.000000,0.000000,0.000000,199,6284,-6085,0.031668,0.000154,1,198,6283,18,33,1.860029,1.773630,0.723618,0.671069
paper-71369-topk-5-depth-0,5,0,5,5,1.000000,0.973803,0.026197,0.000000,0.000000,0.000000,5,5,0,1.000000,0.111111,1,4,4,5,4,2.321928,1.921928,0.200000,0.400000
paper-71369-topk-5-depth-1,5,1,5,5,1.000000,0.973803,0.026197,0.000000,0.000000,0.000000,33,72,-39,0.458333,0.019417,2,31,70,9,9,2.498094,1.748730,0.333333,0.597222
paper-71369-topk-5-depth-2,5,2,5,5,1.000000,0.973803,0.026197,0.000000,0.000000,0.000000,405,6328,-5923,0.064001,0.004625,31,374,6297,21,34,2.685982,1.803960,0.437037,0.667668
paper-71369-topk-10-depth-0,10,0,10,10,1.000000,0.970479,0.029521,0.000000,0.000585,-0.000585,10,10,0,1.000000,0.052632,1,9,9,8,6,2.921928,2.160964,0.200000,0.500000
paper-71369-topk-10-depth-1,10,1,10,10,1.000000,0.970479,0.029521,0.000000,0.000585,-0.000585,89,147,-58,0.605442,0.008547,2,87,145,14,14,2.877798,1.934947,0.314607,0.591837
paper-71369-topk-10-depth-2,10,2,10,10,1.000000,0.970479,0.029521,0.000000,0.000585,-0.000585,1756,32213,-30457,0.054512,0.010802,363,1393,31850,31,39,3.310159,2.358957,0.228360,0.509453
paper-12327-topk-1-depth-0,1,0,1,1,1.000000,0.964405,0.035595,,,,1,1,0,1.000000,0.000000,0,1,1,1,1,0.000000,0.000000,1.000000,1.000000
paper-12327-topk-1-depth-1,1,1,1,1,1.000000,0.964405,0.035595,,,,6,23,-17,0.260870,0.000000,0,6,23,3,4,1.459148,0.927448,0.500000,0.826087
paper-12327-topk-1-depth-2,1,2,1,1,1.000000,0.964405,0.035595,,,,126,16349,-16223,0.007707,0.000000,0,126,16349,13,36,1.875660,2.572427,0.603175,0.317940
paper-12327-topk-3-depth-0,3,0,3,3,1.000000,0.975165,0.024835,0.000000,0.000000,0.000000,3,3,0,1.000000,0.500000,2,1,1,1,2,0.000000,0.918296,1.000000,0.666667
paper-12327-topk-3-depth-1,3,1,3,3,1.000000,0.975165,0.024835,0.000000,0.000000,0.000000,15,36,-21,0.416667,0.342105,13,2,23,3,7,1.103307,1.894094,0.733333,0.527778
paper-12327-topk-3-depth-2,3,2,3,3,1.000000,0.975165,0.024835,0.000000,0.000000,0.000000,230,16574,-16344,0.013877,0.013694,227,3,16347,21,37,2.332492,2.644343,0.604348,0.313624
paper-12327-topk-5-depth-0,5,0,5,5,1.000000,0.969091,0.030909,0.000000,0.000000,0.000000,5,5,0,1.000000,0.250000,2,3,3,3,3,1.370951,1.521928,0.600000,0.400000
paper-12327-topk-5-depth-1,5,1,5,5,1.000000,0.969091,0.030909,0.000000,0.000000,0.000000,35,43,-8,0.813953,0.591837,29,6,14,8,8,2.129989,2.212013,0.542857,0.488372
paper-12327-topk-5-depth-2,5,2,5,5,1.000000,0.969091,0.030909,0.000000,0.000000,0.000000,16491,17206,-715,0.958445,0.956625,16475,16,731,36,37,2.619411,2.632293,0.315263,0.322852
paper-12327-topk-10-depth-0,10,0,10,10,1.000000,0.963771,0.036229,0.000000,0.000635,-0.000635,10,10,0,1.000000,0.052632,1,9,9,4,4,1.721928,1.721928,0.400000,0.400000
paper-12327-topk-10-depth-1,10,1,10,10,1.000000,0.963771,0.036229,0.000000,0.000635,-0.000635,46,66,-20,0.696970,0.087379,9,37,57,8,11,2.428554,2.357362,0.347826,0.515152
paper-12327-topk-10-depth-2,10,2,10,10,1.000000,0.963771,0.036229,0.000000,0.000635,-0.000635,4231,17706,-13475,0.238959,0.079311,1612,2619,16094,31,37,2.736782,2.631283,0.475301,0.314809
paper-155956-topk-1-depth-0,1,0,1,1,1.000000,0.998960,0.001040,,,,1,1,0,1.000000,0.000000,0,1,1,1,1,0.000000,0.000000,1.000000,1.000000
paper-155956-topk-1-depth-1,1,1,1,1,1.000000,0.998960,0.001040,,,,5,3,2,1.666667,0.000000,0,5,3,1,1,0.000000,0.000000,1.000000,1.000000
paper-155956-topk-1-depth-2,1,2,1,1,1.000000,0.998960,0.001040,,,,46,27,19,1.703704,0.000000,0,46,27,6,6,1.364034,1.650682,0.739130,0.666667
paper-155956-topk-3-depth-0,3,0,3,3,1.000000,0.980346,0.019654,0.000000,0.000000,0.000000,3,3,0,1.000000,0.000000,0,3,3,2,2,0.918296,0.918296,0.666667,0.666667
paper-155956-topk-3-depth-1,3,1,3,3,1.000000,0.980346,0.019654,0.000000,0.000000,0.000000,22,9,13,2.444444,0.000000,0,22,9,4,2,1.331580,0.918296,0.636364,0.666667
paper-155956-topk-3-depth-2,3,2,3,3,1.000000,0.980346,0.019654,0.000000,0.000000,0.000000,153,50,103,3.060000,0.000000,0,153,50,15,8,2.169837,1.964964,0.627451,0.620000
paper-155956-topk-5-depth-0,5,0,5,5,1.000000,0.975634,0.024366,0.000000,0.000000,0.000000,5,5,0,1.000000,0.111111,1,4,4,2,2,0.721928,0.721928,0.800000,0.800000
paper-155956-topk-5-depth-1,5,1,5,5,1.000000,0.975634,0.024366,0.000000,0.000000,0.000000,28,19,9,1.473684,0.119048,5,23,14,5,3,1.370912,0.913283,0.678571,0.789474
paper-155956-topk-5-depth-2,5,2,5,5,1.000000,0.975634,0.024366,0.000000,0.000000,0.000000,179,122,57,1.467213,0.199203,50,129,72,15,13,2.041485,2.034686,0.653631,0.663934
paper-155956-topk-10-depth-0,10,0,10,10,1.000000,0.971387,0.028613,0.000000,0.000000,0.000000,10,10,0,1.000000,0.111111,2,8,8,6,4,2.321928,1.356780,0.400000,0.700000
paper-155956-topk-10-depth-1,10,1,10,10,1.000000,0.971387,0.028613,0.000000,0.000000,0.000000,89,58,31,1.534483,0.065217,9,80,49,16,8,3.139054,2.083682,0.280899,0.500000
paper-155956-topk-10-depth-2,10,2,10,10,1.000000,0.971387,0.028613,0.000000,0.000000,0.000000,7365,1834,5531,4.015812,0.022111,199,7166,1635,33,33,2.006798,2.743734,0.652817,0.443293
paper-96061-topk-1-depth-0,1,0,1,1,1.000000,0.998102,0.001898,,,,1,1,0,1.000000,0.000000,0,1,1,1,1,0.000000,0.000000,1.000000,1.000000
paper-96061-topk-1-depth-1,1,1,1,1,1.000000,0.998102,0.001898,,,,5,9,-4,0.555556,0.076923,1,4,8,2,5,0.721928,2.197160,0.800000,0.333333
paper-96061-topk-1-depth-2,1,2,1,1,1.000000,0.998102,0.001898,,,,1487,2232,-745,0.666219,0.518579,1270,217,962,23,27,1.977597,2.248622,0.505044,0.469534
paper-96061-topk-3-depth-0,3,0,3,3,1.000000,0.983122,0.016878,0.000000,0.024691,-0.024691,3,3,0,1.000000,0.200000,1,2,2,1,2,0.000000,0.918296,1.000000,0.666667
paper-96061-topk-3-depth-1,3,1,3,3,1.000000,0.983122,0.016878,0.000000,0.024691,-0.024691,129,45,84,2.866667,0.167785,25,104,20,11,7,2.077750,2.208971,0.410853,0.400000
paper-96061-topk-3-depth-2,3,2,3,3,1.000000,0.983122,0.016878,0.000000,0.024691,-0.024691,16983,15687,1296,1.082616,0.911868,15582,1401,105,38,37,2.721170,2.657302,0.336631,0.347421
paper-96061-topk-5-depth-0,5,0,5,5,1.000000,0.979631,0.020369,0.000000,0.050311,-0.050311,5,5,0,1.000000,0.111111,1,4,4,3,2,1.370951,0.721928,0.600000,0.800000
paper-96061-topk-5-depth-1,5,1,5,5,1.000000,0.979631,0.020369,0.000000,0.050311,-0.050311,137,69,68,1.985507,0.170455,30,107,39,12,9,2.139365,2.262762,0.401460,0.362319
paper-96061-topk-5-depth-2,5,2,5,5,1.000000,0.979631,0.020369,0.000000,0.050311,-0.050311,20307,16373,3934,1.240274,0.754185,15770,4537,603,38,37,2.634887,2.651718,0.380263,0.357784
paper-96061-topk-10-depth-0,10,0,10,10,1.000000,0.976317,0.023683,0.000000,0.035199,-0.035199,10,10,0,1.000000,0.111111,2,8,8,3,3,0.921928,0.921928,0.800000,0.800000
paper-96061-topk-10-depth-1,10,1,10,10,1.000000,0.976317,0.023683,0.000000,0.035199,-0.035199,193,172,21,1.122093,0.130031,42,151,130,14,13,2.359649,2.167884,0.357513,0.447674
paper-96061-topk-10-depth-2,10,2,10,10,1.000000,0.976317,0.023683,0.000000,0.035199,-0.035199,38169,32055,6114,1.190735,0.675671,28316,9853,3739,39,39,2.635325,2.523951,0.395819,0.477523
paper-84534-topk-1-depth-0,1,0,1,1,1.000000,0.962644,0.037356,,,,1,1,0,1.000000,0.000000,0,1,1,1,1,0.000000,0.000000,1.000000,1.000000
paper-84534-topk-1-depth-1,1,1,1,1,1.000000,0.962644,0.037356,,,,37,63,-26,0.587302,0.020408,2,35,61,2,3,0.303375,0.744865,0.945946,0.825397
paper-84534-topk-1-depth-2,1,2,1,1,1.000000,0.962644,0.037356,,,,9910,19989,-10079,0.495773,0.186610,4702,5208,15287,32,37,1.302589,2.378156,0.790616,0.458552
paper-84534-topk-3-depth-0,3,0,3,3,1.000000,0.977594,0.022406,0.000000,0.032599,-0.032599,3,3,0,1.000000,0.000000,0,3,3,3,1,1.584963,0.000000,0.333333,1.000000
paper-84534-topk-3-depth-1,3,1,3,3,1.000000,0.977594,0.022406,0.000000,0.032599,-0.032599,59,161,-102,0.366460,0.078431,16,43,145,4,6,1.357382,0.597337,0.593220,0.900621
paper-84534-topk-3-depth-2,3,2,3,3,1.000000,0.977594,0.022406,0.000000,0.032599,-0.032599,13077,26904,-13827,0.486062,0.350299,10372,2705,16532,35,37,1.998644,2.210254,0.612143,0.541629
paper-84534-topk-5-depth-0,5,0,5,5,1.000000,0.972826,0.027174,0.000000,0.046581,-0.046581,5,5,0,1.000000,0.111111,1,4,4,4,2,1.921928,0.721928,0.400000,0.800000
paper-84534-topk-5-depth-1,5,1,5,5,1.000000,0.972826,0.027174,0.000000,0.046581,-0.046581,68,205,-137,0.331707,0.156780,37,31,168,6,6,1.652225,0.678351,0.573529,0.887805
paper-84534-topk-5-depth-2,5,2,5,5,1.000000,0.972826,0.027174,0.000000,0.046581,-0.046581,13217,30330,-17113,0.435773,0.328990,10780,2437,19550,35,37,2.007932,2.220055,0.611485,0.549060
paper-84534-topk-10-depth-0,10,0,10,10,1.000000,0.966152,0.033848,0.000000,0.015151,-0.015151,10,10,0,1.000000,0.111111,2,8,8,6,2,2.370951,0.468996,0.300000,0.900000
paper-84534-topk-10-depth-1,10,1,10,10,1.000000,0.966152,0.033848,0.000000,0.015151,-0.015151,117,254,-137,0.460630,0.138037,45,72,209,9,7,2.040333,0.873662,0.452991,0.858268
paper-84534-topk-10-depth-2,10,2,10,10,1.000000,0.966152,0.033848,0.000000,0.015151,-0.015151,28890,34252,-5362,0.843454,0.549763,22399,6491,11853,38,37,2.352166,2.260481,0.475216,0.538538
paper-146375-topk-1-depth-0,1,0,1,1,1.000000,0.999787,0.000213,,,,1,1,0,1.000000,0.000000,0,1,1,1,1,0.000000,0.000000,1.000000,1.000000
paper-146375-topk-1-depth-1,1,1,1,1,1.000000,0.999787,0.000213,,,,6,25,-19,0.240000,0.068966,2,4,23,4,4,1.792481,1.261119,0.500000,0.720000
paper-146375-topk-1-depth-2,1,2,1,1,1.000000,0.999787,0.000213,,,,14501,19145,-4644,0.757430,0.755963,14485,16,4660,36,36,2.589374,2.490938,0.348735,0.416558
paper-146375-topk-3-depth-0,3,0,3,3,1.000000,0.979554,0.020446,0.000000,0.051852,-0.051852,3,3,0,1.000000,0.000000,0,3,3,2,2,0.918296,0.918296,0.666667,0.666667
paper-146375-topk-3-depth-1,3,1,3,3,1.000000,0.979554,0.020446,0.000000,0.051852,-0.051852,29,51,-22,0.568627,0.000000,0,29,51,8,7,2.112821,1.956138,0.551724,0.431373
paper-146375-topk-3-depth-2,3,2,3,3,1.000000,0.979554,0.020446,0.000000,0.051852,-0.051852,19217,20066,-849,0.957690,0.270185,8356,10861,11710,36,36,2.033490,2.523916,0.599573,0.407555
paper-146375-topk-5-depth-0,5,0,5,5,1.000000,0.974992,0.025008,0.000000,0.015556,-0.015556,5,5,0,1.000000,0.000000,0,5,5,4,2,1.921928,0.721928,0.400000,0.800000
paper-146375-topk-5-depth-1,5,1,5,5,1.000000,0.974992,0.025008,0.000000,0.015556,-0.015556,92,59,33,1.559322,0.013423,2,90,57,11,7,2.669388,1.952655,0.304348,0.440678
paper-146375-topk-5-depth-2,5,2,5,5,1.000000,0.974992,0.025008,0.000000,0.015556,-0.015556,25042,20640,4402,1.213275,0.312550,10878,14164,9762,38,37,2.474658,2.546302,0.475042,0.401938
paper-146375-topk-10-depth-0,10,0,10,10,1.000000,0.970673,0.029327,0.000000,0.009578,-0.009578,10,10,0,1.000000,0.000000,0,10,10,4,5,1.570951,1.770951,0.600000,0.600000
paper-146375-topk-10-depth-1,10,1,10,10,1.000000,0.970673,0.029327,0.000000,0.009578,-0.009578,191,148,43,1.290541,0.024169,8,183,140,12,9,2.395736,1.570547,0.424084,0.689189
paper-146375-topk-10-depth-2,10,2,10,10,1.000000,0.970673,0.029327,0.000000,0.009578,-0.009578,36672,32971,3701,1.112250,0.723367,29232,7440,3739,39,37,2.592566,2.389456,0.419339,0.487519
paper-55780-topk-1-depth-0,1,0,1,1,1.000000,0.999682,0.000318,,,,1,1,0,1.000000,0.000000,0,1,1,1,1,0.000000,0.000000,1.000000,1.000000
paper-55780-topk-1-depth-1,1,1,1,1,1.000000,0.999682,0.000318,,,,41,22,19,1.863636,0.000000,0,41,22,2,3,0.377646,0.530406,0.926829,0.909091
paper-55780-topk-1-depth-2,1,2,1,1,1.000000,0.999682,0.000318,,,,15871,15382,489,1.031790,0.190182,4994,10877,10388,35,36,2.019026,2.442741,0.614769,0.434729
paper-55780-topk-3-depth-0,3,0,3,3,1.000000,0.978105,0.021895,0.000000,0.014184,-0.014184,3,3,0,1.000000,0.000000,0,3,3,1,1,0.000000,0.000000,1.000000,1.000000
paper-55780-topk-3-depth-1,3,1,3,3,1.000000,0.978105,0.021895,0.000000,0.014184,-0.014184,64,70,-6,0.914286,0.038760,5,59,65,3,4,0.471393,0.401711,0.921875,0.942857
paper-55780-topk-3-depth-2,3,2,3,3,1.000000,0.978105,0.021895,0.000000,0.014184,-0.014184,20921,31649,-10728,0.661032,0.510242,17761,3160,13888,35,37,1.943806,2.273580,0.645954,0.537647
paper-55780-topk-5-depth-0,5,0,5,5,1.000000,0.973061,0.026939,0.000000,0.014604,-0.014604,5,5,0,1.000000,0.000000,0,5,5,2,1,0.721928,0.000000,0.800000,1.000000
paper-55780-topk-5-depth-1,5,1,5,5,1.000000,0.973061,0.026939,0.000000,0.014604,-0.014604,105,87,18,1.206897,0.049180,9,96,78,6,7,0.954584,0.909311,0.819048,0.862069
paper-55780-topk-5-depth-2,5,2,5,5,1.000000,0.973061,0.026939,0.000000,0.014604,-0.014604,28577,34544,-5967,0.827264,0.628971,24372,4205,10172,36,38,2.119226,2.399915,0.582531,0.508308
paper-55780-topk-10-depth-0,10,0,10,10,1.000000,0.968535,0.031465,0.000000,0.012872,-0.012872,10,10,0,1.000000,0.052632,1,9,9,3,2,1.570951,0.881291,0.400000,0.700000
paper-55780-topk-10-depth-1,10,1,10,10,1.000000,0.968535,0.031465,0.000000,0.012872,-0.012872,142,157,-15,0.904459,0.087273,24,118,133,6,9,1.596692,1.375572,0.605634,0.745223
paper-55780-topk-10-depth-2,10,2,10,10,1.000000,0.968535,0.031465,0.000000,0.012872,-0.012872,34670,38002,-3332,0.912320,0.798812,32272,2398,5730,36,38,2.340424,2.474414,0.509172,0.473344
paper-126514-topk-1-depth-0,1,0,1,1,1.000000,0.973223,0.026777,,,,1,1,0,1.000000,0.000000,0,1,1,1,1,0.000000,0.000000,1.000000,1.000000
paper-126514-topk-1-depth-1,1,1,1,1,1.000000,0.973223,0.026777,,,,2,7,-5,0.285714,0.000000,0,2,7,1,3,0.000000,1.148835,1.000000,0.714286
paper-126514-topk-1-depth-2,1,2,1,1,1.000000,0.973223,0.026777,,,,3,1100,-1097,0.002727,0.000000,0,3,1100,2,25,0.918296,2.340338,0.666667,0.483636
paper-126514-topk-3-depth-0,3,0,3,3,1.000000,0.971644,0.028356,0.000000,0.022222,-0.022222,3,3,0,1.000000,0.200000,1,2,2,2,2,0.918296,0.918296,0.666667,0.666667
paper-126514-topk-3-depth-1,3,1,3,3,1.000000,0.971644,0.028356,0.000000,0.022222,-0.022222,15,24,-9,0.625000,0.258065,8,7,16,3,3,0.905587,1.043436,0.800000,0.708333
paper-126514-topk-3-depth-2,3,2,3,3,1.000000,0.971644,0.028356,0.000000,0.022222,-0.022222,14341,1408,12933,10.185369,0.082926,1206,13135,202,38,26,2.584102,2.298082,0.367896,0.490767
paper-126514-topk-5-depth-0,5,0,5,5,1.000000,0.971154,0.028846,0.000000,0.019167,-0.019167,5,5,0,1.000000,0.111111,1,4,4,2,3,0.970951,1.370951,0.600000,0.600000
paper-126514-topk-5-depth-1,5,1,5,5,1.000000,0.971154,0.028846,0.000000,0.019167,-0.019167,56,42,14,1.333333,0.195122,16,40,26,6,7,1.217950,1.887179,0.750000,0.595238
paper-126514-topk-5-depth-2,5,2,5,5,1.000000,0.971154,0.028846,0.000000,0.019167,-0.019167,18459,2361,16098,7.818297,0.084997,1631,16828,730,38,30,2.476287,2.578149,0.442819,0.452774
paper-126514-topk-10-depth-0,10,0,10,10,1.000000,0.970298,0.029702,0.000000,0.017249,-0.017249,10,10,0,1.000000,0.250000,4,6,6,3,4,1.360964,1.570951,0.500000,0.600000
paper-126514-topk-10-depth-1,10,1,10,10,1.000000,0.970298,0.029702,0.000000,0.017249,-0.017249,194,102,92,1.901961,0.248945,59,135,43,14,13,1.622362,2.284675,0.592784,0.549020
paper-126514-topk-10-depth-2,10,2,10,10,1.000000,0.970298,0.029702,0.000000,0.017249,-0.017249,27164,29414,-2250,0.923506,0.664548,22588,4576,6826,38,39,2.358212,2.475152,0.511265,0.467702
paper-47630-topk-1-depth-0,1,0,1,1,1.000000,0.997534,0.002466,,,,1,1,0,1.000000,1.000000,1,0,0,1,1,0.000000,0.000000,1.000000,1.000000
paper-47630-topk-1-depth-1,1,1,1,1,1.000000,0.997534,0.002466,,,,8,8,0,1.000000,1.000000,8,0,0,1,1,0.000000,0.000000,1.000000,1.000000
paper-47630-topk-1-depth-2,1,2,1,1,1.000000,0.997534,0.002466,,,,17233,17233,0,1.000000,1.000000,17233,0,0,34,34,1.801858,1.801858,0.665583,0.665583
paper-47630-topk-3-depth-0,3,0,3,3,1.000000,0.969873,0.030127,0.000000,0.000000,0.000000,3,3,0,1.000000,0.000000,0,3,3,3,2,1.584963,0.918296,0.333333,0.666667
paper-47630-topk-3-depth-1,3,1,3,3,1.000000,0.969873,0.030127,0.000000,0.000000,0.000000,24,20,4,1.200000,0.000000,0,24,20,6,2,1.778369,0.468996,0.625000,0.900000
paper-47630-topk-3-depth-2,3,2,3,3,1.000000,0.969873,0.030127,0.000000,0.000000,0.000000,5322,17290,-11968,0.307808,0.053387,1146,4176,16144,33,34,2.042412,1.800375,0.580797,0.666223
paper-47630-topk-5-depth-0,5,0,5,5,1.000000,0.964098,0.035902,0.000000,0.000000,0.000000,5,5,0,1.000000,0.000000,0,5,5,3,3,1.521928,1.521928,0.400000,0.400000
paper-47630-topk-5-depth-1,5,1,5,5,1.000000,0.964098,0.035902,0.000000,0.000000,0.000000,31,42,-11,0.738095,0.013889,1,30,41,6,5,2.007156,1.501335,0.483871,0.452381
paper-47630-topk-5-depth-2,5,2,5,5,1.000000,0.964098,0.035902,0.000000,0.000000,0.000000,5341,24838,-19497,0.215033,0.163057,4231,1110,20607,33,36,2.060051,2.261125,0.578731,0.491988
paper-47630-topk-10-depth-0,10,0,10,10,1.000000,0.959478,0.040522,0.000000,0.002222,-0.002222,10,10,0,1.000000,0.000000,0,10,10,6,6,2.321928,2.321928,0.400000,0.400000
paper-47630-topk-10-depth-1,10,1,10,10,1.000000,0.959478,0.040522,0.000000,0.002222,-0.002222,53,80,-27,0.662500,0.023077,3,50,77,10,10,2.575702,2.402122,0.396226,0.375000
paper-47630-topk-10-depth-2,10,2,10,10,1.000000,0.959478,0.040522,0.000000,0.002222,-0.002222,21753,28639,-6886,0.759559,0.555453,17995,3758,10644,37,39,2.495561,2.393392,0.403898,0.462865
paper-143452-topk-1-depth-0,1,0,1,1,1.000000,0.997831,0.002169,,,,1,1,0,1.000000,0.000000,0,1,1,1,1,0.000000,0.000000,1.000000,1.000000
paper-143452-topk-1-depth-1,1,1,1,1,1.000000,0.997831,0.002169,,,,4,42,-38,0.095238,0.000000,0,4,42,2,3,0.811278,0.323814,0.750000,0.952381
paper-143452-topk-1-depth-2,1,2,1,1,1.000000,0.997831,0.002169,,,,6,24221,-24215,0.000248,0.000000,0,6,24221,3,37,1.251629,2.111217,0.666667,0.596755
paper-143452-topk-3-depth-0,3,0,3,3,1.000000,0.987612,0.012388,0.000000,0.005420,-0.005420,3,3,0,1.000000,0.000000,0,3,3,3,3,1.584963,1.584963,0.333333,0.333333
paper-143452-topk-3-depth-1,3,1,3,3,1.000000,0.987612,0.012388,0.000000,0.005420,-0.005420,14,127,-113,0.110236,0.000000,0,14,127,5,8,2.074165,1.647881,0.428571,0.551181
paper-143452-topk-3-depth-2,3,2,3,3,1.000000,0.987612,0.012388,0.000000,0.005420,-0.005420,801,28842,-28041,0.027772,0.011534,338,463,28504,24,38,2.470298,2.258765,0.438202,0.543374
paper-143452-topk-5-depth-0,5,0,5,5,1.000000,0.984495,0.015505,0.000000,0.001626,-0.001626,5,5,0,1.000000,0.000000,0,5,5,5,4,2.321928,1.921928,0.200000,0.400000
paper-143452-topk-5-depth-1,5,1,5,5,1.000000,0.984495,0.015505,0.000000,0.001626,-0.001626,130,191,-61,0.680628,0.012618,4,126,187,12,10,2.015372,1.991358,0.623077,0.450262
paper-143452-topk-5-depth-2,5,2,5,5,1.000000,0.984495,0.015505,0.000000,0.001626,-0.001626,20279,32875,-12596,0.616852,0.481934,17286,2993,15589,37,38,2.445806,2.359875,0.435081,0.497490
paper-143452-topk-10-depth-0,10,0,10,10,1.000000,0.981104,0.018896,0.000000,0.001058,-0.001058,10,10,0,1.000000,0.111111,2,8,8,9,8,3.121928,2.846439,0.200000,0.300000
paper-143452-topk-10-depth-1,10,1,10,10,1.000000,0.981104,0.018896,0.000000,0.001058,-0.001058,181,345,-164,0.524638,0.286064,117,64,228,15,14,2.515684,2.615058,0.508287,0.286957
paper-143452-topk-10-depth-2,10,2,10,10,1.000000,0.981104,0.018896,0.000000,0.001058,-0.001058,21028,37138,-16110,0.566213,0.522391,19959,1069,17179,38,38,2.526344,2.498872,0.421628,0.453821
paper-167945-topk-1-depth-0,1,0,1,1,1.000000,0.999848,0.000152,,,,1,1,0,1.000000,0.000000,0,1,1,1,1,0.000000,0.000000,1.000000,1.000000
paper-167945-topk-1-depth-1,1,1,1,1,1.000000,0.999848,0.000152,,,,26,21,5,1.238095,0.021739,1,25,20,3,3,1.198184,0.722858,0.692308,0.857143
paper-167945-topk-1-depth-2,1,2,1,1,1.000000,0.999848,0.000152,,,,2856,13991,-11135,0.204131,0.073673,1156,1700,12835,29,34,2.281361,1.916208,0.513305,0.619684
paper-167945-topk-3-depth-0,3,0,3,3,1.000000,0.980743,0.019257,0.000000,0.000000,0.000000,3,3,0,1.000000,0.000000,0,3,3,2,2,0.918296,0.918296,0.666667,0.666667
paper-167945-topk-3-depth-1,3,1,3,3,1.000000,0.980743,0.019257,0.000000,0.000000,0.000000,67,46,21,1.456522,0.018018,2,65,44,3,8,1.174030,1.837231,0.641791,0.652174
paper-167945-topk-3-depth-2,3,2,3,3,1.000000,0.980743,0.019257,0.000000,0.000000,0.000000,15940,14541,1399,1.096211,0.728928,12851,3089,1690,36,35,1.972028,1.992742,0.598494,0.612681
paper-167945-topk-5-depth-0,5,0,5,5,1.000000,0.976119,0.023881,0.000000,0.004286,-0.004286,5,5,0,1.000000,0.000000,0,5,5,3,2,1.521928,0.721928,0.400000,0.800000
paper-167945-topk-5-depth-1,5,1,5,5,1.000000,0.976119,0.023881,0.000000,0.004286,-0.004286,122,121,1,1.008264,0.012500,3,119,118,7,15,1.819553,2.054003,0.459016,0.661157
paper-167945-topk-5-depth-2,5,2,5,5,1.000000,0.976119,0.023881,0.000000,0.004286,-0.004286,29985,20956,9029,1.430855,0.434392,15427,14558,5529,38,37,2.481350,1.921912,0.418409,0.646545
paper-167945-topk-10-depth-0,10,0,10,10,1.000000,0.972878,0.027122,0.000000,0.012009,-0.012009,10,10,0,1.000000,0.000000,0,10,10,5,3,1.960964,1.156780,0.500000,0.700000
paper-167945-topk-10-depth-1,10,1,10,10,1.000000,0.972878,0.027122,0.000000,0.012009,-0.012009,159,193,-34,0.823834,0.014409,5,154,188,9,15,2.047628,1.712438,0.490566,0.735751
paper-167945-topk-10-depth-2,10,2,10,10,1.000000,0.972878,0.027122,0.000000,0.012009,-0.012009,31611,32930,-1319,0.959945,0.658086,25616,5995,7314,38,38,2.466740,2.294319,0.432666,0.538627
paper-158696-topk-1-depth-0,1,0,1,1,1.000000,0.999020,0.000980,,,,1,1,0,1.000000,0.000000,0,1,1,1,1,0.000000,0.000000,1.000000,1.000000
paper-158696-topk-1-depth-1,1,1,1,1,1.000000,0.999020,0.000980,,,,2,7,-5,0.285714,0.000000,0,2,7,2,3,1.000000,1.556657,0.500000,0.428571
paper-158696-topk-1-depth-2,1,2,1,1,1.000000,0.999020,0.000980,,,,5,858,-853,0.005828,0.000000,0,5,858,3,16,1.370951,2.261003,0.600000,0.390443
paper-158696-topk-3-depth-0,3,0,3,3,1.000000,0.980511,0.019489,0.000000,0.000000,0.000000,3,3,0,1.000000,0.200000,1,2,2,3,3,1.584963,1.584963,0.333333,0.333333
paper-158696-topk-3-depth-1,3,1,3,3,1.000000,0.980511,0.019489,0.000000,0.000000,0.000000,6,15,-9,0.400000,0.105263,2,4,13,4,5,1.918296,2.105587,0.333333,0.400000
paper-158696-topk-3-depth-2,3,2,3,3,1.000000,0.980511,0.019489,0.000000,0.000000,0.000000,16,888,-872,0.018018,0.007804,7,9,881,6,18,2.280639,2.313411,0.375000,0.380631
paper-158696-topk-5-depth-0,5,0,5,5,1.000000,0.976579,0.023421,0.000000,0.000000,0.000000,5,5,0,1.000000,0.111111,1,4,4,4,4,1.921928,1.921928,0.400000,0.400000
paper-158696-topk-5-depth-1,5,1,5,5,1.000000,0.976579,0.023421,0.000000,0.000000,0.000000,16,42,-26,0.380952,0.035714,2,14,40,7,10,2.483459,3.018732,0.375000,0.214286
paper-158696-topk-5-depth-2,5,2,5,5,1.000000,0.976579,0.023421,0.000000,0.000000,0.000000,283,2959,-2676,0.095640,0.005895,19,264,2940,19,33,2.853219,2.728761,0.346290,0.385603
paper-158696-topk-10-depth-0,10,0,10,10,1.000000,0.973074,0.026926,0.000000,0.000000,0.000000,10,10,0,1.000000,0.176471,3,7,7,7,7,2.646439,2.721928,0.300000,0.200000
paper-158696-topk-10-depth-1,10,1,10,10,1.000000,0.973074,0.026926,0.000000,0.000000,0.000000,57,63,-6,0.904762,0.200000,20,37,43,15,12,3.446261,3.128008,0.228070,0.285714
paper-158696-topk-10-depth-2,10,2,10,10,1.000000,0.973074,0.026926,0.000000,0.000000,0.000000,4321,3965,356,1.089786,0.348633,2142,2179,1823,38,34,3.231673,2.845954,0.348299,0.403531
paper-122231-topk-1-depth-0,1,0,1,1,1.000000,0.974069,0.025931,,,,1,1,0,1.000000,0.000000,0,1,1,1,1,0.000000,0.000000,1.000000,1.000000
paper-122231-topk-1-depth-1,1,1,1,1,1.000000,0.974069,0.025931,,,,50,20,30,2.500000,0.000000,0,50,20,5,3,1.858059,1.156780,0.500000,0.700000
paper-122231-topk-1-depth-2,1,2,1,1,1.000000,0.974069,0.025931,,,,4852,18186,-13334,0.266799,0.159145,3163,1689,15023,33,36,2.422363,2.601487,0.423537,0.314748
paper-122231-topk-3-depth-0,3,0,3,3,1.000000,0.970288,0.029712,0.000000,0.118705,-0.118705,3,3,0,1.000000,0.000000,0,3,3,2,1,0.918296,0.000000,0.666667,1.000000
paper-122231-topk-3-depth-1,3,1,3,3,1.000000,0.970288,0.029712,0.000000,0.118705,-0.118705,39,65,-26,0.600000,0.029703,3,36,62,5,4,1.505128,0.641400,0.666667,0.892308
paper-122231-topk-3-depth-2,3,2,3,3,1.000000,0.970288,0.029712,0.000000,0.118705,-0.118705,7516,19502,-11986,0.385396,0.313083,6442,1074,13060,35,36,2.499302,2.587709,0.441059,0.333197
paper-122231-topk-5-depth-0,5,0,5,5,1.000000,0.969198,0.030802,0.000000,0.061474,-0.061474,5,5,0,1.000000,0.000000,0,5,5,2,1,0.721928,0.000000,0.800000,1.000000
paper-122231-topk-5-depth-1,5,1,5,5,1.000000,0.969198,0.030802,0.000000,0.061474,-0.061474,100,104,-4,0.961538,0.062500,12,88,92,5,6,1.868868,1.210908,0.540000,0.759615
paper-122231-topk-5-depth-2,5,2,5,5,1.000000,0.969198,0.030802,0.000000,0.061474,-0.061474,9987,29695,-19708,0.336319,0.270637,8452,1535,21243,37,38,2.478918,2.495333,0.435166,0.427479
paper-122231-topk-10-depth-0,10,0,10,10,1.000000,0.968868,0.031132,0.000000,0.028936,-0.028936,10,10,0,1.000000,0.000000,0,10,10,4,2,1.895462,0.468996,0.300000,0.900000
paper-122231-topk-10-depth-1,10,1,10,10,1.000000,0.968868,0.031132,0.000000,0.028936,-0.028936,127,389,-262,0.326478,0.038229,19,108,370,10,14,2.235235,2.543396,0.346457,0.413882
paper-122231-topk-10-depth-2,10,2,10,10,1.000000,0.968868,0.031132,0.000000,0.028936,-0.028936,32376,33825,-1449,0.957162,0.757533,28534,3842,5291,37,38,2.414917,2.531171,0.461916,0.423769
paper-138710-topk-1-depth-0,1,0,1,1,1.000000,0.998786,0.001214,,,,1,1,0,1.000000,0.000000,0,1,1,1,1,0.000000,0.000000,1.000000,1.000000
paper-138710-topk-1-depth-1,1,1,1,1,1.000000,0.998786,0.001214,,,,8,10,-2,0.800000,0.000000,0,8,10,1,2,0.000000,0.721928,1.000000,0.800000
paper-138710-topk-1-depth-2,1,2,1,1,1.000000,0.998786,0.001214,,,,1971,16238,-14267,0.121382,0.033780,595,1376,15643,22,36,1.312208,2.493360,0.788432,0.402328
paper-138710-topk-3-depth-0,3,0,3,3,1.000000,0.984267,0.015733,0.000000,0.124786,-0.124786,3,3,0,1.000000,0.000000,0,3,3,3,1,1.584963,0.000000,0.333333,1.000000
paper-138710-topk-3-depth-1,3,1,3,3,1.000000,0.984267,0.015733,0.000000,0.124786,-0.124786,28,20,8,1.400000,0.000000,0,28,20,5,4,1.742063,1.021928,0.428571,0.800000
paper-138710-topk-3-depth-2,3,2,3,3,1.000000,0.984267,0.015733,0.000000,0.124786,-0.124786,14607,17228,-2621,0.847864,0.221557,5774,8833,11454,36,37,1.892009,2.506777,0.620251,0.393894
paper-138710-topk-5-depth-0,5,0,5,5,1.000000,0.978601,0.021399,0.000000,0.085380,-0.085380,5,5,0,1.000000,0.000000,0,5,5,3,3,1.370951,1.370951,0.600000,0.600000
paper-138710-topk-5-depth-1,5,1,5,5,1.000000,0.978601,0.021399,0.000000,0.085380,-0.085380,66,40,26,1.650000,0.000000,0,66,40,10,7,2.182516,1.770951,0.348485,0.600000
paper-138710-topk-5-depth-2,5,2,5,5,1.000000,0.978601,0.021399,0.000000,0.085380,-0.085380,23461,18251,5210,1.285464,0.267303,8798,14663,9453,37,37,2.225498,2.547987,0.550744,0.392472
paper-138710-topk-10-depth-0,10,0,10,10,1.000000,0.973489,0.026511,0.000000,0.025245,-0.025245,10,10,0,1.000000,0.000000,0,10,10,4,3,1.760964,1.370951,0.500000,0.600000
paper-138710-topk-10-depth-1,10,1,10,10,1.000000,0.973489,0.026511,0.000000,0.025245,-0.025245,106,80,26,1.325000,0.044944,8,98,72,12,13,2.421725,2.312653,0.339623,0.525000
paper-138710-topk-10-depth-2,10,2,10,10,1.000000,0.973489,0.026511,0.000000,0.025245,-0.025245,32206,31006,1200,1.038702,0.688129,25767,6439,5239,38,37,2.460852,2.460044,0.458983,0.449784
paper-74871-topk-1-depth-0,1,0,1,1,1.000000,0.999137,0.000863,,,,1,1,0,1.000000,0.000000,0,1,1,1,1,0.000000,0.000000,1.000000,1.000000
paper-74871-topk-1-depth-1,1,1,1,1,1.000000,0.999137,0.000863,,,,2,4,-2,0.500000,0.000000,0,2,4,1,1,0.000000,0.000000,1.000000,1.000000
paper-74871-topk-1-depth-2,1,2,1,1,1.000000,0.999137,0.000863,,,,20,9,11,2.222222,0.000000,0,20,9,3,1,1.219241,0.000000,0.550000,1.000000
paper-74871-topk-3-depth-0,3,0,3,3,1.000000,0.963197,0.036803,0.000000,0.000000,0.000000,3,3,0,1.000000,0.200000,1,2,2,3,3,1.584963,1.584963,0.333333,0.333333
paper-74871-topk-3-depth-1,3,1,3,3,1.000000,0.963197,0.036803,0.000000,0.000000,0.000000,19,17,2,1.117647,0.440000,11,8,6,8,7,2.582060,2.343258,0.368421,0.411765
paper-74871-topk-3-depth-2,3,2,3,3,1.000000,0.963197,0.036803,0.000000,0.000000,0.000000,3493,3499,-6,0.998285,0.985236,3470,23,29,35,35,2.630129,2.634250,0.405382,0.404687
paper-74871-topk-5-depth-0,5,0,5,5,1.000000,0.954594,0.045406,0.000000,0.000000,0.000000,5,5,0,1.000000,0.111111,1,4,4,4,5,1.921928,2.321928,0.400000,0.200000
paper-74871-topk-5-depth-1,5,1,5,5,1.000000,0.954594,0.045406,0.000000,0.000000,0.000000,69,29,40,2.379310,0.126437,11,58,18,13,8,2.631289,2.693467,0.347826,0.241379
paper-74871-topk-5-depth-2,5,2,5,5,1.000000,0.954594,0.045406,0.000000,0.000000,0.000000,4017,3626,391,1.107832,0.836818,3482,535,144,36,36,3.026624,2.793910,0.359472,0.390513
paper-74871-topk-10-depth-0,10,0,10,10,1.000000,0.947954,0.052046,0.000000,0.000000,0.000000,10,10,0,1.000000,0.333333,5,5,5,6,6,2.370951,2.446439,0.300000,0.300000
paper-74871-topk-10-depth-1,10,1,10,10,1.000000,0.947954,0.052046,0.000000,0.000000,0.000000,144,95,49,1.515789,0.414201,70,74,25,15,14,2.541232,2.620476,0.437500,0.368421
paper-74871-topk-10-depth-2,10,2,10,10,1.000000,0.947954,0.052046,0.000000,0.000000,0.000000,4751,4293,458,1.106685,0.810611,4049,702,244,36,37,3.200850,3.130343,0.316775,0.343117
paper-67631-topk-1-depth-0,1,0,1,1,1.000000,0.960532,0.039468,,,,1,1,0,1.000000,0.000000,0,1,1,1,1,0.000000,0.000000,1.000000,1.000000
paper-67631-topk-1-depth-1,1,1,1,1,1.000000,0.960532,0.039468,,,,5,4,1,1.250000,0.000000,0,5,4,2,1,0.721928,0.000000,0.800000,1.000000
paper-67631-topk-1-depth-2,1,2,1,1,1.000000,0.960532,0.039468,,,,46,64,-18,0.718750,0.009174,1,45,63,4,11,1.041105,2.461705,0.739130,0.484375
paper-67631-topk-3-depth-0,3,0,3,3,1.000000,0.963937,0.036063,0.000000,0.000000,0.000000,3,3,0,1.000000,0.000000,0,3,3,2,1,0.918296,0.000000,0.666667,1.000000
paper-67631-topk-3-depth-1,3,1,3,3,1.000000,0.963937,0.036063,0.000000,0.000000,0.000000,49,37,12,1.324324,0.011765,1,48,36,10,3,2.322244,0.922806,0.530612,0.756757
paper-67631-topk-3-depth-2,3,2,3,3,1.000000,0.963937,0.036063,0.000000,0.000000,0.000000,17875,13692,4183,1.305507,0.682586,12806,5069,886,38,35,2.297885,1.898806,0.545287,0.607362
paper-67631-topk-5-depth-0,5,0,5,5,1.000000,0.973063,0.026937,0.000000,0.023882,-0.023882,5,5,0,1.000000,0.000000,0,5,5,3,1,1.370951,0.000000,0.600000,1.000000
paper-67631-topk-5-depth-1,5,1,5,5,1.000000,0.973063,0.026937,0.000000,0.023882,-0.023882,73,63,10,1.158730,0.014925,2,71,61,11,7,2.242892,1.498087,0.575342,0.698413
paper-67631-topk-5-depth-2,5,2,5,5,1.000000,0.973063,0.026937,0.000000,0.023882,-0.023882,7932,28408,-20476,0.279217,0.182058,5597,2335,22811,38,37,2.613736,2.387372,0.460540,0.484723
paper-67631-topk-10-depth-0,10,0,10,10,1.000000,0.966582,0.033418,0.000000,0.005307,-0.005307,10,10,0,1.000000,0.052632,1,9,9,4,2,1.570951,0.468996,0.600000,0.900000
paper-67631-topk-10-depth-1,10,1,10,10,1.000000,0.966582,0.033418,0.000000,0.005307,-0.005307,136,101,35,1.346535,0.044053,10,126,91,15,9,2.547785,1.583100,0.536765,0.722772
paper-67631-topk-10-depth-2,10,2,10,10,1.000000,0.966582,0.033418,0.000000,0.005307,-0.005307,11705,29698,-17993,0.394134,0.221688,7513,4192,22185,39,38,2.896564,2.446193,0.334814,0.464779
paper-78086-topk-1-depth-0,1,0,1,1,1.000000,0.999881,0.000119,,,,1,1,0,1.000000,0.000000,0,1,1,1,1,0.000000,0.000000,1.000000,1.000000
paper-78086-topk-1-depth-1,1,1,1,1,1.000000,0.999881,0.000119,,,,6,4,2,1.500000,0.000000,0,6,4,2,3,1.000000,1.500000,0.500000,0.500000
paper-78086-topk-1-depth-2,1,2,1,1,1.000000,0.999881,0.000119,,,,592,24,568,24.666667,0.000000,0,592,24,12,4,1.253757,1.872730,0.704392,0.416667
paper-78086-topk-3-depth-0,3,0,3,3,1.000000,0.971564,0.028436,0.000000,0.000000,0.000000,3,3,0,1.000000,0.200000,1,2,2,2,1,0.918296,0.000000,0.666667,1.000000
paper-78086-topk-3-depth-1,3,1,3,3,1.000000,0.971564,0.028436,0.000000,0.000000,0.000000,34,13,21,2.615385,0.146341,6,28,7,6,6,2.090770,2.141620,0.441176,0.461538
paper-78086-topk-3-depth-2,3,2,3,3,1.000000,0.971564,0.028436,0.000000,0.000000,0.000000,14135,621,13514,22.761675,0.041796,592,13543,29,35,13,2.091471,1.467889,0.590591,0.671498
paper-78086-topk-5-depth-0,5,0,5,5,1.000000,0.963739,0.036261,0.000000,0.000000,0.000000,5,5,0,1.000000,0.250000,2,3,3,3,2,1.370951,0.721928,0.600000,0.800000
paper-78086-topk-5-depth-1,5,1,5,5,1.000000,0.963739,0.036261,0.000000,0.000000,0.000000,44,41,3,1.073171,0.603774,32,12,9,9,9,2.480826,2.509158,0.363636,0.365854
paper-78086-topk-5-depth-2,5,2,5,5,1.000000,0.963739,0.036261,0.000000,0.000000,0.000000,14229,14305,-76,0.994687,0.980840,14129,100,176,35,34,2.123599,2.133551,0.586759,0.583572
paper-78086-topk-10-depth-0,10,0,10,10,1.000000,0.957628,0.042372,0.000000,0.000000,0.000000,10,10,0,1.000000,0.176471,3,7,7,6,4,2.160964,1.356780,0.500000,0.700000
paper-78086-topk-10-depth-1,10,1,10,10,1.000000,0.957628,0.042372,0.000000,0.000000,0.000000,71,67,4,1.059701,0.326923,34,37,33,14,14,3.137631,3.282945,0.225352,0.223881
paper-78086-topk-10-depth-2,10,2,10,10,1.000000,0.957628,0.042372,0.000000,0.000000,0.000000,14689,14509,180,1.012406,0.958677,14291,398,218,35,36,2.247250,2.210310,0.568385,0.575367
paper-86789-topk-1-depth-0,1,0,1,1,1.000000,0.957201,0.042799,,,,1,1,0,1.000000,0.000000,0,1,1,1,1,0.000000,0.000000,1.000000,1.000000
paper-86789-topk-1-depth-1,1,1,1,1,1.000000,0.957201,0.042799,,,,7,4,3,1.750000,0.000000,0,7,4,3,3,1.378783,1.500000,0.571429,0.500000
paper-86789-topk-1-depth-2,1,2,1,1,1.000000,0.957201,0.042799,,,,46,10,36,4.600000,0.000000,0,46,10,9,5,2.329644,2.121928,0.478261,0.400000
paper-86789-topk-3-depth-0,3,0,3,3,1.000000,0.971370,0.028630,0.000000,0.014368,-0.014368,3,3,0,1.000000,0.200000,1,2,2,3,2,1.584963,0.918296,0.333333,0.666667
paper-86789-topk-3-depth-1,3,1,3,3,1.000000,0.971370,0.028630,0.000000,0.014368,-0.014368,17,122,-105,0.139344,0.053030,7,10,115,6,8,2.307189,1.143721,0.352941,0.803279
paper-86789-topk-3-depth-2,3,2,3,3,1.000000,0.971370,0.028630,0.000000,0.014368,-0.014368,817,11880,-11063,0.068771,0.064113,765,52,11115,21,35,1.825061,2.386970,0.705018,0.459596
paper-86789-topk-5-depth-0,5,0,5,5,1.000000,0.965234,0.034766,0.000000,0.004310,-0.004310,5,5,0,1.000000,0.111111,1,4,4,5,4,2.321928,1.921928,0.200000,0.400000
paper-86789-topk-5-depth-1,5,1,5,5,1.000000,0.965234,0.034766,0.000000,0.004310,-0.004310,42,130,-88,0.323077,0.068323,11,31,119,9,10,2.401845,1.401010,0.476190,0.761538
paper-86789-topk-5-depth-2,5,2,5,5,1.000000,0.965234,0.034766,0.000000,0.004310,-0.004310,4270,11926,-7656,0.358041,0.319537,3922,348,8004,31,35,2.335596,2.403345,0.539578,0.458075
paper-86789-topk-10-depth-0,10,0,10,10,1.000000,0.959852,0.040148,0.000000,0.001121,-0.001121,10,10,0,1.000000,0.052632,1,9,9,7,7,2.646439,2.646439,0.300000,0.300000
paper-86789-topk-10-depth-1,10,1,10,10,1.000000,0.959852,0.040148,0.000000,0.001121,-0.001121,68,202,-134,0.336634,0.042471,11,57,191,11,20,2.843397,2.720948,0.294118,0.534653
paper-86789-topk-10-depth-2,10,2,10,10,1.000000,0.959852,0.040148,0.000000,0.001121,-0.001121,4733,23836,-19103,0.198565,0.165178,4050,683,19786,32,36,2.628735,2.450177,0.490598,0.443321
paper-68901-topk-1-depth-0,1,0,1,1,1.000000,0.959749,0.040251,,,,1,1,0,1.000000,0.000000,0,1,1,1,1,0.000000,0.000000,1.000000,1.000000
paper-68901-topk-1-depth-1,1,1,1,1,1.000000,0.959749,0.040251,,,,2,7,-5,0.285714,0.000000,0,2,7,1,1,0.000000,0.000000,1.000000,1.000000
paper-68901-topk-1-depth-2,1,2,1,1,1.000000,0.959749,0.040251,,,,3,22,-19,0.136364,0.000000,0,3,22,2,4,0.918296,1.519839,0.666667,0.545455
paper-68901-topk-3-depth-0,3,0,3,3,1.000000,0.958918,0.041082,0.000000,0.000000,0.000000,3,3,0,1.000000,0.000000,0,3,3,2,3,0.918296,1.584963,0.666667,0.333333
paper-68901-topk-3-depth-1,3,1,3,3,1.000000,0.958918,0.041082,0.000000,0.000000,0.000000,6,21,-15,0.285714,0.000000,0,6,21,3,5,1.459148,2.044557,0.500000,0.333333
paper-68901-topk-3-depth-2,3,2,3,3,1.000000,0.958918,0.041082,0.000000,0.000000,0.000000,30,8537,-8507,0.003514,0.001754,15,15,8522,4,36,1.855634,2.663073,0.366667,0.406700
paper-68901-topk-5-depth-0,5,0,5,5,1.000000,0.959490,0.040510,0.000000,0.012500,-0.012500,5,5,0,1.000000,0.000000,0,5,5,5,4,2.321928,1.921928,0.200000,0.400000
paper-68901-topk-5-depth-1,5,1,5,5,1.000000,0.959490,0.040510,0.000000,0.012500,-0.012500,39,31,8,1.258065,0.014493,1,38,30,7,9,1.890437,2.748372,0.615385,0.322581
paper-68901-topk-5-depth-2,5,2,5,5,1.000000,0.959490,0.040510,0.000000,0.012500,-0.012500,16278,8570,7708,1.899417,0.155023,3335,12943,5235,37,35,2.602840,2.667958,0.315764,0.405718
paper-68901-topk-10-depth-0,10,0,10,10,1.000000,0.963069,0.036931,0.000000,0.011844,-0.011844,10,10,0,1.000000,0.000000,0,10,10,6,7,2.321928,2.646439,0.400000,0.300000
paper-68901-topk-10-depth-1,10,1,10,10,1.000000,0.963069,0.036931,0.000000,0.011844,-0.011844,56,86,-30,0.651163,0.021583,3,53,83,12,14,2.605153,2.975565,0.428571,0.406977
paper-68901-topk-10-depth-2,10,2,10,10,1.000000,0.963069,0.036931,0.000000,0.011844,-0.011844,16405,25417,-9012,0.645434,0.608291,15818,587,9599,38,39,2.650602,2.777445,0.313319,0.285400
paper-133413-topk-1-depth-0,1,0,1,1,1.000000,0.951062,0.048938,,,,1,1,0,1.000000,0.000000,0,1,1,1,1,0.000000,0.000000,1.000000,1.000000
paper-133413-topk-1-depth-1,1,1,1,1,1.000000,0.951062,0.048938,,,,2,7,-5,0.285714,0.000000,0,2,7,1,3,0.000000,1.448816,1.000000,0.428571
paper-133413-topk-1-depth-2,1,2,1,1,1.000000,0.951062,0.048938,,,,5,115,-110,0.043478,0.000000,0,5,115,1,8,0.000000,1.902799,1.000000,0.504348
paper-133413-topk-3-depth-0,3,0,3,3,1.000000,0.950011,0.049989,0.000000,0.000000,0.000000,3,3,0,1.000000,0.000000,0,3,3,3,1,1.584963,0.000000,0.333333,1.000000
paper-133413-topk-3-depth-1,3,1,3,3,1.000000,0.950011,0.049989,0.000000,0.000000,0.000000,73,14,59,5.214286,0.000000,0,73,14,9,3,2.598299,1.094914,0.301370,0.714286
paper-133413-topk-3-depth-2,3,2,3,3,1.000000,0.950011,0.049989,0.000000,0.000000,0.000000,319,189,130,1.687831,0.032520,16,303,173,20,10,3.392807,1.885697,0.213166,0.507937
paper-133413-topk-5-depth-0,5,0,5,5,1.000000,0.946136,0.053864,0.000000,0.000000,0.000000,5,5,0,1.000000,0.000000,0,5,5,3,2,1.521928,0.721928,0.400000,0.800000
paper-133413-topk-5-depth-1,5,1,5,5,1.000000,0.946136,0.053864,0.000000,0.000000,0.000000,78,137,-59,0.569343,0.000000,0,78,137,9,9,2.590375,1.267287,0.320513,0.788321
paper-133413-topk-5-depth-2,5,2,5,5,1.000000,0.946136,0.053864,0.000000,0.000000,0.000000,335,14127,-13792,0.023713,0.001108,16,319,14111,20,37,3.391846,2.015750,0.220896,0.595880
paper-133413-topk-10-depth-0,10,0,10,10,1.000000,0.943319,0.056681,0.000000,0.000000,0.000000,10,10,0,1.000000,0.111111,2,8,8,5,5,2.046439,1.770951,0.400000,0.600000
paper-133413-topk-10-depth-1,10,1,10,10,1.000000,0.943319,0.056681,0.000000,0.000000,0.000000,126,155,-29,0.812903,0.025547,7,119,148,11,13,2.856172,1.748052,0.238095,0.696774
paper-133413-topk-10-depth-2,10,2,10,10,1.000000,0.943319,0.056681,0.000000,0.000000,0.000000,566,14310,-13744,0.039553,0.007177,106,460,14204,24,38,3.359848,2.089217,0.247350,0.588330
paper-37767-topk-1-depth-0,1,0,1,1,1.000000,0.947865,0.052135,,,,1,1,0,1.000000,0.000000,0,1,1,1,1,0.000000,0.000000,1.000000,1.000000
paper-37767-topk-1-depth-1,1,1,1,1,1.000000,0.947865,0.052135,,,,3,23,-20,0.130435,0.000000,0,3,23,1,8,0.000000,2.400565,1.000000,0.434783
paper-37767-topk-1-depth-2,1,2,1,1,1.000000,0.947865,0.052135,,,,12,3676,-3664,0.003264,0.001086,4,8,3672,5,37,1.780672,2.684533,0.583333,0.545430
paper-37767-topk-3-depth-0,3,0,3,3,1.000000,0.945569,0.054431,0.000000,0.000000,0.000000,3,3,0,1.000000,0.000000,0,3,3,2,2,0.918296,0.918296,0.666667,0.666667
paper-37767-topk-3-depth-1,3,1,3,3,1.000000,0.945569,0.054431,0.000000,0.000000,0.000000,18,32,-14,0.562500,0.000000,0,18,32,5,9,1.945531,2.672487,0.500000,0.312500
paper-37767-topk-3-depth-2,3,2,3,3,1.000000,0.945569,0.054431,0.000000,0.000000,0.000000,265,3740,-3475,0.070856,0.001500,6,259,3734,20,37,2.902308,2.754225,0.350943,0.536096
paper-37767-topk-5-depth-0,5,0,5,5,1.000000,0.946623,0.053377,0.000000,0.000000,0.000000,5,5,0,1.000000,0.000000,0,5,5,4,4,1.921928,1.921928,0.400000,0.400000
paper-37767-topk-5-depth-1,5,1,5,5,1.000000,0.946623,0.053377,0.000000,0.000000,0.000000,94,71,23,1.323944,0.018519,3,91,68,8,12,1.427820,2.353150,0.755319,0.521127
paper-37767-topk-5-depth-2,5,2,5,5,1.000000,0.946623,0.053377,0.000000,0.000000,0.000000,20423,21732,-1309,0.939766,0.767950,18311,2112,3421,36,38,1.914899,2.109714,0.658375,0.620836
paper-37767-topk-10-depth-0,10,0,10,10,1.000000,0.947223,0.052777,0.000000,0.002870,-0.002870,10,10,0,1.000000,0.052632,1,9,9,6,5,2.521928,2.121928,0.200000,0.400000
paper-37767-topk-10-depth-1,10,1,10,10,1.000000,0.947223,0.052777,0.000000,0.002870,-0.002870,126,116,10,1.086207,0.029787,7,119,109,11,15,2.294175,2.403388,0.563492,0.560345
paper-37767-topk-10-depth-2,10,2,10,10,1.000000,0.947223,0.052777,0.000000,0.002870,-0.002870,23592,26275,-2683,0.897888,0.609651,18887,4705,7388,37,38,2.240959,2.131853,0.571889,0.606089
paper-13806-topk-1-depth-0,1,0,1,1,1.000000,0.999907,0.000093,,,,1,1,0,1.000000,0.000000,0,1,1,1,1,0.000000,0.000000,1.000000,1.000000
paper-13806-topk-1-depth-1,1,1,1,1,1.000000,0.999907,0.000093,,,,12,21,-9,0.571429,0.000000,0,12,21,2,5,0.979869,1.605207,0.583333,0.571429
paper-13806-topk-1-depth-2,1,2,1,1,1.000000,0.999907,0.000093,,,,1316,501,815,2.626747,0.040069,70,1246,431,28,23,2.490777,2.671383,0.365502,0.385230
paper-13806-topk-3-depth-0,3,0,3,3,1.000000,0.983363,0.016637,0.000000,0.052083,-0.052083,3,3,0,1.000000,0.200000,1,2,2,3,3,1.584963,1.584963,0.333333,0.333333
paper-13806-topk-3-depth-1,3,1,3,3,1.000000,0.983363,0.016637,0.000000,0.052083,-0.052083,40,34,6,1.176471,0.396226,21,19,13,7,8,2.417110,1.971335,0.300000,0.588235
paper-13806-topk-3-depth-2,3,2,3,3,1.000000,0.983363,0.016637,0.000000,0.052083,-0.052083,5780,1119,4661,5.165326,0.082196,524,5256,595,36,31,3.023702,3.030196,0.344637,0.288651
paper-13806-topk-5-depth-0,5,0,5,5,1.000000,0.979137,0.020863,0.000000,0.015625,-0.015625,5,5,0,1.000000,0.250000,2,3,3,4,5,1.921928,2.321928,0.400000,0.200000
paper-13806-topk-5-depth-1,5,1,5,5,1.000000,0.979137,0.020863,0.000000,0.015625,-0.015625,68,127,-59,0.535433,0.153846,26,42,101,10,14,2.405057,2.365647,0.470588,0.519685
paper-13806-topk-5-depth-2,5,2,5,5,1.000000,0.979137,0.020863,0.000000,0.015625,-0.015625,6686,16487,-9801,0.405532,0.138834,2825,3861,13662,37,38,3.028325,2.995730,0.315734,0.309031
paper-13806-topk-10-depth-0,10,0,10,10,1.000000,0.975069,0.024931,0.000000,0.016442,-0.016442,10,10,0,1.000000,0.111111,2,8,8,8,6,2.921928,2.446439,0.200000,0.300000
paper-13806-topk-10-depth-1,10,1,10,10,1.000000,0.975069,0.024931,0.000000,0.016442,-0.016442,97,183,-86,0.530055,0.129032,32,65,151,13,17,2.968890,2.625305,0.360825,0.453552
paper-13806-topk-10-depth-2,10,2,10,10,1.000000,0.975069,0.024931,0.000000,0.016442,-0.016442,7446,16735,-9289,0.444936,0.161431,3361,4085,13374,37,38,3.104689,3.003781,0.285388,0.309113
paper-48331-topk-1-depth-0,1,0,1,1,1.000000,0.969376,0.030624,,,,1,1,0,1.000000,0.000000,0,1,1,1,1,0.000000,0.000000,1.000000,1.000000
paper-48331-topk-1-depth-1,1,1,1,1,1.000000,0.969376,0.030624,,,,13,7,6,1.857143,0.000000,0,13,7,2,2,0.391244,0.591673,0.923077,0.857143
paper-48331-topk-1-depth-2,1,2,1,1,1.000000,0.969376,0.030624,,,,241,93,148,2.591398,0.113333,34,207,59,8,8,1.523331,1.517413,0.585062,0.548387
paper-48331-topk-3-depth-0,3,0,3,3,1.000000,0.963279,0.036721,0.000000,0.000000,0.000000,3,3,0,1.000000,0.200000,1,2,2,1,2,0.000000,0.918296,1.000000,0.666667
paper-48331-topk-3-depth-1,3,1,3,3,1.000000,0.963279,0.036721,0.000000,0.000000,0.000000,25,15,10,1.666667,0.081081,3,22,12,2,4,0.242292,1.425605,0.960000,0.666667
paper-48331-topk-3-depth-2,3,2,3,3,1.000000,0.963279,0.036721,0.000000,0.000000,0.000000,362,194,168,1.865979,0.144033,70,292,124,13,12,1.433216,2.043044,0.690608,0.556701
paper-48331-topk-5-depth-0,5,0,5,5,1.000000,0.961164,0.038836,0.000000,0.007407,-0.007407,5,5,0,1.000000,0.111111,1,4,4,1,3,0.000000,1.370951,1.000000,0.600000
paper-48331-topk-5-depth-1,5,1,5,5,1.000000,0.961164,0.038836,0.000000,0.007407,-0.007407,55,59,-4,0.932203,0.151515,15,40,44,3,5,0.568079,1.234931,0.890909,0.745763
paper-48331-topk-5-depth-2,5,2,5,5,1.000000,0.961164,0.038836,0.000000,0.007407,-0.007407,468,606,-138,0.772277,0.378691,295,173,311,13,16,1.242126,1.872180,0.762821,0.552805
paper-48331-topk-10-depth-0,10,0,10,10,1.000000,0.958054,0.041946,0.000000,0.016386,-0.016386,10,10,0,1.000000,0.176471,3,7,7,2,3,0.468996,0.921928,0.900000,0.800000
paper-48331-topk-10-depth-1,10,1,10,10,1.000000,0.958054,0.041946,0.000000,0.016386,-0.016386,124,157,-33,0.789809,0.478947,91,33,66,7,7,1.340298,1.305485,0.709677,0.726115
paper-48331-topk-10-depth-2,10,2,10,10,1.000000,0.958054,0.041946,0.000000,0.016386,-0.016386,765,888,-123,0.861486,0.578797,606,159,282,18,18,1.828456,1.927919,0.623529,0.545045
paper-58384-topk-1-depth-0,1,0,1,1,1.000000,0.963014,0.036986,,,,1,1,0,1.000000,1.000000,1,0,0,1,1,0.000000,0.000000,1.000000,1.000000
paper-58384-topk-1-depth-1,1,1,1,1,1.000000,0.963014,0.036986,,,,6,6,0,1.000000,1.000000,6,0,0,1,1,0.000000,0.000000,1.000000,1.000000
paper-58384-topk-1-depth-2,1,2,1,1,1.000000,0.963014,0.036986,,,,4642,4642,0,1.000000,1.000000,4642,0,0,27,27,1.124884,1.124884,0.835847,0.835847
paper-58384-topk-3-depth-0,3,0,3,3,1.000000,0.979778,0.020222,0.000000,0.073839,-0.073839,3,3,0,1.000000,0.000000,0,3,3,2,1,0.918296,0.000000,0.666667,1.000000
paper-58384-topk-3-depth-1,3,1,3,3,1.000000,0.979778,0.020222,0.000000,0.073839,-0.073839,52,128,-76,0.406250,0.034483,6,46,122,5,5,1.008380,0.362891,0.807692,0.953125
paper-58384-topk-3-depth-2,3,2,3,3,1.000000,0.979778,0.020222,0.000000,0.073839,-0.073839,16316,28388,-12072,0.574750,0.509964,15098,1218,13290,34,36,1.785402,2.140345,0.689936,0.563160
paper-58384-topk-5-depth-0,5,0,5,5,1.000000,0.973613,0.026387,0.000000,0.083749,-0.083749,5,5,0,1.000000,0.000000,0,5,5,3,1,1.370951,0.000000,0.600000,1.000000
paper-58384-topk-5-depth-1,5,1,5,5,1.000000,0.973613,0.026387,0.000000,0.083749,-0.083749,146,150,-4,0.973333,0.034965,10,136,140,8,5,1.633745,0.393725,0.595890,0.946667
paper-58384-topk-5-depth-2,5,2,5,5,1.000000,0.973613,0.026387,0.000000,0.083749,-0.083749,24475,29085,-4610,0.841499,0.728299,22570,1905,6515,35,36,2.022828,2.153646,0.610501,0.559292
paper-58384-topk-10-depth-0,10,0,10,10,1.000000,0.968340,0.031660,0.000000,0.086192,-0.086192,10,10,0,1.000000,0.052632,1,9,9,5,1,1.960964,0.000000,0.500000,1.000000
paper-58384-topk-10-depth-1,10,1,10,10,1.000000,0.968340,0.031660,0.000000,0.086192,-0.086192,140,203,-63,0.689655,0.039394,13,127,190,13,6,2.210802,0.640202,0.571429,0.901478
paper-58384-topk-10-depth-2,10,2,10,10,1.000000,0.968340,0.031660,0.000000,0.086192,-0.086192,17773,31669,-13896,0.561211,0.479856,16032,1741,15637,37,36,1.889170,2.185631,0.676813,0.552149
paper-93358-topk-1-depth-0,1,0,1,1,1.000000,0.999894,0.000106,,,,1,1,0,1.000000,0.000000,0,1,1,1,1,0.000000,0.000000,1.000000,1.000000
paper-93358-topk-1-depth-1,1,1,1,1,1.000000,0.999894,0.000106,,,,18,2,16,9.000000,0.000000,0,18,2,4,1,1.335506,0.000000,0.666667,1.000000
paper-93358-topk-1-depth-2,1,2,1,1,1.000000,0.999894,0.000106,,,,2392,14,2378,170.857143,0.000832,2,2390,12,26,4,2.396751,1.291692,0.525084,0.714286
paper-93358-topk-3-depth-0,3,0,3,3,1.000000,0.970779,0.029221,0.000000,0.000000,0.000000,3,3,0,1.000000,0.200000,1,2,2,3,3,1.584963,1.584963,0.333333,0.333333
paper-93358-topk-3-depth-1,3,1,3,3,1.000000,0.970779,0.029221,0.000000,0.000000,0.000000,35,33,2,1.060606,0.360000,18,17,15,5,7,2.007157,2.487408,0.428571,0.303030
paper-93358-topk-3-depth-2,3,2,3,3,1.000000,0.970779,0.029221,0.000000,0.000000,0.000000,14749,23921,-9172,0.616571,0.573486,14094,655,9827,34,36,2.061195,2.421950,0.573937,0.462522
paper-93358-topk-5-depth-0,5,0,5,5,1.000000,0.963868,0.036132,0.000000,0.009882,-0.009882,5,5,0,1.000000,0.111111,1,4,4,3,4,1.370951,1.921928,0.600000,0.400000
paper-93358-topk-5-depth-1,5,1,5,5,1.000000,0.963868,0.036132,0.000000,0.009882,-0.009882,82,65,17,1.261538,0.148438,19,63,46,9,7,2.457042,2.367920,0.402439,0.353846
paper-93358-topk-5-depth-2,5,2,5,5,1.000000,0.963868,0.036132,0.000000,0.009882,-0.009882,30011,24960,5051,1.202364,0.775893,24017,5994,943,39,37,2.640957,2.449328,0.382027,0.446875
paper-93358-topk-10-depth-0,10,0,10,10,1.000000,0.958051,0.041949,0.000000,0.003585,-0.003585,10,10,0,1.000000,0.176471,3,7,7,3,5,1.295462,2.246439,0.600000,0.300000
paper-93358-topk-10-depth-1,10,1,10,10,1.000000,0.958051,0.041949,0.000000,0.003585,-0.003585,200,145,55,1.379310,0.105769,33,167,112,12,11,2.253574,2.671548,0.435000,0.310345
paper-93358-topk-10-depth-2,10,2,10,10,1.000000,0.958051,0.041949,0.000000,0.003585,-0.003585,33150,31235,1915,1.061309,0.707010,26667,6483,4568,39,38,2.621975,2.481657,0.401146,0.458556
paper-56950-topk-1-depth-0,1,0,1,1,1.000000,0.999198,0.000802,,,,1,1,0,1.000000,1.000000,1,0,0,1,1,0.000000,0.000000,1.000000,1.000000
paper-56950-topk-1-depth-1,1,1,1,1,1.000000,0.999198,0.000802,,,,25,25,0,1.000000,1.000000,25,0,0,2,2,0.795040,0.795040,0.760000,0.760000
paper-56950-topk-1-depth-2,1,2,1,1,1.000000,0.999198,0.000802,,,,17783,17783,0,1.000000,1.000000,17783,0,0,34,34,1.809711,1.809711,0.658831,0.658831
paper-56950-topk-3-depth-0,3,0,3,3,1.000000,0.975151,0.024849,0.000000,0.014880,-0.014880,3,3,0,1.000000,0.000000,0,3,3,2,1,0.918296,0.000000,0.666667,1.000000
paper-56950-topk-3-depth-1,3,1,3,3,1.000000,0.975151,0.024849,0.000000,0.014880,-0.014880,108,984,-876,0.109756,0.017707,19,89,965,7,24,0.926845,1.756705,0.842593,0.681911
paper-56950-topk-3-depth-2,3,2,3,3,1.000000,0.975151,0.024849,0.000000,0.014880,-0.014880,24695,33730,-9035,0.732138,0.463552,18505,6190,15225,36,38,2.289279,2.373636,0.515206,0.513756
paper-56950-topk-5-depth-0,5,0,5,5,1.000000,0.969131,0.030869,0.000000,0.004569,-0.004569,5,5,0,1.000000,0.000000,0,5,5,4,1,1.921928,0.000000,0.400000,1.000000
paper-56950-topk-5-depth-1,5,1,5,5,1.000000,0.969131,0.030869,0.000000,0.004569,-0.004569,134,1009,-875,0.132805,0.019625,22,112,987,8,24,1.442996,1.741265,0.708955,0.686819
paper-56950-topk-5-depth-2,5,2,5,5,1.000000,0.969131,0.030869,0.000000,0.004569,-0.004569,29761,34138,-4377,0.871785,0.521115,21891,7870,12247,37,38,2.499568,2.373904,0.436007,0.513914
paper-56950-topk-10-depth-0,10,0,10,10,1.000000,0.963848,0.036152,0.000000,0.007545,-0.007545,10,10,0,1.000000,0.052632,1,9,9,4,1,1.721928,0.000000,0.400000,1.000000
paper-56950-topk-10-depth-1,10,1,10,10,1.000000,0.963848,0.036152,0.000000,0.007545,-0.007545,190,1159,-969,0.163934,0.075758,95,95,1064,12,24,1.723668,1.632871,0.678947,0.713546
paper-56950-topk-10-depth-2,10,2,10,10,1.000000,0.963848,0.036152,0.000000,0.007545,-0.007545,36119,41072,-4953,0.879407,0.786002,33971,2148,7101,37,39,2.437805,2.493772,0.466541,0.469152
paper-145398-topk-1-depth-0,1,0,1,1,1.000000,0.995612,0.004388,,,,1,1,0,1.000000,0.000000,0,1,1,1,1,0.000000,0.000000,1.000000,1.000000
paper-145398-topk-1-depth-1,1,1,1,1,1.000000,0.995612,0.004388,,,,24,35,-11,0.685714,0.053571,3,21,32,2,2,0.249882,0.187176,0.958333,0.971429
paper-145398-topk-1-depth-2,1,2,1,1,1.000000,0.995612,0.004388,,,,8405,25992,-17587,0.323369,0.278224,7487,918,18505,29,36,1.344368,2.237427,0.781440,0.535319
paper-145398-topk-3-depth-0,3,0,3,3,1.000000,0.977716,0.022284,0.000000,0.018519,-0.018519,3,3,0,1.000000,0.500000,2,1,1,2,2,0.918296,0.918296,0.666667,0.666667
paper-145398-topk-3-depth-1,3,1,3,3,1.000000,0.977716,0.022284,0.000000,0.018519,-0.018519,45,71,-26,0.633803,0.506494,39,6,32,3,3,1.153869,0.919222,0.622222,0.760563
paper-145398-topk-3-depth-2,3,2,3,3,1.000000,0.977716,0.022284,0.000000,0.018519,-0.018519,15497,27770,-12273,0.558048,0.462217,13677,1820,14093,33,36,1.948346,2.269440,0.626444,0.522902
paper-145398-topk-5-depth-0,5,0,5,5,1.000000,0.972888,0.027112,0.000000,0.015434,-0.015434,5,5,0,1.000000,0.111111,1,4,4,4,3,1.921928,1.370951,0.400000,0.600000
paper-145398-topk-5-depth-1,5,1,5,5,1.000000,0.972888,0.027112,0.000000,0.015434,-0.015434,37,108,-71,0.342593,0.150794,19,18,89,7,4,2.138564,0.952927,0.405405,0.787037
paper-145398-topk-5-depth-2,5,2,5,5,1.000000,0.972888,0.027112,0.000000,0.015434,-0.015434,14377,35179,-20802,0.408681,0.376823,13563,814,21616,35,36,2.003006,2.392134,0.622244,0.483101
paper-145398-topk-10-depth-0,10,0,10,10,1.000000,0.969134,0.030866,0.000000,0.013258,-0.013258,10,10,0,1.000000,0.052632,1,9,9,7,4,2.521928,1.570951,0.400000,0.600000
paper-145398-topk-10-depth-1,10,1,10,10,1.000000,0.969134,0.030866,0.000000,0.013258,-0.013258,89,210,-121,0.423810,0.079422,22,67,188,14,11,2.792635,1.860568,0.393258,0.590476
paper-145398-topk-10-depth-2,10,2,10,10,1.000000,0.969134,0.030866,0.000000,0.013258,-0.013258,18691,38934,-20243,0.480069,0.427881,17268,1423,21666,36,38,2.081644,2.491662,0.623402,0.454102
paper-167285-topk-1-depth-0,1,0,1,1,1.000000,0.998829,0.001171,,,,1,1,0,1.000000,0.000000,0,1,1,1,1,0.000000,0.000000,1.000000,1.000000
paper-167285-topk-1-depth-1,1,1,1,1,1.000000,0.998829,0.001171,,,,2,2,0,1.000000,0.000000,0,2,2,2,1,1.000000,0.000000,0.500000,1.000000
paper-167285-topk-1-depth-2,1,2,1,1,1.000000,0.998829,0.001171,,,,13162,13,13149,1012.461538,0.000000,0,13162,13,36,2,2.563877,0.391244,0.362635,0.923077
paper-167285-topk-3-depth-0,3,0,3,3,1.000000,0.985833,0.014167,0.000000,0.000000,0.000000,3,3,0,1.000000,0.000000,0,3,3,1,1,0.000000,0.000000,1.000000,1.000000
paper-167285-topk-3-depth-1,3,1,3,3,1.000000,0.985833,0.014167,0.000000,0.000000,0.000000,28,12,16,2.333333,0.000000,0,28,12,2,3,0.491237,0.816689,0.892857,0.833333
paper-167285-topk-3-depth-2,3,2,3,3,1.000000,0.985833,0.014167,0.000000,0.000000,0.000000,25534,4925,20609,5.184569,0.138144,3697,21837,1228,36,29,2.232965,1.498693,0.542336,0.736244
paper-167285-topk-5-depth-0,5,0,5,5,1.000000,0.981819,0.018181,0.000000,0.000000,0.000000,5,5,0,1.000000,0.111111,1,4,4,2,2,0.721928,0.721928,0.800000,0.800000
paper-167285-topk-5-depth-1,5,1,5,5,1.000000,0.981819,0.018181,0.000000,0.000000,0.000000,49,31,18,1.580645,0.176471,12,37,19,5,4,1.050619,1.030043,0.795918,0.774194
paper-167285-topk-5-depth-2,5,2,5,5,1.000000,0.981819,0.018181,0.000000,0.000000,0.000000,26921,14900,12021,1.806779,0.452471,13028,13893,1872,36,36,2.222143,1.773966,0.554623,0.687584
paper-167285-topk-10-depth-0,10,0,10,10,1.000000,0.978229,0.021771,0.000000,0.011852,-0.011852,10,10,0,1.000000,0.052632,1,9,9,4,2,1.570951,0.468996,0.600000,0.900000
paper-167285-topk-10-depth-1,10,1,10,10,1.000000,0.978229,0.021771,0.000000,0.011852,-0.011852,108,86,22,1.255814,0.102273,18,90,68,9,5,1.683489,0.851220,0.648148,0.837209
paper-167285-topk-10-depth-2,10,2,10,10,1.000000,0.978229,0.021771,0.000000,0.011852,-0.011852,34543,31687,2856,1.090132,0.710309,27506,7037,4181,36,37,2.413773,2.276566,0.472599,0.533216
paper-13711-topk-1-depth-0,1,0,1,1,1.000000,0.999865,0.000135,,,,1,1,0,1.000000,0.000000,0,1,1,1,1,0.000000,0.000000,1.000000,1.000000
paper-13711-topk-1-depth-1,1,1,1,1,1.000000,0.999865,0.000135,,,,13,28,-15,0.464286,0.051282,2,11,26,3,3,1.295738,1.492614,0.538462,0.500000
paper-13711-topk-1-depth-2,1,2,1,1,1.000000,0.999865,0.000135,,,,13030,17605,-4575,0.740131,0.717786,12801,229,4804,34,38,1.864502,2.094157,0.629317,0.581823
paper-13711-topk-3-depth-0,3,0,3,3,1.000000,0.977857,0.022143,0.000000,0.033891,-0.033891,3,3,0,1.000000,0.500000,2,1,1,1,1,0.000000,0.000000,1.000000,1.000000
paper-13711-topk-3-depth-1,3,1,3,3,1.000000,0.977857,0.022143,0.000000,0.033891,-0.033891,44,49,-5,0.897959,0.722222,39,5,10,3,3,1.292727,1.302765,0.636364,0.632653
paper-13711-topk-3-depth-2,3,2,3,3,1.000000,0.977857,0.022143,0.000000,0.033891,-0.033891,22052,18028,4024,1.223208,0.804918,17874,4178,154,38,38,2.080873,2.116971,0.596817,0.570446
paper-13711-topk-5-depth-0,5,0,5,5,1.000000,0.968065,0.031935,0.000000,0.028785,-0.028785,5,5,0,1.000000,0.111111,1,4,4,2,2,0.721928,0.721928,0.800000,0.800000
paper-13711-topk-5-depth-1,5,1,5,5,1.000000,0.968065,0.031935,0.000000,0.028785,-0.028785,68,80,-12,0.850000,0.193548,24,44,56,6,5,1.406802,1.454328,0.691176,0.662500
paper-13711-topk-5-depth-2,5,2,5,5,1.000000,0.968065,0.031935,0.000000,0.028785,-0.028785,20120,21338,-1218,0.942919,0.574374,15125,4995,6213,36,38,1.949837,2.353599,0.624652,0.493111
paper-13711-topk-10-depth-0,10,0,10,10,1.000000,0.961646,0.038354,0.000000,0.037075,-0.037075,10,10,0,1.000000,0.052632,1,9,9,3,2,1.156780,0.881291,0.700000,0.700000
paper-13711-topk-10-depth-1,10,1,10,10,1.000000,0.961646,0.038354,0.000000,0.037075,-0.037075,96,155,-59,0.619355,0.162037,35,61,120,10,10,2.125505,1.983053,0.552083,0.554839
paper-13711-topk-10-depth-2,10,2,10,10,1.000000,0.961646,0.038354,0.000000,0.037075,-0.037075,30285,34165,-3880,0.886433,0.781863,28280,2005,5885,38,38,2.476715,2.476817,0.468384,0.470569
paper-121199-topk-1-depth-0,1,0,1,1,1.000000,0.999351,0.000649,,,,1,1,0,1.000000,0.000000,0,1,1,1,1,0.000000,0.000000,1.000000,1.000000
paper-121199-topk-1-depth-1,1,1,1,1,1.000000,0.999351,0.000649,,,,20,29,-9,0.689655,0.000000,0,20,29,3,5,1.278898,2.166978,0.650000,0.310345
paper-121199-topk-1-depth-2,1,2,1,1,1.000000,0.999351,0.000649,,,,239,2603,-2364,0.091817,0.000352,1,238,2602,14,33,1.888804,2.365325,0.661088,0.458701
paper-121199-topk-3-depth-0,3,0,3,3,1.000000,0.979469,0.020531,0.000000,0.000000,0.000000,3,3,0,1.000000,0.000000,0,3,3,2,2,0.918296,0.918296,0.666667,0.666667
paper-121199-topk-3-depth-1,3,1,3,3,1.000000,0.979469,0.020531,0.000000,0.000000,0.000000,45,88,-43,0.511364,0.000000,0,45,88,5,12,1.599649,2.829267,0.444444,0.375000
paper-121199-topk-3-depth-2,3,2,3,3,1.000000,0.979469,0.020531,0.000000,0.000000,0.000000,15342,3903,11439,3.930822,0.069404,1249,14093,2654,38,37,2.685580,2.517863,0.342719,0.475788
paper-121199-topk-5-depth-0,5,0,5,5,1.000000,0.971753,0.028247,0.000000,0.000000,0.000000,5,5,0,1.000000,0.111111,1,4,4,3,2,1.521928,0.970951,0.400000,0.600000
paper-121199-topk-5-depth-1,5,1,5,5,1.000000,0.971753,0.028247,0.000000,0.000000,0.000000,122,121,1,1.008264,0.306452,57,65,64,15,14,2.911947,2.987353,0.360656,0.297521
paper-121199-topk-5-depth-2,5,2,5,5,1.000000,0.971753,0.028247,0.000000,0.000000,0.000000,16666,4159,12507,4.007213,0.128543,2372,14294,1787,38,37,2.786902,2.644221,0.320233,0.448425
paper-121199-topk-10-depth-0,10,0,10,10,1.000000,0.965886,0.034114,0.000000,0.000000,0.000000,10,10,0,1.000000,0.052632,1,9,9,4,3,1.685475,1.570951,0.500000,0.400000
paper-121199-topk-10-depth-1,10,1,10,10,1.000000,0.965886,0.034114,0.000000,0.000000,0.000000,285,160,125,1.781250,0.015982,7,278,153,16,17,2.163009,3.102244,0.582456,0.331250
paper-121199-topk-10-depth-2,10,2,10,10,1.000000,0.965886,0.034114,0.000000,0.000000,0.000000,19675,6141,13534,3.203876,0.104428,2441,17234,3700,38,38,2.655744,2.812117,0.366150,0.312327
paper-139673-topk-1-depth-0,1,0,1,1,1.000000,0.965445,0.034555,,,,1,1,0,1.000000,0.000000,0,1,1,1,1,0.000000,0.000000,1.000000,1.000000
paper-139673-topk-1-depth-1,1,1,1,1,1.000000,0.965445,0.034555,,,,18,17,1,1.058824,0.060606,2,16,15,1,2,0.000000,0.322757,1.000000,0.941176
paper-139673-topk-1-depth-2,1,2,1,1,1.000000,0.965445,0.034555,,,,5509,15686,-10177,0.351205,0.191735,3410,2099,12276,28,36,2.077482,2.562263,0.622799,0.312062
paper-139673-topk-3-depth-0,3,0,3,3,1.000000,0.979128,0.020872,0.000000,0.034188,-0.034188,3,3,0,1.000000,0.200000,1,2,2,1,2,0.000000,0.918296,1.000000,0.666667
paper-139673-topk-3-depth-1,3,1,3,3,1.000000,0.979128,0.020872,0.000000,0.034188,-0.034188,35,45,-10,0.777778,0.355932,21,14,24,3,4,0.373140,0.459024,0.942857,0.933333
paper-139673-topk-3-depth-2,3,2,3,3,1.000000,0.979128,0.020872,0.000000,0.034188,-0.034188,10640,12542,-1902,0.848350,0.686577,9437,1203,3105,35,35,2.244000,2.313876,0.564662,0.534683
paper-139673-topk-5-depth-0,5,0,5,5,1.000000,0.974281,0.025719,0.000000,0.010256,-0.010256,5,5,0,1.000000,0.250000,2,3,3,1,2,0.000000,0.970951,1.000000,0.600000
paper-139673-topk-5-depth-1,5,1,5,5,1.000000,0.974281,0.025719,0.000000,0.010256,-0.010256,49,53,-4,0.924528,0.342105,26,23,27,4,4,0.429325,0.651210,0.938776,0.886792
paper-139673-topk-5-depth-2,5,2,5,5,1.000000,0.974281,0.025719,0.000000,0.010256,-0.010256,22097,12582,9515,1.756239,0.415758,10184,11913,2398,36,35,2.394813,2.311216,0.397158,0.535447
paper-139673-topk-10-depth-0,10,0,10,10,1.000000,0.969564,0.030436,0.000000,0.009979,-0.009979,10,10,0,1.000000,0.052632,1,9,9,1,3,0.000000,1.156780,1.000000,0.700000
paper-139673-topk-10-depth-1,10,1,10,10,1.000000,0.969564,0.030436,0.000000,0.009979,-0.009979,93,136,-43,0.683824,0.085308,18,75,118,6,7,0.671314,1.186841,0.903226,0.779412
paper-139673-topk-10-depth-2,10,2,10,10,1.000000,0.969564,0.030436,0.000000,0.009979,-0.009979,23132,26733,-3601,0.865298,0.472769,16007,7125,10726,37,37,2.411447,2.629590,0.396680,0.301537
paper-77739-topk-1-depth-0,1,0,1,1,1.000000,0.952742,0.047258,,,,1,1,0,1.000000,0.000000,0,1,1,1,1,0.000000,0.000000,1.000000,1.000000
paper-77739-topk-1-depth-1,1,1,1,1,1.000000,0.952742,0.047258,,,,2,8,-6,0.250000,0.000000,0,2,8,1,4,0.000000,1.750000,1.000000,0.500000
paper-77739-topk-1-depth-2,1,2,1,1,1.000000,0.952742,0.047258,,,,17,25637,-25620,0.000663,0.000390,10,7,25627,5,36,2.063559,2.462803,0.411765,0.452120
paper-77739-topk-3-depth-0,3,0,3,3,1.000000,0.951271,0.048729,0.000000,0.000000,0.000000,3,3,0,1.000000,0.000000,0,3,3,3,3,1.584963,1.584963,0.333333,0.333333
paper-77739-topk-3-depth-1,3,1,3,3,1.000000,0.951271,0.048729,0.000000,0.000000,0.000000,9,15,-6,0.600000,0.000000,0,9,15,5,6,2.197160,2.289246,0.333333,0.400000
paper-77739-topk-3-depth-2,3,2,3,3,1.000000,0.951271,0.048729,0.000000,0.000000,0.000000,1971,26699,-24728,0.073823,0.053424,1454,517,25245,29,36,2.032935,2.518585,0.538813,0.435447
paper-77739-topk-5-depth-0,5,0,5,5,1.000000,0.950838,0.049162,0.000000,0.000000,0.000000,5,5,0,1.000000,0.000000,0,5,5,4,4,1.921928,1.921928,0.400000,0.400000
paper-77739-topk-5-depth-1,5,1,5,5,1.000000,0.950838,0.049162,0.000000,0.000000,0.000000,26,24,2,1.083333,0.000000,0,26,24,8,8,2.507380,2.312907,0.307692,0.500000
paper-77739-topk-5-depth-2,5,2,5,5,1.000000,0.950838,0.049162,0.000000,0.000000,0.000000,3220,26958,-23738,0.119445,0.054401,1557,1663,25401,32,36,2.622620,2.521137,0.332298,0.434713
paper-77739-topk-10-depth-0,10,0,10,10,1.000000,0.950174,0.049826,0.000000,0.000000,0.000000,10,10,0,1.000000,0.000000,0,10,10,8,7,2.921928,2.646439,0.200000,0.300000
paper-77739-topk-10-depth-1,10,1,10,10,1.000000,0.950174,0.049826,0.000000,0.000000,0.000000,80,70,10,1.142857,0.013514,2,78,68,16,12,3.627288,2.830438,0.187500,0.285714
paper-77739-topk-10-depth-2,10,2,10,10,1.000000,0.950174,0.049826,0.000000,0.000000,0.000000,17941,30362,-12421,0.590903,0.485743,15792,2149,14570,39,37,2.581066,2.590871,0.489995,0.396482
paper-20961-topk-1-depth-0,1,0,1,1,1.000000,0.954767,0.045233,,,,1,1,0,1.000000,0.000000,0,1,1,1,1,0.000000,0.000000,1.000000,1.000000
paper-20961-topk-1-depth-1,1,1,1,1,1.000000,0.954767,0.045233,,,,7,12,-5,0.583333,0.461538,6,1,6,2,3,0.863121,1.500000,0.714286,0.500000
paper-20961-topk-1-depth-2,1,2,1,1,1.000000,0.954767,0.045233,,,,89,119,-30,0.747899,0.677419,84,5,35,5,7,1.776724,1.975080,0.483146,0.403361
paper-20961-topk-3-depth-0,3,0,3,3,1.000000,0.960697,0.039303,0.000000,0.315064,-0.315064,3,3,0,1.000000,0.200000,1,2,2,3,2,1.584963,0.918296,0.333333,0.666667
paper-20961-topk-3-depth-1,3,1,3,3,1.000000,0.960697,0.039303,0.000000,0.315064,-0.315064,14,19,-5,0.736842,0.269231,7,7,12,3,4,1.577406,1.573789,0.357143,0.578947
paper-20961-topk-3-depth-2,3,2,3,3,1.000000,0.960697,0.039303,0.000000,0.315064,-0.315064,108,194,-86,0.556701,0.417840,89,19,105,5,11,2.088534,2.121757,0.398148,0.453608
paper-20961-topk-5-depth-0,5,0,5,5,1.000000,0.944975,0.055025,0.000000,0.188479,-0.188479,5,5,0,1.000000,0.111111,1,4,4,4,3,1.921928,1.370951,0.400000,0.600000
paper-20961-topk-5-depth-1,5,1,5,5,1.000000,0.944975,0.055025,0.000000,0.188479,-0.188479,26,61,-35,0.426230,0.087500,7,19,54,7,4,2.455034,1.538279,0.269231,0.590164
paper-20961-topk-5-depth-2,5,2,5,5,1.000000,0.944975,0.055025,0.000000,0.188479,-0.188479,247,348,-101,0.709770,0.175889,89,158,259,15,13,2.815487,2.287845,0.315789,0.431034
paper-20961-topk-10-depth-0,10,0,10,10,1.000000,0.932803,0.067197,0.000000,0.066478,-0.066478,10,10,0,1.000000,0.052632,1,9,9,7,6,2.521928,2.321928,0.400000,0.400000
paper-20961-topk-10-depth-1,10,1,10,10,1.000000,0.932803,0.067197,0.000000,0.066478,-0.066478,74,157,-83,0.471338,0.031250,7,67,150,12,9,2.966599,2.158619,0.324324,0.471338
paper-20961-topk-10-depth-2,10,2,10,10,1.000000,0.932803,0.067197,0.000000,0.066478,-0.066478,610,13463,-12853,0.045309,0.007229,101,509,13362,25,38,3.137635,2.630634,0.396721,0.470326
paper-33706-topk-1-depth-0,1,0,1,1,1.000000,0.998913,0.001087,,,,1,1,0,1.000000,1.000000,1,0,0,1,1,0.000000,0.000000,1.000000,1.000000
paper-33706-topk-1-depth-1,1,1,1,1,1.000000,0.998913,0.001087,,,,59,59,0,1.000000,1.000000,59,0,0,7,7,1.658652,1.658652,0.576271,0.576271
paper-33706-topk-1-depth-2,1,2,1,1,1.000000,0.998913,0.001087,,,,8067,8067,0,1.000000,1.000000,8067,0,0,36,36,2.407911,2.407911,0.428164,0.428164
paper-33706-topk-3-depth-0,3,0,3,3,1.000000,0.979262,0.020738,0.000000,0.000000,0.000000,3,3,0,1.000000,0.200000,1,2,2,1,1,0.000000,0.000000,1.000000,1.000000
paper-33706-topk-3-depth-1,3,1,3,3,1.000000,0.979262,0.020738,0.000000,0.000000,0.000000,73,63,10,1.158730,0.766234,59,14,4,8,7,1.878604,1.675827,0.575342,0.587302
paper-33706-topk-3-depth-2,3,2,3,3,1.000000,0.979262,0.020738,0.000000,0.000000,0.000000,10054,8079,1975,1.244461,0.801411,8067,1987,12,38,36,2.537941,2.409918,0.347225,0.427528
paper-33706-topk-5-depth-0,5,0,5,5,1.000000,0.972921,0.027079,0.000000,0.005714,-0.005714,5,5,0,1.000000,0.111111,1,4,4,2,2,0.721928,0.721928,0.800000,0.800000
paper-33706-topk-5-depth-1,5,1,5,5,1.000000,0.972921,0.027079,0.000000,0.005714,-0.005714,100,85,15,1.176471,0.480000,60,40,25,10,13,2.034563,2.255488,0.570000,0.529412
paper-33706-topk-5-depth-2,5,2,5,5,1.000000,0.972921,0.027079,0.000000,0.005714,-0.005714,30683,13087,17596,2.344540,0.401627,12542,18141,545,38,36,2.518148,2.485518,0.429521,0.350500
paper-33706-topk-10-depth-0,10,0,10,10,1.000000,0.966589,0.033411,0.000000,0.001893,-0.001893,10,10,0,1.000000,0.052632,1,9,9,7,3,2.521928,0.921928,0.400000,0.800000
paper-33706-topk-10-depth-1,10,1,10,10,1.000000,0.966589,0.033411,0.000000,0.001893,-0.001893,60,178,-118,0.337079,0.043860,10,50,168,12,17,2.931583,2.401942,0.333333,0.567416
paper-33706-topk-10-depth-2,10,2,10,10,1.000000,0.966589,0.033411,0.000000,0.001893,-0.001893,28880,36949,-8069,0.781618,0.648527,25897,2983,11052,38,39,2.585707,2.580615,0.401073,0.417007
paper-147763-topk-1-depth-0,1,0,1,1,1.000000,0.999841,0.000159,,,,1,1,0,1.000000,0.000000,0,1,1,1,1,0.000000,0.000000,1.000000,1.000000
paper-147763-topk-1-depth-1,1,1,1,1,1.000000,0.999841,0.000159,,,,37,26,11,1.423077,0.000000,0,37,26,3,1,0.581889,0.000000,0.891892,1.000000
paper-147763-topk-1-depth-2,1,2,1,1,1.000000,0.999841,0.000159,,,,14734,12421,2313,1.186217,0.309558,6419,8315,6002,34,34,1.863799,1.498848,0.633704,0.754529
paper-147763-topk-3-depth-0,3,0,3,3,1.000000,0.985937,0.014063,0.000000,0.080000,-0.080000,3,3,0,1.000000,0.200000,1,2,2,1,2,0.000000,0.918296,1.000000,0.666667
paper-147763-topk-3-depth-1,3,1,3,3,1.000000,0.985937,0.014063,0.000000,0.080000,-0.080000,66,78,-12,0.846154,0.484536,47,19,31,3,4,0.550671,0.718580,0.893939,0.871795
paper-147763-topk-3-depth-2,3,2,3,3,1.000000,0.985937,0.014063,0.000000,0.080000,-0.080000,25536,21167,4369,1.206406,0.605300,17610,7926,3557,38,35,2.280340,1.805132,0.516487,0.665706
paper-147763-topk-5-depth-0,5,0,5,5,1.000000,0.982474,0.017526,0.000000,0.067299,-0.067299,5,5,0,1.000000,0.111111,1,4,4,3,2,1.521928,0.721928,0.400000,0.800000
paper-147763-topk-5-depth-1,5,1,5,5,1.000000,0.982474,0.017526,0.000000,0.067299,-0.067299,89,101,-12,0.881188,0.266667,40,49,61,6,4,1.495622,0.640622,0.696629,0.891089
paper-147763-topk-5-depth-2,5,2,5,5,1.000000,0.982474,0.017526,0.000000,0.067299,-0.067299,28312,29242,-930,0.968196,0.819487,25922,2390,3320,38,38,2.349021,2.238279,0.513175,0.540456
paper-147763-topk-10-depth-0,10,0,10,10,1.000000,0.978416,0.021584,0.000000,0.032290,-0.032290,10,10,0,1.000000,0.052632,1,9,9,4,2,1.570951,0.468996,0.600000,0.900000
paper-147763-topk-10-depth-1,10,1,10,10,1.000000,0.978416,0.021584,0.000000,0.032290,-0.032290,283,212,71,1.334906,0.170213,72,211,140,10,5,1.122657,0.519158,0.823322,0.924528
paper-147763-topk-10-depth-2,10,2,10,10,1.000000,0.978416,0.021584,0.000000,0.032290,-0.032290,31825,31378,447,1.014246,0.873403,29466,2359,1912,38,38,2.336928,2.230309,0.528767,0.547358
paper-29845-topk-1-depth-0,1,0,1,1,1.000000,0.998285,0.001715,,,,1,1,0,1.000000,0.000000,0,1,1,1,1,0.000000,0.000000,1.000000,1.000000
paper-29845-topk-1-depth-1,1,1,1,1,1.000000,0.998285,0.001715,,,,11,27,-16,0.407407,0.000000,0,11,27,1,4,0.000000,1.326427,1.000000,0.666667
paper-29845-topk-1-depth-2,1,2,1,1,1.000000,0.998285,0.001715,,,,1079,23957,-22878,0.045039,0.026655,650,429,23307,12,36,0.515355,2.321346,0.930491,0.492883
paper-29845-topk-3-depth-0,3,0,3,3,1.000000,0.972336,0.027664,0.000000,0.000000,0.000000,3,3,0,1.000000,0.200000,1,2,2,2,1,0.918296,0.000000,0.666667,1.000000
paper-29845-topk-3-depth-1,3,1,3,3,1.000000,0.972336,0.027664,0.000000,0.000000,0.000000,61,42,19,1.452381,0.355263,27,34,15,4,4,1.435081,1.233753,0.573770,0.666667
paper-29845-topk-3-depth-2,3,2,3,3,1.000000,0.972336,0.027664,0.000000,0.000000,0.000000,26022,29274,-3252,0.888912,0.806468,24686,1336,4588,36,38,2.308510,2.314414,0.500192,0.507481
paper-29845-topk-5-depth-0,5,0,5,5,1.000000,0.967247,0.032753,0.000000,0.002174,-0.002174,5,5,0,1.000000,0.250000,2,3,3,3,2,1.370951,0.721928,0.600000,0.800000
paper-29845-topk-5-depth-1,5,1,5,5,1.000000,0.967247,0.032753,0.000000,0.002174,-0.002174,73,71,2,1.028169,0.358491,38,35,33,6,6,1.924663,1.354268,0.493151,0.690141
paper-29845-topk-5-depth-2,5,2,5,5,1.000000,0.967247,0.032753,0.000000,0.002174,-0.002174,27162,28716,-1554,0.945884,0.811515,25032,2130,3684,38,38,2.407146,2.284207,0.479714,0.514382
paper-29845-topk-10-depth-0,10,0,10,10,1.000000,0.963073,0.036927,0.000000,0.002887,-0.002887,10,10,0,1.000000,0.000000,0,10,10,3,2,1.156780,0.721928,0.700000,0.800000
paper-29845-topk-10-depth-1,10,1,10,10,1.000000,0.963073,0.036927,0.000000,0.002887,-0.002887,120,113,7,1.061947,0.040179,9,111,104,7,7,1.780908,1.303653,0.491667,0.725664
paper-29845-topk-10-depth-2,10,2,10,10,1.000000,0.963073,0.036927,0.000000,0.002887,-0.002887,29084,33213,-4129,0.875681,0.661298,24798,4286,8415,38,38,2.448786,2.312567,0.467714,0.514768
paper-106573-topk-1-depth-0,1,0,1,1,1.000000,0.998260,0.001740,,,,1,1,0,1.000000,0.000000,0,1,1,1,1,0.000000,0.000000,1.000000,1.000000
paper-106573-topk-1-depth-1,1,1,1,1,1.000000,0.998260,0.001740,,,,22,66,-44,0.333333,0.060241,5,17,61,2,10,0.845351,1.735849,0.727273,0.606061
paper-106573-topk-1-depth-2,1,2,1,1,1.000000,0.998260,0.001740,,,,1009,1420,-411,0.710563,0.175702,363,646,1057,16,26,1.309826,2.233580,0.706640,0.542254
paper-106573-topk-3-depth-0,3,0,3,3,1.000000,0.985510,0.014490,0.000000,0.031138,-0.031138,3,3,0,1.000000,0.000000,0,3,3,3,2,1.584963,0.918296,0.333333,0.666667
paper-106573-topk-3-depth-1,3,1,3,3,1.000000,0.985510,0.014490,0.000000,0.031138,-0.031138,9,218,-209,0.041284,0.000000,0,9,218,6,11,2.419382,1.609691,0.333333,0.577982
paper-106573-topk-3-depth-2,3,2,3,3,1.000000,0.985510,0.014490,0.000000,0.031138,-0.031138,55,3136,-3081,0.017538,0.003775,12,43,3124,9,33,2.044042,2.249769,0.527273,0.555804
paper-106573-topk-5-depth-0,5,0,5,5,1.000000,0.980699,0.019301,0.000000,0.021407,-0.021407,5,5,0,1.000000,0.000000,0,5,5,4,2,1.921928,0.970951,0.400000,0.600000
paper-106573-topk-5-depth-1,5,1,5,5,1.000000,0.980699,0.019301,0.000000,0.021407,-0.021407,77,226,-149,0.340708,0.052083,15,62,211,14,11,2.669342,1.595525,0.402597,0.575221
paper-106573-topk-5-depth-2,5,2,5,5,1.000000,0.980699,0.019301,0.000000,0.021407,-0.021407,12970,3192,9778,4.063283,0.137929,1959,11011,1233,36,34,2.667900,2.237522,0.469776,0.558584
paper-106573-topk-10-depth-0,10,0,10,10,1.000000,0.975236,0.024764,0.000000,0.011498,-0.011498,10,10,0,1.000000,0.111111,2,8,8,6,3,2.321928,1.360964,0.400000,0.500000
paper-106573-topk-10-depth-1,10,1,10,10,1.000000,0.975236,0.024764,0.000000,0.011498,-0.011498,130,476,-346,0.273109,0.076377,43,87,433,19,15,3.105544,1.499124,0.369231,0.684874
paper-106573-topk-10-depth-2,10,2,10,10,1.000000,0.975236,0.024764,0.000000,0.011498,-0.011498,15328,16185,-857,0.947050,0.695250,12924,2404,3261,39,37,2.804318,2.769135,0.428236,0.382638
paper-42951-topk-1-depth-0,1,0,1,1,1.000000,0.998774,0.001226,,,,1,1,0,1.000000,0.000000,0,1,1,1,1,0.000000,0.000000,1.000000,1.000000
paper-42951-topk-1-depth-1,1,1,1,1,1.000000,0.998774,0.001226,,,,18,5,13,3.600000,0.000000,0,18,5,3,2,0.986427,0.721928,0.777778,0.800000
paper-42951-topk-1-depth-2,1,2,1,1,1.000000,0.998774,0.001226,,,,108,11,97,9.818182,0.000000,0,108,11,9,4,1.412566,1.617190,0.759259,0.545455
paper-42951-topk-3-depth-0,3,0,3,3,1.000000,0.960634,0.039366,0.000000,0.066667,-0.066667,3,3,0,1.000000,0.000000,0,3,3,3,3,1.584963,1.584963,0.333333,0.333333
paper-42951-topk-3-depth-1,3,1,3,3,1.000000,0.960634,0.039366,0.000000,0.066667,-0.066667,26,15,11,1.733333,0.000000,0,26,15,5,5,1.793992,2.072906,0.538462,0.400000
paper-42951-topk-3-depth-2,3,2,3,3,1.000000,0.960634,0.039366,0.000000,0.066667,-0.066667,158,211,-53,0.748815,0.000000,0,158,211,12,14,2.253370,2.547601,0.544304,0.364929
paper-42951-topk-5-depth-0,5,0,5,5,1.000000,0.953824,0.046176,0.000000,0.230000,-0.230000,5,5,0,1.000000,0.000000,0,5,5,4,3,1.921928,1.370951,0.400000,0.600000
paper-42951-topk-5-depth-1,5,1,5,5,1.000000,0.953824,0.046176,0.000000,0.230000,-0.230000,42,17,25,2.470588,0.000000,0,42,17,6,5,2.132177,2.094857,0.357143,0.352941
paper-42951-topk-5-depth-2,5,2,5,5,1.000000,0.953824,0.046176,0.000000,0.230000,-0.230000,234,219,15,1.068493,0.000000,0,234,219,15,14,2.638269,2.652608,0.367521,0.351598
paper-42951-topk-10-depth-0,10,0,10,10,1.000000,0.943804,0.056196,0.000000,0.080104,-0.080104,10,10,0,1.000000,0.052632,1,9,9,5,4,2.121928,1.846439,0.400000,0.400000
paper-42951-topk-10-depth-1,10,1,10,10,1.000000,0.943804,0.056196,0.000000,0.080104,-0.080104,64,54,10,1.185185,0.026087,3,61,51,9,9,2.522481,2.412581,0.437500,0.444444
paper-42951-topk-10-depth-2,10,2,10,10,1.000000,0.943804,0.056196,0.000000,0.080104,-0.080104,496,430,66,1.153488,0.022075,20,476,410,16,16,2.703584,2.992960,0.467742,0.274419
paper-60267-topk-1-depth-0,1,0,1,1,1.000000,0.997984,0.002016,,,,1,1,0,1.000000,0.000000,0,1,1,1,1,0.000000,0.000000,1.000000,1.000000
paper-60267-topk-1-depth-1,1,1,1,1,1.000000,0.997984,0.002016,,,,4,5,-1,0.800000,0.000000,0,4,5,2,2,1.000000,0.721928,0.500000,0.800000
paper-60267-topk-1-depth-2,1,2,1,1,1.000000,0.997984,0.002016,,,,25,55,-30,0.454545,0.025641,2,23,53,3,4,1.131315,1.232818,0.720000,0.709091
paper-60267-topk-3-depth-0,3,0,3,3,1.000000,0.973887,0.026113,0.000000,0.000000,0.000000,3,3,0,1.000000,0.000000,0,3,3,1,2,0.000000,0.918296,1.000000,0.666667
paper-60267-topk-3-depth-1,3,1,3,3,1.000000,0.973887,0.026113,0.000000,0.000000,0.000000,35,17,18,2.058824,0.000000,0,35,17,2,4,0.315997,1.450467,0.942857,0.588235
paper-60267-topk-3-depth-2,3,2,3,3,1.000000,0.973887,0.026113,0.000000,0.000000,0.000000,138,139,-1,0.992806,0.003623,1,137,138,9,6,0.706511,1.887578,0.905797,0.460432
paper-60267-topk-5-depth-0,5,0,5,5,1.000000,0.968233,0.031767,0.000000,0.000000,0.000000,5,5,0,1.000000,0.111111,1,4,4,2,2,0.721928,0.970951,0.800000,0.600000
paper-60267-topk-5-depth-1,5,1,5,5,1.000000,0.968233,0.031767,0.000000,0.000000,0.000000,46,28,18,1.642857,0.057143,4,42,24,6,4,1.327156,1.222994,0.760870,0.678571
paper-60267-topk-5-depth-2,5,2,5,5,1.000000,0.968233,0.031767,0.000000,0.000000,0.000000,356,363,-7,0.980716,0.037518,26,330,337,21,7,3.169912,1.284872,0.370787,0.732782
paper-60267-topk-10-depth-0,10,0,10,10,1.000000,0.963166,0.036834,0.000000,0.000000,0.000000,10,10,0,1.000000,0.000000,0,10,10,5,4,1.770951,1.760964,0.600000,0.500000
paper-60267-topk-10-depth-1,10,1,10,10,1.000000,0.963166,0.036834,0.000000,0.000000,0.000000,74,61,13,1.213115,0.007463,1,73,60,8,6,1.639351,1.805124,0.689189,0.606557
paper-60267-topk-10-depth-2,10,2,10,10,1.000000,0.963166,0.036834,0.000000,0.000000,0.000000,905,933,-28,0.969989,0.035493,63,842,870,23,18,2.270815,1.512986,0.630939,0.751340