query_id,query_file,phase,method,run_index,latency_ms,row_count,result_node_ids_match,seed_ids_match
paper-93434-topk-1-depth-0,rag_retrieve.cql,measured,native_rag,0,1.748833,1,TRUE,
paper-93434-topk-1-depth-1,rag_retrieve.cql,measured,native_rag,0,1.623417,16,TRUE,
paper-93434-topk-1-depth-2,rag_retrieve.cql,measured,native_rag,0,13.207167,699,TRUE,
paper-93434-topk-3-depth-0,rag_retrieve.cql,measured,native_rag,0,1.910167,3,TRUE,
paper-93434-topk-3-depth-1,rag_retrieve.cql,measured,native_rag,0,2.379292,28,TRUE,
paper-93434-topk-3-depth-2,rag_retrieve.cql,measured,native_rag,0,17.239375,898,TRUE,
paper-93434-topk-5-depth-0,rag_retrieve.cql,measured,native_rag,0,2.053375,5,TRUE,
paper-93434-topk-5-depth-1,rag_retrieve.cql,measured,native_rag,0,2.573709,47,TRUE,
paper-93434-topk-5-depth-2,rag_retrieve.cql,measured,native_rag,0,28.482083,1536,TRUE,
paper-93434-topk-10-depth-0,rag_retrieve.cql,measured,native_rag,0,5.255417,10,TRUE,
paper-93434-topk-10-depth-1,rag_retrieve.cql,measured,native_rag,0,6.771542,95,TRUE,
paper-93434-topk-10-depth-2,rag_retrieve.cql,measured,native_rag,0,61.674625,3297,TRUE,
paper-66941-topk-1-depth-0,rag_retrieve.cql,measured,native_rag,0,1.209791,1,TRUE,
paper-66941-topk-1-depth-1,rag_retrieve.cql,measured,native_rag,0,1.293500,14,TRUE,
paper-66941-topk-1-depth-2,rag_retrieve.cql,measured,native_rag,0,37.581125,2152,TRUE,
paper-66941-topk-3-depth-0,rag_retrieve.cql,measured,native_rag,0,1.465458,3,TRUE,
paper-66941-topk-3-depth-1,rag_retrieve.cql,measured,native_rag,0,2.333125,54,TRUE,
paper-66941-topk-3-depth-2,rag_retrieve.cql,measured,native_rag,0,360.725833,21121,TRUE,
paper-66941-topk-5-depth-0,rag_retrieve.cql,measured,native_rag,0,2.054416,5,TRUE,
paper-66941-topk-5-depth-1,rag_retrieve.cql,measured,native_rag,0,3.334125,97,TRUE,
paper-66941-topk-5-depth-2,rag_retrieve.cql,measured,native_rag,0,509.288458,29423,TRUE,
paper-66941-topk-10-depth-0,rag_retrieve.cql,measured,native_rag,0,7.630042,10,TRUE,
paper-66941-topk-10-depth-1,rag_retrieve.cql,measured,native_rag,0,9.917292,187,TRUE,
paper-66941-topk-10-depth-2,rag_retrieve.cql,measured,native_rag,0,632.803542,37174,TRUE,
paper-109568-topk-1-depth-0,rag_retrieve.cql,measured,native_rag,0,0.887292,1,TRUE,
paper-109568-topk-1-depth-1,rag_retrieve.cql,measured,native_rag,0,1.225500,20,TRUE,
paper-109568-topk-1-depth-2,rag_retrieve.cql,measured,native_rag,0,388.575958,22983,TRUE,
paper-109568-topk-3-depth-0,rag_retrieve.cql,measured,native_rag,0,1.409584,3,TRUE,
paper-109568-topk-3-depth-1,rag_retrieve.cql,measured,native_rag,0,2.817542,101,TRUE,
paper-109568-topk-3-depth-2,rag_retrieve.cql,measured,native_rag,0,527.616792,31220,TRUE,
paper-109568-topk-5-depth-0,rag_retrieve.cql,measured,native_rag,0,2.031125,5,TRUE,
paper-109568-topk-5-depth-1,rag_retrieve.cql,measured,native_rag,0,5.386208,208,TRUE,
paper-109568-topk-5-depth-2,rag_retrieve.cql,measured,native_rag,0,539.132125,31640,TRUE,
paper-109568-topk-10-depth-0,rag_retrieve.cql,measured,native_rag,0,7.763208,10,TRUE,
paper-109568-topk-10-depth-1,rag_retrieve.cql,measured,native_rag,0,16.865958,249,TRUE,
paper-109568-topk-10-depth-2,rag_retrieve.cql,measured,native_rag,0,588.085625,33045,TRUE,
paper-167843-topk-1-depth-0,rag_retrieve.cql,measured,native_rag,0,1.038291,1,TRUE,
paper-167843-topk-1-depth-1,rag_retrieve.cql,measured,native_rag,0,1.030834,2,TRUE,
paper-167843-topk-1-depth-2,rag_retrieve.cql,measured,native_rag,0,1.052708,6,TRUE,
paper-167843-topk-3-depth-0,rag_retrieve.cql,measured,native_rag,0,1.216708,3,TRUE,
paper-167843-topk-3-depth-1,rag_retrieve.cql,measured,native_rag,0,1.322791,8,TRUE,
paper-167843-topk-3-depth-2,rag_retrieve.cql,measured,native_rag,0,1.574834,23,TRUE,
paper-167843-topk-5-depth-0,rag_retrieve.cql,measured,native_rag,0,1.689125,5,TRUE,
paper-167843-topk-5-depth-1,rag_retrieve.cql,measured,native_rag,0,2.320375,45,TRUE,
paper-167843-topk-5-depth-2,rag_retrieve.cql,measured,native_rag,0,5.425833,220,TRUE,
paper-167843-topk-10-depth-0,rag_retrieve.cql,measured,native_rag,0,2.585625,10,TRUE,
paper-167843-topk-10-depth-1,rag_retrieve.cql,measured,native_rag,0,3.792875,69,TRUE,
paper-167843-topk-10-depth-2,rag_retrieve.cql,measured,native_rag,0,9.747542,441,TRUE,
paper-138092-topk-1-depth-0,rag_retrieve.cql,measured,native_rag,0,0.961417,1,TRUE,
paper-138092-topk-1-depth-1,rag_retrieve.cql,measured,native_rag,0,1.010000,7,TRUE,
paper-138092-topk-1-depth-2,rag_retrieve.cql,measured,native_rag,0,1.543166,39,TRUE,
paper-138092-topk-3-depth-0,rag_retrieve.cql,measured,native_rag,0,1.233250,3,TRUE,
paper-138092-topk-3-depth-1,rag_retrieve.cql,measured,native_rag,0,1.642167,25,TRUE,
paper-138092-topk-3-depth-2,rag_retrieve.cql,measured,native_rag,0,57.297167,3380,TRUE,
paper-138092-topk-5-depth-0,rag_retrieve.cql,measured,native_rag,0,1.971167,5,TRUE,
paper-138092-topk-5-depth-1,rag_retrieve.cql,measured,native_rag,0,2.700084,63,TRUE,
paper-138092-topk-5-depth-2,rag_retrieve.cql,measured,native_rag,0,332.326042,17164,TRUE,
paper-138092-topk-10-depth-0,rag_retrieve.cql,measured,native_rag,0,5.185416,10,TRUE,
paper-138092-topk-10-depth-1,rag_retrieve.cql,measured,native_rag,0,6.342208,92,TRUE,
paper-138092-topk-10-depth-2,rag_retrieve.cql,measured,native_rag,0,537.485583,30657,TRUE,
paper-23583-topk-1-depth-0,rag_retrieve.cql,measured,native_rag,0,1.285958,1,TRUE,
paper-23583-topk-1-depth-1,rag_retrieve.cql,measured,native_rag,0,1.453750,26,TRUE,
paper-23583-topk-1-depth-2,rag_retrieve.cql,measured,native_rag,0,3.003125,112,TRUE,
paper-23583-topk-3-depth-0,rag_retrieve.cql,measured,native_rag,0,1.355417,3,TRUE,
paper-23583-topk-3-depth-1,rag_retrieve.cql,measured,native_rag,0,1.526083,18,TRUE,
paper-23583-topk-3-depth-2,rag_retrieve.cql,measured,native_rag,0,3.740500,127,TRUE,
paper-23583-topk-5-depth-0,rag_retrieve.cql,measured,native_rag,0,1.686042,5,TRUE,
paper-23583-topk-5-depth-1,rag_retrieve.cql,measured,native_rag,0,3.478083,42,TRUE,
paper-23583-topk-5-depth-2,rag_retrieve.cql,measured,native_rag,0,7.502792,326,TRUE,
paper-23583-topk-10-depth-0,rag_retrieve.cql,measured,native_rag,0,3.847250,10,TRUE,
paper-23583-topk-10-depth-1,rag_retrieve.cql,measured,native_rag,0,6.319834,111,TRUE,
paper-23583-topk-10-depth-2,rag_retrieve.cql,measured,native_rag,0,28.775333,1294,TRUE,
paper-62108-topk-1-depth-0,rag_retrieve.cql,measured,native_rag,0,1.197792,1,TRUE,
paper-62108-topk-1-depth-1,rag_retrieve.cql,measured,native_rag,0,1.099875,3,TRUE,
paper-62108-topk-1-depth-2,rag_retrieve.cql,measured,native_rag,0,1.090167,6,TRUE,
paper-62108-topk-3-depth-0,rag_retrieve.cql,measured,native_rag,0,1.444625,3,TRUE,
paper-62108-topk-3-depth-1,rag_retrieve.cql,measured,native_rag,0,2.184708,42,TRUE,
paper-62108-topk-3-depth-2,rag_retrieve.cql,measured,native_rag,0,344.636583,20350,TRUE,
paper-62108-topk-5-depth-0,rag_retrieve.cql,measured,native_rag,0,1.928708,5,TRUE,
paper-62108-topk-5-depth-1,rag_retrieve.cql,measured,native_rag,0,2.475167,53,TRUE,
paper-62108-topk-5-depth-2,rag_retrieve.cql,measured,native_rag,0,356.769375,21115,TRUE,
paper-62108-topk-10-depth-0,rag_retrieve.cql,measured,native_rag,0,4.203291,10,TRUE,
paper-62108-topk-10-depth-1,rag_retrieve.cql,measured,native_rag,0,4.795083,77,TRUE,
paper-62108-topk-10-depth-2,rag_retrieve.cql,measured,native_rag,0,526.278125,30607,TRUE,
paper-156019-topk-1-depth-0,rag_retrieve.cql,measured,native_rag,0,0.998041,1,TRUE,
paper-156019-topk-1-depth-1,rag_retrieve.cql,measured,native_rag,0,1.125750,10,TRUE,
paper-156019-topk-1-depth-2,rag_retrieve.cql,measured,native_rag,0,3.056291,131,TRUE,
paper-156019-topk-3-depth-0,rag_retrieve.cql,measured,native_rag,0,1.337583,3,TRUE,
paper-156019-topk-3-depth-1,rag_retrieve.cql,measured,native_rag,0,2.011417,46,TRUE,
paper-156019-topk-3-depth-2,rag_retrieve.cql,measured,native_rag,0,142.844875,8442,TRUE,
paper-156019-topk-5-depth-0,rag_retrieve.cql,measured,native_rag,0,2.052875,5,TRUE,
paper-156019-topk-5-depth-1,rag_retrieve.cql,measured,native_rag,0,3.233875,81,TRUE,
paper-156019-topk-5-depth-2,rag_retrieve.cql,measured,native_rag,0,327.753875,19283,TRUE,
paper-156019-topk-10-depth-0,rag_retrieve.cql,measured,native_rag,0,5.131584,10,TRUE,
paper-156019-topk-10-depth-1,rag_retrieve.cql,measured,native_rag,0,6.183333,113,TRUE,
paper-156019-topk-10-depth-2,rag_retrieve.cql,measured,native_rag,0,343.874333,19912,TRUE,
paper-52341-topk-1-depth-0,rag_retrieve.cql,measured,native_rag,0,1.048958,1,TRUE,
paper-52341-topk-1-depth-1,rag_retrieve.cql,measured,native_rag,0,0.964541,2,TRUE,
paper-52341-topk-1-depth-2,rag_retrieve.cql,measured,native_rag,0,1.043500,6,TRUE,
paper-52341-topk-3-depth-0,rag_retrieve.cql,measured,native_rag,0,1.398875,3,TRUE,
paper-52341-topk-3-depth-1,rag_retrieve.cql,measured,native_rag,0,1.398458,9,TRUE,
paper-52341-topk-3-depth-2,rag_retrieve.cql,measured,native_rag,0,1.912416,39,TRUE,
paper-52341-topk-5-depth-0,rag_retrieve.cql,measured,native_rag,0,1.749584,5,TRUE,
paper-52341-topk-5-depth-1,rag_retrieve.cql,measured,native_rag,0,1.962875,19,TRUE,
paper-52341-topk-5-depth-2,rag_retrieve.cql,measured,native_rag,0,3.107042,89,TRUE,
paper-52341-topk-10-depth-0,rag_retrieve.cql,measured,native_rag,0,3.701250,10,TRUE,
paper-52341-topk-10-depth-1,rag_retrieve.cql,measured,native_rag,0,4.662250,61,TRUE,
paper-52341-topk-10-depth-2,rag_retrieve.cql,measured,native_rag,0,28.933458,1515,TRUE,
paper-136171-topk-1-depth-0,rag_retrieve.cql,measured,native_rag,0,0.872833,1,TRUE,
paper-136171-topk-1-depth-1,rag_retrieve.cql,measured,native_rag,0,1.163333,16,TRUE,
paper-136171-topk-1-depth-2,rag_retrieve.cql,measured,native_rag,0,135.690834,8099,TRUE,
paper-136171-topk-3-depth-0,rag_retrieve.cql,measured,native_rag,0,1.611333,3,TRUE,
paper-136171-topk-3-depth-1,rag_retrieve.cql,measured,native_rag,0,1.970875,27,TRUE,
paper-136171-topk-3-depth-2,rag_retrieve.cql,measured,native_rag,0,177.571792,10289,TRUE,
paper-136171-topk-5-depth-0,rag_retrieve.cql,measured,native_rag,0,2.157666,5,TRUE,
paper-136171-topk-5-depth-1,rag_retrieve.cql,measured,native_rag,0,2.690667,55,TRUE,
paper-136171-topk-5-depth-2,rag_retrieve.cql,measured,native_rag,0,204.316292,11669,TRUE,
paper-136171-topk-10-depth-0,rag_retrieve.cql,measured,native_rag,0,5.302958,10,TRUE,
paper-136171-topk-10-depth-1,rag_retrieve.cql,measured,native_rag,0,6.922083,106,TRUE,
paper-136171-topk-10-depth-2,rag_retrieve.cql,measured,native_rag,0,409.700708,23185,TRUE,
paper-107857-topk-1-depth-0,rag_retrieve.cql,measured,native_rag,0,1.251208,1,TRUE,
paper-107857-topk-1-depth-1,rag_retrieve.cql,measured,native_rag,0,1.042333,3,TRUE,
paper-107857-topk-1-depth-2,rag_retrieve.cql,measured,native_rag,0,4.543000,219,TRUE,
paper-107857-topk-3-depth-0,rag_retrieve.cql,measured,native_rag,0,1.208750,3,TRUE,
paper-107857-topk-3-depth-1,rag_retrieve.cql,measured,native_rag,0,1.712666,32,TRUE,
paper-107857-topk-3-depth-2,rag_retrieve.cql,measured,native_rag,0,12.220458,688,TRUE,
paper-107857-topk-5-depth-0,rag_retrieve.cql,measured,native_rag,0,1.585833,5,TRUE,
paper-107857-topk-5-depth-1,rag_retrieve.cql,measured,native_rag,0,2.299500,42,TRUE,
paper-107857-topk-5-depth-2,rag_retrieve.cql,measured,native_rag,0,14.505417,803,TRUE,
paper-107857-topk-10-depth-0,rag_retrieve.cql,measured,native_rag,0,3.415084,10,TRUE,
paper-107857-topk-10-depth-1,rag_retrieve.cql,measured,native_rag,0,4.587000,56,TRUE,
paper-107857-topk-10-depth-2,rag_retrieve.cql,measured,native_rag,0,37.143750,1926,TRUE,
paper-130806-topk-1-depth-0,rag_retrieve.cql,measured,native_rag,0,1.026459,1,TRUE,
paper-130806-topk-1-depth-1,rag_retrieve.cql,measured,native_rag,0,1.022375,5,TRUE,
paper-130806-topk-1-depth-2,rag_retrieve.cql,measured,native_rag,0,1.052542,7,TRUE,
paper-130806-topk-3-depth-0,rag_retrieve.cql,measured,native_rag,0,1.381209,3,TRUE,
paper-130806-topk-3-depth-1,rag_retrieve.cql,measured,native_rag,0,1.575500,26,TRUE,
paper-130806-topk-3-depth-2,rag_retrieve.cql,measured,native_rag,0,6.954834,332,TRUE,
paper-130806-topk-5-depth-0,rag_retrieve.cql,measured,native_rag,0,2.070292,5,TRUE,
paper-130806-topk-5-depth-1,rag_retrieve.cql,measured,native_rag,0,2.098500,30,TRUE,
paper-130806-topk-5-depth-2,rag_retrieve.cql,measured,native_rag,0,8.522083,370,TRUE,
paper-130806-topk-10-depth-0,rag_retrieve.cql,measured,native_rag,0,3.335417,10,TRUE,
paper-130806-topk-10-depth-1,rag_retrieve.cql,measured,native_rag,0,4.000125,80,TRUE,
paper-130806-topk-10-depth-2,rag_retrieve.cql,measured,native_rag,0,26.473542,1451,TRUE,
paper-68953-topk-1-depth-0,rag_retrieve.cql,measured,native_rag,0,0.867584,1,TRUE,
paper-68953-topk-1-depth-1,rag_retrieve.cql,measured,native_rag,0,0.909375,5,TRUE,
paper-68953-topk-1-depth-2,rag_retrieve.cql,measured,native_rag,0,5.679500,293,TRUE,
paper-68953-topk-3-depth-0,rag_retrieve.cql,measured,native_rag,0,1.216625,3,TRUE,
paper-68953-topk-3-depth-1,rag_retrieve.cql,measured,native_rag,0,1.715750,30,TRUE,
paper-68953-topk-3-depth-2,rag_retrieve.cql,measured,native_rag,0,12.923125,742,TRUE,
paper-68953-topk-5-depth-0,rag_retrieve.cql,measured,native_rag,0,1.356250,5,TRUE,
paper-68953-topk-5-depth-1,rag_retrieve.cql,measured,native_rag,0,2.231958,55,TRUE,
paper-68953-topk-5-depth-2,rag_retrieve.cql,measured,native_rag,0,37.750417,2226,TRUE,
paper-68953-topk-10-depth-0,rag_retrieve.cql,measured,native_rag,0,3.013500,10,TRUE,
paper-68953-topk-10-depth-1,rag_retrieve.cql,measured,native_rag,0,4.218625,82,TRUE,
paper-68953-topk-10-depth-2,rag_retrieve.cql,measured,native_rag,0,46.446500,2657,TRUE,
paper-38214-topk-1-depth-0,rag_retrieve.cql,measured,native_rag,0,0.886917,1,TRUE,
paper-38214-topk-1-depth-1,rag_retrieve.cql,measured,native_rag,0,0.923583,6,TRUE,
paper-38214-topk-1-depth-2,rag_retrieve.cql,measured,native_rag,0,7.534166,409,TRUE,
paper-38214-topk-3-depth-0,rag_retrieve.cql,measured,native_rag,0,1.297959,3,TRUE,
paper-38214-topk-3-depth-1,rag_retrieve.cql,measured,native_rag,0,2.101416,57,TRUE,
paper-38214-topk-3-depth-2,rag_retrieve.cql,measured,native_rag,0,525.735458,31056,TRUE,
paper-38214-topk-5-depth-0,rag_retrieve.cql,measured,native_rag,0,1.939208,5,TRUE,
paper-38214-topk-5-depth-1,rag_retrieve.cql,measured,native_rag,0,2.841083,73,TRUE,
paper-38214-topk-5-depth-2,rag_retrieve.cql,measured,native_rag,0,528.700333,31124,TRUE,
paper-38214-topk-10-depth-0,rag_retrieve.cql,measured,native_rag,0,4.744125,10,TRUE,
paper-38214-topk-10-depth-1,rag_retrieve.cql,measured,native_rag,0,5.330541,81,TRUE,
paper-38214-topk-10-depth-2,rag_retrieve.cql,measured,native_rag,0,566.923541,33555,TRUE,
paper-42286-topk-1-depth-0,rag_retrieve.cql,measured,native_rag,0,1.121250,1,TRUE,
paper-42286-topk-1-depth-1,rag_retrieve.cql,measured,native_rag,0,0.926209,2,TRUE,
paper-42286-topk-1-depth-2,rag_retrieve.cql,measured,native_rag,0,0.894834,3,TRUE,
paper-42286-topk-3-depth-0,rag_retrieve.cql,measured,native_rag,0,1.244083,3,TRUE,
paper-42286-topk-3-depth-1,rag_retrieve.cql,measured,native_rag,0,1.558167,23,TRUE,
paper-42286-topk-3-depth-2,rag_retrieve.cql,measured,native_rag,0,2.882125,102,TRUE,
paper-42286-topk-5-depth-0,rag_retrieve.cql,measured,native_rag,0,1.676500,5,TRUE,
paper-42286-topk-5-depth-1,rag_retrieve.cql,measured,native_rag,0,2.132542,33,TRUE,
paper-42286-topk-5-depth-2,rag_retrieve.cql,measured,native_rag,0,4.974542,213,TRUE,
paper-42286-topk-10-depth-0,rag_retrieve.cql,measured,native_rag,0,2.941875,10,TRUE,
paper-42286-topk-10-depth-1,rag_retrieve.cql,measured,native_rag,0,3.510625,52,TRUE,
paper-42286-topk-10-depth-2,rag_retrieve.cql,measured,native_rag,0,7.139125,256,TRUE,
paper-43210-topk-1-depth-0,rag_retrieve.cql,measured,native_rag,0,0.871834,1,TRUE,
paper-43210-topk-1-depth-1,rag_retrieve.cql,measured,native_rag,0,0.932625,8,TRUE,
paper-43210-topk-1-depth-2,rag_retrieve.cql,measured,native_rag,0,3.501792,146,TRUE,
paper-43210-topk-3-depth-0,rag_retrieve.cql,measured,native_rag,0,1.318000,3,TRUE,
paper-43210-topk-3-depth-1,rag_retrieve.cql,measured,native_rag,0,1.341666,7,TRUE,
paper-43210-topk-3-depth-2,rag_retrieve.cql,measured,native_rag,0,2.153250,56,TRUE,
paper-43210-topk-5-depth-0,rag_retrieve.cql,measured,native_rag,0,1.741125,5,TRUE,
paper-43210-topk-5-depth-1,rag_retrieve.cql,measured,native_rag,0,2.027375,23,TRUE,
paper-43210-topk-5-depth-2,rag_retrieve.cql,measured,native_rag,0,76.805792,4595,TRUE,
paper-43210-topk-10-depth-0,rag_retrieve.cql,measured,native_rag,0,3.566833,10,TRUE,
paper-43210-topk-10-depth-1,rag_retrieve.cql,measured,native_rag,0,4.536125,74,TRUE,
paper-43210-topk-10-depth-2,rag_retrieve.cql,measured,native_rag,0,444.607792,26412,TRUE,
paper-83873-topk-1-depth-0,rag_retrieve.cql,measured,native_rag,0,0.932333,1,TRUE,
paper-83873-topk-1-depth-1,rag_retrieve.cql,measured,native_rag,0,0.899458,2,TRUE,
paper-83873-topk-1-depth-2,rag_retrieve.cql,measured,native_rag,0,1.267375,16,TRUE,
paper-83873-topk-3-depth-0,rag_retrieve.cql,measured,native_rag,0,1.247500,3,TRUE,
paper-83873-topk-3-depth-1,rag_retrieve.cql,measured,native_rag,0,1.295750,8,TRUE,
paper-83873-topk-3-depth-2,rag_retrieve.cql,measured,native_rag,0,8.152000,421,TRUE,
paper-83873-topk-5-depth-0,rag_retrieve.cql,measured,native_rag,0,1.562333,5,TRUE,
paper-83873-topk-5-depth-1,rag_retrieve.cql,measured,native_rag,0,2.287542,49,TRUE,
paper-83873-topk-5-depth-2,rag_retrieve.cql,measured,native_rag,0,17.130458,954,TRUE,
paper-83873-topk-10-depth-0,rag_retrieve.cql,measured,native_rag,0,3.195916,10,TRUE,
paper-83873-topk-10-depth-1,rag_retrieve.cql,measured,native_rag,0,4.796458,65,TRUE,
paper-83873-topk-10-depth-2,rag_retrieve.cql,measured,native_rag,0,27.823209,1027,TRUE,
paper-13672-topk-1-depth-0,rag_retrieve.cql,measured,native_rag,0,1.143708,1,TRUE,
paper-13672-topk-1-depth-1,rag_retrieve.cql,measured,native_rag,0,1.113958,5,TRUE,
paper-13672-topk-1-depth-2,rag_retrieve.cql,measured,native_rag,0,1.855458,46,TRUE,
paper-13672-topk-3-depth-0,rag_retrieve.cql,measured,native_rag,0,1.673958,3,TRUE,
paper-13672-topk-3-depth-1,rag_retrieve.cql,measured,native_rag,0,1.828291,12,TRUE,
paper-13672-topk-3-depth-2,rag_retrieve.cql,measured,native_rag,0,14.106708,692,TRUE,
paper-13672-topk-5-depth-0,rag_retrieve.cql,measured,native_rag,0,2.209834,5,TRUE,
paper-13672-topk-5-depth-1,rag_retrieve.cql,measured,native_rag,0,2.300542,24,TRUE,
paper-13672-topk-5-depth-2,rag_retrieve.cql,measured,native_rag,0,19.032375,937,TRUE,
paper-13672-topk-10-depth-0,rag_retrieve.cql,measured,native_rag,0,3.262625,10,TRUE,
paper-13672-topk-10-depth-1,rag_retrieve.cql,measured,native_rag,0,3.930209,41,TRUE,
paper-13672-topk-10-depth-2,rag_retrieve.cql,measured,native_rag,0,24.249416,1155,TRUE,
paper-23305-topk-1-depth-0,rag_retrieve.cql,measured,native_rag,0,1.118000,1,TRUE,
paper-23305-topk-1-depth-1,rag_retrieve.cql,measured,native_rag,0,1.072625,4,TRUE,
paper-23305-topk-1-depth-2,rag_retrieve.cql,measured,native_rag,0,7.460083,397,TRUE,
paper-23305-topk-3-depth-0,rag_retrieve.cql,measured,native_rag,0,1.425250,3,TRUE,
paper-23305-topk-3-depth-1,rag_retrieve.cql,measured,native_rag,0,1.808542,27,TRUE,
paper-23305-topk-3-depth-2,rag_retrieve.cql,measured,native_rag,0,12.911084,632,TRUE,
paper-23305-topk-5-depth-0,rag_retrieve.cql,measured,native_rag,0,1.573875,5,TRUE,
paper-23305-topk-5-depth-1,rag_retrieve.cql,measured,native_rag,0,1.936583,32,TRUE,
paper-23305-topk-5-depth-2,rag_retrieve.cql,measured,native_rag,0,14.846791,782,TRUE,
paper-23305-topk-10-depth-0,rag_retrieve.cql,measured,native_rag,0,3.302625,10,TRUE,
paper-23305-topk-10-depth-1,rag_retrieve.cql,measured,native_rag,0,4.453083,76,TRUE,
paper-23305-topk-10-depth-2,rag_retrieve.cql,measured,native_rag,0,23.380125,1173,TRUE,
paper-12790-topk-1-depth-0,rag_retrieve.cql,measured,native_rag,0,0.950250,1,TRUE,
paper-12790-topk-1-depth-1,rag_retrieve.cql,measured,native_rag,0,0.942167,3,TRUE,
paper-12790-topk-1-depth-2,rag_retrieve.cql,measured,native_rag,0,1.055542,10,TRUE,
paper-12790-topk-3-depth-0,rag_retrieve.cql,measured,native_rag,0,1.256042,3,TRUE,
paper-12790-topk-3-depth-1,rag_retrieve.cql,measured,native_rag,0,1.440000,14,TRUE,
paper-12790-topk-3-depth-2,rag_retrieve.cql,measured,native_rag,0,3.939209,165,TRUE,
paper-12790-topk-5-depth-0,rag_retrieve.cql,measured,native_rag,0,1.456416,5,TRUE,
paper-12790-topk-5-depth-1,rag_retrieve.cql,measured,native_rag,0,1.835375,25,TRUE,
paper-12790-topk-5-depth-2,rag_retrieve.cql,measured,native_rag,0,14.644542,826,TRUE,
paper-12790-topk-10-depth-0,rag_retrieve.cql,measured,native_rag,0,3.184541,10,TRUE,
paper-12790-topk-10-depth-1,rag_retrieve.cql,measured,native_rag,0,4.083000,52,TRUE,
paper-12790-topk-10-depth-2,rag_retrieve.cql,measured,native_rag,0,23.263416,1174,TRUE,
paper-169312-topk-1-depth-0,rag_retrieve.cql,measured,native_rag,0,0.947334,1,TRUE,
paper-169312-topk-1-depth-1,rag_retrieve.cql,measured,native_rag,0,1.199333,22,TRUE,
paper-169312-topk-1-depth-2,rag_retrieve.cql,measured,native_rag,0,182.026125,9548,TRUE,
paper-169312-topk-3-depth-0,rag_retrieve.cql,measured,native_rag,0,1.529458,3,TRUE,
paper-169312-topk-3-depth-1,rag_retrieve.cql,measured,native_rag,0,1.896750,32,TRUE,
paper-169312-topk-3-depth-2,rag_retrieve.cql,measured,native_rag,0,187.727084,11035,TRUE,
paper-169312-topk-5-depth-0,rag_retrieve.cql,measured,native_rag,0,2.075000,5,TRUE,
paper-169312-topk-5-depth-1,rag_retrieve.cql,measured,native_rag,0,2.658084,53,TRUE,
paper-169312-topk-5-depth-2,rag_retrieve.cql,measured,native_rag,0,400.174000,23331,TRUE,
paper-169312-topk-10-depth-0,rag_retrieve.cql,measured,native_rag,0,4.026458,10,TRUE,
paper-169312-topk-10-depth-1,rag_retrieve.cql,measured,native_rag,0,5.026000,84,TRUE,
paper-169312-topk-10-depth-2,rag_retrieve.cql,measured,native_rag,0,514.274459,29736,TRUE,
paper-99217-topk-1-depth-0,rag_retrieve.cql,measured,native_rag,0,1.060625,1,TRUE,
paper-99217-topk-1-depth-1,rag_retrieve.cql,measured,native_rag,0,1.013875,7,TRUE,
paper-99217-topk-1-depth-2,rag_retrieve.cql,measured,native_rag,0,1.466541,34,TRUE,
paper-99217-topk-3-depth-0,rag_retrieve.cql,measured,native_rag,0,1.336125,3,TRUE,
paper-99217-topk-3-depth-1,rag_retrieve.cql,measured,native_rag,0,2.006083,15,TRUE,
paper-99217-topk-3-depth-2,rag_retrieve.cql,measured,native_rag,0,5.202416,205,TRUE,
paper-99217-topk-5-depth-0,rag_retrieve.cql,measured,native_rag,0,1.518333,5,TRUE,
paper-99217-topk-5-depth-1,rag_retrieve.cql,measured,native_rag,0,1.956667,31,TRUE,
paper-99217-topk-5-depth-2,rag_retrieve.cql,measured,native_rag,0,72.055541,4178,TRUE,
paper-99217-topk-10-depth-0,rag_retrieve.cql,measured,native_rag,0,2.957208,10,TRUE,
paper-99217-topk-10-depth-1,rag_retrieve.cql,measured,native_rag,0,3.685083,59,TRUE,
paper-99217-topk-10-depth-2,rag_retrieve.cql,measured,native_rag,0,304.324666,17994,TRUE,
paper-51178-topk-1-depth-0,rag_retrieve.cql,measured,native_rag,0,0.999334,1,TRUE,
paper-51178-topk-1-depth-1,rag_retrieve.cql,measured,native_rag,0,0.933625,2,TRUE,
paper-51178-topk-1-depth-2,rag_retrieve.cql,measured,native_rag,0,1.541208,41,TRUE,
paper-51178-topk-3-depth-0,rag_retrieve.cql,measured,native_rag,0,1.301750,3,TRUE,
paper-51178-topk-3-depth-1,rag_retrieve.cql,measured,native_rag,0,1.781167,31,TRUE,
paper-51178-topk-3-depth-2,rag_retrieve.cql,measured,native_rag,0,11.632958,614,TRUE,
paper-51178-topk-5-depth-0,rag_retrieve.cql,measured,native_rag,0,1.801208,5,TRUE,
paper-51178-topk-5-depth-1,rag_retrieve.cql,measured,native_rag,0,2.319375,46,TRUE,
paper-51178-topk-5-depth-2,rag_retrieve.cql,measured,native_rag,0,18.572417,1066,TRUE,
paper-51178-topk-10-depth-0,rag_retrieve.cql,measured,native_rag,0,3.393375,10,TRUE,
paper-51178-topk-10-depth-1,rag_retrieve.cql,measured,native_rag,0,4.771250,95,TRUE,
paper-51178-topk-10-depth-2,rag_retrieve.cql,measured,native_rag,0,454.584333,26258,TRUE,
paper-111819-topk-1-depth-0,rag_retrieve.cql,measured,native_rag,0,0.999041,1,TRUE,
paper-111819-topk-1-depth-1,rag_retrieve.cql,measured,native_rag,0,1.219209,20,TRUE,
paper-111819-topk-1-depth-2,rag_retrieve.cql,measured,native_rag,0,28.043292,1688,TRUE,
paper-111819-topk-3-depth-0,rag_retrieve.cql,measured,native_rag,0,1.352875,3,TRUE,
paper-111819-topk-3-depth-1,rag_retrieve.cql,measured,native_rag,0,15.741833,876,TRUE,
paper-111819-topk-3-depth-2,rag_retrieve.cql,measured,native_rag,0,362.865625,21118,TRUE,
paper-111819-topk-5-depth-0,rag_retrieve.cql,measured,native_rag,0,2.175333,5,TRUE,
paper-111819-topk-5-depth-1,rag_retrieve.cql,measured,native_rag,0,16.666667,884,TRUE,
paper-111819-topk-5-depth-2,rag_retrieve.cql,measured,native_rag,0,375.742750,21193,TRUE,
paper-111819-topk-10-depth-0,rag_retrieve.cql,measured,native_rag,0,7.330000,10,TRUE,
paper-111819-topk-10-depth-1,rag_retrieve.cql,measured,native_rag,0,24.089417,938,TRUE,
paper-111819-topk-10-depth-2,rag_retrieve.cql,measured,native_rag,0,425.215500,24366,TRUE,
paper-123676-topk-1-depth-0,rag_retrieve.cql,measured,native_rag,0,0.959750,1,TRUE,
paper-123676-topk-1-depth-1,rag_retrieve.cql,measured,native_rag,0,1.204250,14,TRUE,
paper-123676-topk-1-depth-2,rag_retrieve.cql,measured,native_rag,0,5.879667,290,TRUE,
paper-123676-topk-3-depth-0,rag_retrieve.cql,measured,native_rag,0,1.279208,3,TRUE,
paper-123676-topk-3-depth-1,rag_retrieve.cql,measured,native_rag,0,1.780333,38,TRUE,
paper-123676-topk-3-depth-2,rag_retrieve.cql,measured,native_rag,0,19.787875,1094,TRUE,
paper-123676-topk-5-depth-0,rag_retrieve.cql,measured,native_rag,0,1.815042,5,TRUE,
paper-123676-topk-5-depth-1,rag_retrieve.cql,measured,native_rag,0,4.038958,125,TRUE,
paper-123676-topk-5-depth-2,rag_retrieve.cql,measured,native_rag,0,42.453333,2416,TRUE,
paper-123676-topk-10-depth-0,rag_retrieve.cql,measured,native_rag,0,4.132916,10,TRUE,
paper-123676-topk-10-depth-1,rag_retrieve.cql,measured,native_rag,0,6.197125,124,TRUE,
paper-123676-topk-10-depth-2,rag_retrieve.cql,measured,native_rag,0,563.943542,30733,TRUE,
paper-155556-topk-1-depth-0,rag_retrieve.cql,measured,native_rag,0,1.354625,1,TRUE,
paper-155556-topk-1-depth-1,rag_retrieve.cql,measured,native_rag,0,1.161834,2,TRUE,
paper-155556-topk-1-depth-2,rag_retrieve.cql,measured,native_rag,0,1.850250,12,TRUE,
paper-155556-topk-3-depth-0,rag_retrieve.cql,measured,native_rag,0,1.242792,3,TRUE,
paper-155556-topk-3-depth-1,rag_retrieve.cql,measured,native_rag,0,1.759583,17,TRUE,
paper-155556-topk-3-depth-2,rag_retrieve.cql,measured,native_rag,0,323.995250,17199,TRUE,
paper-155556-topk-5-depth-0,rag_retrieve.cql,measured,native_rag,0,1.904750,5,TRUE,
paper-155556-topk-5-depth-1,rag_retrieve.cql,measured,native_rag,0,2.312666,33,TRUE,
paper-155556-topk-5-depth-2,rag_retrieve.cql,measured,native_rag,0,76.208208,4216,TRUE,
paper-155556-topk-10-depth-0,rag_retrieve.cql,measured,native_rag,0,4.161125,10,TRUE,
paper-155556-topk-10-depth-1,rag_retrieve.cql,measured,native_rag,0,4.033334,64,TRUE,
paper-155556-topk-10-depth-2,rag_retrieve.cql,measured,native_rag,0,426.148125,23059,TRUE,
paper-75618-topk-1-depth-0,rag_retrieve.cql,measured,native_rag,0,1.532875,1,TRUE,
paper-75618-topk-1-depth-1,rag_retrieve.cql,measured,native_rag,0,0.983625,2,TRUE,
paper-75618-topk-1-depth-2,rag_retrieve.cql,measured,native_rag,0,1.289375,15,TRUE,
paper-75618-topk-3-depth-0,rag_retrieve.cql,measured,native_rag,0,1.623125,3,TRUE,
paper-75618-topk-3-depth-1,rag_retrieve.cql,measured,native_rag,0,1.667208,13,TRUE,
paper-75618-topk-3-depth-2,rag_retrieve.cql,measured,native_rag,0,179.390208,10127,TRUE,
paper-75618-topk-5-depth-0,rag_retrieve.cql,measured,native_rag,0,2.540000,5,TRUE,
paper-75618-topk-5-depth-1,rag_retrieve.cql,measured,native_rag,0,2.374250,31,TRUE,
paper-75618-topk-5-depth-2,rag_retrieve.cql,measured,native_rag,0,187.751375,10526,TRUE,
paper-75618-topk-10-depth-0,rag_retrieve.cql,measured,native_rag,0,5.732167,10,TRUE,
paper-75618-topk-10-depth-1,rag_retrieve.cql,measured,native_rag,0,7.473042,126,TRUE,
paper-75618-topk-10-depth-2,rag_retrieve.cql,measured,native_rag,0,464.446667,25987,TRUE,
paper-78149-topk-1-depth-0,rag_retrieve.cql,measured,native_rag,0,1.111750,1,TRUE,
paper-78149-topk-1-depth-1,rag_retrieve.cql,measured,native_rag,0,1.432125,10,TRUE,
paper-78149-topk-1-depth-2,rag_retrieve.cql,measured,native_rag,0,31.310417,1729,TRUE,
paper-78149-topk-3-depth-0,rag_retrieve.cql,measured,native_rag,0,1.790292,3,TRUE,
paper-78149-topk-3-depth-1,rag_retrieve.cql,measured,native_rag,0,2.182666,38,TRUE,
paper-78149-topk-3-depth-2,rag_retrieve.cql,measured,native_rag,0,13.607417,719,TRUE,
paper-78149-topk-5-depth-0,rag_retrieve.cql,measured,native_rag,0,1.887375,5,TRUE,
paper-78149-topk-5-depth-1,rag_retrieve.cql,measured,native_rag,0,3.124333,83,TRUE,
paper-78149-topk-5-depth-2,rag_retrieve.cql,measured,native_rag,0,42.897500,2400,TRUE,
paper-78149-topk-10-depth-0,rag_retrieve.cql,measured,native_rag,0,4.654958,10,TRUE,
paper-78149-topk-10-depth-1,rag_retrieve.cql,measured,native_rag,0,6.143333,134,TRUE,
paper-78149-topk-10-depth-2,rag_retrieve.cql,measured,native_rag,0,57.807250,2800,TRUE,
paper-111707-topk-1-depth-0,rag_retrieve.cql,measured,native_rag,0,1.316375,1,TRUE,
paper-111707-topk-1-depth-1,rag_retrieve.cql,measured,native_rag,0,1.069958,4,TRUE,
paper-111707-topk-1-depth-2,rag_retrieve.cql,measured,native_rag,0,1.290667,23,TRUE,
paper-111707-topk-3-depth-0,rag_retrieve.cql,measured,native_rag,0,1.357209,3,TRUE,
paper-111707-topk-3-depth-1,rag_retrieve.cql,measured,native_rag,0,1.512458,13,TRUE,
paper-111707-topk-3-depth-2,rag_retrieve.cql,measured,native_rag,0,3.131084,85,TRUE,
paper-111707-topk-5-depth-0,rag_retrieve.cql,measured,native_rag,0,1.798667,5,TRUE,
paper-111707-topk-5-depth-1,rag_retrieve.cql,measured,native_rag,0,2.044833,29,TRUE,
paper-111707-topk-5-depth-2,rag_retrieve.cql,measured,native_rag,0,5.950333,202,TRUE,
paper-111707-topk-10-depth-0,rag_retrieve.cql,measured,native_rag,0,3.883333,10,TRUE,
paper-111707-topk-10-depth-1,rag_retrieve.cql,measured,native_rag,0,4.361042,59,TRUE,
paper-111707-topk-10-depth-2,rag_retrieve.cql,measured,native_rag,0,367.213959,18894,TRUE,
paper-165264-topk-1-depth-0,rag_retrieve.cql,measured,native_rag,0,1.652000,1,TRUE,
paper-165264-topk-1-depth-1,rag_retrieve.cql,measured,native_rag,0,1.129125,7,TRUE,
paper-165264-topk-1-depth-2,rag_retrieve.cql,measured,native_rag,0,9.077958,469,TRUE,
paper-165264-topk-3-depth-0,rag_retrieve.cql,measured,native_rag,0,1.922958,3,TRUE,
paper-165264-topk-3-depth-1,rag_retrieve.cql,measured,native_rag,0,1.648292,14,TRUE,
paper-165264-topk-3-depth-2,rag_retrieve.cql,measured,native_rag,0,10.694833,517,TRUE,
paper-165264-topk-5-depth-0,rag_retrieve.cql,measured,native_rag,0,2.051000,5,TRUE,
paper-165264-topk-5-depth-1,rag_retrieve.cql,measured,native_rag,0,2.519625,20,TRUE,
paper-165264-topk-5-depth-2,rag_retrieve.cql,measured,native_rag,0,11.028584,529,TRUE,
paper-165264-topk-10-depth-0,rag_retrieve.cql,measured,native_rag,0,4.100250,10,TRUE,
paper-165264-topk-10-depth-1,rag_retrieve.cql,measured,native_rag,0,5.193708,83,TRUE,
paper-165264-topk-10-depth-2,rag_retrieve.cql,measured,native_rag,0,449.639208,25348,TRUE,
paper-166270-topk-1-depth-0,rag_retrieve.cql,measured,native_rag,0,1.021541,1,TRUE,
paper-166270-topk-1-depth-1,rag_retrieve.cql,measured,native_rag,0,0.913167,2,TRUE,
paper-166270-topk-1-depth-2,rag_retrieve.cql,measured,native_rag,0,0.979000,6,TRUE,
paper-166270-topk-3-depth-0,rag_retrieve.cql,measured,native_rag,0,1.302875,3,TRUE,
paper-166270-topk-3-depth-1,rag_retrieve.cql,measured,native_rag,0,1.495084,18,TRUE,
paper-166270-topk-3-depth-2,rag_retrieve.cql,measured,native_rag,0,2.476833,77,TRUE,
paper-166270-topk-5-depth-0,rag_retrieve.cql,measured,native_rag,0,1.663583,5,TRUE,
paper-166270-topk-5-depth-1,rag_retrieve.cql,measured,native_rag,0,2.311084,42,TRUE,
paper-166270-topk-5-depth-2,rag_retrieve.cql,measured,native_rag,0,101.213708,5780,TRUE,
paper-166270-topk-10-depth-0,rag_retrieve.cql,measured,native_rag,0,3.830708,10,TRUE,
paper-166270-topk-10-depth-1,rag_retrieve.cql,measured,native_rag,0,4.394334,71,TRUE,
paper-166270-topk-10-depth-2,rag_retrieve.cql,measured,native_rag,0,20.517291,990,TRUE,
paper-104952-topk-1-depth-0,rag_retrieve.cql,measured,native_rag,0,1.054333,1,TRUE,
paper-104952-topk-1-depth-1,rag_retrieve.cql,measured,native_rag,0,0.977417,4,TRUE,
paper-104952-topk-1-depth-2,rag_retrieve.cql,measured,native_rag,0,2.956333,122,TRUE,
paper-104952-topk-3-depth-0,rag_retrieve.cql,measured,native_rag,0,1.328167,3,TRUE,
paper-104952-topk-3-depth-1,rag_retrieve.cql,measured,native_rag,0,1.928541,33,TRUE,
paper-104952-topk-3-depth-2,rag_retrieve.cql,measured,native_rag,0,67.817291,3937,TRUE,
paper-104952-topk-5-depth-0,rag_retrieve.cql,measured,native_rag,0,1.883292,5,TRUE,
paper-104952-topk-5-depth-1,rag_retrieve.cql,measured,native_rag,0,2.354875,38,TRUE,
paper-104952-topk-5-depth-2,rag_retrieve.cql,measured,native_rag,0,68.587333,3947,TRUE,
paper-104952-topk-10-depth-0,rag_retrieve.cql,measured,native_rag,0,3.519666,10,TRUE,
paper-104952-topk-10-depth-1,rag_retrieve.cql,measured,native_rag,0,4.358958,60,TRUE,
paper-104952-topk-10-depth-2,rag_retrieve.cql,measured,native_rag,0,74.929125,4104,TRUE,
paper-118903-topk-1-depth-0,rag_retrieve.cql,measured,native_rag,0,1.004917,1,TRUE,
paper-118903-topk-1-depth-1,rag_retrieve.cql,measured,native_rag,0,1.093125,9,TRUE,
paper-118903-topk-1-depth-2,rag_retrieve.cql,measured,native_rag,0,5.978250,311,TRUE,
paper-118903-topk-3-depth-0,rag_retrieve.cql,measured,native_rag,0,1.317584,3,TRUE,
paper-118903-topk-3-depth-1,rag_retrieve.cql,measured,native_rag,0,1.569833,13,TRUE,
paper-118903-topk-3-depth-2,rag_retrieve.cql,measured,native_rag,0,3.048292,106,TRUE,
paper-118903-topk-5-depth-0,rag_retrieve.cql,measured,native_rag,0,1.693541,5,TRUE,
paper-118903-topk-5-depth-1,rag_retrieve.cql,measured,native_rag,0,2.048250,19,TRUE,
paper-118903-topk-5-depth-2,rag_retrieve.cql,measured,native_rag,0,6.463625,285,TRUE,
paper-118903-topk-10-depth-0,rag_retrieve.cql,measured,native_rag,0,3.734250,10,TRUE,
paper-118903-topk-10-depth-1,rag_retrieve.cql,measured,native_rag,0,4.937958,75,TRUE,
paper-118903-topk-10-depth-2,rag_retrieve.cql,measured,native_rag,0,35.680292,1902,TRUE,
paper-77502-topk-1-depth-0,rag_retrieve.cql,measured,native_rag,0,1.008083,1,TRUE,
paper-77502-topk-1-depth-1,rag_retrieve.cql,measured,native_rag,0,1.177625,18,TRUE,
paper-77502-topk-1-depth-2,rag_retrieve.cql,measured,native_rag,0,4.435667,219,TRUE,
paper-77502-topk-3-depth-0,rag_retrieve.cql,measured,native_rag,0,1.139750,3,TRUE,
paper-77502-topk-3-depth-1,rag_retrieve.cql,measured,native_rag,0,1.838375,47,TRUE,
paper-77502-topk-3-depth-2,rag_retrieve.cql,measured,native_rag,0,335.806667,19620,TRUE,
paper-77502-topk-5-depth-0,rag_retrieve.cql,measured,native_rag,0,1.738584,5,TRUE,
paper-77502-topk-5-depth-1,rag_retrieve.cql,measured,native_rag,0,2.382167,56,TRUE,
paper-77502-topk-5-depth-2,rag_retrieve.cql,measured,native_rag,0,335.915917,19778,TRUE,
paper-77502-topk-10-depth-0,rag_retrieve.cql,measured,native_rag,0,3.432541,10,TRUE,
paper-77502-topk-10-depth-1,rag_retrieve.cql,measured,native_rag,0,4.789125,96,TRUE,
paper-77502-topk-10-depth-2,rag_retrieve.cql,measured,native_rag,0,357.491542,20937,TRUE,
paper-118396-topk-1-depth-0,rag_retrieve.cql,measured,native_rag,0,1.004792,1,TRUE,
paper-118396-topk-1-depth-1,rag_retrieve.cql,measured,native_rag,0,0.953791,5,TRUE,
paper-118396-topk-1-depth-2,rag_retrieve.cql,measured,native_rag,0,1.025042,15,TRUE,
paper-118396-topk-3-depth-0,rag_retrieve.cql,measured,native_rag,0,1.130375,3,TRUE,
paper-118396-topk-3-depth-1,rag_retrieve.cql,measured,native_rag,0,1.528208,28,TRUE,
paper-118396-topk-3-depth-2,rag_retrieve.cql,measured,native_rag,0,10.216500,565,TRUE,
paper-118396-topk-5-depth-0,rag_retrieve.cql,measured,native_rag,0,1.476583,5,TRUE,
paper-118396-topk-5-depth-1,rag_retrieve.cql,measured,native_rag,0,2.657958,71,TRUE,
paper-118396-topk-5-depth-2,rag_retrieve.cql,measured,native_rag,0,15.612375,872,TRUE,
paper-118396-topk-10-depth-0,rag_retrieve.cql,measured,native_rag,0,2.910500,10,TRUE,
paper-118396-topk-10-depth-1,rag_retrieve.cql,measured,native_rag,0,4.591125,111,TRUE,
paper-118396-topk-10-depth-2,rag_retrieve.cql,measured,native_rag,0,24.088792,1299,TRUE,
paper-164770-topk-1-depth-0,rag_retrieve.cql,measured,native_rag,0,0.874958,1,TRUE,
paper-164770-topk-1-depth-1,rag_retrieve.cql,measured,native_rag,0,1.093334,17,TRUE,
paper-164770-topk-1-depth-2,rag_retrieve.cql,measured,native_rag,0,99.472750,5939,TRUE,
paper-164770-topk-3-depth-0,rag_retrieve.cql,measured,native_rag,0,1.317208,3,TRUE,
paper-164770-topk-3-depth-1,rag_retrieve.cql,measured,native_rag,0,1.740667,37,TRUE,
paper-164770-topk-3-depth-2,rag_retrieve.cql,measured,native_rag,0,501.762208,29383,TRUE,
paper-164770-topk-5-depth-0,rag_retrieve.cql,measured,native_rag,0,2.512083,5,TRUE,
paper-164770-topk-5-depth-1,rag_retrieve.cql,measured,native_rag,0,2.969750,59,TRUE,
paper-164770-topk-5-depth-2,rag_retrieve.cql,measured,native_rag,0,509.486292,29828,TRUE,
paper-164770-topk-10-depth-0,rag_retrieve.cql,measured,native_rag,0,5.091291,10,TRUE,
paper-164770-topk-10-depth-1,rag_retrieve.cql,measured,native_rag,0,6.328625,101,TRUE,
paper-164770-topk-10-depth-2,rag_retrieve.cql,measured,native_rag,0,507.828958,29593,TRUE,
paper-155393-topk-1-depth-0,rag_retrieve.cql,measured,native_rag,0,1.055917,1,TRUE,
paper-155393-topk-1-depth-1,rag_retrieve.cql,measured,native_rag,0,1.192833,18,TRUE,
paper-155393-topk-1-depth-2,rag_retrieve.cql,measured,native_rag,0,10.562042,600,TRUE,
paper-155393-topk-3-depth-0,rag_retrieve.cql,measured,native_rag,0,1.305709,3,TRUE,
paper-155393-topk-3-depth-1,rag_retrieve.cql,measured,native_rag,0,2.088333,54,TRUE,
paper-155393-topk-3-depth-2,rag_retrieve.cql,measured,native_rag,0,33.073958,1941,TRUE,
paper-155393-topk-5-depth-0,rag_retrieve.cql,measured,native_rag,0,1.787667,5,TRUE,
paper-155393-topk-5-depth-1,rag_retrieve.cql,measured,native_rag,0,2.894250,68,TRUE,
paper-155393-topk-5-depth-2,rag_retrieve.cql,measured,native_rag,0,36.581167,2088,TRUE,
paper-155393-topk-10-depth-0,rag_retrieve.cql,measured,native_rag,0,3.357292,10,TRUE,
paper-155393-topk-10-depth-1,rag_retrieve.cql,measured,native_rag,0,4.719959,88,TRUE,
paper-155393-topk-10-depth-2,rag_retrieve.cql,measured,native_rag,0,39.871916,2210,TRUE,
paper-130256-topk-1-depth-0,rag_retrieve.cql,measured,native_rag,0,0.991833,1,TRUE,
paper-130256-topk-1-depth-1,rag_retrieve.cql,measured,native_rag,0,0.946625,2,TRUE,
paper-130256-topk-1-depth-2,rag_retrieve.cql,measured,native_rag,0,2.023708,61,TRUE,
paper-130256-topk-3-depth-0,rag_retrieve.cql,measured,native_rag,0,1.313125,3,TRUE,
paper-130256-topk-3-depth-1,rag_retrieve.cql,measured,native_rag,0,1.705250,24,TRUE,
paper-130256-topk-3-depth-2,rag_retrieve.cql,measured,native_rag,0,7.239334,346,TRUE,
paper-130256-topk-5-depth-0,rag_retrieve.cql,measured,native_rag,0,1.884792,5,TRUE,
paper-130256-topk-5-depth-1,rag_retrieve.cql,measured,native_rag,0,2.671542,49,TRUE,
paper-130256-topk-5-depth-2,rag_retrieve.cql,measured,native_rag,0,527.569875,30887,TRUE,
paper-130256-topk-10-depth-0,rag_retrieve.cql,measured,native_rag,0,3.893083,10,TRUE,
paper-130256-topk-10-depth-1,rag_retrieve.cql,measured,native_rag,0,5.047958,79,TRUE,
paper-130256-topk-10-depth-2,rag_retrieve.cql,measured,native_rag,0,556.096458,32309,TRUE,
paper-133058-topk-1-depth-0,rag_retrieve.cql,measured,native_rag,0,1.146958,1,TRUE,
paper-133058-topk-1-depth-1,rag_retrieve.cql,measured,native_rag,0,0.983792,2,TRUE,
paper-133058-topk-1-depth-2,rag_retrieve.cql,measured,native_rag,0,0.943416,4,TRUE,
paper-133058-topk-3-depth-0,rag_retrieve.cql,measured,native_rag,0,1.405459,3,TRUE,
paper-133058-topk-3-depth-1,rag_retrieve.cql,measured,native_rag,0,1.427167,10,TRUE,
paper-133058-topk-3-depth-2,rag_retrieve.cql,measured,native_rag,0,2.737250,87,TRUE,
paper-133058-topk-5-depth-0,rag_retrieve.cql,measured,native_rag,0,1.713459,5,TRUE,
paper-133058-topk-5-depth-1,rag_retrieve.cql,measured,native_rag,0,2.427833,45,TRUE,
paper-133058-topk-5-depth-2,rag_retrieve.cql,measured,native_rag,0,10.647042,548,TRUE,
paper-133058-topk-10-depth-0,rag_retrieve.cql,measured,native_rag,0,3.893291,10,TRUE,
paper-133058-topk-10-depth-1,rag_retrieve.cql,measured,native_rag,0,6.657416,84,TRUE,
paper-133058-topk-10-depth-2,rag_retrieve.cql,measured,native_rag,0,24.661333,1261,TRUE,
paper-102555-topk-1-depth-0,rag_retrieve.cql,measured,native_rag,0,0.937000,1,TRUE,
paper-102555-topk-1-depth-1,rag_retrieve.cql,measured,native_rag,0,1.005375,3,TRUE,
paper-102555-topk-1-depth-2,rag_retrieve.cql,measured,native_rag,0,3.581167,164,TRUE,
paper-102555-topk-3-depth-0,rag_retrieve.cql,measured,native_rag,0,1.310541,3,TRUE,
paper-102555-topk-3-depth-1,rag_retrieve.cql,measured,native_rag,0,1.470584,11,TRUE,
paper-102555-topk-3-depth-2,rag_retrieve.cql,measured,native_rag,0,4.563042,198,TRUE,
paper-102555-topk-5-depth-0,rag_retrieve.cql,measured,native_rag,0,1.730208,5,TRUE,
paper-102555-topk-5-depth-1,rag_retrieve.cql,measured,native_rag,0,2.147792,27,TRUE,
paper-102555-topk-5-depth-2,rag_retrieve.cql,measured,native_rag,0,24.099209,1375,TRUE,
paper-102555-topk-10-depth-0,rag_retrieve.cql,measured,native_rag,0,3.195583,10,TRUE,
paper-102555-topk-10-depth-1,rag_retrieve.cql,measured,native_rag,0,3.904333,59,TRUE,
paper-102555-topk-10-depth-2,rag_retrieve.cql,measured,native_rag,0,397.251542,23015,TRUE,
paper-3710-topk-1-depth-0,rag_retrieve.cql,measured,native_rag,0,0.933417,1,TRUE,
paper-3710-topk-1-depth-1,rag_retrieve.cql,measured,native_rag,0,1.335959,28,TRUE,
paper-3710-topk-1-depth-2,rag_retrieve.cql,measured,native_rag,0,84.130584,5001,TRUE,
paper-3710-topk-3-depth-0,rag_retrieve.cql,measured,native_rag,0,1.326166,3,TRUE,
paper-3710-topk-3-depth-1,rag_retrieve.cql,measured,native_rag,0,2.795500,94,TRUE,
paper-3710-topk-3-depth-2,rag_retrieve.cql,measured,native_rag,0,145.882792,8550,TRUE,
paper-3710-topk-5-depth-0,rag_retrieve.cql,measured,native_rag,0,1.928709,5,TRUE,
paper-3710-topk-5-depth-1,rag_retrieve.cql,measured,native_rag,0,3.071125,80,TRUE,
paper-3710-topk-5-depth-2,rag_retrieve.cql,measured,native_rag,0,569.939292,30131,TRUE,
paper-3710-topk-10-depth-0,rag_retrieve.cql,measured,native_rag,0,5.590083,10,TRUE,
paper-3710-topk-10-depth-1,rag_retrieve.cql,measured,native_rag,0,7.246209,135,TRUE,
paper-3710-topk-10-depth-2,rag_retrieve.cql,measured,native_rag,0,647.696916,37416,TRUE,
paper-81589-topk-1-depth-0,rag_retrieve.cql,measured,native_rag,0,1.042625,1,TRUE,
paper-81589-topk-1-depth-1,rag_retrieve.cql,measured,native_rag,0,1.713708,49,TRUE,
paper-81589-topk-1-depth-2,rag_retrieve.cql,measured,native_rag,0,326.975625,19271,TRUE,
paper-81589-topk-3-depth-0,rag_retrieve.cql,measured,native_rag,0,1.539042,3,TRUE,
paper-81589-topk-3-depth-1,rag_retrieve.cql,measured,native_rag,0,2.182250,49,TRUE,
paper-81589-topk-3-depth-2,rag_retrieve.cql,measured,native_rag,0,398.932416,23294,TRUE,
paper-81589-topk-5-depth-0,rag_retrieve.cql,measured,native_rag,0,2.030708,5,TRUE,
paper-81589-topk-5-depth-1,rag_retrieve.cql,measured,native_rag,0,3.140500,77,TRUE,
paper-81589-topk-5-depth-2,rag_retrieve.cql,measured,native_rag,0,439.601917,25582,TRUE,
paper-81589-topk-10-depth-0,rag_retrieve.cql,measured,native_rag,0,4.062458,10,TRUE,
paper-81589-topk-10-depth-1,rag_retrieve.cql,measured,native_rag,0,5.908625,113,TRUE,
paper-81589-topk-10-depth-2,rag_retrieve.cql,measured,native_rag,0,617.598500,35701,TRUE,
paper-85244-topk-1-depth-0,rag_retrieve.cql,measured,native_rag,0,1.057041,1,TRUE,
paper-85244-topk-1-depth-1,rag_retrieve.cql,measured,native_rag,0,1.050417,5,TRUE,
paper-85244-topk-1-depth-2,rag_retrieve.cql,measured,native_rag,0,35.107958,2070,TRUE,
paper-85244-topk-3-depth-0,rag_retrieve.cql,measured,native_rag,0,1.371000,3,TRUE,
paper-85244-topk-3-depth-1,rag_retrieve.cql,measured,native_rag,0,1.515125,16,TRUE,
paper-85244-topk-3-depth-2,rag_retrieve.cql,measured,native_rag,0,11.423042,633,TRUE,
paper-85244-topk-5-depth-0,rag_retrieve.cql,measured,native_rag,0,1.643250,5,TRUE,
paper-85244-topk-5-depth-1,rag_retrieve.cql,measured,native_rag,0,2.065500,24,TRUE,
paper-85244-topk-5-depth-2,rag_retrieve.cql,measured,native_rag,0,47.167209,2738,TRUE,
paper-85244-topk-10-depth-0,rag_retrieve.cql,measured,native_rag,0,3.292125,10,TRUE,
paper-85244-topk-10-depth-1,rag_retrieve.cql,measured,native_rag,0,4.402792,69,TRUE,
paper-85244-topk-10-depth-2,rag_retrieve.cql,measured,native_rag,0,58.749875,3344,TRUE,
paper-151451-topk-1-depth-0,rag_retrieve.cql,measured,native_rag,0,1.016750,1,TRUE,
paper-151451-topk-1-depth-1,rag_retrieve.cql,measured,native_rag,0,0.915375,2,TRUE,
paper-151451-topk-1-depth-2,rag_retrieve.cql,measured,native_rag,0,1.050709,6,TRUE,
paper-151451-topk-3-depth-0,rag_retrieve.cql,measured,native_rag,0,1.144958,3,TRUE,
paper-151451-topk-3-depth-1,rag_retrieve.cql,measured,native_rag,0,1.296041,13,TRUE,
paper-151451-topk-3-depth-2,rag_retrieve.cql,measured,native_rag,0,3.386584,140,TRUE,
paper-151451-topk-5-depth-0,rag_retrieve.cql,measured,native_rag,0,1.676458,5,TRUE,
paper-151451-topk-5-depth-1,rag_retrieve.cql,measured,native_rag,0,2.326833,50,TRUE,
paper-151451-topk-5-depth-2,rag_retrieve.cql,measured,native_rag,0,451.045167,26400,TRUE,
paper-151451-topk-10-depth-0,rag_retrieve.cql,measured,native_rag,0,3.870834,10,TRUE,
paper-151451-topk-10-depth-1,rag_retrieve.cql,measured,native_rag,0,4.752959,70,TRUE,
paper-151451-topk-10-depth-2,rag_retrieve.cql,measured,native_rag,0,415.867750,24327,TRUE,
paper-132246-topk-1-depth-0,rag_retrieve.cql,measured,native_rag,0,0.958625,1,TRUE,
paper-132246-topk-1-depth-1,rag_retrieve.cql,measured,native_rag,0,1.352542,29,TRUE,
paper-132246-topk-1-depth-2,rag_retrieve.cql,measured,native_rag,0,394.916750,23079,TRUE,
paper-132246-topk-3-depth-0,rag_retrieve.cql,measured,native_rag,0,1.389625,3,TRUE,
paper-132246-topk-3-depth-1,rag_retrieve.cql,measured,native_rag,0,2.020083,47,TRUE,
paper-132246-topk-3-depth-2,rag_retrieve.cql,measured,native_rag,0,538.366458,31496,TRUE,
paper-132246-topk-5-depth-0,rag_retrieve.cql,measured,native_rag,0,2.286416,5,TRUE,
paper-132246-topk-5-depth-1,rag_retrieve.cql,measured,native_rag,0,2.958917,73,TRUE,
paper-132246-topk-5-depth-2,rag_retrieve.cql,measured,native_rag,0,594.421459,34474,TRUE,
paper-132246-topk-10-depth-0,rag_retrieve.cql,measured,native_rag,0,5.494875,10,TRUE,
paper-132246-topk-10-depth-1,rag_retrieve.cql,measured,native_rag,0,6.764250,115,TRUE,
paper-132246-topk-10-depth-2,rag_retrieve.cql,measured,native_rag,0,633.229417,36161,TRUE,
paper-93320-topk-1-depth-0,rag_retrieve.cql,measured,native_rag,0,1.046333,1,TRUE,
paper-93320-topk-1-depth-1,rag_retrieve.cql,measured,native_rag,0,1.033458,3,TRUE,
paper-93320-topk-1-depth-2,rag_retrieve.cql,measured,native_rag,0,1.117291,7,TRUE,
paper-93320-topk-3-depth-0,rag_retrieve.cql,measured,native_rag,0,1.315875,3,TRUE,
paper-93320-topk-3-depth-1,rag_retrieve.cql,measured,native_rag,0,1.586916,32,TRUE,
paper-93320-topk-3-depth-2,rag_retrieve.cql,measured,native_rag,0,251.124542,14822,TRUE,
paper-93320-topk-5-depth-0,rag_retrieve.cql,measured,native_rag,0,1.522542,5,TRUE,
paper-93320-topk-5-depth-1,rag_retrieve.cql,measured,native_rag,0,1.786166,30,TRUE,
paper-93320-topk-5-depth-2,rag_retrieve.cql,measured,native_rag,0,9.956250,531,TRUE,
paper-93320-topk-10-depth-0,rag_retrieve.cql,measured,native_rag,0,2.874667,10,TRUE,
paper-93320-topk-10-depth-1,rag_retrieve.cql,measured,native_rag,0,3.748334,68,TRUE,
paper-93320-topk-10-depth-2,rag_retrieve.cql,measured,native_rag,0,17.841833,936,TRUE,
paper-80291-topk-1-depth-0,rag_retrieve.cql,measured,native_rag,0,0.906625,1,TRUE,
paper-80291-topk-1-depth-1,rag_retrieve.cql,measured,native_rag,0,0.893375,2,TRUE,
paper-80291-topk-1-depth-2,rag_retrieve.cql,measured,native_rag,0,1.268833,23,TRUE,
paper-80291-topk-3-depth-0,rag_retrieve.cql,measured,native_rag,0,1.287167,3,TRUE,
paper-80291-topk-3-depth-1,rag_retrieve.cql,measured,native_rag,0,1.595125,24,TRUE,
paper-80291-topk-3-depth-2,rag_retrieve.cql,measured,native_rag,0,370.781833,21726,TRUE,
paper-80291-topk-5-depth-0,rag_retrieve.cql,measured,native_rag,0,1.669500,5,TRUE,
paper-80291-topk-5-depth-1,rag_retrieve.cql,measured,native_rag,0,1.814167,22,TRUE,
paper-80291-topk-5-depth-2,rag_retrieve.cql,measured,native_rag,0,4.383041,176,TRUE,
paper-80291-topk-10-depth-0,rag_retrieve.cql,measured,native_rag,0,2.782542,10,TRUE,
paper-80291-topk-10-depth-1,rag_retrieve.cql,measured,native_rag,0,3.064791,37,TRUE,
paper-80291-topk-10-depth-2,rag_retrieve.cql,measured,native_rag,0,6.677208,254,TRUE,
paper-140012-topk-1-depth-0,rag_retrieve.cql,measured,native_rag,0,0.942583,1,TRUE,
paper-140012-topk-1-depth-1,rag_retrieve.cql,measured,native_rag,0,1.148750,18,TRUE,
paper-140012-topk-1-depth-2,rag_retrieve.cql,measured,native_rag,0,306.800292,18049,TRUE,
paper-140012-topk-3-depth-0,rag_retrieve.cql,measured,native_rag,0,1.429125,3,TRUE,
paper-140012-topk-3-depth-1,rag_retrieve.cql,measured,native_rag,0,1.857625,31,TRUE,
paper-140012-topk-3-depth-2,rag_retrieve.cql,measured,native_rag,0,308.511500,18118,TRUE,
paper-140012-topk-5-depth-0,rag_retrieve.cql,measured,native_rag,0,1.881958,5,TRUE,
paper-140012-topk-5-depth-1,rag_retrieve.cql,measured,native_rag,0,2.367042,47,TRUE,
paper-140012-topk-5-depth-2,rag_retrieve.cql,measured,native_rag,0,208.220375,12231,TRUE,
paper-140012-topk-10-depth-0,rag_retrieve.cql,measured,native_rag,0,4.043959,10,TRUE,
paper-140012-topk-10-depth-1,rag_retrieve.cql,measured,native_rag,0,5.391792,99,TRUE,
paper-140012-topk-10-depth-2,rag_retrieve.cql,measured,native_rag,0,391.665958,22799,TRUE,
paper-55196-topk-1-depth-0,rag_retrieve.cql,measured,native_rag,0,1.065916,1,TRUE,
paper-55196-topk-1-depth-1,rag_retrieve.cql,measured,native_rag,0,1.240625,16,TRUE,
paper-55196-topk-1-depth-2,rag_retrieve.cql,measured,native_rag,0,40.646375,2323,TRUE,
paper-55196-topk-3-depth-0,rag_retrieve.cql,measured,native_rag,0,1.285542,3,TRUE,
paper-55196-topk-3-depth-1,rag_retrieve.cql,measured,native_rag,0,2.129583,52,TRUE,
paper-55196-topk-3-depth-2,rag_retrieve.cql,measured,native_rag,0,48.261417,2783,TRUE,
paper-55196-topk-5-depth-0,rag_retrieve.cql,measured,native_rag,0,2.027583,5,TRUE,
paper-55196-topk-5-depth-1,rag_retrieve.cql,measured,native_rag,0,4.784167,166,TRUE,
paper-55196-topk-5-depth-2,rag_retrieve.cql,measured,native_rag,0,325.515459,19099,TRUE,
paper-55196-topk-10-depth-0,rag_retrieve.cql,measured,native_rag,0,5.403583,10,TRUE,
paper-55196-topk-10-depth-1,rag_retrieve.cql,measured,native_rag,0,8.652208,210,TRUE,
paper-55196-topk-10-depth-2,rag_retrieve.cql,measured,native_rag,0,490.851333,28476,TRUE,
paper-127466-topk-1-depth-0,rag_retrieve.cql,measured,native_rag,0,0.970166,1,TRUE,
paper-127466-topk-1-depth-1,rag_retrieve.cql,measured,native_rag,0,0.881834,3,TRUE,
paper-127466-topk-1-depth-2,rag_retrieve.cql,measured,native_rag,0,1.130542,16,TRUE,
paper-127466-topk-3-depth-0,rag_retrieve.cql,measured,native_rag,0,1.244000,3,TRUE,
paper-127466-topk-3-depth-1,rag_retrieve.cql,measured,native_rag,0,2.252750,56,TRUE,
paper-127466-topk-3-depth-2,rag_retrieve.cql,measured,native_rag,0,467.119791,27299,TRUE,
paper-127466-topk-5-depth-0,rag_retrieve.cql,measured,native_rag,0,1.757458,5,TRUE,
paper-127466-topk-5-depth-1,rag_retrieve.cql,measured,native_rag,0,2.089333,34,TRUE,
paper-127466-topk-5-depth-2,rag_retrieve.cql,measured,native_rag,0,234.932625,14030,TRUE,
paper-127466-topk-10-depth-0,rag_retrieve.cql,measured,native_rag,0,4.257250,10,TRUE,
paper-127466-topk-10-depth-1,rag_retrieve.cql,measured,native_rag,0,6.204417,137,TRUE,
paper-127466-topk-10-depth-2,rag_retrieve.cql,measured,native_rag,0,354.840334,20482,TRUE,
paper-5819-topk-1-depth-0,rag_retrieve.cql,measured,native_rag,0,0.949292,1,TRUE,
paper-5819-topk-1-depth-1,rag_retrieve.cql,measured,native_rag,0,1.106042,14,TRUE,
paper-5819-topk-1-depth-2,rag_retrieve.cql,measured,native_rag,0,5.489208,290,TRUE,
paper-5819-topk-3-depth-0,rag_retrieve.cql,measured,native_rag,0,1.038625,3,TRUE,
paper-5819-topk-3-depth-1,rag_retrieve.cql,measured,native_rag,0,1.422041,27,TRUE,
paper-5819-topk-3-depth-2,rag_retrieve.cql,measured,native_rag,0,18.775333,1092,TRUE,
paper-5819-topk-5-depth-0,rag_retrieve.cql,measured,native_rag,0,1.454167,5,TRUE,
paper-5819-topk-5-depth-1,rag_retrieve.cql,measured,native_rag,0,1.959833,40,TRUE,
paper-5819-topk-5-depth-2,rag_retrieve.cql,measured,native_rag,0,22.477625,1301,TRUE,
paper-5819-topk-10-depth-0,rag_retrieve.cql,measured,native_rag,0,3.007750,10,TRUE,
paper-5819-topk-10-depth-1,rag_retrieve.cql,measured,native_rag,0,3.951959,61,TRUE,
paper-5819-topk-10-depth-2,rag_retrieve.cql,measured,native_rag,0,27.456166,1483,TRUE,
paper-46356-topk-1-depth-0,rag_retrieve.cql,measured,native_rag,0,0.927542,1,TRUE,
paper-46356-topk-1-depth-1,rag_retrieve.cql,measured,native_rag,0,1.368250,28,TRUE,
paper-46356-topk-1-depth-2,rag_retrieve.cql,measured,native_rag,0,278.048875,16525,TRUE,
paper-46356-topk-3-depth-0,rag_retrieve.cql,measured,native_rag,0,1.365167,3,TRUE,
paper-46356-topk-3-depth-1,rag_retrieve.cql,measured,native_rag,0,2.190375,58,TRUE,
paper-46356-topk-3-depth-2,rag_retrieve.cql,measured,native_rag,0,325.081541,19307,TRUE,
paper-46356-topk-5-depth-0,rag_retrieve.cql,measured,native_rag,0,1.887250,5,TRUE,
paper-46356-topk-5-depth-1,rag_retrieve.cql,measured,native_rag,0,2.692750,51,TRUE,
paper-46356-topk-5-depth-2,rag_retrieve.cql,measured,native_rag,0,347.324250,20411,TRUE,
paper-46356-topk-10-depth-0,rag_retrieve.cql,measured,native_rag,0,5.201917,10,TRUE,
paper-46356-topk-10-depth-1,rag_retrieve.cql,measured,native_rag,0,6.343459,105,TRUE,
paper-46356-topk-10-depth-2,rag_retrieve.cql,measured,native_rag,0,466.051375,27120,TRUE,
paper-16665-topk-1-depth-0,rag_retrieve.cql,measured,native_rag,0,0.895917,1,TRUE,
paper-16665-topk-1-depth-1,rag_retrieve.cql,measured,native_rag,0,1.080250,12,TRUE,
paper-16665-topk-1-depth-2,rag_retrieve.cql,measured,native_rag,0,297.873625,17221,TRUE,
paper-16665-topk-3-depth-0,rag_retrieve.cql,measured,native_rag,0,1.309958,3,TRUE,
paper-16665-topk-3-depth-1,rag_retrieve.cql,measured,native_rag,0,2.659875,42,TRUE,
paper-16665-topk-3-depth-2,rag_retrieve.cql,measured,native_rag,0,604.766541,29687,TRUE,
paper-16665-topk-5-depth-0,rag_retrieve.cql,measured,native_rag,0,1.866500,5,TRUE,
paper-16665-topk-5-depth-1,rag_retrieve.cql,measured,native_rag,0,3.543292,111,TRUE,
paper-16665-topk-5-depth-2,rag_retrieve.cql,measured,native_rag,0,567.742667,33007,TRUE,
paper-16665-topk-10-depth-0,rag_retrieve.cql,measured,native_rag,0,4.490250,10,TRUE,
paper-16665-topk-10-depth-1,rag_retrieve.cql,measured,native_rag,0,6.332125,134,TRUE,
paper-16665-topk-10-depth-2,rag_retrieve.cql,measured,native_rag,0,601.977250,34481,TRUE,
paper-62917-topk-1-depth-0,rag_retrieve.cql,measured,native_rag,0,0.944833,1,TRUE,
paper-62917-topk-1-depth-1,rag_retrieve.cql,measured,native_rag,0,1.001208,10,TRUE,
paper-62917-topk-1-depth-2,rag_retrieve.cql,measured,native_rag,0,3.498000,154,TRUE,
paper-62917-topk-3-depth-0,rag_retrieve.cql,measured,native_rag,0,1.297500,3,TRUE,
paper-62917-topk-3-depth-1,rag_retrieve.cql,measured,native_rag,0,1.572375,21,TRUE,
paper-62917-topk-3-depth-2,rag_retrieve.cql,measured,native_rag,0,4.467125,198,TRUE,
paper-62917-topk-5-depth-0,rag_retrieve.cql,measured,native_rag,0,1.637875,5,TRUE,
paper-62917-topk-5-depth-1,rag_retrieve.cql,measured,native_rag,0,2.073958,32,TRUE,
paper-62917-topk-5-depth-2,rag_retrieve.cql,measured,native_rag,0,6.321459,277,TRUE,
paper-62917-topk-10-depth-0,rag_retrieve.cql,measured,native_rag,0,3.197209,10,TRUE,
paper-62917-topk-10-depth-1,rag_retrieve.cql,measured,native_rag,0,4.193625,64,TRUE,
paper-62917-topk-10-depth-2,rag_retrieve.cql,measured,native_rag,0,10.372959,437,TRUE,
paper-167301-topk-1-depth-0,rag_retrieve.cql,measured,native_rag,0,0.868167,1,TRUE,
paper-167301-topk-1-depth-1,rag_retrieve.cql,measured,native_rag,0,0.893916,4,TRUE,
paper-167301-topk-1-depth-2,rag_retrieve.cql,measured,native_rag,0,0.975750,10,TRUE,
paper-167301-topk-3-depth-0,rag_retrieve.cql,measured,native_rag,0,0.998750,3,TRUE,
paper-167301-topk-3-depth-1,rag_retrieve.cql,measured,native_rag,0,1.441584,29,TRUE,
paper-167301-topk-3-depth-2,rag_retrieve.cql,measured,native_rag,0,11.575334,622,TRUE,
paper-167301-topk-5-depth-0,rag_retrieve.cql,measured,native_rag,0,1.266875,5,TRUE,
paper-167301-topk-5-depth-1,rag_retrieve.cql,measured,native_rag,0,1.787417,38,TRUE,
paper-167301-topk-5-depth-2,rag_retrieve.cql,measured,native_rag,0,11.959000,661,TRUE,
paper-167301-topk-10-depth-0,rag_retrieve.cql,measured,native_rag,0,2.506125,10,TRUE,
paper-167301-topk-10-depth-1,rag_retrieve.cql,measured,native_rag,0,3.411500,65,TRUE,
paper-167301-topk-10-depth-2,rag_retrieve.cql,measured,native_rag,0,28.581000,1572,TRUE,
paper-113663-topk-1-depth-0,rag_retrieve.cql,measured,native_rag,0,0.933791,1,TRUE,
paper-113663-topk-1-depth-1,rag_retrieve.cql,measured,native_rag,0,1.048875,10,TRUE,
paper-113663-topk-1-depth-2,rag_retrieve.cql,measured,native_rag,0,43.596458,2498,TRUE,
paper-113663-topk-3-depth-0,rag_retrieve.cql,measured,native_rag,0,1.317667,3,TRUE,
paper-113663-topk-3-depth-1,rag_retrieve.cql,measured,native_rag,0,2.102625,53,TRUE,
paper-113663-topk-3-depth-2,rag_retrieve.cql,measured,native_rag,0,223.010125,12972,TRUE,
paper-113663-topk-5-depth-0,rag_retrieve.cql,measured,native_rag,0,2.006792,5,TRUE,
paper-113663-topk-5-depth-1,rag_retrieve.cql,measured,native_rag,0,2.667416,61,TRUE,
paper-113663-topk-5-depth-2,rag_retrieve.cql,measured,native_rag,0,230.179500,13373,TRUE,
paper-113663-topk-10-depth-0,rag_retrieve.cql,measured,native_rag,0,4.183542,10,TRUE,
paper-113663-topk-10-depth-1,rag_retrieve.cql,measured,native_rag,0,5.446083,105,TRUE,
paper-113663-topk-10-depth-2,rag_retrieve.cql,measured,native_rag,0,240.207667,13826,TRUE,
paper-117708-topk-1-depth-0,rag_retrieve.cql,measured,native_rag,0,1.030167,1,TRUE,
paper-117708-topk-1-depth-1,rag_retrieve.cql,measured,native_rag,0,0.947000,4,TRUE,
paper-117708-topk-1-depth-2,rag_retrieve.cql,measured,native_rag,0,2.341167,88,TRUE,
paper-117708-topk-3-depth-0,rag_retrieve.cql,measured,native_rag,0,1.175041,3,TRUE,
paper-117708-topk-3-depth-1,rag_retrieve.cql,measured,native_rag,0,1.298417,12,TRUE,
paper-117708-topk-3-depth-2,rag_retrieve.cql,measured,native_rag,0,2.742792,98,TRUE,
paper-117708-topk-5-depth-0,rag_retrieve.cql,measured,native_rag,0,1.636458,5,TRUE,
paper-117708-topk-5-depth-1,rag_retrieve.cql,measured,native_rag,0,1.965083,22,TRUE,
paper-117708-topk-5-depth-2,rag_retrieve.cql,measured,native_rag,0,4.447625,170,TRUE,
paper-117708-topk-10-depth-0,rag_retrieve.cql,measured,native_rag,0,3.155709,10,TRUE,
paper-117708-topk-10-depth-1,rag_retrieve.cql,measured,native_rag,0,3.918291,53,TRUE,
paper-117708-topk-10-depth-2,rag_retrieve.cql,measured,native_rag,0,17.593958,867,TRUE,
paper-55694-topk-1-depth-0,rag_retrieve.cql,measured,native_rag,0,0.903458,1,TRUE,
paper-55694-topk-1-depth-1,rag_retrieve.cql,measured,native_rag,0,1.025125,10,TRUE,
paper-55694-topk-1-depth-2,rag_retrieve.cql,measured,native_rag,0,3.382833,154,TRUE,
paper-55694-topk-3-depth-0,rag_retrieve.cql,measured,native_rag,0,1.236084,3,TRUE,
paper-55694-topk-3-depth-1,rag_retrieve.cql,measured,native_rag,0,1.919417,46,TRUE,
paper-55694-topk-3-depth-2,rag_retrieve.cql,measured,native_rag,0,14.906375,842,TRUE,
paper-55694-topk-5-depth-0,rag_retrieve.cql,measured,native_rag,0,1.721916,5,TRUE,
paper-55694-topk-5-depth-1,rag_retrieve.cql,measured,native_rag,0,2.422708,54,TRUE,
paper-55694-topk-5-depth-2,rag_retrieve.cql,measured,native_rag,0,16.188333,890,TRUE,
paper-55694-topk-10-depth-0,rag_retrieve.cql,measured,native_rag,0,3.377375,10,TRUE,
paper-55694-topk-10-depth-1,rag_retrieve.cql,measured,native_rag,0,4.613584,79,TRUE,
paper-55694-topk-10-depth-2,rag_retrieve.cql,measured,native_rag,0,26.052250,1344,TRUE,
paper-7581-topk-1-depth-0,rag_retrieve.cql,measured,native_rag,0,0.886167,1,TRUE,
paper-7581-topk-1-depth-1,rag_retrieve.cql,measured,native_rag,0,0.876084,4,TRUE,
paper-7581-topk-1-depth-2,rag_retrieve.cql,measured,native_rag,0,4.347875,210,TRUE,
paper-7581-topk-3-depth-0,rag_retrieve.cql,measured,native_rag,0,1.154666,3,TRUE,
paper-7581-topk-3-depth-1,rag_retrieve.cql,measured,native_rag,0,1.308250,11,TRUE,
paper-7581-topk-3-depth-2,rag_retrieve.cql,measured,native_rag,0,3.004833,102,TRUE,
paper-7581-topk-5-depth-0,rag_retrieve.cql,measured,native_rag,0,1.419041,5,TRUE,
paper-7581-topk-5-depth-1,rag_retrieve.cql,measured,native_rag,0,2.151250,50,TRUE,
paper-7581-topk-5-depth-2,rag_retrieve.cql,measured,native_rag,0,5.215750,219,TRUE,
paper-7581-topk-10-depth-0,rag_retrieve.cql,measured,native_rag,0,3.089208,10,TRUE,
paper-7581-topk-10-depth-1,rag_retrieve.cql,measured,native_rag,0,4.208250,76,TRUE,
paper-7581-topk-10-depth-2,rag_retrieve.cql,measured,native_rag,0,11.741959,531,TRUE,
paper-63500-topk-1-depth-0,rag_retrieve.cql,measured,native_rag,0,0.853458,1,TRUE,
paper-63500-topk-1-depth-1,rag_retrieve.cql,measured,native_rag,0,1.441458,22,TRUE,
paper-63500-topk-1-depth-2,rag_retrieve.cql,measured,native_rag,0,507.250292,29564,TRUE,
paper-63500-topk-3-depth-0,rag_retrieve.cql,measured,native_rag,0,1.321875,3,TRUE,
paper-63500-topk-3-depth-1,rag_retrieve.cql,measured,native_rag,0,2.014458,39,TRUE,
paper-63500-topk-3-depth-2,rag_retrieve.cql,measured,native_rag,0,433.906459,25281,TRUE,
paper-63500-topk-5-depth-0,rag_retrieve.cql,measured,native_rag,0,2.254375,5,TRUE,
paper-63500-topk-5-depth-1,rag_retrieve.cql,measured,native_rag,0,2.569916,44,TRUE,
paper-63500-topk-5-depth-2,rag_retrieve.cql,measured,native_rag,0,442.367375,25822,TRUE,
paper-63500-topk-10-depth-0,rag_retrieve.cql,measured,native_rag,0,5.894125,10,TRUE,
paper-63500-topk-10-depth-1,rag_retrieve.cql,measured,native_rag,0,7.837083,138,TRUE,
paper-63500-topk-10-depth-2,rag_retrieve.cql,measured,native_rag,0,660.238208,38326,TRUE,
paper-105040-topk-1-depth-0,rag_retrieve.cql,measured,native_rag,0,0.901958,1,TRUE,
paper-105040-topk-1-depth-1,rag_retrieve.cql,measured,native_rag,0,1.117666,19,TRUE,
paper-105040-topk-1-depth-2,rag_retrieve.cql,measured,native_rag,0,236.984333,14102,TRUE,
paper-105040-topk-3-depth-0,rag_retrieve.cql,measured,native_rag,0,1.575750,3,TRUE,
paper-105040-topk-3-depth-1,rag_retrieve.cql,measured,native_rag,0,2.102375,34,TRUE,
paper-105040-topk-3-depth-2,rag_retrieve.cql,measured,native_rag,0,281.886833,16694,TRUE,
paper-105040-topk-5-depth-0,rag_retrieve.cql,measured,native_rag,0,2.218792,5,TRUE,
paper-105040-topk-5-depth-1,rag_retrieve.cql,measured,native_rag,0,3.718833,99,TRUE,
paper-105040-topk-5-depth-2,rag_retrieve.cql,measured,native_rag,0,565.549625,33079,TRUE,
paper-105040-topk-10-depth-0,rag_retrieve.cql,measured,native_rag,0,5.939208,10,TRUE,
paper-105040-topk-10-depth-1,rag_retrieve.cql,measured,native_rag,0,9.579000,258,TRUE,
paper-105040-topk-10-depth-2,rag_retrieve.cql,measured,native_rag,0,663.919167,38235,TRUE,
paper-121550-topk-1-depth-0,rag_retrieve.cql,measured,native_rag,0,0.991834,1,TRUE,
paper-121550-topk-1-depth-1,rag_retrieve.cql,measured,native_rag,0,1.052959,8,TRUE,
paper-121550-topk-1-depth-2,rag_retrieve.cql,measured,native_rag,0,1.126708,20,TRUE,
paper-121550-topk-3-depth-0,rag_retrieve.cql,measured,native_rag,0,1.359208,3,TRUE,
paper-121550-topk-3-depth-1,rag_retrieve.cql,measured,native_rag,0,1.717375,28,TRUE,
paper-121550-topk-3-depth-2,rag_retrieve.cql,measured,native_rag,0,3.834125,160,TRUE,
paper-121550-topk-5-depth-0,rag_retrieve.cql,measured,native_rag,0,1.592292,5,TRUE,
paper-121550-topk-5-depth-1,rag_retrieve.cql,measured,native_rag,0,2.577916,64,TRUE,
paper-121550-topk-5-depth-2,rag_retrieve.cql,measured,native_rag,0,13.490583,698,TRUE,
paper-121550-topk-10-depth-0,rag_retrieve.cql,measured,native_rag,0,2.773875,10,TRUE,
paper-121550-topk-10-depth-1,rag_retrieve.cql,measured,native_rag,0,4.047875,84,TRUE,
paper-121550-topk-10-depth-2,rag_retrieve.cql,measured,native_rag,0,21.949750,1174,TRUE,
paper-143658-topk-1-depth-0,rag_retrieve.cql,measured,native_rag,0,0.857833,1,TRUE,
paper-143658-topk-1-depth-1,rag_retrieve.cql,measured,native_rag,0,0.966625,9,TRUE,
paper-143658-topk-1-depth-2,rag_retrieve.cql,measured,native_rag,0,3.746708,175,TRUE,
paper-143658-topk-3-depth-0,rag_retrieve.cql,measured,native_rag,0,1.298875,3,TRUE,
paper-143658-topk-3-depth-1,rag_retrieve.cql,measured,native_rag,0,3.008917,107,TRUE,
paper-143658-topk-3-depth-2,rag_retrieve.cql,measured,native_rag,0,405.516458,23868,TRUE,
paper-143658-topk-5-depth-0,rag_retrieve.cql,measured,native_rag,0,1.906792,5,TRUE,
paper-143658-topk-5-depth-1,rag_retrieve.cql,measured,native_rag,0,2.637333,57,TRUE,
paper-143658-topk-5-depth-2,rag_retrieve.cql,measured,native_rag,0,408.624125,23911,TRUE,
paper-143658-topk-10-depth-0,rag_retrieve.cql,measured,native_rag,0,4.943833,10,TRUE,
paper-143658-topk-10-depth-1,rag_retrieve.cql,measured,native_rag,0,7.322000,163,TRUE,
paper-143658-topk-10-depth-2,rag_retrieve.cql,measured,native_rag,0,500.271458,28994,TRUE,
paper-38425-topk-1-depth-0,rag_retrieve.cql,measured,native_rag,0,1.064167,1,TRUE,
paper-38425-topk-1-depth-1,rag_retrieve.cql,measured,native_rag,0,0.974209,2,TRUE,
paper-38425-topk-1-depth-2,rag_retrieve.cql,measured,native_rag,0,1.731541,49,TRUE,
paper-38425-topk-3-depth-0,rag_retrieve.cql,measured,native_rag,0,1.367042,3,TRUE,
paper-38425-topk-3-depth-1,rag_retrieve.cql,measured,native_rag,0,1.565417,18,TRUE,
paper-38425-topk-3-depth-2,rag_retrieve.cql,measured,native_rag,0,169.077792,9887,TRUE,
paper-38425-topk-5-depth-0,rag_retrieve.cql,measured,native_rag,0,1.928750,5,TRUE,
paper-38425-topk-5-depth-1,rag_retrieve.cql,measured,native_rag,0,2.769417,66,TRUE,
paper-38425-topk-5-depth-2,rag_retrieve.cql,measured,native_rag,0,515.780000,30071,TRUE,
paper-38425-topk-10-depth-0,rag_retrieve.cql,measured,native_rag,0,3.994250,10,TRUE,
paper-38425-topk-10-depth-1,rag_retrieve.cql,measured,native_rag,0,5.360250,95,TRUE,
paper-38425-topk-10-depth-2,rag_retrieve.cql,measured,native_rag,0,499.438333,29091,TRUE,
paper-152028-topk-1-depth-0,rag_retrieve.cql,measured,native_rag,0,1.075750,1,TRUE,
paper-152028-topk-1-depth-1,rag_retrieve.cql,measured,native_rag,0,1.105583,10,TRUE,
paper-152028-topk-1-depth-2,rag_retrieve.cql,measured,native_rag,0,279.868417,16513,TRUE,
paper-152028-topk-3-depth-0,rag_retrieve.cql,measured,native_rag,0,1.433916,3,TRUE,
paper-152028-topk-3-depth-1,rag_retrieve.cql,measured,native_rag,0,2.272292,57,TRUE,
paper-152028-topk-3-depth-2,rag_retrieve.cql,measured,native_rag,0,533.043042,31198,TRUE,
paper-152028-topk-5-depth-0,rag_retrieve.cql,measured,native_rag,0,2.091959,5,TRUE,
paper-152028-topk-5-depth-1,rag_retrieve.cql,measured,native_rag,0,3.545792,95,TRUE,
paper-152028-topk-5-depth-2,rag_retrieve.cql,measured,native_rag,0,561.700750,32673,TRUE,
paper-152028-topk-10-depth-0,rag_retrieve.cql,measured,native_rag,0,6.168458,10,TRUE,
paper-152028-topk-10-depth-1,rag_retrieve.cql,measured,native_rag,0,11.503333,345,TRUE,
paper-152028-topk-10-depth-2,rag_retrieve.cql,measured,native_rag,0,687.761250,39780,TRUE,
paper-147351-topk-1-depth-0,rag_retrieve.cql,measured,native_rag,0,0.983666,1,TRUE,
paper-147351-topk-1-depth-1,rag_retrieve.cql,measured,native_rag,0,1.005125,10,TRUE,
paper-147351-topk-1-depth-2,rag_retrieve.cql,measured,native_rag,0,2.166125,76,TRUE,
paper-147351-topk-3-depth-0,rag_retrieve.cql,measured,native_rag,0,1.302875,3,TRUE,
paper-147351-topk-3-depth-1,rag_retrieve.cql,measured,native_rag,0,1.361375,14,TRUE,
paper-147351-topk-3-depth-2,rag_retrieve.cql,measured,native_rag,0,2.446041,73,TRUE,
paper-147351-topk-5-depth-0,rag_retrieve.cql,measured,native_rag,0,1.739584,5,TRUE,
paper-147351-topk-5-depth-1,rag_retrieve.cql,measured,native_rag,0,1.928917,19,TRUE,
paper-147351-topk-5-depth-2,rag_retrieve.cql,measured,native_rag,0,7.282792,342,TRUE,
paper-147351-topk-10-depth-0,rag_retrieve.cql,measured,native_rag,0,3.221625,10,TRUE,
paper-147351-topk-10-depth-1,rag_retrieve.cql,measured,native_rag,0,4.057833,60,TRUE,
paper-147351-topk-10-depth-2,rag_retrieve.cql,measured,native_rag,0,309.607667,18201,TRUE,
paper-141447-topk-1-depth-0,rag_retrieve.cql,measured,native_rag,0,0.947667,1,TRUE,
paper-141447-topk-1-depth-1,rag_retrieve.cql,measured,native_rag,0,1.126792,13,TRUE,
paper-141447-topk-1-depth-2,rag_retrieve.cql,measured,native_rag,0,3.998292,191,TRUE,
paper-141447-topk-3-depth-0,rag_retrieve.cql,measured,native_rag,0,1.311292,3,TRUE,
paper-141447-topk-3-depth-1,rag_retrieve.cql,measured,native_rag,0,1.703000,30,TRUE,
paper-141447-topk-3-depth-2,rag_retrieve.cql,measured,native_rag,0,6.080208,300,TRUE,
paper-141447-topk-5-depth-0,rag_retrieve.cql,measured,native_rag,0,1.681292,5,TRUE,
paper-141447-topk-5-depth-1,rag_retrieve.cql,measured,native_rag,0,2.131041,40,TRUE,
paper-141447-topk-5-depth-2,rag_retrieve.cql,measured,native_rag,0,9.568834,487,TRUE,
paper-141447-topk-10-depth-0,rag_retrieve.cql,measured,native_rag,0,2.979541,10,TRUE,
paper-141447-topk-10-depth-1,rag_retrieve.cql,measured,native_rag,0,4.775833,109,TRUE,
paper-141447-topk-10-depth-2,rag_retrieve.cql,measured,native_rag,0,27.175125,1511,TRUE,
paper-98308-topk-1-depth-0,rag_retrieve.cql,measured,native_rag,0,0.832583,1,TRUE,
paper-98308-topk-1-depth-1,rag_retrieve.cql,measured,native_rag,0,1.874583,67,TRUE,
paper-98308-topk-1-depth-2,rag_retrieve.cql,measured,native_rag,0,26.814875,1601,TRUE,
paper-98308-topk-3-depth-0,rag_retrieve.cql,measured,native_rag,0,1.171792,3,TRUE,
paper-98308-topk-3-depth-1,rag_retrieve.cql,measured,native_rag,0,2.654000,85,TRUE,
paper-98308-topk-3-depth-2,rag_retrieve.cql,measured,native_rag,0,34.420250,2032,TRUE,
paper-98308-topk-5-depth-0,rag_retrieve.cql,measured,native_rag,0,1.770000,5,TRUE,
paper-98308-topk-5-depth-1,rag_retrieve.cql,measured,native_rag,0,3.390125,102,TRUE,
paper-98308-topk-5-depth-2,rag_retrieve.cql,measured,native_rag,0,50.430791,2920,TRUE,
paper-98308-topk-10-depth-0,rag_retrieve.cql,measured,native_rag,0,4.098209,10,TRUE,
paper-98308-topk-10-depth-1,rag_retrieve.cql,measured,native_rag,0,5.660459,112,TRUE,
paper-98308-topk-10-depth-2,rag_retrieve.cql,measured,native_rag,0,69.264583,3882,TRUE,
paper-41606-topk-1-depth-0,rag_retrieve.cql,measured,native_rag,0,0.869542,1,TRUE,
paper-41606-topk-1-depth-1,rag_retrieve.cql,measured,native_rag,0,0.942334,7,TRUE,
paper-41606-topk-1-depth-2,rag_retrieve.cql,measured,native_rag,0,1.829167,67,TRUE,
paper-41606-topk-3-depth-0,rag_retrieve.cql,measured,native_rag,0,1.045583,3,TRUE,
paper-41606-topk-3-depth-1,rag_retrieve.cql,measured,native_rag,0,1.770958,42,TRUE,
paper-41606-topk-3-depth-2,rag_retrieve.cql,measured,native_rag,0,22.686375,1313,TRUE,
paper-41606-topk-5-depth-0,rag_retrieve.cql,measured,native_rag,0,1.434833,5,TRUE,
paper-41606-topk-5-depth-1,rag_retrieve.cql,measured,native_rag,0,2.175916,54,TRUE,
paper-41606-topk-5-depth-2,rag_retrieve.cql,measured,native_rag,0,28.476167,1651,TRUE,
paper-41606-topk-10-depth-0,rag_retrieve.cql,measured,native_rag,0,2.896667,10,TRUE,
paper-41606-topk-10-depth-1,rag_retrieve.cql,measured,native_rag,0,4.029750,80,TRUE,
paper-41606-topk-10-depth-2,rag_retrieve.cql,measured,native_rag,0,227.833458,13335,TRUE,
paper-81438-topk-1-depth-0,rag_retrieve.cql,measured,native_rag,0,0.938542,1,TRUE,
paper-81438-topk-1-depth-1,rag_retrieve.cql,measured,native_rag,0,1.476000,33,TRUE,
paper-81438-topk-1-depth-2,rag_retrieve.cql,measured,native_rag,0,12.985916,755,TRUE,
paper-81438-topk-3-depth-0,rag_retrieve.cql,measured,native_rag,0,1.230000,3,TRUE,
paper-81438-topk-3-depth-1,rag_retrieve.cql,measured,native_rag,0,2.516792,77,TRUE,
paper-81438-topk-3-depth-2,rag_retrieve.cql,measured,native_rag,0,27.247291,1592,TRUE,
paper-81438-topk-5-depth-0,rag_retrieve.cql,measured,native_rag,0,1.854458,5,TRUE,
paper-81438-topk-5-depth-1,rag_retrieve.cql,measured,native_rag,0,3.587833,107,TRUE,
paper-81438-topk-5-depth-2,rag_retrieve.cql,measured,native_rag,0,37.141500,2125,TRUE,
paper-81438-topk-10-depth-0,rag_retrieve.cql,measured,native_rag,0,5.288417,10,TRUE,
paper-81438-topk-10-depth-1,rag_retrieve.cql,measured,native_rag,0,9.140875,219,TRUE,
paper-81438-topk-10-depth-2,rag_retrieve.cql,measured,native_rag,0,60.311833,3343,TRUE,
paper-40932-topk-1-depth-0,rag_retrieve.cql,measured,native_rag,0,0.989291,1,TRUE,
paper-40932-topk-1-depth-1,rag_retrieve.cql,measured,native_rag,0,0.861875,2,TRUE,
paper-40932-topk-1-depth-2,rag_retrieve.cql,measured,native_rag,0,0.959708,7,TRUE,
paper-40932-topk-3-depth-0,rag_retrieve.cql,measured,native_rag,0,1.350041,3,TRUE,
paper-40932-topk-3-depth-1,rag_retrieve.cql,measured,native_rag,0,1.605750,17,TRUE,
paper-40932-topk-3-depth-2,rag_retrieve.cql,measured,native_rag,0,4.220666,180,TRUE,
paper-40932-topk-5-depth-0,rag_retrieve.cql,measured,native_rag,0,1.725917,5,TRUE,
paper-40932-topk-5-depth-1,rag_retrieve.cql,measured,native_rag,0,2.231791,38,TRUE,
paper-40932-topk-5-depth-2,rag_retrieve.cql,measured,native_rag,0,7.421625,357,TRUE,
paper-40932-topk-10-depth-0,rag_retrieve.cql,measured,native_rag,0,3.354833,10,TRUE,
paper-40932-topk-10-depth-1,rag_retrieve.cql,measured,native_rag,0,4.272375,63,TRUE,
paper-40932-topk-10-depth-2,rag_retrieve.cql,measured,native_rag,0,21.341083,1088,TRUE,
paper-98794-topk-1-depth-0,rag_retrieve.cql,measured,native_rag,0,0.944917,1,TRUE,
paper-98794-topk-1-depth-1,rag_retrieve.cql,measured,native_rag,0,1.145292,15,TRUE,
paper-98794-topk-1-depth-2,rag_retrieve.cql,measured,native_rag,0,3.018500,131,TRUE,
paper-98794-topk-3-depth-0,rag_retrieve.cql,measured,native_rag,0,1.218833,3,TRUE,
paper-98794-topk-3-depth-1,rag_retrieve.cql,measured,native_rag,0,1.844416,44,TRUE,
paper-98794-topk-3-depth-2,rag_retrieve.cql,measured,native_rag,0,5.019125,236,TRUE,
paper-98794-topk-5-depth-0,rag_retrieve.cql,measured,native_rag,0,1.294125,5,TRUE,
paper-98794-topk-5-depth-1,rag_retrieve.cql,measured,native_rag,0,1.583417,23,TRUE,
paper-98794-topk-5-depth-2,rag_retrieve.cql,measured,native_rag,0,49.982334,2948,TRUE,
paper-98794-topk-10-depth-0,rag_retrieve.cql,measured,native_rag,0,2.957125,10,TRUE,
paper-98794-topk-10-depth-1,rag_retrieve.cql,measured,native_rag,0,4.002333,76,TRUE,
paper-98794-topk-10-depth-2,rag_retrieve.cql,measured,native_rag,0,114.532875,6649,TRUE,
paper-156069-topk-1-depth-0,rag_retrieve.cql,measured,native_rag,0,0.918000,1,TRUE,
paper-156069-topk-1-depth-1,rag_retrieve.cql,measured,native_rag,0,0.924959,7,TRUE,
paper-156069-topk-1-depth-2,rag_retrieve.cql,measured,native_rag,0,227.992625,13480,TRUE,
paper-156069-topk-3-depth-0,rag_retrieve.cql,measured,native_rag,0,1.602833,3,TRUE,
paper-156069-topk-3-depth-1,rag_retrieve.cql,measured,native_rag,0,2.154875,41,TRUE,
paper-156069-topk-3-depth-2,rag_retrieve.cql,measured,native_rag,0,248.911250,14594,TRUE,
paper-156069-topk-5-depth-0,rag_retrieve.cql,measured,native_rag,0,2.314125,5,TRUE,
paper-156069-topk-5-depth-1,rag_retrieve.cql,measured,native_rag,0,2.763125,65,TRUE,
paper-156069-topk-5-depth-2,rag_retrieve.cql,measured,native_rag,0,39.124583,2239,TRUE,
paper-156069-topk-10-depth-0,rag_retrieve.cql,measured,native_rag,0,3.550541,10,TRUE,
paper-156069-topk-10-depth-1,rag_retrieve.cql,measured,native_rag,0,5.238833,111,TRUE,
paper-156069-topk-10-depth-2,rag_retrieve.cql,measured,native_rag,0,53.765625,3009,TRUE,
paper-88108-topk-1-depth-0,rag_retrieve.cql,measured,native_rag,0,0.853375,1,TRUE,
paper-88108-topk-1-depth-1,rag_retrieve.cql,measured,native_rag,0,0.936625,7,TRUE,
paper-88108-topk-1-depth-2,rag_retrieve.cql,measured,native_rag,0,3.161917,139,TRUE,
paper-88108-topk-3-depth-0,rag_retrieve.cql,measured,native_rag,0,1.234000,3,TRUE,
paper-88108-topk-3-depth-1,rag_retrieve.cql,measured,native_rag,0,3.355208,136,TRUE,
paper-88108-topk-3-depth-2,rag_retrieve.cql,measured,native_rag,0,164.060625,9595,TRUE,
paper-88108-topk-5-depth-0,rag_retrieve.cql,measured,native_rag,0,1.949250,5,TRUE,
paper-88108-topk-5-depth-1,rag_retrieve.cql,measured,native_rag,0,4.284375,151,TRUE,
paper-88108-topk-5-depth-2,rag_retrieve.cql,measured,native_rag,0,167.020041,9716,TRUE,
paper-88108-topk-10-depth-0,rag_retrieve.cql,measured,native_rag,0,4.159667,10,TRUE,
paper-88108-topk-10-depth-1,rag_retrieve.cql,measured,native_rag,0,7.184875,186,TRUE,
paper-88108-topk-10-depth-2,rag_retrieve.cql,measured,native_rag,0,174.135333,10034,TRUE,
paper-34050-topk-1-depth-0,rag_retrieve.cql,measured,native_rag,0,1.015458,1,TRUE,
paper-34050-topk-1-depth-1,rag_retrieve.cql,measured,native_rag,0,1.893500,59,TRUE,
paper-34050-topk-1-depth-2,rag_retrieve.cql,measured,native_rag,0,9.178750,507,TRUE,
paper-34050-topk-3-depth-0,rag_retrieve.cql,measured,native_rag,0,1.119583,3,TRUE,
paper-34050-topk-3-depth-1,rag_retrieve.cql,measured,native_rag,0,2.759083,97,TRUE,
paper-34050-topk-3-depth-2,rag_retrieve.cql,measured,native_rag,0,190.558333,11276,TRUE,
paper-34050-topk-5-depth-0,rag_retrieve.cql,measured,native_rag,0,1.750583,5,TRUE,
paper-34050-topk-5-depth-1,rag_retrieve.cql,measured,native_rag,0,3.410791,110,TRUE,
paper-34050-topk-5-depth-2,rag_retrieve.cql,measured,native_rag,0,203.540500,11949,TRUE,
paper-34050-topk-10-depth-0,rag_retrieve.cql,measured,native_rag,0,4.240917,10,TRUE,
paper-34050-topk-10-depth-1,rag_retrieve.cql,measured,native_rag,0,6.575458,154,TRUE,
paper-34050-topk-10-depth-2,rag_retrieve.cql,measured,native_rag,0,424.643416,24772,TRUE,
paper-167409-topk-1-depth-0,rag_retrieve.cql,measured,native_rag,0,0.908208,1,TRUE,
paper-167409-topk-1-depth-1,rag_retrieve.cql,measured,native_rag,0,0.907041,6,TRUE,
paper-167409-topk-1-depth-2,rag_retrieve.cql,measured,native_rag,0,8.486875,470,TRUE,
paper-167409-topk-3-depth-0,rag_retrieve.cql,measured,native_rag,0,1.214458,3,TRUE,
paper-167409-topk-3-depth-1,rag_retrieve.cql,measured,native_rag,0,1.360500,15,TRUE,
paper-167409-topk-3-depth-2,rag_retrieve.cql,measured,native_rag,0,9.488416,511,TRUE,
paper-167409-topk-5-depth-0,rag_retrieve.cql,measured,native_rag,0,1.579500,5,TRUE,
paper-167409-topk-5-depth-1,rag_retrieve.cql,measured,native_rag,0,2.090833,38,TRUE,
paper-167409-topk-5-depth-2,rag_retrieve.cql,measured,native_rag,0,37.740500,2189,TRUE,
paper-167409-topk-10-depth-0,rag_retrieve.cql,measured,native_rag,0,3.535666,10,TRUE,
paper-167409-topk-10-depth-1,rag_retrieve.cql,measured,native_rag,0,4.475750,67,TRUE,
paper-167409-topk-10-depth-2,rag_retrieve.cql,measured,native_rag,0,45.989167,2580,TRUE,
paper-74144-topk-1-depth-0,rag_retrieve.cql,measured,native_rag,0,1.087666,1,TRUE,
paper-74144-topk-1-depth-1,rag_retrieve.cql,measured,native_rag,0,1.057666,9,TRUE,
paper-74144-topk-1-depth-2,rag_retrieve.cql,measured,native_rag,0,7.071417,375,TRUE,
paper-74144-topk-3-depth-0,rag_retrieve.cql,measured,native_rag,0,1.264125,3,TRUE,
paper-74144-topk-3-depth-1,rag_retrieve.cql,measured,native_rag,0,1.964083,41,TRUE,
paper-74144-topk-3-depth-2,rag_retrieve.cql,measured,native_rag,0,19.791208,1105,TRUE,
paper-74144-topk-5-depth-0,rag_retrieve.cql,measured,native_rag,0,1.807125,5,TRUE,
paper-74144-topk-5-depth-1,rag_retrieve.cql,measured,native_rag,0,2.585084,57,TRUE,
paper-74144-topk-5-depth-2,rag_retrieve.cql,measured,native_rag,0,27.488125,1556,TRUE,
paper-74144-topk-10-depth-0,rag_retrieve.cql,measured,native_rag,0,5.295417,10,TRUE,
paper-74144-topk-10-depth-1,rag_retrieve.cql,measured,native_rag,0,8.877334,234,TRUE,
paper-74144-topk-10-depth-2,rag_retrieve.cql,measured,native_rag,0,79.919500,4497,TRUE,
paper-140721-topk-1-depth-0,rag_retrieve.cql,measured,native_rag,0,0.860625,1,TRUE,
paper-140721-topk-1-depth-1,rag_retrieve.cql,measured,native_rag,0,0.971791,8,TRUE,
paper-140721-topk-1-depth-2,rag_retrieve.cql,measured,native_rag,0,5.128500,258,TRUE,
paper-140721-topk-3-depth-0,rag_retrieve.cql,measured,native_rag,0,1.420250,3,TRUE,
paper-140721-topk-3-depth-1,rag_retrieve.cql,measured,native_rag,0,1.927084,43,TRUE,
paper-140721-topk-3-depth-2,rag_retrieve.cql,measured,native_rag,0,50.253125,1684,TRUE,
paper-140721-topk-5-depth-0,rag_retrieve.cql,measured,native_rag,0,1.986750,5,TRUE,
paper-140721-topk-5-depth-1,rag_retrieve.cql,measured,native_rag,0,2.500584,53,TRUE,
paper-140721-topk-5-depth-2,rag_retrieve.cql,measured,native_rag,0,34.832083,1935,TRUE,
paper-140721-topk-10-depth-0,rag_retrieve.cql,measured,native_rag,0,4.560958,10,TRUE,
paper-140721-topk-10-depth-1,rag_retrieve.cql,measured,native_rag,0,5.990584,93,TRUE,
paper-140721-topk-10-depth-2,rag_retrieve.cql,measured,native_rag,0,49.173750,2661,TRUE,
paper-15797-topk-1-depth-0,rag_retrieve.cql,measured,native_rag,0,0.976375,1,TRUE,
paper-15797-topk-1-depth-1,rag_retrieve.cql,measured,native_rag,0,1.299125,26,TRUE,
paper-15797-topk-1-depth-2,rag_retrieve.cql,measured,native_rag,0,21.241666,1247,TRUE,
paper-15797-topk-3-depth-0,rag_retrieve.cql,measured,native_rag,0,1.260000,3,TRUE,
paper-15797-topk-3-depth-1,rag_retrieve.cql,measured,native_rag,0,1.704500,31,TRUE,
paper-15797-topk-3-depth-2,rag_retrieve.cql,measured,native_rag,0,21.575750,1202,TRUE,
paper-15797-topk-5-depth-0,rag_retrieve.cql,measured,native_rag,0,1.784750,5,TRUE,
paper-15797-topk-5-depth-1,rag_retrieve.cql,measured,native_rag,0,2.508500,46,TRUE,
paper-15797-topk-5-depth-2,rag_retrieve.cql,measured,native_rag,0,23.369750,1315,TRUE,
paper-15797-topk-10-depth-0,rag_retrieve.cql,measured,native_rag,0,4.126167,10,TRUE,
paper-15797-topk-10-depth-1,rag_retrieve.cql,measured,native_rag,0,6.842083,167,TRUE,
paper-15797-topk-10-depth-2,rag_retrieve.cql,measured,native_rag,0,85.697000,4825,TRUE,
paper-3391-topk-1-depth-0,rag_retrieve.cql,measured,native_rag,0,0.899709,1,TRUE,
paper-3391-topk-1-depth-1,rag_retrieve.cql,measured,native_rag,0,0.893500,3,TRUE,
paper-3391-topk-1-depth-2,rag_retrieve.cql,measured,native_rag,0,1.441459,36,TRUE,
paper-3391-topk-3-depth-0,rag_retrieve.cql,measured,native_rag,0,1.208625,3,TRUE,
paper-3391-topk-3-depth-1,rag_retrieve.cql,measured,native_rag,0,1.289708,10,TRUE,
paper-3391-topk-3-depth-2,rag_retrieve.cql,measured,native_rag,0,2.358709,76,TRUE,
paper-3391-topk-5-depth-0,rag_retrieve.cql,measured,native_rag,0,1.610500,5,TRUE,
paper-3391-topk-5-depth-1,rag_retrieve.cql,measured,native_rag,0,1.905625,22,TRUE,
paper-3391-topk-5-depth-2,rag_retrieve.cql,measured,native_rag,0,3.684125,134,TRUE,
paper-3391-topk-10-depth-0,rag_retrieve.cql,measured,native_rag,0,3.126708,10,TRUE,
paper-3391-topk-10-depth-1,rag_retrieve.cql,measured,native_rag,0,4.254583,73,TRUE,
paper-3391-topk-10-depth-2,rag_retrieve.cql,measured,native_rag,0,25.398625,1318,TRUE,
paper-15962-topk-1-depth-0,rag_retrieve.cql,measured,native_rag,0,0.865792,1,TRUE,
paper-15962-topk-1-depth-1,rag_retrieve.cql,measured,native_rag,0,1.182709,18,TRUE,
paper-15962-topk-1-depth-2,rag_retrieve.cql,measured,native_rag,0,237.648167,13867,TRUE,
paper-15962-topk-3-depth-0,rag_retrieve.cql,measured,native_rag,0,1.668958,3,TRUE,
paper-15962-topk-3-depth-1,rag_retrieve.cql,measured,native_rag,0,1.935083,31,TRUE,
paper-15962-topk-3-depth-2,rag_retrieve.cql,measured,native_rag,0,237.502541,14035,TRUE,
paper-15962-topk-5-depth-0,rag_retrieve.cql,measured,native_rag,0,1.896083,5,TRUE,
paper-15962-topk-5-depth-1,rag_retrieve.cql,measured,native_rag,0,3.379083,101,TRUE,
paper-15962-topk-5-depth-2,rag_retrieve.cql,measured,native_rag,0,527.707625,30894,TRUE,
paper-15962-topk-10-depth-0,rag_retrieve.cql,measured,native_rag,0,5.546000,10,TRUE,
paper-15962-topk-10-depth-1,rag_retrieve.cql,measured,native_rag,0,8.268125,173,TRUE,
paper-15962-topk-10-depth-2,rag_retrieve.cql,measured,native_rag,0,602.038666,34955,TRUE,
paper-63126-topk-1-depth-0,rag_retrieve.cql,measured,native_rag,0,0.998833,1,TRUE,
paper-63126-topk-1-depth-1,rag_retrieve.cql,measured,native_rag,0,0.964583,2,TRUE,
paper-63126-topk-1-depth-2,rag_retrieve.cql,measured,native_rag,0,2.964625,124,TRUE,
paper-63126-topk-3-depth-0,rag_retrieve.cql,measured,native_rag,0,1.432250,3,TRUE,
paper-63126-topk-3-depth-1,rag_retrieve.cql,measured,native_rag,0,4.520125,194,TRUE,
paper-63126-topk-3-depth-2,rag_retrieve.cql,measured,native_rag,0,362.877500,21316,TRUE,
paper-63126-topk-5-depth-0,rag_retrieve.cql,measured,native_rag,0,2.445958,5,TRUE,
paper-63126-topk-5-depth-1,rag_retrieve.cql,measured,native_rag,0,6.186750,235,TRUE,
paper-63126-topk-5-depth-2,rag_retrieve.cql,measured,native_rag,0,392.006916,22980,TRUE,
paper-63126-topk-10-depth-0,rag_retrieve.cql,measured,native_rag,0,6.578458,10,TRUE,
paper-63126-topk-10-depth-1,rag_retrieve.cql,measured,native_rag,0,9.914875,223,TRUE,
paper-63126-topk-10-depth-2,rag_retrieve.cql,measured,native_rag,0,608.202792,35305,TRUE,
paper-48229-topk-1-depth-0,rag_retrieve.cql,measured,native_rag,0,0.974708,1,TRUE,
paper-48229-topk-1-depth-1,rag_retrieve.cql,measured,native_rag,0,1.277958,22,TRUE,
paper-48229-topk-1-depth-2,rag_retrieve.cql,measured,native_rag,0,4.819542,245,TRUE,
paper-48229-topk-3-depth-0,rag_retrieve.cql,measured,native_rag,0,1.362666,3,TRUE,
paper-48229-topk-3-depth-1,rag_retrieve.cql,measured,native_rag,0,1.976250,37,TRUE,
paper-48229-topk-3-depth-2,rag_retrieve.cql,measured,native_rag,0,329.694959,19378,TRUE,
paper-48229-topk-5-depth-0,rag_retrieve.cql,measured,native_rag,0,1.921333,5,TRUE,
paper-48229-topk-5-depth-1,rag_retrieve.cql,measured,native_rag,0,2.475625,44,TRUE,
paper-48229-topk-5-depth-2,rag_retrieve.cql,measured,native_rag,0,336.290083,19791,TRUE,
paper-48229-topk-10-depth-0,rag_retrieve.cql,measured,native_rag,0,4.008958,10,TRUE,
paper-48229-topk-10-depth-1,rag_retrieve.cql,measured,native_rag,0,5.490250,103,TRUE,
paper-48229-topk-10-depth-2,rag_retrieve.cql,measured,native_rag,0,363.287666,21204,TRUE,
paper-83983-topk-1-depth-0,rag_retrieve.cql,measured,native_rag,0,0.968208,1,TRUE,
paper-83983-topk-1-depth-1,rag_retrieve.cql,measured,native_rag,0,1.047500,10,TRUE,
paper-83983-topk-1-depth-2,rag_retrieve.cql,measured,native_rag,0,3.706125,171,TRUE,
paper-83983-topk-3-depth-0,rag_retrieve.cql,measured,native_rag,0,1.359125,3,TRUE,
paper-83983-topk-3-depth-1,rag_retrieve.cql,measured,native_rag,0,1.702334,18,TRUE,
paper-83983-topk-3-depth-2,rag_retrieve.cql,measured,native_rag,0,4.731542,205,TRUE,
paper-83983-topk-5-depth-0,rag_retrieve.cql,measured,native_rag,0,1.893875,5,TRUE,
paper-83983-topk-5-depth-1,rag_retrieve.cql,measured,native_rag,0,2.545542,49,TRUE,
paper-83983-topk-5-depth-2,rag_retrieve.cql,measured,native_rag,0,20.748583,1171,TRUE,
paper-83983-topk-10-depth-0,rag_retrieve.cql,measured,native_rag,0,3.921083,10,TRUE,
paper-83983-topk-10-depth-1,rag_retrieve.cql,measured,native_rag,0,5.260625,88,TRUE,
paper-83983-topk-10-depth-2,rag_retrieve.cql,measured,native_rag,0,34.739416,1863,TRUE,
paper-31649-topk-1-depth-0,rag_retrieve.cql,measured,native_rag,0,0.903625,1,TRUE,
paper-31649-topk-1-depth-1,rag_retrieve.cql,measured,native_rag,0,0.949625,6,TRUE,
paper-31649-topk-1-depth-2,rag_retrieve.cql,measured,native_rag,0,1.489166,37,TRUE,
paper-31649-topk-3-depth-0,rag_retrieve.cql,measured,native_rag,0,1.175125,3,TRUE,
paper-31649-topk-3-depth-1,rag_retrieve.cql,measured,native_rag,0,1.552250,24,TRUE,
paper-31649-topk-3-depth-2,rag_retrieve.cql,measured,native_rag,0,4.436375,202,TRUE,
paper-31649-topk-5-depth-0,rag_retrieve.cql,measured,native_rag,0,1.529708,5,TRUE,
paper-31649-topk-5-depth-1,rag_retrieve.cql,measured,native_rag,0,1.998333,30,TRUE,
paper-31649-topk-5-depth-2,rag_retrieve.cql,measured,native_rag,0,5.346625,227,TRUE,
paper-31649-topk-10-depth-0,rag_retrieve.cql,measured,native_rag,0,3.272625,10,TRUE,
paper-31649-topk-10-depth-1,rag_retrieve.cql,measured,native_rag,0,4.583416,94,TRUE,
paper-31649-topk-10-depth-2,rag_retrieve.cql,measured,native_rag,0,35.639834,1975,TRUE,
paper-119585-topk-1-depth-0,rag_retrieve.cql,measured,native_rag,0,0.887250,1,TRUE,
paper-119585-topk-1-depth-1,rag_retrieve.cql,measured,native_rag,0,0.929500,5,TRUE,
paper-119585-topk-1-depth-2,rag_retrieve.cql,measured,native_rag,0,215.981792,12909,TRUE,
paper-119585-topk-3-depth-0,rag_retrieve.cql,measured,native_rag,0,1.454459,3,TRUE,
paper-119585-topk-3-depth-1,rag_retrieve.cql,measured,native_rag,0,2.284166,45,TRUE,
paper-119585-topk-3-depth-2,rag_retrieve.cql,measured,native_rag,0,499.266459,29023,TRUE,
paper-119585-topk-5-depth-0,rag_retrieve.cql,measured,native_rag,0,1.594666,5,TRUE,
paper-119585-topk-5-depth-1,rag_retrieve.cql,measured,native_rag,0,2.222208,51,TRUE,
paper-119585-topk-5-depth-2,rag_retrieve.cql,measured,native_rag,0,512.632167,29879,TRUE,
paper-119585-topk-10-depth-0,rag_retrieve.cql,measured,native_rag,0,5.745500,10,TRUE,
paper-119585-topk-10-depth-1,rag_retrieve.cql,measured,native_rag,0,5.469416,90,TRUE,
paper-119585-topk-10-depth-2,rag_retrieve.cql,measured,native_rag,0,636.121917,36963,TRUE,
paper-120024-topk-1-depth-0,rag_retrieve.cql,measured,native_rag,0,1.010334,1,TRUE,
paper-120024-topk-1-depth-1,rag_retrieve.cql,measured,native_rag,0,1.034500,9,TRUE,
paper-120024-topk-1-depth-2,rag_retrieve.cql,measured,native_rag,0,1.524666,38,TRUE,
paper-120024-topk-3-depth-0,rag_retrieve.cql,measured,native_rag,0,1.342667,3,TRUE,
paper-120024-topk-3-depth-1,rag_retrieve.cql,measured,native_rag,0,1.565334,21,TRUE,
paper-120024-topk-3-depth-2,rag_retrieve.cql,measured,native_rag,0,3.435833,134,TRUE,
paper-120024-topk-5-depth-0,rag_retrieve.cql,measured,native_rag,0,1.634959,5,TRUE,
paper-120024-topk-5-depth-1,rag_retrieve.cql,measured,native_rag,0,2.197459,33,TRUE,
paper-120024-topk-5-depth-2,rag_retrieve.cql,measured,native_rag,0,4.951208,204,TRUE,
paper-120024-topk-10-depth-0,rag_retrieve.cql,measured,native_rag,0,3.241417,10,TRUE,
paper-120024-topk-10-depth-1,rag_retrieve.cql,measured,native_rag,0,4.314416,70,TRUE,
paper-120024-topk-10-depth-2,rag_retrieve.cql,measured,native_rag,0,20.682042,1041,TRUE,
paper-159937-topk-1-depth-0,rag_retrieve.cql,measured,native_rag,0,0.897916,1,TRUE,
paper-159937-topk-1-depth-1,rag_retrieve.cql,measured,native_rag,0,0.949459,2,TRUE,
paper-159937-topk-1-depth-2,rag_retrieve.cql,measured,native_rag,0,0.879667,4,TRUE,
paper-159937-topk-3-depth-0,rag_retrieve.cql,measured,native_rag,0,1.159125,3,TRUE,
paper-159937-topk-3-depth-1,rag_retrieve.cql,measured,native_rag,0,1.977667,53,TRUE,
paper-159937-topk-3-depth-2,rag_retrieve.cql,measured,native_rag,0,336.456417,19836,TRUE,
paper-159937-topk-5-depth-0,rag_retrieve.cql,measured,native_rag,0,1.778125,5,TRUE,
paper-159937-topk-5-depth-1,rag_retrieve.cql,measured,native_rag,0,2.884084,77,TRUE,
paper-159937-topk-5-depth-2,rag_retrieve.cql,measured,native_rag,0,339.685417,19977,TRUE,
paper-159937-topk-10-depth-0,rag_retrieve.cql,measured,native_rag,0,6.755708,10,TRUE,
paper-159937-topk-10-depth-1,rag_retrieve.cql,measured,native_rag,0,21.042958,908,TRUE,
paper-159937-topk-10-depth-2,rag_retrieve.cql,measured,native_rag,0,501.220167,29014,TRUE,
paper-132190-topk-1-depth-0,rag_retrieve.cql,measured,native_rag,0,0.880000,1,TRUE,
paper-132190-topk-1-depth-1,rag_retrieve.cql,measured,native_rag,0,1.706792,55,TRUE,
paper-132190-topk-1-depth-2,rag_retrieve.cql,measured,native_rag,0,388.737291,22436,TRUE,
paper-132190-topk-3-depth-0,rag_retrieve.cql,measured,native_rag,0,1.201417,3,TRUE,
paper-132190-topk-3-depth-1,rag_retrieve.cql,measured,native_rag,0,2.249958,74,TRUE,
paper-132190-topk-3-depth-2,rag_retrieve.cql,measured,native_rag,0,582.077292,32189,TRUE,
paper-132190-topk-5-depth-0,rag_retrieve.cql,measured,native_rag,0,2.013833,5,TRUE,
paper-132190-topk-5-depth-1,rag_retrieve.cql,measured,native_rag,0,3.357083,92,TRUE,
paper-132190-topk-5-depth-2,rag_retrieve.cql,measured,native_rag,0,565.513917,32913,TRUE,
paper-132190-topk-10-depth-0,rag_retrieve.cql,measured,native_rag,0,5.596666,10,TRUE,
paper-132190-topk-10-depth-1,rag_retrieve.cql,measured,native_rag,0,8.573959,210,TRUE,
paper-132190-topk-10-depth-2,rag_retrieve.cql,measured,native_rag,0,629.470916,36698,TRUE,
paper-93330-topk-1-depth-0,rag_retrieve.cql,measured,native_rag,0,1.046250,1,TRUE,
paper-93330-topk-1-depth-1,rag_retrieve.cql,measured,native_rag,0,0.956208,6,TRUE,
paper-93330-topk-1-depth-2,rag_retrieve.cql,measured,native_rag,0,1.525417,43,TRUE,
paper-93330-topk-3-depth-0,rag_retrieve.cql,measured,native_rag,0,1.289042,3,TRUE,
paper-93330-topk-3-depth-1,rag_retrieve.cql,measured,native_rag,0,1.412542,11,TRUE,
paper-93330-topk-3-depth-2,rag_retrieve.cql,measured,native_rag,0,2.095417,55,TRUE,
paper-93330-topk-5-depth-0,rag_retrieve.cql,measured,native_rag,0,1.658459,5,TRUE,
paper-93330-topk-5-depth-1,rag_retrieve.cql,measured,native_rag,0,1.847958,16,TRUE,
paper-93330-topk-5-depth-2,rag_retrieve.cql,measured,native_rag,0,3.423792,106,TRUE,
paper-93330-topk-10-depth-0,rag_retrieve.cql,measured,native_rag,0,3.299375,10,TRUE,
paper-93330-topk-10-depth-1,rag_retrieve.cql,measured,native_rag,0,4.891208,105,TRUE,
paper-93330-topk-10-depth-2,rag_retrieve.cql,measured,native_rag,0,98.420542,5714,TRUE,
paper-13708-topk-1-depth-0,rag_retrieve.cql,measured,native_rag,0,0.870583,1,TRUE,
paper-13708-topk-1-depth-1,rag_retrieve.cql,measured,native_rag,0,0.834334,5,TRUE,
paper-13708-topk-1-depth-2,rag_retrieve.cql,measured,native_rag,0,14.455875,843,TRUE,
paper-13708-topk-3-depth-0,rag_retrieve.cql,measured,native_rag,0,0.976625,3,TRUE,
paper-13708-topk-3-depth-1,rag_retrieve.cql,measured,native_rag,0,1.078542,10,TRUE,
paper-13708-topk-3-depth-2,rag_retrieve.cql,measured,native_rag,0,14.827416,872,TRUE,
paper-13708-topk-5-depth-0,rag_retrieve.cql,measured,native_rag,0,1.111875,5,TRUE,
paper-13708-topk-5-depth-1,rag_retrieve.cql,measured,native_rag,0,1.739333,41,TRUE,
paper-13708-topk-5-depth-2,rag_retrieve.cql,measured,native_rag,0,22.756667,1331,TRUE,
paper-13708-topk-10-depth-0,rag_retrieve.cql,measured,native_rag,0,2.214958,10,TRUE,
paper-13708-topk-10-depth-1,rag_retrieve.cql,measured,native_rag,0,3.445708,79,TRUE,
paper-13708-topk-10-depth-2,rag_retrieve.cql,measured,native_rag,0,137.393625,8127,TRUE,
paper-150745-topk-1-depth-0,rag_retrieve.cql,measured,native_rag,0,0.995709,1,TRUE,
paper-150745-topk-1-depth-1,rag_retrieve.cql,measured,native_rag,0,2.397166,90,TRUE,
paper-150745-topk-1-depth-2,rag_retrieve.cql,measured,native_rag,0,308.282333,18208,TRUE,
paper-150745-topk-3-depth-0,rag_retrieve.cql,measured,native_rag,0,1.558333,3,TRUE,
paper-150745-topk-3-depth-1,rag_retrieve.cql,measured,native_rag,0,3.791584,140,TRUE,
paper-150745-topk-3-depth-2,rag_retrieve.cql,measured,native_rag,0,660.999333,35497,TRUE,
paper-150745-topk-5-depth-0,rag_retrieve.cql,measured,native_rag,0,2.290417,5,TRUE,
paper-150745-topk-5-depth-1,rag_retrieve.cql,measured,native_rag,0,4.757500,163,TRUE,
paper-150745-topk-5-depth-2,rag_retrieve.cql,measured,native_rag,0,674.234375,38377,TRUE,
paper-150745-topk-10-depth-0,rag_retrieve.cql,measured,native_rag,0,5.093125,10,TRUE,
paper-150745-topk-10-depth-1,rag_retrieve.cql,measured,native_rag,0,6.693416,107,TRUE,
paper-150745-topk-10-depth-2,rag_retrieve.cql,measured,native_rag,0,656.458875,37304,TRUE,
paper-69522-topk-1-depth-0,rag_retrieve.cql,measured,native_rag,0,1.098083,1,TRUE,
paper-69522-topk-1-depth-1,rag_retrieve.cql,measured,native_rag,0,0.999417,5,TRUE,
paper-69522-topk-1-depth-2,rag_retrieve.cql,measured,native_rag,0,2.138209,74,TRUE,
paper-69522-topk-3-depth-0,rag_retrieve.cql,measured,native_rag,0,1.231625,3,TRUE,
paper-69522-topk-3-depth-1,rag_retrieve.cql,measured,native_rag,0,1.369667,14,TRUE,
paper-69522-topk-3-depth-2,rag_retrieve.cql,measured,native_rag,0,11.184542,606,TRUE,
paper-69522-topk-5-depth-0,rag_retrieve.cql,measured,native_rag,0,1.867083,5,TRUE,
paper-69522-topk-5-depth-1,rag_retrieve.cql,measured,native_rag,0,3.198166,85,TRUE,
paper-69522-topk-5-depth-2,rag_retrieve.cql,measured,native_rag,0,42.075250,2405,TRUE,
paper-69522-topk-10-depth-0,rag_retrieve.cql,measured,native_rag,0,3.970250,10,TRUE,
paper-69522-topk-10-depth-1,rag_retrieve.cql,measured,native_rag,0,5.860250,131,TRUE,
paper-69522-topk-10-depth-2,rag_retrieve.cql,measured,native_rag,0,422.901416,24086,TRUE,
paper-148938-topk-1-depth-0,rag_retrieve.cql,measured,native_rag,0,1.091000,1,TRUE,
paper-148938-topk-1-depth-1,rag_retrieve.cql,measured,native_rag,0,0.993084,7,TRUE,
paper-148938-topk-1-depth-2,rag_retrieve.cql,measured,native_rag,0,2.235292,83,TRUE,
paper-148938-topk-3-depth-0,rag_retrieve.cql,measured,native_rag,0,1.202625,3,TRUE,
paper-148938-topk-3-depth-1,rag_retrieve.cql,measured,native_rag,0,1.691750,35,TRUE,
paper-148938-topk-3-depth-2,rag_retrieve.cql,measured,native_rag,0,6.477625,317,TRUE,
paper-148938-topk-5-depth-0,rag_retrieve.cql,measured,native_rag,0,1.526334,5,TRUE,
paper-148938-topk-5-depth-1,rag_retrieve.cql,measured,native_rag,0,2.394250,56,TRUE,
paper-148938-topk-5-depth-2,rag_retrieve.cql,measured,native_rag,0,44.124167,2527,TRUE,
paper-148938-topk-10-depth-0,rag_retrieve.cql,measured,native_rag,0,3.164166,10,TRUE,
paper-148938-topk-10-depth-1,rag_retrieve.cql,measured,native_rag,0,4.960791,133,TRUE,
paper-148938-topk-10-depth-2,rag_retrieve.cql,measured,native_rag,0,304.050625,17470,TRUE,
paper-150348-topk-1-depth-0,rag_retrieve.cql,measured,native_rag,0,1.013541,1,TRUE,
paper-150348-topk-1-depth-1,rag_retrieve.cql,measured,native_rag,0,1.045334,9,TRUE,
paper-150348-topk-1-depth-2,rag_retrieve.cql,measured,native_rag,0,298.884833,17224,TRUE,
paper-150348-topk-3-depth-0,rag_retrieve.cql,measured,native_rag,0,1.527291,3,TRUE,
paper-150348-topk-3-depth-1,rag_retrieve.cql,measured,native_rag,0,1.869084,44,TRUE,
paper-150348-topk-3-depth-2,rag_retrieve.cql,measured,native_rag,0,300.562000,17306,TRUE,
paper-150348-topk-5-depth-0,rag_retrieve.cql,measured,native_rag,0,1.920333,5,TRUE,
paper-150348-topk-5-depth-1,rag_retrieve.cql,measured,native_rag,0,2.685958,60,TRUE,
paper-150348-topk-5-depth-2,rag_retrieve.cql,measured,native_rag,0,372.204291,21199,TRUE,
paper-150348-topk-10-depth-0,rag_retrieve.cql,measured,native_rag,0,3.816958,10,TRUE,
paper-150348-topk-10-depth-1,rag_retrieve.cql,measured,native_rag,0,4.652833,84,TRUE,
paper-150348-topk-10-depth-2,rag_retrieve.cql,measured,native_rag,0,625.228000,35246,TRUE,
paper-28911-topk-1-depth-0,rag_retrieve.cql,measured,native_rag,0,1.087375,1,TRUE,
paper-28911-topk-1-depth-1,rag_retrieve.cql,measured,native_rag,0,0.948000,2,TRUE,
paper-28911-topk-1-depth-2,rag_retrieve.cql,measured,native_rag,0,2.640708,96,TRUE,
paper-28911-topk-3-depth-0,rag_retrieve.cql,measured,native_rag,0,1.183792,3,TRUE,
paper-28911-topk-3-depth-1,rag_retrieve.cql,measured,native_rag,0,1.639375,22,TRUE,
paper-28911-topk-3-depth-2,rag_retrieve.cql,measured,native_rag,0,5.265334,244,TRUE,
paper-28911-topk-5-depth-0,rag_retrieve.cql,measured,native_rag,0,1.396833,5,TRUE,
paper-28911-topk-5-depth-1,rag_retrieve.cql,measured,native_rag,0,2.030625,44,TRUE,
paper-28911-topk-5-depth-2,rag_retrieve.cql,measured,native_rag,0,7.733750,387,TRUE,
paper-28911-topk-10-depth-0,rag_retrieve.cql,measured,native_rag,0,2.604791,10,TRUE,
paper-28911-topk-10-depth-1,rag_retrieve.cql,measured,native_rag,0,3.725250,66,TRUE,
paper-28911-topk-10-depth-2,rag_retrieve.cql,measured,native_rag,0,10.519708,496,TRUE,
paper-76182-topk-1-depth-0,rag_retrieve.cql,measured,native_rag,0,0.883916,1,TRUE,
paper-76182-topk-1-depth-1,rag_retrieve.cql,measured,native_rag,0,6.614875,350,TRUE,
paper-76182-topk-1-depth-2,rag_retrieve.cql,measured,native_rag,0,473.009333,26742,TRUE,
paper-76182-topk-3-depth-0,rag_retrieve.cql,measured,native_rag,0,1.630709,3,TRUE,
paper-76182-topk-3-depth-1,rag_retrieve.cql,measured,native_rag,0,7.608084,386,TRUE,
paper-76182-topk-3-depth-2,rag_retrieve.cql,measured,native_rag,0,488.059625,27634,TRUE,
paper-76182-topk-5-depth-0,rag_retrieve.cql,measured,native_rag,0,2.111209,5,TRUE,
paper-76182-topk-5-depth-1,rag_retrieve.cql,measured,native_rag,0,8.410708,402,TRUE,
paper-76182-topk-5-depth-2,rag_retrieve.cql,measured,native_rag,0,493.553667,27865,TRUE,
paper-76182-topk-10-depth-0,rag_retrieve.cql,measured,native_rag,0,6.052959,10,TRUE,
paper-76182-topk-10-depth-1,rag_retrieve.cql,measured,native_rag,0,13.105125,453,TRUE,
paper-76182-topk-10-depth-2,rag_retrieve.cql,measured,native_rag,0,549.247208,30786,TRUE,
paper-134824-topk-1-depth-0,rag_retrieve.cql,measured,native_rag,0,1.042083,1,TRUE,
paper-134824-topk-1-depth-1,rag_retrieve.cql,measured,native_rag,0,0.978125,6,TRUE,
paper-134824-topk-1-depth-2,rag_retrieve.cql,measured,native_rag,0,8.564917,477,TRUE,
paper-134824-topk-3-depth-0,rag_retrieve.cql,measured,native_rag,0,1.340792,3,TRUE,
paper-134824-topk-3-depth-1,rag_retrieve.cql,measured,native_rag,0,1.777667,31,TRUE,
paper-134824-topk-3-depth-2,rag_retrieve.cql,measured,native_rag,0,80.011667,4553,TRUE,
paper-134824-topk-5-depth-0,rag_retrieve.cql,measured,native_rag,0,2.122042,5,TRUE,
paper-134824-topk-5-depth-1,rag_retrieve.cql,measured,native_rag,0,2.776916,44,TRUE,
paper-134824-topk-5-depth-2,rag_retrieve.cql,measured,native_rag,0,477.235125,19077,TRUE,
paper-134824-topk-10-depth-0,rag_retrieve.cql,measured,native_rag,0,5.429209,10,TRUE,
paper-134824-topk-10-depth-1,rag_retrieve.cql,measured,native_rag,0,6.997250,94,TRUE,
paper-134824-topk-10-depth-2,rag_retrieve.cql,measured,native_rag,0,476.433542,27031,TRUE,
paper-134189-topk-1-depth-0,rag_retrieve.cql,measured,native_rag,0,1.032583,1,TRUE,
paper-134189-topk-1-depth-1,rag_retrieve.cql,measured,native_rag,0,0.985834,4,TRUE,
paper-134189-topk-1-depth-2,rag_retrieve.cql,measured,native_rag,0,1.840083,12,TRUE,
paper-134189-topk-3-depth-0,rag_retrieve.cql,measured,native_rag,0,1.280042,3,TRUE,
paper-134189-topk-3-depth-1,rag_retrieve.cql,measured,native_rag,0,1.529333,19,TRUE,
paper-134189-topk-3-depth-2,rag_retrieve.cql,measured,native_rag,0,6.274625,308,TRUE,
paper-134189-topk-5-depth-0,rag_retrieve.cql,measured,native_rag,0,1.610083,5,TRUE,
paper-134189-topk-5-depth-1,rag_retrieve.cql,measured,native_rag,0,2.023334,30,TRUE,
paper-134189-topk-5-depth-2,rag_retrieve.cql,measured,native_rag,0,12.103125,658,TRUE,
paper-134189-topk-10-depth-0,rag_retrieve.cql,measured,native_rag,0,2.723625,10,TRUE,
paper-134189-topk-10-depth-1,rag_retrieve.cql,measured,native_rag,0,3.395417,54,TRUE,
paper-134189-topk-10-depth-2,rag_retrieve.cql,measured,native_rag,0,13.346125,657,TRUE,
paper-37080-topk-1-depth-0,rag_retrieve.cql,measured,native_rag,0,0.860417,1,TRUE,
paper-37080-topk-1-depth-1,rag_retrieve.cql,measured,native_rag,0,0.854500,2,TRUE,
paper-37080-topk-1-depth-2,rag_retrieve.cql,measured,native_rag,0,1.611583,47,TRUE,
paper-37080-topk-3-depth-0,rag_retrieve.cql,measured,native_rag,0,1.112125,3,TRUE,
paper-37080-topk-3-depth-1,rag_retrieve.cql,measured,native_rag,0,1.125334,7,TRUE,
paper-37080-topk-3-depth-2,rag_retrieve.cql,measured,native_rag,0,3.410625,142,TRUE,
paper-37080-topk-5-depth-0,rag_retrieve.cql,measured,native_rag,0,1.416250,5,TRUE,
paper-37080-topk-5-depth-1,rag_retrieve.cql,measured,native_rag,0,1.600458,16,TRUE,
paper-37080-topk-5-depth-2,rag_retrieve.cql,measured,native_rag,0,5.327792,237,TRUE,
paper-37080-topk-10-depth-0,rag_retrieve.cql,measured,native_rag,0,2.735583,10,TRUE,
paper-37080-topk-10-depth-1,rag_retrieve.cql,measured,native_rag,0,3.439208,54,TRUE,
paper-37080-topk-10-depth-2,rag_retrieve.cql,measured,native_rag,0,329.526292,18920,TRUE,
paper-29958-topk-1-depth-0,rag_retrieve.cql,measured,native_rag,0,1.075208,1,TRUE,
paper-29958-topk-1-depth-1,rag_retrieve.cql,measured,native_rag,0,1.063959,10,TRUE,
paper-29958-topk-1-depth-2,rag_retrieve.cql,measured,native_rag,0,16.060625,920,TRUE,
paper-29958-topk-3-depth-0,rag_retrieve.cql,measured,native_rag,0,1.339208,3,TRUE,
paper-29958-topk-3-depth-1,rag_retrieve.cql,measured,native_rag,0,1.599959,24,TRUE,
paper-29958-topk-3-depth-2,rag_retrieve.cql,measured,native_rag,0,40.762250,2366,TRUE,
paper-29958-topk-5-depth-0,rag_retrieve.cql,measured,native_rag,0,1.868708,5,TRUE,
paper-29958-topk-5-depth-1,rag_retrieve.cql,measured,native_rag,0,2.553042,51,TRUE,
paper-29958-topk-5-depth-2,rag_retrieve.cql,measured,native_rag,0,64.079375,3659,TRUE,
paper-29958-topk-10-depth-0,rag_retrieve.cql,measured,native_rag,0,4.373416,10,TRUE,
paper-29958-topk-10-depth-1,rag_retrieve.cql,measured,native_rag,0,5.791000,95,TRUE,
paper-29958-topk-10-depth-2,rag_retrieve.cql,measured,native_rag,0,184.674708,10429,TRUE,
paper-48551-topk-1-depth-0,rag_retrieve.cql,measured,native_rag,0,1.118333,1,TRUE,
paper-48551-topk-1-depth-1,rag_retrieve.cql,measured,native_rag,0,0.988083,4,TRUE,
paper-48551-topk-1-depth-2,rag_retrieve.cql,measured,native_rag,0,25.232666,1466,TRUE,
paper-48551-topk-3-depth-0,rag_retrieve.cql,measured,native_rag,0,1.328542,3,TRUE,
paper-48551-topk-3-depth-1,rag_retrieve.cql,measured,native_rag,0,1.948417,37,TRUE,
paper-48551-topk-3-depth-2,rag_retrieve.cql,measured,native_rag,0,67.263333,3881,TRUE,
paper-48551-topk-5-depth-0,rag_retrieve.cql,measured,native_rag,0,2.048500,5,TRUE,
paper-48551-topk-5-depth-1,rag_retrieve.cql,measured,native_rag,0,3.513083,96,TRUE,
paper-48551-topk-5-depth-2,rag_retrieve.cql,measured,native_rag,0,405.242000,23167,TRUE,
paper-48551-topk-10-depth-0,rag_retrieve.cql,measured,native_rag,0,5.745750,10,TRUE,
paper-48551-topk-10-depth-1,rag_retrieve.cql,measured,native_rag,0,7.365667,128,TRUE,
paper-48551-topk-10-depth-2,rag_retrieve.cql,measured,native_rag,0,418.129167,23740,TRUE,
paper-42940-topk-1-depth-0,rag_retrieve.cql,measured,native_rag,0,1.170334,1,TRUE,
paper-42940-topk-1-depth-1,rag_retrieve.cql,measured,native_rag,0,1.143584,9,TRUE,
paper-42940-topk-1-depth-2,rag_retrieve.cql,measured,native_rag,0,3.169500,136,TRUE,
paper-42940-topk-3-depth-0,rag_retrieve.cql,measured,native_rag,0,1.209000,3,TRUE,
paper-42940-topk-3-depth-1,rag_retrieve.cql,measured,native_rag,0,1.598875,26,TRUE,
paper-42940-topk-3-depth-2,rag_retrieve.cql,measured,native_rag,0,5.709875,272,TRUE,
paper-42940-topk-5-depth-0,rag_retrieve.cql,measured,native_rag,0,1.655208,5,TRUE,
paper-42940-topk-5-depth-1,rag_retrieve.cql,measured,native_rag,0,2.248417,40,TRUE,
paper-42940-topk-5-depth-2,rag_retrieve.cql,measured,native_rag,0,7.594917,358,TRUE,
paper-42940-topk-10-depth-0,rag_retrieve.cql,measured,native_rag,0,3.653500,10,TRUE,
paper-42940-topk-10-depth-1,rag_retrieve.cql,measured,native_rag,0,4.900041,113,TRUE,
paper-42940-topk-10-depth-2,rag_retrieve.cql,measured,native_rag,0,17.670667,901,TRUE,
paper-25732-topk-1-depth-0,rag_retrieve.cql,measured,native_rag,0,1.039375,1,TRUE,
paper-25732-topk-1-depth-1,rag_retrieve.cql,measured,native_rag,0,1.109875,7,TRUE,
paper-25732-topk-1-depth-2,rag_retrieve.cql,measured,native_rag,0,3.777958,162,TRUE,
paper-25732-topk-3-depth-0,rag_retrieve.cql,measured,native_rag,0,1.427625,3,TRUE,
paper-25732-topk-3-depth-1,rag_retrieve.cql,measured,native_rag,0,1.779166,30,TRUE,
paper-25732-topk-3-depth-2,rag_retrieve.cql,measured,native_rag,0,14.788291,846,TRUE,
paper-25732-topk-5-depth-0,rag_retrieve.cql,measured,native_rag,0,1.844417,5,TRUE,
paper-25732-topk-5-depth-1,rag_retrieve.cql,measured,native_rag,0,2.613666,58,TRUE,
paper-25732-topk-5-depth-2,rag_retrieve.cql,measured,native_rag,0,34.105459,1953,TRUE,
paper-25732-topk-10-depth-0,rag_retrieve.cql,measured,native_rag,0,4.220791,10,TRUE,
paper-25732-topk-10-depth-1,rag_retrieve.cql,measured,native_rag,0,5.177542,83,TRUE,
paper-25732-topk-10-depth-2,rag_retrieve.cql,measured,native_rag,0,43.202000,2318,TRUE,
paper-132276-topk-1-depth-0,rag_retrieve.cql,measured,native_rag,0,1.001084,1,TRUE,
paper-132276-topk-1-depth-1,rag_retrieve.cql,measured,native_rag,0,0.840916,2,TRUE,
paper-132276-topk-1-depth-2,rag_retrieve.cql,measured,native_rag,0,0.942500,11,TRUE,
paper-132276-topk-3-depth-0,rag_retrieve.cql,measured,native_rag,0,1.083500,3,TRUE,
paper-132276-topk-3-depth-1,rag_retrieve.cql,measured,native_rag,0,1.899750,54,TRUE,
paper-132276-topk-3-depth-2,rag_retrieve.cql,measured,native_rag,0,8.833750,461,TRUE,
paper-132276-topk-5-depth-0,rag_retrieve.cql,measured,native_rag,0,1.482500,5,TRUE,
paper-132276-topk-5-depth-1,rag_retrieve.cql,measured,native_rag,0,2.549791,66,TRUE,
paper-132276-topk-5-depth-2,rag_retrieve.cql,measured,native_rag,0,10.080791,505,TRUE,
paper-132276-topk-10-depth-0,rag_retrieve.cql,measured,native_rag,0,2.949375,10,TRUE,
paper-132276-topk-10-depth-1,rag_retrieve.cql,measured,native_rag,0,4.494500,93,TRUE,
paper-132276-topk-10-depth-2,rag_retrieve.cql,measured,native_rag,0,13.356417,619,TRUE,
paper-142059-topk-1-depth-0,rag_retrieve.cql,measured,native_rag,0,0.871584,1,TRUE,
paper-142059-topk-1-depth-1,rag_retrieve.cql,measured,native_rag,0,1.021166,11,TRUE,
paper-142059-topk-1-depth-2,rag_retrieve.cql,measured,native_rag,0,6.437667,332,TRUE,
paper-142059-topk-3-depth-0,rag_retrieve.cql,measured,native_rag,0,1.346875,3,TRUE,
paper-142059-topk-3-depth-1,rag_retrieve.cql,measured,native_rag,0,1.722833,25,TRUE,
paper-142059-topk-3-depth-2,rag_retrieve.cql,measured,native_rag,0,257.512041,14879,TRUE,
paper-142059-topk-5-depth-0,rag_retrieve.cql,measured,native_rag,0,1.944375,5,TRUE,
paper-142059-topk-5-depth-1,rag_retrieve.cql,measured,native_rag,0,2.241917,37,TRUE,
paper-142059-topk-5-depth-2,rag_retrieve.cql,measured,native_rag,0,269.045042,15591,TRUE,
paper-142059-topk-10-depth-0,rag_retrieve.cql,measured,native_rag,0,3.651459,10,TRUE,
paper-142059-topk-10-depth-1,rag_retrieve.cql,measured,native_rag,0,4.674875,90,TRUE,
paper-142059-topk-10-depth-2,rag_retrieve.cql,measured,native_rag,0,492.803750,28396,TRUE,
paper-108332-topk-1-depth-0,rag_retrieve.cql,measured,native_rag,0,1.118542,1,TRUE,
paper-108332-topk-1-depth-1,rag_retrieve.cql,measured,native_rag,0,1.017875,6,TRUE,
paper-108332-topk-1-depth-2,rag_retrieve.cql,measured,native_rag,0,54.643250,3200,TRUE,
paper-108332-topk-3-depth-0,rag_retrieve.cql,measured,native_rag,0,2.066917,3,TRUE,
paper-108332-topk-3-depth-1,rag_retrieve.cql,measured,native_rag,0,1.452042,21,TRUE,
paper-108332-topk-3-depth-2,rag_retrieve.cql,measured,native_rag,0,379.355708,13587,TRUE,
paper-108332-topk-5-depth-0,rag_retrieve.cql,measured,native_rag,0,2.049542,5,TRUE,
paper-108332-topk-5-depth-1,rag_retrieve.cql,measured,native_rag,0,2.514625,50,TRUE,
paper-108332-topk-5-depth-2,rag_retrieve.cql,measured,native_rag,0,511.436167,28945,TRUE,
paper-108332-topk-10-depth-0,rag_retrieve.cql,measured,native_rag,0,4.584459,10,TRUE,
paper-108332-topk-10-depth-1,rag_retrieve.cql,measured,native_rag,0,5.677042,95,TRUE,
paper-108332-topk-10-depth-2,rag_retrieve.cql,measured,native_rag,0,589.069500,33436,TRUE,
paper-67049-topk-1-depth-0,rag_retrieve.cql,measured,native_rag,0,1.102541,1,TRUE,
paper-67049-topk-1-depth-1,rag_retrieve.cql,measured,native_rag,0,1.126000,10,TRUE,
paper-67049-topk-1-depth-2,rag_retrieve.cql,measured,native_rag,0,1.262666,22,TRUE,
paper-67049-topk-3-depth-0,rag_retrieve.cql,measured,native_rag,0,1.151292,3,TRUE,
paper-67049-topk-3-depth-1,rag_retrieve.cql,measured,native_rag,0,1.402625,23,TRUE,
paper-67049-topk-3-depth-2,rag_retrieve.cql,measured,native_rag,0,4.826333,227,TRUE,
paper-67049-topk-5-depth-0,rag_retrieve.cql,measured,native_rag,0,1.521459,5,TRUE,
paper-67049-topk-5-depth-1,rag_retrieve.cql,measured,native_rag,0,1.982833,36,TRUE,
paper-67049-topk-5-depth-2,rag_retrieve.cql,measured,native_rag,0,5.722917,259,TRUE,
paper-67049-topk-10-depth-0,rag_retrieve.cql,measured,native_rag,0,3.097542,10,TRUE,
paper-67049-topk-10-depth-1,rag_retrieve.cql,measured,native_rag,0,4.020542,70,TRUE,
paper-67049-topk-10-depth-2,rag_retrieve.cql,measured,native_rag,0,288.663500,16739,TRUE,
paper-25048-topk-1-depth-0,rag_retrieve.cql,measured,native_rag,0,0.954584,1,TRUE,
paper-25048-topk-1-depth-1,rag_retrieve.cql,measured,native_rag,0,0.920167,3,TRUE,
paper-25048-topk-1-depth-2,rag_retrieve.cql,measured,native_rag,0,0.953500,7,TRUE,
paper-25048-topk-3-depth-0,rag_retrieve.cql,measured,native_rag,0,1.122083,3,TRUE,
paper-25048-topk-3-depth-1,rag_retrieve.cql,measured,native_rag,0,1.282667,16,TRUE,
paper-25048-topk-3-depth-2,rag_retrieve.cql,measured,native_rag,0,6.783750,334,TRUE,
paper-25048-topk-5-depth-0,rag_retrieve.cql,measured,native_rag,0,1.424959,5,TRUE,
paper-25048-topk-5-depth-1,rag_retrieve.cql,measured,native_rag,0,1.862875,29,TRUE,
paper-25048-topk-5-depth-2,rag_retrieve.cql,measured,native_rag,0,9.904292,527,TRUE,
paper-25048-topk-10-depth-0,rag_retrieve.cql,measured,native_rag,0,3.294000,10,TRUE,
paper-25048-topk-10-depth-1,rag_retrieve.cql,measured,native_rag,0,4.786084,87,TRUE,
paper-25048-topk-10-depth-2,rag_retrieve.cql,measured,native_rag,0,275.860917,15927,TRUE,
paper-42197-topk-1-depth-0,rag_retrieve.cql,measured,native_rag,0,1.055417,1,TRUE,
paper-42197-topk-1-depth-1,rag_retrieve.cql,measured,native_rag,0,1.152666,14,TRUE,
paper-42197-topk-1-depth-2,rag_retrieve.cql,measured,native_rag,0,391.601791,22808,TRUE,
paper-42197-topk-3-depth-0,rag_retrieve.cql,measured,native_rag,0,1.421125,3,TRUE,
paper-42197-topk-3-depth-1,rag_retrieve.cql,measured,native_rag,0,1.941375,41,TRUE,
paper-42197-topk-3-depth-2,rag_retrieve.cql,measured,native_rag,0,302.338417,17416,TRUE,
paper-42197-topk-5-depth-0,rag_retrieve.cql,measured,native_rag,0,2.076667,5,TRUE,
paper-42197-topk-5-depth-1,rag_retrieve.cql,measured,native_rag,0,3.058375,73,TRUE,
paper-42197-topk-5-depth-2,rag_retrieve.cql,measured,native_rag,0,330.863583,18811,TRUE,
paper-42197-topk-10-depth-0,rag_retrieve.cql,measured,native_rag,0,6.395166,10,TRUE,
paper-42197-topk-10-depth-1,rag_retrieve.cql,measured,native_rag,0,21.636125,927,TRUE,
paper-42197-topk-10-depth-2,rag_retrieve.cql,measured,native_rag,0,642.500667,35943,TRUE,
paper-166587-topk-1-depth-0,rag_retrieve.cql,measured,native_rag,0,0.979375,1,TRUE,
paper-166587-topk-1-depth-1,rag_retrieve.cql,measured,native_rag,0,1.000958,10,TRUE,
paper-166587-topk-1-depth-2,rag_retrieve.cql,measured,native_rag,0,237.690000,13754,TRUE,
paper-166587-topk-3-depth-0,rag_retrieve.cql,measured,native_rag,0,1.359750,3,TRUE,
paper-166587-topk-3-depth-1,rag_retrieve.cql,measured,native_rag,0,1.530250,26,TRUE,
paper-166587-topk-3-depth-2,rag_retrieve.cql,measured,native_rag,0,251.762292,14443,TRUE,
paper-166587-topk-5-depth-0,rag_retrieve.cql,measured,native_rag,0,1.731959,5,TRUE,
paper-166587-topk-5-depth-1,rag_retrieve.cql,measured,native_rag,0,2.247709,45,TRUE,
paper-166587-topk-5-depth-2,rag_retrieve.cql,measured,native_rag,0,26.459375,1478,TRUE,
paper-166587-topk-10-depth-0,rag_retrieve.cql,measured,native_rag,0,3.294791,10,TRUE,
paper-166587-topk-10-depth-1,rag_retrieve.cql,measured,native_rag,0,4.333917,86,TRUE,
paper-166587-topk-10-depth-2,rag_retrieve.cql,measured,native_rag,0,276.290333,15760,TRUE,
paper-30905-topk-1-depth-0,rag_retrieve.cql,measured,native_rag,0,1.057000,1,TRUE,
paper-30905-topk-1-depth-1,rag_retrieve.cql,measured,native_rag,0,0.994333,3,TRUE,
paper-30905-topk-1-depth-2,rag_retrieve.cql,measured,native_rag,0,2.076083,74,TRUE,
paper-30905-topk-3-depth-0,rag_retrieve.cql,measured,native_rag,0,1.241708,3,TRUE,
paper-30905-topk-3-depth-1,rag_retrieve.cql,measured,native_rag,0,1.413666,17,TRUE,
paper-30905-topk-3-depth-2,rag_retrieve.cql,measured,native_rag,0,12.952500,727,TRUE,
paper-30905-topk-5-depth-0,rag_retrieve.cql,measured,native_rag,0,1.595917,5,TRUE,
paper-30905-topk-5-depth-1,rag_retrieve.cql,measured,native_rag,0,2.256334,45,TRUE,
paper-30905-topk-5-depth-2,rag_retrieve.cql,measured,native_rag,0,37.793875,2124,TRUE,
paper-30905-topk-10-depth-0,rag_retrieve.cql,measured,native_rag,0,3.166584,10,TRUE,
paper-30905-topk-10-depth-1,rag_retrieve.cql,measured,native_rag,0,4.632958,93,TRUE,
paper-30905-topk-10-depth-2,rag_retrieve.cql,measured,native_rag,0,56.657500,3073,TRUE,
paper-130934-topk-1-depth-0,rag_retrieve.cql,measured,native_rag,0,0.830167,1,TRUE,
paper-130934-topk-1-depth-1,rag_retrieve.cql,measured,native_rag,0,1.164167,23,TRUE,
paper-130934-topk-1-depth-2,rag_retrieve.cql,measured,native_rag,0,336.768709,19307,TRUE,
paper-130934-topk-3-depth-0,rag_retrieve.cql,measured,native_rag,0,1.270750,3,TRUE,
paper-130934-topk-3-depth-1,rag_retrieve.cql,measured,native_rag,0,1.771917,37,TRUE,
paper-130934-topk-3-depth-2,rag_retrieve.cql,measured,native_rag,0,467.041333,26588,TRUE,
paper-130934-topk-5-depth-0,rag_retrieve.cql,measured,native_rag,0,1.925542,5,TRUE,
paper-130934-topk-5-depth-1,rag_retrieve.cql,measured,native_rag,0,2.678167,64,TRUE,
paper-130934-topk-5-depth-2,rag_retrieve.cql,measured,native_rag,0,469.552666,26724,TRUE,
paper-130934-topk-10-depth-0,rag_retrieve.cql,measured,native_rag,0,4.685750,10,TRUE,
paper-130934-topk-10-depth-1,rag_retrieve.cql,measured,native_rag,0,6.156375,104,TRUE,
paper-130934-topk-10-depth-2,rag_retrieve.cql,measured,native_rag,0,516.991750,28957,TRUE,
paper-157362-topk-1-depth-0,rag_retrieve.cql,measured,native_rag,0,1.062125,1,TRUE,
paper-157362-topk-1-depth-1,rag_retrieve.cql,measured,native_rag,0,0.911208,3,TRUE,
paper-157362-topk-1-depth-2,rag_retrieve.cql,measured,native_rag,0,2.459708,96,TRUE,
paper-157362-topk-3-depth-0,rag_retrieve.cql,measured,native_rag,0,1.216417,3,TRUE,
paper-157362-topk-3-depth-1,rag_retrieve.cql,measured,native_rag,0,1.391458,15,TRUE,
paper-157362-topk-3-depth-2,rag_retrieve.cql,measured,native_rag,0,2.302167,72,TRUE,
paper-157362-topk-5-depth-0,rag_retrieve.cql,measured,native_rag,0,1.525042,5,TRUE,
paper-157362-topk-5-depth-1,rag_retrieve.cql,measured,native_rag,0,1.909416,27,TRUE,
paper-157362-topk-5-depth-2,rag_retrieve.cql,measured,native_rag,0,6.260333,294,TRUE,
paper-157362-topk-10-depth-0,rag_retrieve.cql,measured,native_rag,0,2.973916,10,TRUE,
paper-157362-topk-10-depth-1,rag_retrieve.cql,measured,native_rag,0,3.925250,71,TRUE,
paper-157362-topk-10-depth-2,rag_retrieve.cql,measured,native_rag,0,28.102958,1501,TRUE,
paper-93869-topk-1-depth-0,rag_retrieve.cql,measured,native_rag,0,0.880375,1,TRUE,
paper-93869-topk-1-depth-1,rag_retrieve.cql,measured,native_rag,0,1.076959,12,TRUE,
paper-93869-topk-1-depth-2,rag_retrieve.cql,measured,native_rag,0,71.149459,4141,TRUE,
paper-93869-topk-3-depth-0,rag_retrieve.cql,measured,native_rag,0,1.396042,3,TRUE,
paper-93869-topk-3-depth-1,rag_retrieve.cql,measured,native_rag,0,2.061416,44,TRUE,
paper-93869-topk-3-depth-2,rag_retrieve.cql,measured,native_rag,0,313.882792,18082,TRUE,
paper-93869-topk-5-depth-0,rag_retrieve.cql,measured,native_rag,0,2.488750,5,TRUE,
paper-93869-topk-5-depth-1,rag_retrieve.cql,measured,native_rag,0,3.411416,57,TRUE,
paper-93869-topk-5-depth-2,rag_retrieve.cql,measured,native_rag,0,494.709166,28372,TRUE,
paper-93869-topk-10-depth-0,rag_retrieve.cql,measured,native_rag,0,5.869583,10,TRUE,
paper-93869-topk-10-depth-1,rag_retrieve.cql,measured,native_rag,0,7.191042,113,TRUE,
paper-93869-topk-10-depth-2,rag_retrieve.cql,measured,native_rag,0,557.815834,31668,TRUE,
paper-12310-topk-1-depth-0,rag_retrieve.cql,measured,native_rag,0,1.131042,1,TRUE,
paper-12310-topk-1-depth-1,rag_retrieve.cql,measured,native_rag,0,1.082084,13,TRUE,
paper-12310-topk-1-depth-2,rag_retrieve.cql,measured,native_rag,0,20.575792,1184,TRUE,
paper-12310-topk-3-depth-0,rag_retrieve.cql,measured,native_rag,0,1.332583,3,TRUE,
paper-12310-topk-3-depth-1,rag_retrieve.cql,measured,native_rag,0,6.523833,330,TRUE,
paper-12310-topk-3-depth-2,rag_retrieve.cql,measured,native_rag,0,233.887125,13528,TRUE,
paper-12310-topk-5-depth-0,rag_retrieve.cql,measured,native_rag,0,2.609875,5,TRUE,
paper-12310-topk-5-depth-1,rag_retrieve.cql,measured,native_rag,0,8.422292,383,TRUE,
paper-12310-topk-5-depth-2,rag_retrieve.cql,measured,native_rag,0,417.604667,23775,TRUE,
paper-12310-topk-10-depth-0,rag_retrieve.cql,measured,native_rag,0,7.434875,10,TRUE,
paper-12310-topk-10-depth-1,rag_retrieve.cql,measured,native_rag,0,16.552500,490,TRUE,
paper-12310-topk-10-depth-2,rag_retrieve.cql,measured,native_rag,0,677.188125,37754,TRUE,
paper-63444-topk-1-depth-0,rag_retrieve.cql,measured,native_rag,0,1.137375,1,TRUE,
paper-63444-topk-1-depth-1,rag_retrieve.cql,measured,native_rag,0,1.258125,18,TRUE,
paper-63444-topk-1-depth-2,rag_retrieve.cql,measured,native_rag,0,249.738084,14454,TRUE,
paper-63444-topk-3-depth-0,rag_retrieve.cql,measured,native_rag,0,1.487792,3,TRUE,
paper-63444-topk-3-depth-1,rag_retrieve.cql,measured,native_rag,0,1.773667,31,TRUE,
paper-63444-topk-3-depth-2,rag_retrieve.cql,measured,native_rag,0,276.651208,15956,TRUE,
paper-63444-topk-5-depth-0,rag_retrieve.cql,measured,native_rag,0,1.876583,5,TRUE,
paper-63444-topk-5-depth-1,rag_retrieve.cql,measured,native_rag,0,2.363875,47,TRUE,
paper-63444-topk-5-depth-2,rag_retrieve.cql,measured,native_rag,0,460.726375,26289,TRUE,
paper-63444-topk-10-depth-0,rag_retrieve.cql,measured,native_rag,0,4.215709,10,TRUE,
paper-63444-topk-10-depth-1,rag_retrieve.cql,measured,native_rag,0,14.279250,632,TRUE,
paper-63444-topk-10-depth-2,rag_retrieve.cql,measured,native_rag,0,562.823834,31896,TRUE,
paper-134908-topk-1-depth-0,rag_retrieve.cql,measured,native_rag,0,1.075375,1,TRUE,
paper-134908-topk-1-depth-1,rag_retrieve.cql,measured,native_rag,0,1.431500,28,TRUE,
paper-134908-topk-1-depth-2,rag_retrieve.cql,measured,native_rag,0,354.547833,20433,TRUE,
paper-134908-topk-3-depth-0,rag_retrieve.cql,measured,native_rag,0,1.522541,3,TRUE,
paper-134908-topk-3-depth-1,rag_retrieve.cql,measured,native_rag,0,1.648000,26,TRUE,
paper-134908-topk-3-depth-2,rag_retrieve.cql,measured,native_rag,0,247.139917,14269,TRUE,
paper-134908-topk-5-depth-0,rag_retrieve.cql,measured,native_rag,0,2.089833,5,TRUE,
paper-134908-topk-5-depth-1,rag_retrieve.cql,measured,native_rag,0,6.705334,294,TRUE,
paper-134908-topk-5-depth-2,rag_retrieve.cql,measured,native_rag,0,647.628083,36911,TRUE,
paper-134908-topk-10-depth-0,rag_retrieve.cql,measured,native_rag,0,5.183834,10,TRUE,
paper-134908-topk-10-depth-1,rag_retrieve.cql,measured,native_rag,0,6.497916,95,TRUE,
paper-134908-topk-10-depth-2,rag_retrieve.cql,measured,native_rag,0,616.308959,34926,TRUE,
paper-50323-topk-1-depth-0,rag_retrieve.cql,measured,native_rag,0,1.028416,1,TRUE,
paper-50323-topk-1-depth-1,rag_retrieve.cql,measured,native_rag,0,1.091459,10,TRUE,
paper-50323-topk-1-depth-2,rag_retrieve.cql,measured,native_rag,0,2.931042,124,TRUE,
paper-50323-topk-3-depth-0,rag_retrieve.cql,measured,native_rag,0,1.175458,3,TRUE,
paper-50323-topk-3-depth-1,rag_retrieve.cql,measured,native_rag,0,1.431083,19,TRUE,
paper-50323-topk-3-depth-2,rag_retrieve.cql,measured,native_rag,0,6.886792,353,TRUE,
paper-50323-topk-5-depth-0,rag_retrieve.cql,measured,native_rag,0,1.550208,5,TRUE,
paper-50323-topk-5-depth-1,rag_retrieve.cql,measured,native_rag,0,1.936458,30,TRUE,
paper-50323-topk-5-depth-2,rag_retrieve.cql,measured,native_rag,0,7.686125,385,TRUE,
paper-50323-topk-10-depth-0,rag_retrieve.cql,measured,native_rag,0,4.450083,10,TRUE,
paper-50323-topk-10-depth-1,rag_retrieve.cql,measured,native_rag,0,7.485583,186,TRUE,
paper-50323-topk-10-depth-2,rag_retrieve.cql,measured,native_rag,0,28.277042,1474,TRUE,
paper-138339-topk-1-depth-0,rag_retrieve.cql,measured,native_rag,0,0.990916,1,TRUE,
paper-138339-topk-1-depth-1,rag_retrieve.cql,measured,native_rag,0,1.114834,12,TRUE,
paper-138339-topk-1-depth-2,rag_retrieve.cql,measured,native_rag,0,399.241000,23191,TRUE,
paper-138339-topk-3-depth-0,rag_retrieve.cql,measured,native_rag,0,1.591208,3,TRUE,
paper-138339-topk-3-depth-1,rag_retrieve.cql,measured,native_rag,0,2.662709,80,TRUE,
paper-138339-topk-3-depth-2,rag_retrieve.cql,measured,native_rag,0,338.972625,19416,TRUE,
paper-138339-topk-5-depth-0,rag_retrieve.cql,measured,native_rag,0,1.938041,5,TRUE,
paper-138339-topk-5-depth-1,rag_retrieve.cql,measured,native_rag,0,3.269916,100,TRUE,
paper-138339-topk-5-depth-2,rag_retrieve.cql,measured,native_rag,0,506.551541,28947,TRUE,
paper-138339-topk-10-depth-0,rag_retrieve.cql,measured,native_rag,0,5.342709,10,TRUE,
paper-138339-topk-10-depth-1,rag_retrieve.cql,measured,native_rag,0,12.012334,445,TRUE,
paper-138339-topk-10-depth-2,rag_retrieve.cql,measured,native_rag,0,520.909250,29887,TRUE,
paper-126391-topk-1-depth-0,rag_retrieve.cql,measured,native_rag,0,1.069125,1,TRUE,
paper-126391-topk-1-depth-1,rag_retrieve.cql,measured,native_rag,0,1.506208,39,TRUE,
paper-126391-topk-1-depth-2,rag_retrieve.cql,measured,native_rag,0,8.790208,489,TRUE,
paper-126391-topk-3-depth-0,rag_retrieve.cql,measured,native_rag,0,1.366708,3,TRUE,
paper-126391-topk-3-depth-1,rag_retrieve.cql,measured,native_rag,0,1.951292,43,TRUE,
paper-126391-topk-3-depth-2,rag_retrieve.cql,measured,native_rag,0,9.625708,513,TRUE,
paper-126391-topk-5-depth-0,rag_retrieve.cql,measured,native_rag,0,1.811166,5,TRUE,
paper-126391-topk-5-depth-1,rag_retrieve.cql,measured,native_rag,0,2.597500,55,TRUE,
paper-126391-topk-5-depth-2,rag_retrieve.cql,measured,native_rag,0,12.235416,633,TRUE,
paper-126391-topk-10-depth-0,rag_retrieve.cql,measured,native_rag,0,3.748500,10,TRUE,
paper-126391-topk-10-depth-1,rag_retrieve.cql,measured,native_rag,0,5.373167,101,TRUE,
paper-126391-topk-10-depth-2,rag_retrieve.cql,measured,native_rag,0,114.974292,6560,TRUE,
paper-84495-topk-1-depth-0,rag_retrieve.cql,measured,native_rag,0,1.021667,1,TRUE,
paper-84495-topk-1-depth-1,rag_retrieve.cql,measured,native_rag,0,1.236500,22,TRUE,
paper-84495-topk-1-depth-2,rag_retrieve.cql,measured,native_rag,0,369.846500,21466,TRUE,
paper-84495-topk-3-depth-0,rag_retrieve.cql,measured,native_rag,0,1.524750,3,TRUE,
paper-84495-topk-3-depth-1,rag_retrieve.cql,measured,native_rag,0,1.560708,19,TRUE,
paper-84495-topk-3-depth-2,rag_retrieve.cql,measured,native_rag,0,23.315917,1298,TRUE,
paper-84495-topk-5-depth-0,rag_retrieve.cql,measured,native_rag,0,1.720875,5,TRUE,
paper-84495-topk-5-depth-1,rag_retrieve.cql,measured,native_rag,0,2.480125,45,TRUE,
paper-84495-topk-5-depth-2,rag_retrieve.cql,measured,native_rag,0,393.555458,22730,TRUE,
paper-84495-topk-10-depth-0,rag_retrieve.cql,measured,native_rag,0,3.568875,10,TRUE,
paper-84495-topk-10-depth-1,rag_retrieve.cql,measured,native_rag,0,5.050250,109,TRUE,
paper-84495-topk-10-depth-2,rag_retrieve.cql,measured,native_rag,0,416.796000,23894,TRUE,
paper-83319-topk-1-depth-0,rag_retrieve.cql,measured,native_rag,0,1.007791,1,TRUE,
paper-83319-topk-1-depth-1,rag_retrieve.cql,measured,native_rag,0,1.045083,9,TRUE,
paper-83319-topk-1-depth-2,rag_retrieve.cql,measured,native_rag,0,318.555125,18553,TRUE,
paper-83319-topk-3-depth-0,rag_retrieve.cql,measured,native_rag,0,1.501083,3,TRUE,
paper-83319-topk-3-depth-1,rag_retrieve.cql,measured,native_rag,0,2.490250,74,TRUE,
paper-83319-topk-3-depth-2,rag_retrieve.cql,measured,native_rag,0,404.417708,23312,TRUE,
paper-83319-topk-5-depth-0,rag_retrieve.cql,measured,native_rag,0,1.965542,5,TRUE,
paper-83319-topk-5-depth-1,rag_retrieve.cql,measured,native_rag,0,3.658750,113,TRUE,
paper-83319-topk-5-depth-2,rag_retrieve.cql,measured,native_rag,0,592.748917,33655,TRUE,
paper-83319-topk-10-depth-0,rag_retrieve.cql,measured,native_rag,0,4.709875,10,TRUE,
paper-83319-topk-10-depth-1,rag_retrieve.cql,measured,native_rag,0,6.538708,124,TRUE,
paper-83319-topk-10-depth-2,rag_retrieve.cql,measured,native_rag,0,481.216208,27259,TRUE,
paper-107790-topk-1-depth-0,rag_retrieve.cql,measured,native_rag,0,1.083125,1,TRUE,
paper-107790-topk-1-depth-1,rag_retrieve.cql,measured,native_rag,0,1.050167,9,TRUE,
paper-107790-topk-1-depth-2,rag_retrieve.cql,measured,native_rag,0,8.454708,472,TRUE,
paper-107790-topk-3-depth-0,rag_retrieve.cql,measured,native_rag,0,1.301875,3,TRUE,
paper-107790-topk-3-depth-1,rag_retrieve.cql,measured,native_rag,0,1.639291,23,TRUE,
paper-107790-topk-3-depth-2,rag_retrieve.cql,measured,native_rag,0,8.637000,427,TRUE,
paper-107790-topk-5-depth-0,rag_retrieve.cql,measured,native_rag,0,1.767666,5,TRUE,
paper-107790-topk-5-depth-1,rag_retrieve.cql,measured,native_rag,0,2.226334,33,TRUE,
paper-107790-topk-5-depth-2,rag_retrieve.cql,measured,native_rag,0,10.457250,543,TRUE,
paper-107790-topk-10-depth-0,rag_retrieve.cql,measured,native_rag,0,3.628208,10,TRUE,
paper-107790-topk-10-depth-1,rag_retrieve.cql,measured,native_rag,0,4.693708,73,TRUE,
paper-107790-topk-10-depth-2,rag_retrieve.cql,measured,native_rag,0,41.073875,2213,TRUE,
paper-48524-topk-1-depth-0,rag_retrieve.cql,measured,native_rag,0,0.955167,1,TRUE,
paper-48524-topk-1-depth-1,rag_retrieve.cql,measured,native_rag,0,0.899334,3,TRUE,
paper-48524-topk-1-depth-2,rag_retrieve.cql,measured,native_rag,0,1.463208,37,TRUE,
paper-48524-topk-3-depth-0,rag_retrieve.cql,measured,native_rag,0,1.147625,3,TRUE,
paper-48524-topk-3-depth-1,rag_retrieve.cql,measured,native_rag,0,1.334125,17,TRUE,
paper-48524-topk-3-depth-2,rag_retrieve.cql,measured,native_rag,0,45.749583,2658,TRUE,
paper-48524-topk-5-depth-0,rag_retrieve.cql,measured,native_rag,0,1.648375,5,TRUE,
paper-48524-topk-5-depth-1,rag_retrieve.cql,measured,native_rag,0,1.850542,22,TRUE,
paper-48524-topk-5-depth-2,rag_retrieve.cql,measured,native_rag,0,46.721666,2701,TRUE,
paper-48524-topk-10-depth-0,rag_retrieve.cql,measured,native_rag,0,2.929375,10,TRUE,
paper-48524-topk-10-depth-1,rag_retrieve.cql,measured,native_rag,0,3.407709,51,TRUE,
paper-48524-topk-10-depth-2,rag_retrieve.cql,measured,native_rag,0,65.239750,3727,TRUE,
paper-52420-topk-1-depth-0,rag_retrieve.cql,measured,native_rag,0,0.967208,1,TRUE,
paper-52420-topk-1-depth-1,rag_retrieve.cql,measured,native_rag,0,1.004750,10,TRUE,
paper-52420-topk-1-depth-2,rag_retrieve.cql,measured,native_rag,0,183.897667,10657,TRUE,
paper-52420-topk-3-depth-0,rag_retrieve.cql,measured,native_rag,0,1.429500,3,TRUE,
paper-52420-topk-3-depth-1,rag_retrieve.cql,measured,native_rag,0,1.698041,30,TRUE,
paper-52420-topk-3-depth-2,rag_retrieve.cql,measured,native_rag,0,499.820500,28678,TRUE,
paper-52420-topk-5-depth-0,rag_retrieve.cql,measured,native_rag,0,1.929250,5,TRUE,
paper-52420-topk-5-depth-1,rag_retrieve.cql,measured,native_rag,0,2.673583,65,TRUE,
paper-52420-topk-5-depth-2,rag_retrieve.cql,measured,native_rag,0,596.963666,33776,TRUE,
paper-52420-topk-10-depth-0,rag_retrieve.cql,measured,native_rag,0,3.460791,10,TRUE,
paper-52420-topk-10-depth-1,rag_retrieve.cql,measured,native_rag,0,5.177167,61,TRUE,
paper-52420-topk-10-depth-2,rag_retrieve.cql,measured,native_rag,0,487.282500,27939,TRUE,
paper-123737-topk-1-depth-0,rag_retrieve.cql,measured,native_rag,0,1.070792,1,TRUE,
paper-123737-topk-1-depth-1,rag_retrieve.cql,measured,native_rag,0,1.018250,10,TRUE,
paper-123737-topk-1-depth-2,rag_retrieve.cql,measured,native_rag,0,15.455167,880,TRUE,
paper-123737-topk-3-depth-0,rag_retrieve.cql,measured,native_rag,0,1.399166,3,TRUE,
paper-123737-topk-3-depth-1,rag_retrieve.cql,measured,native_rag,0,1.873625,40,TRUE,
paper-123737-topk-3-depth-2,rag_retrieve.cql,measured,native_rag,0,264.601209,15326,TRUE,
paper-123737-topk-5-depth-0,rag_retrieve.cql,measured,native_rag,0,1.852625,5,TRUE,
paper-123737-topk-5-depth-1,rag_retrieve.cql,measured,native_rag,0,2.553625,52,TRUE,
paper-123737-topk-5-depth-2,rag_retrieve.cql,measured,native_rag,0,477.264000,27299,TRUE,
paper-123737-topk-10-depth-0,rag_retrieve.cql,measured,native_rag,0,5.479583,10,TRUE,
paper-123737-topk-10-depth-1,rag_retrieve.cql,measured,native_rag,0,7.692708,125,TRUE,
paper-123737-topk-10-depth-2,rag_retrieve.cql,measured,native_rag,0,601.408458,33570,TRUE,
paper-77530-topk-1-depth-0,rag_retrieve.cql,measured,native_rag,0,1.041750,1,TRUE,
paper-77530-topk-1-depth-1,rag_retrieve.cql,measured,native_rag,0,1.166708,14,TRUE,
paper-77530-topk-1-depth-2,rag_retrieve.cql,measured,native_rag,0,77.129583,4468,TRUE,
paper-77530-topk-3-depth-0,rag_retrieve.cql,measured,native_rag,0,1.395750,3,TRUE,
paper-77530-topk-3-depth-1,rag_retrieve.cql,measured,native_rag,0,2.043250,47,TRUE,
paper-77530-topk-3-depth-2,rag_retrieve.cql,measured,native_rag,0,281.712333,16200,TRUE,
paper-77530-topk-5-depth-0,rag_retrieve.cql,measured,native_rag,0,2.170750,5,TRUE,
paper-77530-topk-5-depth-1,rag_retrieve.cql,measured,native_rag,0,2.707666,44,TRUE,
paper-77530-topk-5-depth-2,rag_retrieve.cql,measured,native_rag,0,137.634083,7703,TRUE,
paper-77530-topk-10-depth-0,rag_retrieve.cql,measured,native_rag,0,8.587500,10,TRUE,
paper-77530-topk-10-depth-1,rag_retrieve.cql,measured,native_rag,0,14.763583,391,TRUE,
paper-77530-topk-10-depth-2,rag_retrieve.cql,measured,native_rag,0,558.343292,31427,TRUE,
paper-97204-topk-1-depth-0,rag_retrieve.cql,measured,native_rag,0,1.028458,1,TRUE,
paper-97204-topk-1-depth-1,rag_retrieve.cql,measured,native_rag,0,1.637375,45,TRUE,
paper-97204-topk-1-depth-2,rag_retrieve.cql,measured,native_rag,0,12.454208,718,TRUE,
paper-97204-topk-3-depth-0,rag_retrieve.cql,measured,native_rag,0,1.218042,3,TRUE,
paper-97204-topk-3-depth-1,rag_retrieve.cql,measured,native_rag,0,2.218583,57,TRUE,
paper-97204-topk-3-depth-2,rag_retrieve.cql,measured,native_rag,0,22.352166,1249,TRUE,
paper-97204-topk-5-depth-0,rag_retrieve.cql,measured,native_rag,0,1.942791,5,TRUE,
paper-97204-topk-5-depth-1,rag_retrieve.cql,measured,native_rag,0,2.763542,57,TRUE,
paper-97204-topk-5-depth-2,rag_retrieve.cql,measured,native_rag,0,19.944917,1082,TRUE,
paper-97204-topk-10-depth-0,rag_retrieve.cql,measured,native_rag,0,3.978125,10,TRUE,
paper-97204-topk-10-depth-1,rag_retrieve.cql,measured,native_rag,0,4.973042,66,TRUE,
paper-97204-topk-10-depth-2,rag_retrieve.cql,measured,native_rag,0,27.741541,1419,TRUE,
paper-102775-topk-1-depth-0,rag_retrieve.cql,measured,native_rag,0,0.946584,1,TRUE,
paper-102775-topk-1-depth-1,rag_retrieve.cql,measured,native_rag,0,1.101375,14,TRUE,
paper-102775-topk-1-depth-2,rag_retrieve.cql,measured,native_rag,0,113.195834,6598,TRUE,
paper-102775-topk-3-depth-0,rag_retrieve.cql,measured,native_rag,0,1.493875,3,TRUE,
paper-102775-topk-3-depth-1,rag_retrieve.cql,measured,native_rag,0,2.068542,43,TRUE,
paper-102775-topk-3-depth-2,rag_retrieve.cql,measured,native_rag,0,509.001583,29150,TRUE,
paper-102775-topk-5-depth-0,rag_retrieve.cql,measured,native_rag,0,1.757875,5,TRUE,
paper-102775-topk-5-depth-1,rag_retrieve.cql,measured,native_rag,0,2.522125,47,TRUE,
paper-102775-topk-5-depth-2,rag_retrieve.cql,measured,native_rag,0,457.314666,26143,TRUE,
paper-102775-topk-10-depth-0,rag_retrieve.cql,measured,native_rag,0,4.028375,10,TRUE,
paper-102775-topk-10-depth-1,rag_retrieve.cql,measured,native_rag,0,5.332709,93,TRUE,
paper-102775-topk-10-depth-2,rag_retrieve.cql,measured,native_rag,0,691.385708,27596,TRUE,
paper-26071-topk-1-depth-0,rag_retrieve.cql,measured,native_rag,0,1.072875,1,TRUE,
paper-26071-topk-1-depth-1,rag_retrieve.cql,measured,native_rag,0,1.014750,4,TRUE,
paper-26071-topk-1-depth-2,rag_retrieve.cql,measured,native_rag,0,2.658542,101,TRUE,
paper-26071-topk-3-depth-0,rag_retrieve.cql,measured,native_rag,0,1.314708,3,TRUE,
paper-26071-topk-3-depth-1,rag_retrieve.cql,measured,native_rag,0,1.624417,24,TRUE,
paper-26071-topk-3-depth-2,rag_retrieve.cql,measured,native_rag,0,123.211917,7086,TRUE,
paper-26071-topk-5-depth-0,rag_retrieve.cql,measured,native_rag,0,1.951417,5,TRUE,
paper-26071-topk-5-depth-1,rag_retrieve.cql,measured,native_rag,0,2.309125,37,TRUE,
paper-26071-topk-5-depth-2,rag_retrieve.cql,measured,native_rag,0,276.374959,15919,TRUE,
paper-26071-topk-10-depth-0,rag_retrieve.cql,measured,native_rag,0,4.191459,10,TRUE,
paper-26071-topk-10-depth-1,rag_retrieve.cql,measured,native_rag,0,5.822292,93,TRUE,
paper-26071-topk-10-depth-2,rag_retrieve.cql,measured,native_rag,0,547.145708,31100,TRUE,
paper-32824-topk-1-depth-0,rag_retrieve.cql,measured,native_rag,0,0.936292,1,TRUE,
paper-32824-topk-1-depth-1,rag_retrieve.cql,measured,native_rag,0,1.142125,19,TRUE,
paper-32824-topk-1-depth-2,rag_retrieve.cql,measured,native_rag,0,5.745542,301,TRUE,
paper-32824-topk-3-depth-0,rag_retrieve.cql,measured,native_rag,0,1.303834,3,TRUE,
paper-32824-topk-3-depth-1,rag_retrieve.cql,measured,native_rag,0,2.350959,71,TRUE,
paper-32824-topk-3-depth-2,rag_retrieve.cql,measured,native_rag,0,494.290042,28311,TRUE,
paper-32824-topk-5-depth-0,rag_retrieve.cql,measured,native_rag,0,2.192834,5,TRUE,
paper-32824-topk-5-depth-1,rag_retrieve.cql,measured,native_rag,0,3.191042,84,TRUE,
paper-32824-topk-5-depth-2,rag_retrieve.cql,measured,native_rag,0,401.918791,22996,TRUE,
paper-32824-topk-10-depth-0,rag_retrieve.cql,measured,native_rag,0,6.454209,10,TRUE,
paper-32824-topk-10-depth-1,rag_retrieve.cql,measured,native_rag,0,9.729250,221,TRUE,
paper-32824-topk-10-depth-2,rag_retrieve.cql,measured,native_rag,0,463.501250,26067,TRUE,
paper-77694-topk-1-depth-0,rag_retrieve.cql,measured,native_rag,0,1.008791,1,TRUE,
paper-77694-topk-1-depth-1,rag_retrieve.cql,measured,native_rag,0,0.987833,7,TRUE,
paper-77694-topk-1-depth-2,rag_retrieve.cql,measured,native_rag,0,2.157958,66,TRUE,
paper-77694-topk-3-depth-0,rag_retrieve.cql,measured,native_rag,0,1.533666,3,TRUE,
paper-77694-topk-3-depth-1,rag_retrieve.cql,measured,native_rag,0,2.187916,45,TRUE,
paper-77694-topk-3-depth-2,rag_retrieve.cql,measured,native_rag,0,354.464917,20297,TRUE,
paper-77694-topk-5-depth-0,rag_retrieve.cql,measured,native_rag,0,2.148625,5,TRUE,
paper-77694-topk-5-depth-1,rag_retrieve.cql,measured,native_rag,0,2.484541,39,TRUE,
paper-77694-topk-5-depth-2,rag_retrieve.cql,measured,native_rag,0,291.162333,16920,TRUE,
paper-77694-topk-10-depth-0,rag_retrieve.cql,measured,native_rag,0,4.891416,10,TRUE,
paper-77694-topk-10-depth-1,rag_retrieve.cql,measured,native_rag,0,6.438709,123,TRUE,
paper-77694-topk-10-depth-2,rag_retrieve.cql,measured,native_rag,0,535.171542,29843,TRUE,
paper-2041-topk-1-depth-0,rag_retrieve.cql,measured,native_rag,0,1.072875,1,TRUE,
paper-2041-topk-1-depth-1,rag_retrieve.cql,measured,native_rag,0,0.935500,4,TRUE,
paper-2041-topk-1-depth-2,rag_retrieve.cql,measured,native_rag,0,49.481541,2873,TRUE,
paper-2041-topk-3-depth-0,rag_retrieve.cql,measured,native_rag,0,1.619375,3,TRUE,
paper-2041-topk-3-depth-1,rag_retrieve.cql,measured,native_rag,0,1.520000,9,TRUE,
paper-2041-topk-3-depth-2,rag_retrieve.cql,measured,native_rag,0,4.023084,162,TRUE,
paper-2041-topk-5-depth-0,rag_retrieve.cql,measured,native_rag,0,1.807542,5,TRUE,
paper-2041-topk-5-depth-1,rag_retrieve.cql,measured,native_rag,0,2.278167,41,TRUE,
paper-2041-topk-5-depth-2,rag_retrieve.cql,measured,native_rag,0,11.000250,571,TRUE,
paper-2041-topk-10-depth-0,rag_retrieve.cql,measured,native_rag,0,3.319667,10,TRUE,
paper-2041-topk-10-depth-1,rag_retrieve.cql,measured,native_rag,0,5.045166,110,TRUE,
paper-2041-topk-10-depth-2,rag_retrieve.cql,measured,native_rag,0,48.955416,2630,TRUE,
paper-157302-topk-1-depth-0,rag_retrieve.cql,measured,native_rag,0,0.982500,1,TRUE,
paper-157302-topk-1-depth-1,rag_retrieve.cql,measured,native_rag,0,1.711041,50,TRUE,
paper-157302-topk-1-depth-2,rag_retrieve.cql,measured,native_rag,0,302.883166,17528,TRUE,
paper-157302-topk-3-depth-0,rag_retrieve.cql,measured,native_rag,0,1.494292,3,TRUE,
paper-157302-topk-3-depth-1,rag_retrieve.cql,measured,native_rag,0,2.290875,63,TRUE,
paper-157302-topk-3-depth-2,rag_retrieve.cql,measured,native_rag,0,311.967875,17891,TRUE,
paper-157302-topk-5-depth-0,rag_retrieve.cql,measured,native_rag,0,2.218375,5,TRUE,
paper-157302-topk-5-depth-1,rag_retrieve.cql,measured,native_rag,0,3.449250,90,TRUE,
paper-157302-topk-5-depth-2,rag_retrieve.cql,measured,native_rag,0,327.091583,18807,TRUE,
paper-157302-topk-10-depth-0,rag_retrieve.cql,measured,native_rag,0,5.868959,10,TRUE,
paper-157302-topk-10-depth-1,rag_retrieve.cql,measured,native_rag,0,8.323084,159,TRUE,
paper-157302-topk-10-depth-2,rag_retrieve.cql,measured,native_rag,0,809.051750,34188,TRUE,
paper-40746-topk-1-depth-0,rag_retrieve.cql,measured,native_rag,0,1.080959,1,TRUE,
paper-40746-topk-1-depth-1,rag_retrieve.cql,measured,native_rag,0,1.160500,13,TRUE,
paper-40746-topk-1-depth-2,rag_retrieve.cql,measured,native_rag,0,2.856458,114,TRUE,
paper-40746-topk-3-depth-0,rag_retrieve.cql,measured,native_rag,0,1.308000,3,TRUE,
paper-40746-topk-3-depth-1,rag_retrieve.cql,measured,native_rag,0,1.614625,22,TRUE,
paper-40746-topk-3-depth-2,rag_retrieve.cql,measured,native_rag,0,13.239875,754,TRUE,
paper-40746-topk-5-depth-0,rag_retrieve.cql,measured,native_rag,0,1.899583,5,TRUE,
paper-40746-topk-5-depth-1,rag_retrieve.cql,measured,native_rag,0,2.916625,71,TRUE,
paper-40746-topk-5-depth-2,rag_retrieve.cql,measured,native_rag,0,79.733750,4608,TRUE,
paper-40746-topk-10-depth-0,rag_retrieve.cql,measured,native_rag,0,4.025625,10,TRUE,
paper-40746-topk-10-depth-1,rag_retrieve.cql,measured,native_rag,0,5.571083,100,TRUE,
paper-40746-topk-10-depth-2,rag_retrieve.cql,measured,native_rag,0,111.917333,6308,TRUE,
paper-48369-topk-1-depth-0,rag_retrieve.cql,measured,native_rag,0,1.113750,1,TRUE,
paper-48369-topk-1-depth-1,rag_retrieve.cql,measured,native_rag,0,1.673083,38,TRUE,
paper-48369-topk-1-depth-2,rag_retrieve.cql,measured,native_rag,0,458.067875,26257,TRUE,
paper-48369-topk-3-depth-0,rag_retrieve.cql,measured,native_rag,0,1.607500,3,TRUE,
paper-48369-topk-3-depth-1,rag_retrieve.cql,measured,native_rag,0,2.375166,56,TRUE,
paper-48369-topk-3-depth-2,rag_retrieve.cql,measured,native_rag,0,471.235417,27067,TRUE,
paper-48369-topk-5-depth-0,rag_retrieve.cql,measured,native_rag,0,2.257625,5,TRUE,
paper-48369-topk-5-depth-1,rag_retrieve.cql,measured,native_rag,0,3.055083,67,TRUE,
paper-48369-topk-5-depth-2,rag_retrieve.cql,measured,native_rag,0,530.556834,30520,TRUE,
paper-48369-topk-10-depth-0,rag_retrieve.cql,measured,native_rag,0,6.433834,10,TRUE,
paper-48369-topk-10-depth-1,rag_retrieve.cql,measured,native_rag,0,8.344542,138,TRUE,
paper-48369-topk-10-depth-2,rag_retrieve.cql,measured,native_rag,0,477.398500,27101,TRUE,
paper-14461-topk-1-depth-0,rag_retrieve.cql,measured,native_rag,0,1.073542,1,TRUE,
paper-14461-topk-1-depth-1,rag_retrieve.cql,measured,native_rag,0,4.456292,217,TRUE,
paper-14461-topk-1-depth-2,rag_retrieve.cql,measured,native_rag,0,247.665583,14429,TRUE,
paper-14461-topk-3-depth-0,rag_retrieve.cql,measured,native_rag,0,1.559000,3,TRUE,
paper-14461-topk-3-depth-1,rag_retrieve.cql,measured,native_rag,0,1.936000,34,TRUE,
paper-14461-topk-3-depth-2,rag_retrieve.cql,measured,native_rag,0,279.256667,16267,TRUE,
paper-14461-topk-5-depth-0,rag_retrieve.cql,measured,native_rag,0,2.230459,5,TRUE,
paper-14461-topk-5-depth-1,rag_retrieve.cql,measured,native_rag,0,3.416500,88,TRUE,
paper-14461-topk-5-depth-2,rag_retrieve.cql,measured,native_rag,0,514.605083,29518,TRUE,
paper-14461-topk-10-depth-0,rag_retrieve.cql,measured,native_rag,0,6.291334,10,TRUE,
paper-14461-topk-10-depth-1,rag_retrieve.cql,measured,native_rag,0,8.409375,139,TRUE,
paper-14461-topk-10-depth-2,rag_retrieve.cql,measured,native_rag,0,674.205833,38501,TRUE,
paper-118932-topk-1-depth-0,rag_retrieve.cql,measured,native_rag,0,1.335292,1,TRUE,
paper-118932-topk-1-depth-1,rag_retrieve.cql,measured,native_rag,0,1.056125,7,TRUE,
paper-118932-topk-1-depth-2,rag_retrieve.cql,measured,native_rag,0,1.455875,26,TRUE,
paper-118932-topk-3-depth-0,rag_retrieve.cql,measured,native_rag,0,1.129458,3,TRUE,
paper-118932-topk-3-depth-1,rag_retrieve.cql,measured,native_rag,0,1.273125,12,TRUE,
paper-118932-topk-3-depth-2,rag_retrieve.cql,measured,native_rag,0,1.860750,47,TRUE,
paper-118932-topk-5-depth-0,rag_retrieve.cql,measured,native_rag,0,1.452792,5,TRUE,
paper-118932-topk-5-depth-1,rag_retrieve.cql,measured,native_rag,0,1.729375,22,TRUE,
paper-118932-topk-5-depth-2,rag_retrieve.cql,measured,native_rag,0,4.692375,188,TRUE,
paper-118932-topk-10-depth-0,rag_retrieve.cql,measured,native_rag,0,2.552125,10,TRUE,
paper-118932-topk-10-depth-1,rag_retrieve.cql,measured,native_rag,0,3.342167,54,TRUE,
paper-118932-topk-10-depth-2,rag_retrieve.cql,measured,native_rag,0,8.704125,370,TRUE,
paper-100485-topk-1-depth-0,rag_retrieve.cql,measured,native_rag,0,0.901166,1,TRUE,
paper-100485-topk-1-depth-1,rag_retrieve.cql,measured,native_rag,0,1.022666,13,TRUE,
paper-100485-topk-1-depth-2,rag_retrieve.cql,measured,native_rag,0,6.734958,363,TRUE,
paper-100485-topk-3-depth-0,rag_retrieve.cql,measured,native_rag,0,1.240000,3,TRUE,
paper-100485-topk-3-depth-1,rag_retrieve.cql,measured,native_rag,0,1.910625,43,TRUE,
paper-100485-topk-3-depth-2,rag_retrieve.cql,measured,native_rag,0,13.574541,770,TRUE,
paper-100485-topk-5-depth-0,rag_retrieve.cql,measured,native_rag,0,1.577625,5,TRUE,
paper-100485-topk-5-depth-1,rag_retrieve.cql,measured,native_rag,0,2.831042,75,TRUE,
paper-100485-topk-5-depth-2,rag_retrieve.cql,measured,native_rag,0,18.374208,934,TRUE,
paper-100485-topk-10-depth-0,rag_retrieve.cql,measured,native_rag,0,3.652708,10,TRUE,
paper-100485-topk-10-depth-1,rag_retrieve.cql,measured,native_rag,0,5.585209,128,TRUE,
paper-100485-topk-10-depth-2,rag_retrieve.cql,measured,native_rag,0,31.864083,1693,TRUE,
paper-140001-topk-1-depth-0,rag_retrieve.cql,measured,native_rag,0,1.038208,1,TRUE,
paper-140001-topk-1-depth-1,rag_retrieve.cql,measured,native_rag,0,0.871792,2,TRUE,
paper-140001-topk-1-depth-2,rag_retrieve.cql,measured,native_rag,0,0.930167,6,TRUE,
paper-140001-topk-3-depth-0,rag_retrieve.cql,measured,native_rag,0,1.133458,3,TRUE,
paper-140001-topk-3-depth-1,rag_retrieve.cql,measured,native_rag,0,1.235583,9,TRUE,
paper-140001-topk-3-depth-2,rag_retrieve.cql,measured,native_rag,0,1.336416,16,TRUE,
paper-140001-topk-5-depth-0,rag_retrieve.cql,measured,native_rag,0,1.421208,5,TRUE,
paper-140001-topk-5-depth-1,rag_retrieve.cql,measured,native_rag,0,1.615583,17,TRUE,
paper-140001-topk-5-depth-2,rag_retrieve.cql,measured,native_rag,0,3.523000,130,TRUE,
paper-140001-topk-10-depth-0,rag_retrieve.cql,measured,native_rag,0,2.725375,10,TRUE,
paper-140001-topk-10-depth-1,rag_retrieve.cql,measured,native_rag,0,3.256833,52,TRUE,
paper-140001-topk-10-depth-2,rag_retrieve.cql,measured,native_rag,0,24.589000,1307,TRUE,
paper-82634-topk-1-depth-0,rag_retrieve.cql,measured,native_rag,0,0.878959,1,TRUE,
paper-82634-topk-1-depth-1,rag_retrieve.cql,measured,native_rag,0,0.886584,4,TRUE,
paper-82634-topk-1-depth-2,rag_retrieve.cql,measured,native_rag,0,1.928500,62,TRUE,
paper-82634-topk-3-depth-0,rag_retrieve.cql,measured,native_rag,0,1.496625,3,TRUE,
paper-82634-topk-3-depth-1,rag_retrieve.cql,measured,native_rag,0,2.200084,52,TRUE,
paper-82634-topk-3-depth-2,rag_retrieve.cql,measured,native_rag,0,513.635250,29402,TRUE,
paper-82634-topk-5-depth-0,rag_retrieve.cql,measured,native_rag,0,2.104208,5,TRUE,
paper-82634-topk-5-depth-1,rag_retrieve.cql,measured,native_rag,0,3.311583,94,TRUE,
paper-82634-topk-5-depth-2,rag_retrieve.cql,measured,native_rag,0,574.437958,32638,TRUE,
paper-82634-topk-10-depth-0,rag_retrieve.cql,measured,native_rag,0,4.307875,10,TRUE,
paper-82634-topk-10-depth-1,rag_retrieve.cql,measured,native_rag,0,5.745416,113,TRUE,
paper-82634-topk-10-depth-2,rag_retrieve.cql,measured,native_rag,0,612.799292,34609,TRUE,
paper-153486-topk-1-depth-0,rag_retrieve.cql,measured,native_rag,0,1.094958,1,TRUE,
paper-153486-topk-1-depth-1,rag_retrieve.cql,measured,native_rag,0,1.094041,6,TRUE,
paper-153486-topk-1-depth-2,rag_retrieve.cql,measured,native_rag,0,1.467834,31,TRUE,
paper-153486-topk-3-depth-0,rag_retrieve.cql,measured,native_rag,0,1.338791,3,TRUE,
paper-153486-topk-3-depth-1,rag_retrieve.cql,measured,native_rag,0,1.729791,29,TRUE,
paper-153486-topk-3-depth-2,rag_retrieve.cql,measured,native_rag,0,262.301041,15207,TRUE,
paper-153486-topk-5-depth-0,rag_retrieve.cql,measured,native_rag,0,1.848625,5,TRUE,
paper-153486-topk-5-depth-1,rag_retrieve.cql,measured,native_rag,0,2.180625,34,TRUE,
paper-153486-topk-5-depth-2,rag_retrieve.cql,measured,native_rag,0,266.777208,15266,TRUE,
paper-153486-topk-10-depth-0,rag_retrieve.cql,measured,native_rag,0,3.171917,10,TRUE,
paper-153486-topk-10-depth-1,rag_retrieve.cql,measured,native_rag,0,4.259000,81,TRUE,
paper-153486-topk-10-depth-2,rag_retrieve.cql,measured,native_rag,0,386.003916,22019,TRUE,
paper-118388-topk-1-depth-0,rag_retrieve.cql,measured,native_rag,0,0.932791,1,TRUE,
paper-118388-topk-1-depth-1,rag_retrieve.cql,measured,native_rag,0,0.935500,3,TRUE,
paper-118388-topk-1-depth-2,rag_retrieve.cql,measured,native_rag,0,1.051084,9,TRUE,
paper-118388-topk-3-depth-0,rag_retrieve.cql,measured,native_rag,0,1.187917,3,TRUE,
paper-118388-topk-3-depth-1,rag_retrieve.cql,measured,native_rag,0,1.339459,11,TRUE,
paper-118388-topk-3-depth-2,rag_retrieve.cql,measured,native_rag,0,228.607083,13232,TRUE,
paper-118388-topk-5-depth-0,rag_retrieve.cql,measured,native_rag,0,1.713708,5,TRUE,
paper-118388-topk-5-depth-1,rag_retrieve.cql,measured,native_rag,0,1.920209,25,TRUE,
paper-118388-topk-5-depth-2,rag_retrieve.cql,measured,native_rag,0,241.528583,13873,TRUE,
paper-118388-topk-10-depth-0,rag_retrieve.cql,measured,native_rag,0,4.116750,10,TRUE,
paper-118388-topk-10-depth-1,rag_retrieve.cql,measured,native_rag,0,4.911958,71,TRUE,
paper-118388-topk-10-depth-2,rag_retrieve.cql,measured,native_rag,0,495.502792,27983,TRUE,
paper-10207-topk-1-depth-0,rag_retrieve.cql,measured,native_rag,0,1.037875,1,TRUE,
paper-10207-topk-1-depth-1,rag_retrieve.cql,measured,native_rag,0,0.890750,2,TRUE,
paper-10207-topk-1-depth-2,rag_retrieve.cql,measured,native_rag,0,1.253833,25,TRUE,
paper-10207-topk-3-depth-0,rag_retrieve.cql,measured,native_rag,0,1.336541,3,TRUE,
paper-10207-topk-3-depth-1,rag_retrieve.cql,measured,native_rag,0,1.729125,26,TRUE,
paper-10207-topk-3-depth-2,rag_retrieve.cql,measured,native_rag,0,103.571584,6089,TRUE,
paper-10207-topk-5-depth-0,rag_retrieve.cql,measured,native_rag,0,1.713792,5,TRUE,
paper-10207-topk-5-depth-1,rag_retrieve.cql,measured,native_rag,0,2.192125,34,TRUE,
paper-10207-topk-5-depth-2,rag_retrieve.cql,measured,native_rag,0,105.472333,6159,TRUE,
paper-10207-topk-10-depth-0,rag_retrieve.cql,measured,native_rag,0,4.242417,10,TRUE,
paper-10207-topk-10-depth-1,rag_retrieve.cql,measured,native_rag,0,4.090083,57,TRUE,
paper-10207-topk-10-depth-2,rag_retrieve.cql,measured,native_rag,0,116.908000,6722,TRUE,
paper-95211-topk-1-depth-0,rag_retrieve.cql,measured,native_rag,0,1.112458,1,TRUE,
paper-95211-topk-1-depth-1,rag_retrieve.cql,measured,native_rag,0,159.735209,9258,TRUE,
paper-95211-topk-1-depth-2,rag_retrieve.cql,measured,native_rag,0,789.593125,43912,TRUE,
paper-95211-topk-3-depth-0,rag_retrieve.cql,measured,native_rag,0,1.600084,3,TRUE,
paper-95211-topk-3-depth-1,rag_retrieve.cql,measured,native_rag,0,2.231583,51,TRUE,
paper-95211-topk-3-depth-2,rag_retrieve.cql,measured,native_rag,0,388.469458,22258,TRUE,
paper-95211-topk-5-depth-0,rag_retrieve.cql,measured,native_rag,0,2.271584,5,TRUE,
paper-95211-topk-5-depth-1,rag_retrieve.cql,measured,native_rag,0,3.191542,71,TRUE,
paper-95211-topk-5-depth-2,rag_retrieve.cql,measured,native_rag,0,427.031125,24330,TRUE,
paper-95211-topk-10-depth-0,rag_retrieve.cql,measured,native_rag,0,6.611333,10,TRUE,
paper-95211-topk-10-depth-1,rag_retrieve.cql,measured,native_rag,0,7.831917,103,TRUE,
paper-95211-topk-10-depth-2,rag_retrieve.cql,measured,native_rag,0,573.480333,32353,TRUE,
paper-100348-topk-1-depth-0,rag_retrieve.cql,measured,native_rag,0,1.090500,1,TRUE,
paper-100348-topk-1-depth-1,rag_retrieve.cql,measured,native_rag,0,1.210375,4,TRUE,
paper-100348-topk-1-depth-2,rag_retrieve.cql,measured,native_rag,0,2.656208,99,TRUE,
paper-100348-topk-3-depth-0,rag_retrieve.cql,measured,native_rag,0,1.508041,3,TRUE,
paper-100348-topk-3-depth-1,rag_retrieve.cql,measured,native_rag,0,1.649250,17,TRUE,
paper-100348-topk-3-depth-2,rag_retrieve.cql,measured,native_rag,0,35.571792,2106,TRUE,
paper-100348-topk-5-depth-0,rag_retrieve.cql,measured,native_rag,0,1.909292,5,TRUE,
paper-100348-topk-5-depth-1,rag_retrieve.cql,measured,native_rag,0,2.351292,37,TRUE,
paper-100348-topk-5-depth-2,rag_retrieve.cql,measured,native_rag,0,257.123334,14760,TRUE,
paper-100348-topk-10-depth-0,rag_retrieve.cql,measured,native_rag,0,3.655666,10,TRUE,
paper-100348-topk-10-depth-1,rag_retrieve.cql,measured,native_rag,0,4.838625,73,TRUE,
paper-100348-topk-10-depth-2,rag_retrieve.cql,measured,native_rag,0,407.426667,23029,TRUE,
paper-101205-topk-1-depth-0,rag_retrieve.cql,measured,native_rag,0,1.097125,1,TRUE,
paper-101205-topk-1-depth-1,rag_retrieve.cql,measured,native_rag,0,1.227750,19,TRUE,
paper-101205-topk-1-depth-2,rag_retrieve.cql,measured,native_rag,0,61.666875,3544,TRUE,
paper-101205-topk-3-depth-0,rag_retrieve.cql,measured,native_rag,0,1.356125,3,TRUE,
paper-101205-topk-3-depth-1,rag_retrieve.cql,measured,native_rag,0,1.444917,15,TRUE,
paper-101205-topk-3-depth-2,rag_retrieve.cql,measured,native_rag,0,14.680416,827,TRUE,
paper-101205-topk-5-depth-0,rag_retrieve.cql,measured,native_rag,0,1.583000,5,TRUE,
paper-101205-topk-5-depth-1,rag_retrieve.cql,measured,native_rag,0,1.925708,27,TRUE,
paper-101205-topk-5-depth-2,rag_retrieve.cql,measured,native_rag,0,39.854875,2293,TRUE,
paper-101205-topk-10-depth-0,rag_retrieve.cql,measured,native_rag,0,3.278458,10,TRUE,
paper-101205-topk-10-depth-1,rag_retrieve.cql,measured,native_rag,0,3.956584,52,TRUE,
paper-101205-topk-10-depth-2,rag_retrieve.cql,measured,native_rag,0,357.302959,20434,TRUE,
paper-157451-topk-1-depth-0,rag_retrieve.cql,measured,native_rag,0,1.079500,1,TRUE,
paper-157451-topk-1-depth-1,rag_retrieve.cql,measured,native_rag,0,1.021208,9,TRUE,
paper-157451-topk-1-depth-2,rag_retrieve.cql,measured,native_rag,0,1.428417,34,TRUE,
paper-157451-topk-3-depth-0,rag_retrieve.cql,measured,native_rag,0,1.271500,3,TRUE,
paper-157451-topk-3-depth-1,rag_retrieve.cql,measured,native_rag,0,1.594541,21,TRUE,
paper-157451-topk-3-depth-2,rag_retrieve.cql,measured,native_rag,0,2.878625,98,TRUE,
paper-157451-topk-5-depth-0,rag_retrieve.cql,measured,native_rag,0,1.515375,5,TRUE,
paper-157451-topk-5-depth-1,rag_retrieve.cql,measured,native_rag,0,2.153041,44,TRUE,
paper-157451-topk-5-depth-2,rag_retrieve.cql,measured,native_rag,0,15.391792,835,TRUE,
paper-157451-topk-10-depth-0,rag_retrieve.cql,measured,native_rag,0,3.160458,10,TRUE,
paper-157451-topk-10-depth-1,rag_retrieve.cql,measured,native_rag,0,4.651000,98,TRUE,
paper-157451-topk-10-depth-2,rag_retrieve.cql,measured,native_rag,0,37.323042,2024,TRUE,
paper-139553-topk-1-depth-0,rag_retrieve.cql,measured,native_rag,0,0.792083,1,TRUE,
paper-139553-topk-1-depth-1,rag_retrieve.cql,measured,native_rag,0,1.000750,11,TRUE,
paper-139553-topk-1-depth-2,rag_retrieve.cql,measured,native_rag,0,6.779208,364,TRUE,
paper-139553-topk-3-depth-0,rag_retrieve.cql,measured,native_rag,0,1.102708,3,TRUE,
paper-139553-topk-3-depth-1,rag_retrieve.cql,measured,native_rag,0,2.288292,77,TRUE,
paper-139553-topk-3-depth-2,rag_retrieve.cql,measured,native_rag,0,25.894250,1482,TRUE,
paper-139553-topk-5-depth-0,rag_retrieve.cql,measured,native_rag,0,1.633417,5,TRUE,
paper-139553-topk-5-depth-1,rag_retrieve.cql,measured,native_rag,0,2.928167,85,TRUE,
paper-139553-topk-5-depth-2,rag_retrieve.cql,measured,native_rag,0,26.922083,1539,TRUE,
paper-139553-topk-10-depth-0,rag_retrieve.cql,measured,native_rag,0,4.373875,10,TRUE,
paper-139553-topk-10-depth-1,rag_retrieve.cql,measured,native_rag,0,7.547667,194,TRUE,
paper-139553-topk-10-depth-2,rag_retrieve.cql,measured,native_rag,0,94.166041,5165,TRUE,
paper-136735-topk-1-depth-0,rag_retrieve.cql,measured,native_rag,0,1.184792,1,TRUE,
paper-136735-topk-1-depth-1,rag_retrieve.cql,measured,native_rag,0,3.903291,181,TRUE,
paper-136735-topk-1-depth-2,rag_retrieve.cql,measured,native_rag,0,38.316125,2216,TRUE,
paper-136735-topk-3-depth-0,rag_retrieve.cql,measured,native_rag,0,1.290250,3,TRUE,
paper-136735-topk-3-depth-1,rag_retrieve.cql,measured,native_rag,0,2.274208,63,TRUE,
paper-136735-topk-3-depth-2,rag_retrieve.cql,measured,native_rag,0,30.551458,1728,TRUE,
paper-136735-topk-5-depth-0,rag_retrieve.cql,measured,native_rag,0,1.886416,5,TRUE,
paper-136735-topk-5-depth-1,rag_retrieve.cql,measured,native_rag,0,3.172041,92,TRUE,
paper-136735-topk-5-depth-2,rag_retrieve.cql,measured,native_rag,0,47.620583,2714,TRUE,
paper-136735-topk-10-depth-0,rag_retrieve.cql,measured,native_rag,0,4.352250,10,TRUE,
paper-136735-topk-10-depth-1,rag_retrieve.cql,measured,native_rag,0,6.758750,149,TRUE,
paper-136735-topk-10-depth-2,rag_retrieve.cql,measured,native_rag,0,57.269000,3072,TRUE,
paper-7615-topk-1-depth-0,rag_retrieve.cql,measured,native_rag,0,0.939292,1,TRUE,
paper-7615-topk-1-depth-1,rag_retrieve.cql,measured,native_rag,0,0.984667,2,TRUE,
paper-7615-topk-1-depth-2,rag_retrieve.cql,measured,native_rag,0,1.365875,30,TRUE,
paper-7615-topk-3-depth-0,rag_retrieve.cql,measured,native_rag,0,1.361458,3,TRUE,
paper-7615-topk-3-depth-1,rag_retrieve.cql,measured,native_rag,0,1.471667,13,TRUE,
paper-7615-topk-3-depth-2,rag_retrieve.cql,measured,native_rag,0,10.002375,541,TRUE,
paper-7615-topk-5-depth-0,rag_retrieve.cql,measured,native_rag,0,1.724250,5,TRUE,
paper-7615-topk-5-depth-1,rag_retrieve.cql,measured,native_rag,0,2.081500,28,TRUE,
paper-7615-topk-5-depth-2,rag_retrieve.cql,measured,native_rag,0,20.538042,1151,TRUE,
paper-7615-topk-10-depth-0,rag_retrieve.cql,measured,native_rag,0,3.249750,10,TRUE,
paper-7615-topk-10-depth-1,rag_retrieve.cql,measured,native_rag,0,4.008250,58,TRUE,
paper-7615-topk-10-depth-2,rag_retrieve.cql,measured,native_rag,0,28.234083,1517,TRUE,
paper-19678-topk-1-depth-0,rag_retrieve.cql,measured,native_rag,0,0.900208,1,TRUE,
paper-19678-topk-1-depth-1,rag_retrieve.cql,measured,native_rag,0,0.911042,6,TRUE,
paper-19678-topk-1-depth-2,rag_retrieve.cql,measured,native_rag,0,19.570917,1109,TRUE,
paper-19678-topk-3-depth-0,rag_retrieve.cql,measured,native_rag,0,1.348375,3,TRUE,
paper-19678-topk-3-depth-1,rag_retrieve.cql,measured,native_rag,0,2.239375,61,TRUE,
paper-19678-topk-3-depth-2,rag_retrieve.cql,measured,native_rag,0,328.601042,18918,TRUE,
paper-19678-topk-5-depth-0,rag_retrieve.cql,measured,native_rag,0,2.239541,5,TRUE,
paper-19678-topk-5-depth-1,rag_retrieve.cql,measured,native_rag,0,3.906917,111,TRUE,
paper-19678-topk-5-depth-2,rag_retrieve.cql,measured,native_rag,0,363.325375,20798,TRUE,
paper-19678-topk-10-depth-0,rag_retrieve.cql,measured,native_rag,0,5.423250,10,TRUE,
paper-19678-topk-10-depth-1,rag_retrieve.cql,measured,native_rag,0,7.453750,142,TRUE,
paper-19678-topk-10-depth-2,rag_retrieve.cql,measured,native_rag,0,500.324542,28402,TRUE,
paper-113643-topk-1-depth-0,rag_retrieve.cql,measured,native_rag,0,1.077042,1,TRUE,
paper-113643-topk-1-depth-1,rag_retrieve.cql,measured,native_rag,0,1.016292,6,TRUE,
paper-113643-topk-1-depth-2,rag_retrieve.cql,measured,native_rag,0,1.051042,12,TRUE,
paper-113643-topk-3-depth-0,rag_retrieve.cql,measured,native_rag,0,1.260709,3,TRUE,
paper-113643-topk-3-depth-1,rag_retrieve.cql,measured,native_rag,0,1.726292,34,TRUE,
paper-113643-topk-3-depth-2,rag_retrieve.cql,measured,native_rag,0,313.974792,18129,TRUE,
paper-113643-topk-5-depth-0,rag_retrieve.cql,measured,native_rag,0,1.713208,5,TRUE,
paper-113643-topk-5-depth-1,rag_retrieve.cql,measured,native_rag,0,2.201625,44,TRUE,
paper-113643-topk-5-depth-2,rag_retrieve.cql,measured,native_rag,0,355.175708,20493,TRUE,
paper-113643-topk-10-depth-0,rag_retrieve.cql,measured,native_rag,0,3.381833,10,TRUE,
paper-113643-topk-10-depth-1,rag_retrieve.cql,measured,native_rag,0,4.461958,86,TRUE,
paper-113643-topk-10-depth-2,rag_retrieve.cql,measured,native_rag,0,604.496584,34383,TRUE,
paper-96069-topk-1-depth-0,rag_retrieve.cql,measured,native_rag,0,1.023334,1,TRUE,
paper-96069-topk-1-depth-1,rag_retrieve.cql,measured,native_rag,0,0.915042,2,TRUE,
paper-96069-topk-1-depth-2,rag_retrieve.cql,measured,native_rag,0,1.076958,16,TRUE,
paper-96069-topk-3-depth-0,rag_retrieve.cql,measured,native_rag,0,0.992375,3,TRUE,
paper-96069-topk-3-depth-1,rag_retrieve.cql,measured,native_rag,0,1.381625,25,TRUE,
paper-96069-topk-3-depth-2,rag_retrieve.cql,measured,native_rag,0,16.058458,931,TRUE,
paper-96069-topk-5-depth-0,rag_retrieve.cql,measured,native_rag,0,1.319208,5,TRUE,
paper-96069-topk-5-depth-1,rag_retrieve.cql,measured,native_rag,0,1.907958,45,TRUE,
paper-96069-topk-5-depth-2,rag_retrieve.cql,measured,native_rag,0,39.007875,2193,TRUE,
paper-96069-topk-10-depth-0,rag_retrieve.cql,measured,native_rag,0,3.203083,10,TRUE,
paper-96069-topk-10-depth-1,rag_retrieve.cql,measured,native_rag,0,4.109917,64,TRUE,
paper-96069-topk-10-depth-2,rag_retrieve.cql,measured,native_rag,0,43.734000,2394,TRUE,
paper-2488-topk-1-depth-0,rag_retrieve.cql,measured,native_rag,0,0.881167,1,TRUE,
paper-2488-topk-1-depth-1,rag_retrieve.cql,measured,native_rag,0,0.917416,4,TRUE,
paper-2488-topk-1-depth-2,rag_retrieve.cql,measured,native_rag,0,1.442959,38,TRUE,
paper-2488-topk-3-depth-0,rag_retrieve.cql,measured,native_rag,0,1.147250,3,TRUE,
paper-2488-topk-3-depth-1,rag_retrieve.cql,measured,native_rag,0,1.359417,15,TRUE,
paper-2488-topk-3-depth-2,rag_retrieve.cql,measured,native_rag,0,105.174834,6080,TRUE,
paper-2488-topk-5-depth-0,rag_retrieve.cql,measured,native_rag,0,1.714959,5,TRUE,
paper-2488-topk-5-depth-1,rag_retrieve.cql,measured,native_rag,0,1.762250,24,TRUE,
paper-2488-topk-5-depth-2,rag_retrieve.cql,measured,native_rag,0,129.046125,7473,TRUE,
paper-2488-topk-10-depth-0,rag_retrieve.cql,measured,native_rag,0,2.937167,10,TRUE,
paper-2488-topk-10-depth-1,rag_retrieve.cql,measured,native_rag,0,3.942459,65,TRUE,
paper-2488-topk-10-depth-2,rag_retrieve.cql,measured,native_rag,0,373.694958,21323,TRUE,
paper-29055-topk-1-depth-0,rag_retrieve.cql,measured,native_rag,0,1.024667,1,TRUE,
paper-29055-topk-1-depth-1,rag_retrieve.cql,measured,native_rag,0,0.881083,2,TRUE,
paper-29055-topk-1-depth-2,rag_retrieve.cql,measured,native_rag,0,0.911416,5,TRUE,
paper-29055-topk-3-depth-0,rag_retrieve.cql,measured,native_rag,0,1.298625,3,TRUE,
paper-29055-topk-3-depth-1,rag_retrieve.cql,measured,native_rag,0,1.342583,7,TRUE,
paper-29055-topk-3-depth-2,rag_retrieve.cql,measured,native_rag,0,1.559000,22,TRUE,
paper-29055-topk-5-depth-0,rag_retrieve.cql,measured,native_rag,0,1.458541,5,TRUE,
paper-29055-topk-5-depth-1,rag_retrieve.cql,measured,native_rag,0,1.632084,16,TRUE,
paper-29055-topk-5-depth-2,rag_retrieve.cql,measured,native_rag,0,2.858958,84,TRUE,
paper-29055-topk-10-depth-0,rag_retrieve.cql,measured,native_rag,0,2.614958,10,TRUE,
paper-29055-topk-10-depth-1,rag_retrieve.cql,measured,native_rag,0,3.358833,58,TRUE,
paper-29055-topk-10-depth-2,rag_retrieve.cql,measured,native_rag,0,321.227417,18395,TRUE,
paper-19339-topk-1-depth-0,rag_retrieve.cql,measured,native_rag,0,1.083209,1,TRUE,
paper-19339-topk-1-depth-1,rag_retrieve.cql,measured,native_rag,0,1.174041,11,TRUE,
paper-19339-topk-1-depth-2,rag_retrieve.cql,measured,native_rag,0,2.577042,100,TRUE,
paper-19339-topk-3-depth-0,rag_retrieve.cql,measured,native_rag,0,1.155000,3,TRUE,
paper-19339-topk-3-depth-1,rag_retrieve.cql,measured,native_rag,0,1.784166,42,TRUE,
paper-19339-topk-3-depth-2,rag_retrieve.cql,measured,native_rag,0,127.423167,7324,TRUE,
paper-19339-topk-5-depth-0,rag_retrieve.cql,measured,native_rag,0,1.736709,5,TRUE,
paper-19339-topk-5-depth-1,rag_retrieve.cql,measured,native_rag,0,2.495791,54,TRUE,
paper-19339-topk-5-depth-2,rag_retrieve.cql,measured,native_rag,0,340.019416,19317,TRUE,
paper-19339-topk-10-depth-0,rag_retrieve.cql,measured,native_rag,0,4.161667,10,TRUE,
paper-19339-topk-10-depth-1,rag_retrieve.cql,measured,native_rag,0,6.086750,141,TRUE,
paper-19339-topk-10-depth-2,rag_retrieve.cql,measured,native_rag,0,373.514208,21188,TRUE,
paper-118887-topk-1-depth-0,rag_retrieve.cql,measured,native_rag,0,1.066166,1,TRUE,
paper-118887-topk-1-depth-1,rag_retrieve.cql,measured,native_rag,0,1.218000,9,TRUE,
paper-118887-topk-1-depth-2,rag_retrieve.cql,measured,native_rag,0,6.413167,334,TRUE,
paper-118887-topk-3-depth-0,rag_retrieve.cql,measured,native_rag,0,1.290459,3,TRUE,
paper-118887-topk-3-depth-1,rag_retrieve.cql,measured,native_rag,0,1.675542,27,TRUE,
paper-118887-topk-3-depth-2,rag_retrieve.cql,measured,native_rag,0,10.097875,532,TRUE,
paper-118887-topk-5-depth-0,rag_retrieve.cql,measured,native_rag,0,1.694916,5,TRUE,
paper-118887-topk-5-depth-1,rag_retrieve.cql,measured,native_rag,0,2.263916,40,TRUE,
paper-118887-topk-5-depth-2,rag_retrieve.cql,measured,native_rag,0,283.291792,16277,TRUE,
paper-118887-topk-10-depth-0,rag_retrieve.cql,measured,native_rag,0,3.733917,10,TRUE,
paper-118887-topk-10-depth-1,rag_retrieve.cql,measured,native_rag,0,4.544917,78,TRUE,
paper-118887-topk-10-depth-2,rag_retrieve.cql,measured,native_rag,0,442.010084,25386,TRUE,
paper-10296-topk-1-depth-0,rag_retrieve.cql,measured,native_rag,0,0.963209,1,TRUE,
paper-10296-topk-1-depth-1,rag_retrieve.cql,measured,native_rag,0,0.928708,7,TRUE,
paper-10296-topk-1-depth-2,rag_retrieve.cql,measured,native_rag,0,1.964458,69,TRUE,
paper-10296-topk-3-depth-0,rag_retrieve.cql,measured,native_rag,0,1.258042,3,TRUE,
paper-10296-topk-3-depth-1,rag_retrieve.cql,measured,native_rag,0,2.113542,61,TRUE,
paper-10296-topk-3-depth-2,rag_retrieve.cql,measured,native_rag,0,340.773833,19607,TRUE,
paper-10296-topk-5-depth-0,rag_retrieve.cql,measured,native_rag,0,1.775500,5,TRUE,
paper-10296-topk-5-depth-1,rag_retrieve.cql,measured,native_rag,0,2.701708,71,TRUE,
paper-10296-topk-5-depth-2,rag_retrieve.cql,measured,native_rag,0,336.566791,19645,TRUE,
paper-10296-topk-10-depth-0,rag_retrieve.cql,measured,native_rag,0,3.982125,10,TRUE,
paper-10296-topk-10-depth-1,rag_retrieve.cql,measured,native_rag,0,5.173833,89,TRUE,
paper-10296-topk-10-depth-2,rag_retrieve.cql,measured,native_rag,0,361.425125,20864,TRUE,
paper-158809-topk-1-depth-0,rag_retrieve.cql,measured,native_rag,0,1.074541,1,TRUE,
paper-158809-topk-1-depth-1,rag_retrieve.cql,measured,native_rag,0,1.040792,9,TRUE,
paper-158809-topk-1-depth-2,rag_retrieve.cql,measured,native_rag,0,1.933333,65,TRUE,
paper-158809-topk-3-depth-0,rag_retrieve.cql,measured,native_rag,0,1.284625,3,TRUE,
paper-158809-topk-3-depth-1,rag_retrieve.cql,measured,native_rag,0,1.455917,14,TRUE,
paper-158809-topk-3-depth-2,rag_retrieve.cql,measured,native_rag,0,2.595625,83,TRUE,
paper-158809-topk-5-depth-0,rag_retrieve.cql,measured,native_rag,0,1.725000,5,TRUE,
paper-158809-topk-5-depth-1,rag_retrieve.cql,measured,native_rag,0,2.041208,29,TRUE,
paper-158809-topk-5-depth-2,rag_retrieve.cql,measured,native_rag,0,9.206125,466,TRUE,
paper-158809-topk-10-depth-0,rag_retrieve.cql,measured,native_rag,0,3.170375,10,TRUE,
paper-158809-topk-10-depth-1,rag_retrieve.cql,measured,native_rag,0,3.860042,63,TRUE,
paper-158809-topk-10-depth-2,rag_retrieve.cql,measured,native_rag,0,16.809042,829,TRUE,
paper-29597-topk-1-depth-0,rag_retrieve.cql,measured,native_rag,0,0.970708,1,TRUE,
paper-29597-topk-1-depth-1,rag_retrieve.cql,measured,native_rag,0,1.340958,27,TRUE,
paper-29597-topk-1-depth-2,rag_retrieve.cql,measured,native_rag,0,4.606000,221,TRUE,
paper-29597-topk-3-depth-0,rag_retrieve.cql,measured,native_rag,0,1.257084,3,TRUE,
paper-29597-topk-3-depth-1,rag_retrieve.cql,measured,native_rag,0,1.839833,42,TRUE,
paper-29597-topk-3-depth-2,rag_retrieve.cql,measured,native_rag,0,7.032875,343,TRUE,
paper-29597-topk-5-depth-0,rag_retrieve.cql,measured,native_rag,0,1.717750,5,TRUE,
paper-29597-topk-5-depth-1,rag_retrieve.cql,measured,native_rag,0,2.926625,75,TRUE,
paper-29597-topk-5-depth-2,rag_retrieve.cql,measured,native_rag,0,396.291250,22896,TRUE,
paper-29597-topk-10-depth-0,rag_retrieve.cql,measured,native_rag,0,4.446000,10,TRUE,
paper-29597-topk-10-depth-1,rag_retrieve.cql,measured,native_rag,0,5.891458,99,TRUE,
paper-29597-topk-10-depth-2,rag_retrieve.cql,measured,native_rag,0,482.588584,27312,TRUE,
paper-56395-topk-1-depth-0,rag_retrieve.cql,measured,native_rag,0,0.974417,1,TRUE,
paper-56395-topk-1-depth-1,rag_retrieve.cql,measured,native_rag,0,1.134667,17,TRUE,
paper-56395-topk-1-depth-2,rag_retrieve.cql,measured,native_rag,0,313.958250,18019,TRUE,
paper-56395-topk-3-depth-0,rag_retrieve.cql,measured,native_rag,0,1.217125,3,TRUE,
paper-56395-topk-3-depth-1,rag_retrieve.cql,measured,native_rag,0,3.011917,110,TRUE,
paper-56395-topk-3-depth-2,rag_retrieve.cql,measured,native_rag,0,587.536083,33263,TRUE,
paper-56395-topk-5-depth-0,rag_retrieve.cql,measured,native_rag,0,2.016208,5,TRUE,
paper-56395-topk-5-depth-1,rag_retrieve.cql,measured,native_rag,0,2.929000,63,TRUE,
paper-56395-topk-5-depth-2,rag_retrieve.cql,measured,native_rag,0,493.791250,28287,TRUE,
paper-56395-topk-10-depth-0,rag_retrieve.cql,measured,native_rag,0,5.629334,10,TRUE,
paper-56395-topk-10-depth-1,rag_retrieve.cql,measured,native_rag,0,7.113667,118,TRUE,
paper-56395-topk-10-depth-2,rag_retrieve.cql,measured,native_rag,0,580.367416,32792,TRUE,
paper-87325-topk-1-depth-0,rag_retrieve.cql,measured,native_rag,0,1.005167,1,TRUE,
paper-87325-topk-1-depth-1,rag_retrieve.cql,measured,native_rag,0,1.247750,18,TRUE,
paper-87325-topk-1-depth-2,rag_retrieve.cql,measured,native_rag,0,247.100250,14305,TRUE,
paper-87325-topk-3-depth-0,rag_retrieve.cql,measured,native_rag,0,1.517917,3,TRUE,
paper-87325-topk-3-depth-1,rag_retrieve.cql,measured,native_rag,0,11.249167,610,TRUE,
paper-87325-topk-3-depth-2,rag_retrieve.cql,measured,native_rag,0,656.700334,37415,TRUE,
paper-87325-topk-5-depth-0,rag_retrieve.cql,measured,native_rag,0,2.492208,5,TRUE,
paper-87325-topk-5-depth-1,rag_retrieve.cql,measured,native_rag,0,12.894250,643,TRUE,
paper-87325-topk-5-depth-2,rag_retrieve.cql,measured,native_rag,0,677.981000,38335,TRUE,
paper-87325-topk-10-depth-0,rag_retrieve.cql,measured,native_rag,0,8.382167,10,TRUE,
paper-87325-topk-10-depth-1,rag_retrieve.cql,measured,native_rag,0,14.700292,411,TRUE,
paper-87325-topk-10-depth-2,rag_retrieve.cql,measured,native_rag,0,672.237917,37781,TRUE,
paper-10819-topk-1-depth-0,rag_retrieve.cql,measured,native_rag,0,1.034834,1,TRUE,
paper-10819-topk-1-depth-1,rag_retrieve.cql,measured,native_rag,0,0.949042,3,TRUE,
paper-10819-topk-1-depth-2,rag_retrieve.cql,measured,native_rag,0,1.280042,23,TRUE,
paper-10819-topk-3-depth-0,rag_retrieve.cql,measured,native_rag,0,1.172667,3,TRUE,
paper-10819-topk-3-depth-1,rag_retrieve.cql,measured,native_rag,0,1.391000,17,TRUE,
paper-10819-topk-3-depth-2,rag_retrieve.cql,measured,native_rag,0,8.579125,447,TRUE,
paper-10819-topk-5-depth-0,rag_retrieve.cql,measured,native_rag,0,1.450292,5,TRUE,
paper-10819-topk-5-depth-1,rag_retrieve.cql,measured,native_rag,0,1.961917,39,TRUE,
paper-10819-topk-5-depth-2,rag_retrieve.cql,measured,native_rag,0,10.542792,570,TRUE,
paper-10819-topk-10-depth-0,rag_retrieve.cql,measured,native_rag,0,2.827833,10,TRUE,
paper-10819-topk-10-depth-1,rag_retrieve.cql,measured,native_rag,0,4.459042,107,TRUE,
paper-10819-topk-10-depth-2,rag_retrieve.cql,measured,native_rag,0,501.445125,28493,TRUE,
paper-39175-topk-1-depth-0,rag_retrieve.cql,measured,native_rag,0,1.033333,1,TRUE,
paper-39175-topk-1-depth-1,rag_retrieve.cql,measured,native_rag,0,1.069250,10,TRUE,
paper-39175-topk-1-depth-2,rag_retrieve.cql,measured,native_rag,0,13.348375,756,TRUE,
paper-39175-topk-3-depth-0,rag_retrieve.cql,measured,native_rag,0,1.397750,3,TRUE,
paper-39175-topk-3-depth-1,rag_retrieve.cql,measured,native_rag,0,1.670625,22,TRUE,
paper-39175-topk-3-depth-2,rag_retrieve.cql,measured,native_rag,0,21.045750,1192,TRUE,
paper-39175-topk-5-depth-0,rag_retrieve.cql,measured,native_rag,0,1.654375,5,TRUE,
paper-39175-topk-5-depth-1,rag_retrieve.cql,measured,native_rag,0,1.969750,21,TRUE,
paper-39175-topk-5-depth-2,rag_retrieve.cql,measured,native_rag,0,16.501791,915,TRUE,
paper-39175-topk-10-depth-0,rag_retrieve.cql,measured,native_rag,0,4.583875,10,TRUE,
paper-39175-topk-10-depth-1,rag_retrieve.cql,measured,native_rag,0,5.159542,68,TRUE,
paper-39175-topk-10-depth-2,rag_retrieve.cql,measured,native_rag,0,45.328500,2243,TRUE,
paper-94451-topk-1-depth-0,rag_retrieve.cql,measured,native_rag,0,1.011375,1,TRUE,
paper-94451-topk-1-depth-1,rag_retrieve.cql,measured,native_rag,0,0.929042,4,TRUE,
paper-94451-topk-1-depth-2,rag_retrieve.cql,measured,native_rag,0,2.217375,84,TRUE,
paper-94451-topk-3-depth-0,rag_retrieve.cql,measured,native_rag,0,1.260125,3,TRUE,
paper-94451-topk-3-depth-1,rag_retrieve.cql,measured,native_rag,0,1.237542,7,TRUE,
paper-94451-topk-3-depth-2,rag_retrieve.cql,measured,native_rag,0,10.439459,553,TRUE,
paper-94451-topk-5-depth-0,rag_retrieve.cql,measured,native_rag,0,3.073042,5,TRUE,
paper-94451-topk-5-depth-1,rag_retrieve.cql,measured,native_rag,0,3.157875,24,TRUE,
paper-94451-topk-5-depth-2,rag_retrieve.cql,measured,native_rag,0,33.850625,1937,TRUE,
paper-94451-topk-10-depth-0,rag_retrieve.cql,measured,native_rag,0,2.921791,10,TRUE,
paper-94451-topk-10-depth-1,rag_retrieve.cql,measured,native_rag,0,3.248375,38,TRUE,
paper-94451-topk-10-depth-2,rag_retrieve.cql,measured,native_rag,0,15.751917,784,TRUE,
paper-44916-topk-1-depth-0,rag_retrieve.cql,measured,native_rag,0,0.996416,1,TRUE,
paper-44916-topk-1-depth-1,rag_retrieve.cql,measured,native_rag,0,0.974333,4,TRUE,
paper-44916-topk-1-depth-2,rag_retrieve.cql,measured,native_rag,0,2.095791,74,TRUE,
paper-44916-topk-3-depth-0,rag_retrieve.cql,measured,native_rag,0,1.293167,3,TRUE,
paper-44916-topk-3-depth-1,rag_retrieve.cql,measured,native_rag,0,1.396250,11,TRUE,
paper-44916-topk-3-depth-2,rag_retrieve.cql,measured,native_rag,0,3.012625,103,TRUE,
paper-44916-topk-5-depth-0,rag_retrieve.cql,measured,native_rag,0,1.576875,5,TRUE,
paper-44916-topk-5-depth-1,rag_retrieve.cql,measured,native_rag,0,2.516458,57,TRUE,
paper-44916-topk-5-depth-2,rag_retrieve.cql,measured,native_rag,0,12.922709,696,TRUE,
paper-44916-topk-10-depth-0,rag_retrieve.cql,measured,native_rag,0,3.296500,10,TRUE,
paper-44916-topk-10-depth-1,rag_retrieve.cql,measured,native_rag,0,5.016208,96,TRUE,
paper-44916-topk-10-depth-2,rag_retrieve.cql,measured,native_rag,0,22.710834,1187,TRUE,
paper-117073-topk-1-depth-0,rag_retrieve.cql,measured,native_rag,0,0.982209,1,TRUE,
paper-117073-topk-1-depth-1,rag_retrieve.cql,measured,native_rag,0,0.997792,3,TRUE,
paper-117073-topk-1-depth-2,rag_retrieve.cql,measured,native_rag,0,1.308625,22,TRUE,
paper-117073-topk-3-depth-0,rag_retrieve.cql,measured,native_rag,0,1.344041,3,TRUE,
paper-117073-topk-3-depth-1,rag_retrieve.cql,measured,native_rag,0,1.619625,17,TRUE,
paper-117073-topk-3-depth-2,rag_retrieve.cql,measured,native_rag,0,291.864125,16661,TRUE,
paper-117073-topk-5-depth-0,rag_retrieve.cql,measured,native_rag,0,1.924458,5,TRUE,
paper-117073-topk-5-depth-1,rag_retrieve.cql,measured,native_rag,0,2.065375,24,TRUE,
paper-117073-topk-5-depth-2,rag_retrieve.cql,measured,native_rag,0,290.669375,16707,TRUE,
paper-117073-topk-10-depth-0,rag_retrieve.cql,measured,native_rag,0,3.800417,10,TRUE,
paper-117073-topk-10-depth-1,rag_retrieve.cql,measured,native_rag,0,4.717959,76,TRUE,
paper-117073-topk-10-depth-2,rag_retrieve.cql,measured,native_rag,0,451.658792,25809,TRUE,
paper-32952-topk-1-depth-0,rag_retrieve.cql,measured,native_rag,0,0.960625,1,TRUE,
paper-32952-topk-1-depth-1,rag_retrieve.cql,measured,native_rag,0,1.107583,14,TRUE,
paper-32952-topk-1-depth-2,rag_retrieve.cql,measured,native_rag,0,108.304209,6325,TRUE,
paper-32952-topk-3-depth-0,rag_retrieve.cql,measured,native_rag,0,1.471209,3,TRUE,
paper-32952-topk-3-depth-1,rag_retrieve.cql,measured,native_rag,0,1.825333,32,TRUE,
paper-32952-topk-3-depth-2,rag_retrieve.cql,measured,native_rag,0,127.765542,7423,TRUE,
paper-32952-topk-5-depth-0,rag_retrieve.cql,measured,native_rag,0,1.934750,5,TRUE,
paper-32952-topk-5-depth-1,rag_retrieve.cql,measured,native_rag,0,2.641084,55,TRUE,
paper-32952-topk-5-depth-2,rag_retrieve.cql,measured,native_rag,0,360.044500,20521,TRUE,
paper-32952-topk-10-depth-0,rag_retrieve.cql,measured,native_rag,0,4.998625,10,TRUE,
paper-32952-topk-10-depth-1,rag_retrieve.cql,measured,native_rag,0,6.735833,119,TRUE,
paper-32952-topk-10-depth-2,rag_retrieve.cql,measured,native_rag,0,616.824000,34929,TRUE,
paper-141417-topk-1-depth-0,rag_retrieve.cql,measured,native_rag,0,1.043708,1,TRUE,
paper-141417-topk-1-depth-1,rag_retrieve.cql,measured,native_rag,0,1.129958,12,TRUE,
paper-141417-topk-1-depth-2,rag_retrieve.cql,measured,native_rag,0,18.637458,1049,TRUE,
paper-141417-topk-3-depth-0,rag_retrieve.cql,measured,native_rag,0,1.248708,3,TRUE,
paper-141417-topk-3-depth-1,rag_retrieve.cql,measured,native_rag,0,2.029167,48,TRUE,
paper-141417-topk-3-depth-2,rag_retrieve.cql,measured,native_rag,0,54.003542,3083,TRUE,
paper-141417-topk-5-depth-0,rag_retrieve.cql,measured,native_rag,0,1.735292,5,TRUE,
paper-141417-topk-5-depth-1,rag_retrieve.cql,measured,native_rag,0,2.561750,61,TRUE,
paper-141417-topk-5-depth-2,rag_retrieve.cql,measured,native_rag,0,58.294875,3304,TRUE,
paper-141417-topk-10-depth-0,rag_retrieve.cql,measured,native_rag,0,3.380000,10,TRUE,
paper-141417-topk-10-depth-1,rag_retrieve.cql,measured,native_rag,0,4.848750,92,TRUE,
paper-141417-topk-10-depth-2,rag_retrieve.cql,measured,native_rag,0,63.001000,3561,TRUE,
paper-45774-topk-1-depth-0,rag_retrieve.cql,measured,native_rag,0,0.894334,1,TRUE,
paper-45774-topk-1-depth-1,rag_retrieve.cql,measured,native_rag,0,0.818375,4,TRUE,
paper-45774-topk-1-depth-2,rag_retrieve.cql,measured,native_rag,0,1.401042,35,TRUE,
paper-45774-topk-3-depth-0,rag_retrieve.cql,measured,native_rag,0,0.986375,3,TRUE,
paper-45774-topk-3-depth-1,rag_retrieve.cql,measured,native_rag,0,1.269167,21,TRUE,
paper-45774-topk-3-depth-2,rag_retrieve.cql,measured,native_rag,0,128.841875,7449,TRUE,
paper-45774-topk-5-depth-0,rag_retrieve.cql,measured,native_rag,0,1.616208,5,TRUE,
paper-45774-topk-5-depth-1,rag_retrieve.cql,measured,native_rag,0,1.826875,28,TRUE,
paper-45774-topk-5-depth-2,rag_retrieve.cql,measured,native_rag,0,130.041041,7559,TRUE,
paper-45774-topk-10-depth-0,rag_retrieve.cql,measured,native_rag,0,3.403958,10,TRUE,
paper-45774-topk-10-depth-1,rag_retrieve.cql,measured,native_rag,0,4.279083,66,TRUE,
paper-45774-topk-10-depth-2,rag_retrieve.cql,measured,native_rag,0,572.261959,32394,TRUE,
paper-77640-topk-1-depth-0,rag_retrieve.cql,measured,native_rag,0,1.084416,1,TRUE,
paper-77640-topk-1-depth-1,rag_retrieve.cql,measured,native_rag,0,0.973208,7,TRUE,
paper-77640-topk-1-depth-2,rag_retrieve.cql,measured,native_rag,0,1.779750,53,TRUE,
paper-77640-topk-3-depth-0,rag_retrieve.cql,measured,native_rag,0,1.077250,3,TRUE,
paper-77640-topk-3-depth-1,rag_retrieve.cql,measured,native_rag,0,1.315333,19,TRUE,
paper-77640-topk-3-depth-2,rag_retrieve.cql,measured,native_rag,0,25.071792,1465,TRUE,
paper-77640-topk-5-depth-0,rag_retrieve.cql,measured,native_rag,0,1.296541,5,TRUE,
paper-77640-topk-5-depth-1,rag_retrieve.cql,measured,native_rag,0,1.759583,35,TRUE,
paper-77640-topk-5-depth-2,rag_retrieve.cql,measured,native_rag,0,177.836833,10246,TRUE,
paper-77640-topk-10-depth-0,rag_retrieve.cql,measured,native_rag,0,2.963041,10,TRUE,
paper-77640-topk-10-depth-1,rag_retrieve.cql,measured,native_rag,0,3.611583,57,TRUE,
paper-77640-topk-10-depth-2,rag_retrieve.cql,measured,native_rag,0,192.583875,10969,TRUE,
paper-16430-topk-1-depth-0,rag_retrieve.cql,measured,native_rag,0,1.050333,1,TRUE,
paper-16430-topk-1-depth-1,rag_retrieve.cql,measured,native_rag,0,0.972125,2,TRUE,
paper-16430-topk-1-depth-2,rag_retrieve.cql,measured,native_rag,0,1.261167,23,TRUE,
paper-16430-topk-3-depth-0,rag_retrieve.cql,measured,native_rag,0,1.331167,3,TRUE,
paper-16430-topk-3-depth-1,rag_retrieve.cql,measured,native_rag,0,1.660125,25,TRUE,
paper-16430-topk-3-depth-2,rag_retrieve.cql,measured,native_rag,0,244.845459,14108,TRUE,
paper-16430-topk-5-depth-0,rag_retrieve.cql,measured,native_rag,0,1.929209,5,TRUE,
paper-16430-topk-5-depth-1,rag_retrieve.cql,measured,native_rag,0,2.203667,37,TRUE,
paper-16430-topk-5-depth-2,rag_retrieve.cql,measured,native_rag,0,246.805875,14298,TRUE,
paper-16430-topk-10-depth-0,rag_retrieve.cql,measured,native_rag,0,3.427209,10,TRUE,
paper-16430-topk-10-depth-1,rag_retrieve.cql,measured,native_rag,0,4.635625,82,TRUE,
paper-16430-topk-10-depth-2,rag_retrieve.cql,measured,native_rag,0,261.494541,14953,TRUE,
paper-169175-topk-1-depth-0,rag_retrieve.cql,measured,native_rag,0,1.066834,1,TRUE,
paper-169175-topk-1-depth-1,rag_retrieve.cql,measured,native_rag,0,0.962875,6,TRUE,
paper-169175-topk-1-depth-2,rag_retrieve.cql,measured,native_rag,0,225.516500,13187,TRUE,
paper-169175-topk-3-depth-0,rag_retrieve.cql,measured,native_rag,0,1.385625,3,TRUE,
paper-169175-topk-3-depth-1,rag_retrieve.cql,measured,native_rag,0,2.097708,50,TRUE,
paper-169175-topk-3-depth-2,rag_retrieve.cql,measured,native_rag,0,246.051917,14077,TRUE,
paper-169175-topk-5-depth-0,rag_retrieve.cql,measured,native_rag,0,1.727875,5,TRUE,
paper-169175-topk-5-depth-1,rag_retrieve.cql,measured,native_rag,0,2.703750,59,TRUE,
paper-169175-topk-5-depth-2,rag_retrieve.cql,measured,native_rag,0,444.302667,25366,TRUE,
paper-169175-topk-10-depth-0,rag_retrieve.cql,measured,native_rag,0,3.502000,10,TRUE,
paper-169175-topk-10-depth-1,rag_retrieve.cql,measured,native_rag,0,4.625917,81,TRUE,
paper-169175-topk-10-depth-2,rag_retrieve.cql,measured,native_rag,0,461.561541,26382,TRUE,
paper-129027-topk-1-depth-0,rag_retrieve.cql,measured,native_rag,0,1.067959,1,TRUE,
paper-129027-topk-1-depth-1,rag_retrieve.cql,measured,native_rag,0,0.853708,3,TRUE,
paper-129027-topk-1-depth-2,rag_retrieve.cql,measured,native_rag,0,0.952834,11,TRUE,
paper-129027-topk-3-depth-0,rag_retrieve.cql,measured,native_rag,0,1.321750,3,TRUE,
paper-129027-topk-3-depth-1,rag_retrieve.cql,measured,native_rag,0,1.939833,38,TRUE,
paper-129027-topk-3-depth-2,rag_retrieve.cql,measured,native_rag,0,105.212541,6109,TRUE,
paper-129027-topk-5-depth-0,rag_retrieve.cql,measured,native_rag,0,1.858916,5,TRUE,
paper-129027-topk-5-depth-1,rag_retrieve.cql,measured,native_rag,0,2.803875,62,TRUE,
paper-129027-topk-5-depth-2,rag_retrieve.cql,measured,native_rag,0,149.900542,8641,TRUE,
paper-129027-topk-10-depth-0,rag_retrieve.cql,measured,native_rag,0,4.775417,10,TRUE,
paper-129027-topk-10-depth-1,rag_retrieve.cql,measured,native_rag,0,6.286209,99,TRUE,
paper-129027-topk-10-depth-2,rag_retrieve.cql,measured,native_rag,0,160.500667,8915,TRUE,
paper-119569-topk-1-depth-0,rag_retrieve.cql,measured,native_rag,0,1.022750,1,TRUE,
paper-119569-topk-1-depth-1,rag_retrieve.cql,measured,native_rag,0,1.006084,9,TRUE,
paper-119569-topk-1-depth-2,rag_retrieve.cql,measured,native_rag,0,394.615666,22672,TRUE,
paper-119569-topk-3-depth-0,rag_retrieve.cql,measured,native_rag,0,1.520792,3,TRUE,
paper-119569-topk-3-depth-1,rag_retrieve.cql,measured,native_rag,0,2.923334,94,TRUE,
paper-119569-topk-3-depth-2,rag_retrieve.cql,measured,native_rag,0,466.796750,26526,TRUE,
paper-119569-topk-5-depth-0,rag_retrieve.cql,measured,native_rag,0,1.947333,5,TRUE,
paper-119569-topk-5-depth-1,rag_retrieve.cql,measured,native_rag,0,2.981541,75,TRUE,
paper-119569-topk-5-depth-2,rag_retrieve.cql,measured,native_rag,0,511.154833,29341,TRUE,
paper-119569-topk-10-depth-0,rag_retrieve.cql,measured,native_rag,0,7.006541,10,TRUE,
paper-119569-topk-10-depth-1,rag_retrieve.cql,measured,native_rag,0,9.598791,183,TRUE,
paper-119569-topk-10-depth-2,rag_retrieve.cql,measured,native_rag,0,558.014166,31597,TRUE,
paper-49661-topk-1-depth-0,rag_retrieve.cql,measured,native_rag,0,0.995542,1,TRUE,
paper-49661-topk-1-depth-1,rag_retrieve.cql,measured,native_rag,0,0.919334,3,TRUE,
paper-49661-topk-1-depth-2,rag_retrieve.cql,measured,native_rag,0,22.302833,1310,TRUE,
paper-49661-topk-3-depth-0,rag_retrieve.cql,measured,native_rag,0,1.435542,3,TRUE,
paper-49661-topk-3-depth-1,rag_retrieve.cql,measured,native_rag,0,1.494417,10,TRUE,
paper-49661-topk-3-depth-2,rag_retrieve.cql,measured,native_rag,0,30.179958,1727,TRUE,
paper-49661-topk-5-depth-0,rag_retrieve.cql,measured,native_rag,0,1.541750,5,TRUE,
paper-49661-topk-5-depth-1,rag_retrieve.cql,measured,native_rag,0,1.642250,19,TRUE,
paper-49661-topk-5-depth-2,rag_retrieve.cql,measured,native_rag,0,41.077959,2340,TRUE,
paper-49661-topk-10-depth-0,rag_retrieve.cql,measured,native_rag,0,3.376958,10,TRUE,
paper-49661-topk-10-depth-1,rag_retrieve.cql,measured,native_rag,0,4.369125,72,TRUE,
paper-49661-topk-10-depth-2,rag_retrieve.cql,measured,native_rag,0,714.350542,24901,TRUE,
paper-48196-topk-1-depth-0,rag_retrieve.cql,measured,native_rag,0,1.023833,1,TRUE,
paper-48196-topk-1-depth-1,rag_retrieve.cql,measured,native_rag,0,1.027083,8,TRUE,
paper-48196-topk-1-depth-2,rag_retrieve.cql,measured,native_rag,0,1.873500,60,TRUE,
paper-48196-topk-3-depth-0,rag_retrieve.cql,measured,native_rag,0,1.111791,3,TRUE,
paper-48196-topk-3-depth-1,rag_retrieve.cql,measured,native_rag,0,1.384750,21,TRUE,
paper-48196-topk-3-depth-2,rag_retrieve.cql,measured,native_rag,0,4.392166,197,TRUE,
paper-48196-topk-5-depth-0,rag_retrieve.cql,measured,native_rag,0,1.513375,5,TRUE,
paper-48196-topk-5-depth-1,rag_retrieve.cql,measured,native_rag,0,4.510125,182,TRUE,
paper-48196-topk-5-depth-2,rag_retrieve.cql,measured,native_rag,0,76.544459,4293,TRUE,
paper-48196-topk-10-depth-0,rag_retrieve.cql,measured,native_rag,0,3.776417,10,TRUE,
paper-48196-topk-10-depth-1,rag_retrieve.cql,measured,native_rag,0,6.953209,202,TRUE,
paper-48196-topk-10-depth-2,rag_retrieve.cql,measured,native_rag,0,81.694166,4544,TRUE,
paper-111919-topk-1-depth-0,rag_retrieve.cql,measured,native_rag,0,0.804791,1,TRUE,
paper-111919-topk-1-depth-1,rag_retrieve.cql,measured,native_rag,0,0.888958,8,TRUE,
paper-111919-topk-1-depth-2,rag_retrieve.cql,measured,native_rag,0,272.754541,15707,TRUE,
paper-111919-topk-3-depth-0,rag_retrieve.cql,measured,native_rag,0,1.404125,3,TRUE,
paper-111919-topk-3-depth-1,rag_retrieve.cql,measured,native_rag,0,2.103083,52,TRUE,
paper-111919-topk-3-depth-2,rag_retrieve.cql,measured,native_rag,0,377.342708,21962,TRUE,
paper-111919-topk-5-depth-0,rag_retrieve.cql,measured,native_rag,0,2.080000,5,TRUE,
paper-111919-topk-5-depth-1,rag_retrieve.cql,measured,native_rag,0,2.941791,71,TRUE,
paper-111919-topk-5-depth-2,rag_retrieve.cql,measured,native_rag,0,422.948583,24336,TRUE,
paper-111919-topk-10-depth-0,rag_retrieve.cql,measured,native_rag,0,4.444959,10,TRUE,
paper-111919-topk-10-depth-1,rag_retrieve.cql,measured,native_rag,0,6.200041,120,TRUE,
paper-111919-topk-10-depth-2,rag_retrieve.cql,measured,native_rag,0,586.854417,33430,TRUE,
paper-135509-topk-1-depth-0,rag_retrieve.cql,measured,native_rag,0,0.908750,1,TRUE,
paper-135509-topk-1-depth-1,rag_retrieve.cql,measured,native_rag,0,0.908875,3,TRUE,
paper-135509-topk-1-depth-2,rag_retrieve.cql,measured,native_rag,0,0.913042,7,TRUE,
paper-135509-topk-3-depth-0,rag_retrieve.cql,measured,native_rag,0,1.169750,3,TRUE,
paper-135509-topk-3-depth-1,rag_retrieve.cql,measured,native_rag,0,1.492625,26,TRUE,
paper-135509-topk-3-depth-2,rag_retrieve.cql,measured,native_rag,0,69.875334,4054,TRUE,
paper-135509-topk-5-depth-0,rag_retrieve.cql,measured,native_rag,0,1.462000,5,TRUE,
paper-135509-topk-5-depth-1,rag_retrieve.cql,measured,native_rag,0,2.176083,51,TRUE,
paper-135509-topk-5-depth-2,rag_retrieve.cql,measured,native_rag,0,116.353084,6720,TRUE,
paper-135509-topk-10-depth-0,rag_retrieve.cql,measured,native_rag,0,3.562625,10,TRUE,
paper-135509-topk-10-depth-1,rag_retrieve.cql,measured,native_rag,0,4.618166,77,TRUE,
paper-135509-topk-10-depth-2,rag_retrieve.cql,measured,native_rag,0,345.305000,19894,TRUE,
paper-108470-topk-1-depth-0,rag_retrieve.cql,measured,native_rag,0,0.963542,1,TRUE,
paper-108470-topk-1-depth-1,rag_retrieve.cql,measured,native_rag,0,1.310916,31,TRUE,
paper-108470-topk-1-depth-2,rag_retrieve.cql,measured,native_rag,0,301.370667,17446,TRUE,
paper-108470-topk-3-depth-0,rag_retrieve.cql,measured,native_rag,0,1.369333,3,TRUE,
paper-108470-topk-3-depth-1,rag_retrieve.cql,measured,native_rag,0,2.427375,74,TRUE,
paper-108470-topk-3-depth-2,rag_retrieve.cql,measured,native_rag,0,358.432167,20501,TRUE,
paper-108470-topk-5-depth-0,rag_retrieve.cql,measured,native_rag,0,1.795334,5,TRUE,
paper-108470-topk-5-depth-1,rag_retrieve.cql,measured,native_rag,0,2.453000,54,TRUE,
paper-108470-topk-5-depth-2,rag_retrieve.cql,measured,native_rag,0,313.413292,17914,TRUE,
paper-108470-topk-10-depth-0,rag_retrieve.cql,measured,native_rag,0,4.250625,10,TRUE,
paper-108470-topk-10-depth-1,rag_retrieve.cql,measured,native_rag,0,4.482084,88,TRUE,
paper-108470-topk-10-depth-2,rag_retrieve.cql,measured,native_rag,0,326.220459,18410,TRUE,
paper-133248-topk-1-depth-0,rag_retrieve.cql,measured,native_rag,0,0.945791,1,TRUE,
paper-133248-topk-1-depth-1,rag_retrieve.cql,measured,native_rag,0,0.992333,6,TRUE,
paper-133248-topk-1-depth-2,rag_retrieve.cql,measured,native_rag,0,1.990375,71,TRUE,
paper-133248-topk-3-depth-0,rag_retrieve.cql,measured,native_rag,0,1.133084,3,TRUE,
paper-133248-topk-3-depth-1,rag_retrieve.cql,measured,native_rag,0,1.516750,21,TRUE,
paper-133248-topk-3-depth-2,rag_retrieve.cql,measured,native_rag,0,62.416875,3616,TRUE,
paper-133248-topk-5-depth-0,rag_retrieve.cql,measured,native_rag,0,1.631708,5,TRUE,
paper-133248-topk-5-depth-1,rag_retrieve.cql,measured,native_rag,0,3.183334,101,TRUE,
paper-133248-topk-5-depth-2,rag_retrieve.cql,measured,native_rag,0,352.913417,20212,TRUE,
paper-133248-topk-10-depth-0,rag_retrieve.cql,measured,native_rag,0,3.520375,10,TRUE,
paper-133248-topk-10-depth-1,rag_retrieve.cql,measured,native_rag,0,5.560791,129,TRUE,
paper-133248-topk-10-depth-2,rag_retrieve.cql,measured,native_rag,0,358.720834,20459,TRUE,
paper-91828-topk-1-depth-0,rag_retrieve.cql,measured,native_rag,0,1.165250,1,TRUE,
paper-91828-topk-1-depth-1,rag_retrieve.cql,measured,native_rag,0,1.169292,9,TRUE,
paper-91828-topk-1-depth-2,rag_retrieve.cql,measured,native_rag,0,4.527833,208,TRUE,
paper-91828-topk-3-depth-0,rag_retrieve.cql,measured,native_rag,0,1.346041,3,TRUE,
paper-91828-topk-3-depth-1,rag_retrieve.cql,measured,native_rag,0,1.523709,18,TRUE,
paper-91828-topk-3-depth-2,rag_retrieve.cql,measured,native_rag,0,5.220000,238,TRUE,
paper-91828-topk-5-depth-0,rag_retrieve.cql,measured,native_rag,0,1.696333,5,TRUE,
paper-91828-topk-5-depth-1,rag_retrieve.cql,measured,native_rag,0,1.945084,27,TRUE,
paper-91828-topk-5-depth-2,rag_retrieve.cql,measured,native_rag,0,5.816375,264,TRUE,
paper-91828-topk-10-depth-0,rag_retrieve.cql,measured,native_rag,0,3.255375,10,TRUE,
paper-91828-topk-10-depth-1,rag_retrieve.cql,measured,native_rag,0,4.290375,77,TRUE,
paper-91828-topk-10-depth-2,rag_retrieve.cql,measured,native_rag,0,30.248583,1633,TRUE,
paper-128093-topk-1-depth-0,rag_retrieve.cql,measured,native_rag,0,0.867500,1,TRUE,
paper-128093-topk-1-depth-1,rag_retrieve.cql,measured,native_rag,0,0.818000,2,TRUE,
paper-128093-topk-1-depth-2,rag_retrieve.cql,measured,native_rag,0,48.640750,2858,TRUE,
paper-128093-topk-3-depth-0,rag_retrieve.cql,measured,native_rag,0,1.270458,3,TRUE,
paper-128093-topk-3-depth-1,rag_retrieve.cql,measured,native_rag,0,1.421875,15,TRUE,
paper-128093-topk-3-depth-2,rag_retrieve.cql,measured,native_rag,0,51.312208,2953,TRUE,
paper-128093-topk-5-depth-0,rag_retrieve.cql,measured,native_rag,0,1.710000,5,TRUE,
paper-128093-topk-5-depth-1,rag_retrieve.cql,measured,native_rag,0,1.915083,33,TRUE,
paper-128093-topk-5-depth-2,rag_retrieve.cql,measured,native_rag,0,76.783792,4354,TRUE,
paper-128093-topk-10-depth-0,rag_retrieve.cql,measured,native_rag,0,3.201917,10,TRUE,
paper-128093-topk-10-depth-1,rag_retrieve.cql,measured,native_rag,0,3.989916,56,TRUE,
paper-128093-topk-10-depth-2,rag_retrieve.cql,measured,native_rag,0,551.513292,31084,TRUE,
paper-28908-topk-1-depth-0,rag_retrieve.cql,measured,native_rag,0,0.975875,1,TRUE,
paper-28908-topk-1-depth-1,rag_retrieve.cql,measured,native_rag,0,1.016917,10,TRUE,
paper-28908-topk-1-depth-2,rag_retrieve.cql,measured,native_rag,0,313.163000,18068,TRUE,
paper-28908-topk-3-depth-0,rag_retrieve.cql,measured,native_rag,0,1.495417,3,TRUE,
paper-28908-topk-3-depth-1,rag_retrieve.cql,measured,native_rag,0,1.887959,40,TRUE,
paper-28908-topk-3-depth-2,rag_retrieve.cql,measured,native_rag,0,463.557792,23215,TRUE,
paper-28908-topk-5-depth-0,rag_retrieve.cql,measured,native_rag,0,1.952084,5,TRUE,
paper-28908-topk-5-depth-1,rag_retrieve.cql,measured,native_rag,0,2.869750,66,TRUE,
paper-28908-topk-5-depth-2,rag_retrieve.cql,measured,native_rag,0,536.726625,30685,TRUE,
paper-28908-topk-10-depth-0,rag_retrieve.cql,measured,native_rag,0,4.542833,10,TRUE,
paper-28908-topk-10-depth-1,rag_retrieve.cql,measured,native_rag,0,5.737916,115,TRUE,
paper-28908-topk-10-depth-2,rag_retrieve.cql,measured,native_rag,0,644.020208,35802,TRUE,
paper-164664-topk-1-depth-0,rag_retrieve.cql,measured,native_rag,0,1.082042,1,TRUE,
paper-164664-topk-1-depth-1,rag_retrieve.cql,measured,native_rag,0,1.176167,15,TRUE,
paper-164664-topk-1-depth-2,rag_retrieve.cql,measured,native_rag,0,45.263750,2595,TRUE,
paper-164664-topk-3-depth-0,rag_retrieve.cql,measured,native_rag,0,1.465167,3,TRUE,
paper-164664-topk-3-depth-1,rag_retrieve.cql,measured,native_rag,0,1.849791,30,TRUE,
paper-164664-topk-3-depth-2,rag_retrieve.cql,measured,native_rag,0,351.257958,20130,TRUE,
paper-164664-topk-5-depth-0,rag_retrieve.cql,measured,native_rag,0,2.203875,5,TRUE,
paper-164664-topk-5-depth-1,rag_retrieve.cql,measured,native_rag,0,2.760792,51,TRUE,
paper-164664-topk-5-depth-2,rag_retrieve.cql,measured,native_rag,0,382.812834,21985,TRUE,
paper-164664-topk-10-depth-0,rag_retrieve.cql,measured,native_rag,0,5.513625,10,TRUE,
paper-164664-topk-10-depth-1,rag_retrieve.cql,measured,native_rag,0,7.830042,145,TRUE,
paper-164664-topk-10-depth-2,rag_retrieve.cql,measured,native_rag,0,552.753792,31292,TRUE,
paper-73772-topk-1-depth-0,rag_retrieve.cql,measured,native_rag,0,0.915250,1,TRUE,
paper-73772-topk-1-depth-1,rag_retrieve.cql,measured,native_rag,0,0.961875,5,TRUE,
paper-73772-topk-1-depth-2,rag_retrieve.cql,measured,native_rag,0,5.008459,261,TRUE,
paper-73772-topk-3-depth-0,rag_retrieve.cql,measured,native_rag,0,1.222583,3,TRUE,
paper-73772-topk-3-depth-1,rag_retrieve.cql,measured,native_rag,0,1.567959,10,TRUE,
paper-73772-topk-3-depth-2,rag_retrieve.cql,measured,native_rag,0,6.343333,296,TRUE,
paper-73772-topk-5-depth-0,rag_retrieve.cql,measured,native_rag,0,1.856834,5,TRUE,
paper-73772-topk-5-depth-1,rag_retrieve.cql,measured,native_rag,0,1.995250,23,TRUE,
paper-73772-topk-5-depth-2,rag_retrieve.cql,measured,native_rag,0,221.558791,12720,TRUE,
paper-73772-topk-10-depth-0,rag_retrieve.cql,measured,native_rag,0,3.344417,10,TRUE,
paper-73772-topk-10-depth-1,rag_retrieve.cql,measured,native_rag,0,5.117541,66,TRUE,
paper-73772-topk-10-depth-2,rag_retrieve.cql,measured,native_rag,0,475.702000,27236,TRUE,
paper-53823-topk-1-depth-0,rag_retrieve.cql,measured,native_rag,0,0.964375,1,TRUE,
paper-53823-topk-1-depth-1,rag_retrieve.cql,measured,native_rag,0,1.381667,30,TRUE,
paper-53823-topk-1-depth-2,rag_retrieve.cql,measured,native_rag,0,278.893958,16190,TRUE,
paper-53823-topk-3-depth-0,rag_retrieve.cql,measured,native_rag,0,1.413042,3,TRUE,
paper-53823-topk-3-depth-1,rag_retrieve.cql,measured,native_rag,0,4.077666,142,TRUE,
paper-53823-topk-3-depth-2,rag_retrieve.cql,measured,native_rag,0,522.790667,30268,TRUE,
paper-53823-topk-5-depth-0,rag_retrieve.cql,measured,native_rag,0,2.122792,5,TRUE,
paper-53823-topk-5-depth-1,rag_retrieve.cql,measured,native_rag,0,7.927750,374,TRUE,
paper-53823-topk-5-depth-2,rag_retrieve.cql,measured,native_rag,0,611.322583,34962,TRUE,
paper-53823-topk-10-depth-0,rag_retrieve.cql,measured,native_rag,0,8.714500,10,TRUE,
paper-53823-topk-10-depth-1,rag_retrieve.cql,measured,native_rag,0,25.187542,1019,TRUE,
paper-53823-topk-10-depth-2,rag_retrieve.cql,measured,native_rag,0,710.728541,40676,TRUE,
paper-15597-topk-1-depth-0,rag_retrieve.cql,measured,native_rag,0,1.121542,1,TRUE,
paper-15597-topk-1-depth-1,rag_retrieve.cql,measured,native_rag,0,1.173875,17,TRUE,
paper-15597-topk-1-depth-2,rag_retrieve.cql,measured,native_rag,0,2.399709,87,TRUE,
paper-15597-topk-3-depth-0,rag_retrieve.cql,measured,native_rag,0,1.324500,3,TRUE,
paper-15597-topk-3-depth-1,rag_retrieve.cql,measured,native_rag,0,1.568875,21,TRUE,
paper-15597-topk-3-depth-2,rag_retrieve.cql,measured,native_rag,0,3.170250,112,TRUE,
paper-15597-topk-5-depth-0,rag_retrieve.cql,measured,native_rag,0,1.593584,5,TRUE,
paper-15597-topk-5-depth-1,rag_retrieve.cql,measured,native_rag,0,1.994625,30,TRUE,
paper-15597-topk-5-depth-2,rag_retrieve.cql,measured,native_rag,0,4.678166,190,TRUE,
paper-15597-topk-10-depth-0,rag_retrieve.cql,measured,native_rag,0,2.963500,10,TRUE,
paper-15597-topk-10-depth-1,rag_retrieve.cql,measured,native_rag,0,3.689250,52,TRUE,
paper-15597-topk-10-depth-2,rag_retrieve.cql,measured,native_rag,0,7.116125,241,TRUE,
paper-110424-topk-1-depth-0,rag_retrieve.cql,measured,native_rag,0,0.825750,1,TRUE,
paper-110424-topk-1-depth-1,rag_retrieve.cql,measured,native_rag,0,0.970250,12,TRUE,
paper-110424-topk-1-depth-2,rag_retrieve.cql,measured,native_rag,0,1.391958,37,TRUE,
paper-110424-topk-3-depth-0,rag_retrieve.cql,measured,native_rag,0,1.181458,3,TRUE,
paper-110424-topk-3-depth-1,rag_retrieve.cql,measured,native_rag,0,1.368417,17,TRUE,
paper-110424-topk-3-depth-2,rag_retrieve.cql,measured,native_rag,0,3.765417,156,TRUE,
paper-110424-topk-5-depth-0,rag_retrieve.cql,measured,native_rag,0,1.442458,5,TRUE,
paper-110424-topk-5-depth-1,rag_retrieve.cql,measured,native_rag,0,1.716167,22,TRUE,
paper-110424-topk-5-depth-2,rag_retrieve.cql,measured,native_rag,0,4.361292,175,TRUE,
paper-110424-topk-10-depth-0,rag_retrieve.cql,measured,native_rag,0,2.652000,10,TRUE,
paper-110424-topk-10-depth-1,rag_retrieve.cql,measured,native_rag,0,3.186666,42,TRUE,
paper-110424-topk-10-depth-2,rag_retrieve.cql,measured,native_rag,0,14.271750,702,TRUE,
paper-36429-topk-1-depth-0,rag_retrieve.cql,measured,native_rag,0,0.966000,1,TRUE,
paper-36429-topk-1-depth-1,rag_retrieve.cql,measured,native_rag,0,0.961959,2,TRUE,
paper-36429-topk-1-depth-2,rag_retrieve.cql,measured,native_rag,0,0.942750,6,TRUE,
paper-36429-topk-3-depth-0,rag_retrieve.cql,measured,native_rag,0,1.108875,3,TRUE,
paper-36429-topk-3-depth-1,rag_retrieve.cql,measured,native_rag,0,1.834541,36,TRUE,
paper-36429-topk-3-depth-2,rag_retrieve.cql,measured,native_rag,0,42.857458,2548,TRUE,
paper-36429-topk-5-depth-0,rag_retrieve.cql,measured,native_rag,0,1.696167,5,TRUE,
paper-36429-topk-5-depth-1,rag_retrieve.cql,measured,native_rag,0,3.046541,83,TRUE,
paper-36429-topk-5-depth-2,rag_retrieve.cql,measured,native_rag,0,12.534542,683,TRUE,
paper-36429-topk-10-depth-0,rag_retrieve.cql,measured,native_rag,0,3.201792,10,TRUE,
paper-36429-topk-10-depth-1,rag_retrieve.cql,measured,native_rag,0,4.840292,115,TRUE,
paper-36429-topk-10-depth-2,rag_retrieve.cql,measured,native_rag,0,61.002167,3438,TRUE,
paper-133579-topk-1-depth-0,rag_retrieve.cql,measured,native_rag,0,0.891917,1,TRUE,
paper-133579-topk-1-depth-1,rag_retrieve.cql,measured,native_rag,0,0.915416,2,TRUE,
paper-133579-topk-1-depth-2,rag_retrieve.cql,measured,native_rag,0,1.018375,8,TRUE,
paper-133579-topk-3-depth-0,rag_retrieve.cql,measured,native_rag,0,1.248334,3,TRUE,
paper-133579-topk-3-depth-1,rag_retrieve.cql,measured,native_rag,0,1.655667,30,TRUE,
paper-133579-topk-3-depth-2,rag_retrieve.cql,measured,native_rag,0,302.424792,17514,TRUE,
paper-133579-topk-5-depth-0,rag_retrieve.cql,measured,native_rag,0,1.765292,5,TRUE,
paper-133579-topk-5-depth-1,rag_retrieve.cql,measured,native_rag,0,2.100333,35,TRUE,
paper-133579-topk-5-depth-2,rag_retrieve.cql,measured,native_rag,0,305.904958,17524,TRUE,
paper-133579-topk-10-depth-0,rag_retrieve.cql,measured,native_rag,0,3.388959,10,TRUE,
paper-133579-topk-10-depth-1,rag_retrieve.cql,measured,native_rag,0,4.080209,72,TRUE,
paper-133579-topk-10-depth-2,rag_retrieve.cql,measured,native_rag,0,10.934500,477,TRUE,
paper-12900-topk-1-depth-0,rag_retrieve.cql,measured,native_rag,0,0.942166,1,TRUE,
paper-12900-topk-1-depth-1,rag_retrieve.cql,measured,native_rag,0,0.926166,2,TRUE,
paper-12900-topk-1-depth-2,rag_retrieve.cql,measured,native_rag,0,2.068666,74,TRUE,
paper-12900-topk-3-depth-0,rag_retrieve.cql,measured,native_rag,0,1.345292,3,TRUE,
paper-12900-topk-3-depth-1,rag_retrieve.cql,measured,native_rag,0,1.571791,19,TRUE,
paper-12900-topk-3-depth-2,rag_retrieve.cql,measured,native_rag,0,8.195250,426,TRUE,
paper-12900-topk-5-depth-0,rag_retrieve.cql,measured,native_rag,0,1.739916,5,TRUE,
paper-12900-topk-5-depth-1,rag_retrieve.cql,measured,native_rag,0,2.096166,24,TRUE,
paper-12900-topk-5-depth-2,rag_retrieve.cql,measured,native_rag,0,249.573250,14266,TRUE,
paper-12900-topk-10-depth-0,rag_retrieve.cql,measured,native_rag,0,3.404542,10,TRUE,
paper-12900-topk-10-depth-1,rag_retrieve.cql,measured,native_rag,0,4.247708,65,TRUE,
paper-12900-topk-10-depth-2,rag_retrieve.cql,measured,native_rag,0,381.920750,21654,TRUE,
paper-109144-topk-1-depth-0,rag_retrieve.cql,measured,native_rag,0,0.997250,1,TRUE,
paper-109144-topk-1-depth-1,rag_retrieve.cql,measured,native_rag,0,1.096417,13,TRUE,
paper-109144-topk-1-depth-2,rag_retrieve.cql,measured,native_rag,0,1.604666,42,TRUE,
paper-109144-topk-3-depth-0,rag_retrieve.cql,measured,native_rag,0,1.264125,3,TRUE,
paper-109144-topk-3-depth-1,rag_retrieve.cql,measured,native_rag,0,1.592250,24,TRUE,
paper-109144-topk-3-depth-2,rag_retrieve.cql,measured,native_rag,0,3.091250,106,TRUE,
paper-109144-topk-5-depth-0,rag_retrieve.cql,measured,native_rag,0,1.584833,5,TRUE,
paper-109144-topk-5-depth-1,rag_retrieve.cql,measured,native_rag,0,2.182292,44,TRUE,
paper-109144-topk-5-depth-2,rag_retrieve.cql,measured,native_rag,0,12.431709,666,TRUE,
paper-109144-topk-10-depth-0,rag_retrieve.cql,measured,native_rag,0,3.507792,10,TRUE,
paper-109144-topk-10-depth-1,rag_retrieve.cql,measured,native_rag,0,4.632333,75,TRUE,
paper-109144-topk-10-depth-2,rag_retrieve.cql,measured,native_rag,0,17.889500,878,TRUE,
paper-21152-topk-1-depth-0,rag_retrieve.cql,measured,native_rag,0,0.975041,1,TRUE,
paper-21152-topk-1-depth-1,rag_retrieve.cql,measured,native_rag,0,0.924000,5,TRUE,
paper-21152-topk-1-depth-2,rag_retrieve.cql,measured,native_rag,0,1.404208,33,TRUE,
paper-21152-topk-3-depth-0,rag_retrieve.cql,measured,native_rag,0,1.389042,3,TRUE,
paper-21152-topk-3-depth-1,rag_retrieve.cql,measured,native_rag,0,1.453000,12,TRUE,
paper-21152-topk-3-depth-2,rag_retrieve.cql,measured,native_rag,0,64.425542,3786,TRUE,
paper-21152-topk-5-depth-0,rag_retrieve.cql,measured,native_rag,0,1.982167,5,TRUE,
paper-21152-topk-5-depth-1,rag_retrieve.cql,measured,native_rag,0,2.951208,69,TRUE,
paper-21152-topk-5-depth-2,rag_retrieve.cql,measured,native_rag,0,125.382125,7170,TRUE,
paper-21152-topk-10-depth-0,rag_retrieve.cql,measured,native_rag,0,4.412541,10,TRUE,
paper-21152-topk-10-depth-1,rag_retrieve.cql,measured,native_rag,0,5.964125,121,TRUE,
paper-21152-topk-10-depth-2,rag_retrieve.cql,measured,native_rag,0,426.570458,24320,TRUE,
paper-10915-topk-1-depth-0,rag_retrieve.cql,measured,native_rag,0,1.108416,1,TRUE,
paper-10915-topk-1-depth-1,rag_retrieve.cql,measured,native_rag,0,1.419917,26,TRUE,
paper-10915-topk-1-depth-2,rag_retrieve.cql,measured,native_rag,0,3.805125,173,TRUE,
paper-10915-topk-3-depth-0,rag_retrieve.cql,measured,native_rag,0,1.339958,3,TRUE,
paper-10915-topk-3-depth-1,rag_retrieve.cql,measured,native_rag,0,2.060083,46,TRUE,
paper-10915-topk-3-depth-2,rag_retrieve.cql,measured,native_rag,0,417.945333,24079,TRUE,
paper-10915-topk-5-depth-0,rag_retrieve.cql,measured,native_rag,0,2.014084,5,TRUE,
paper-10915-topk-5-depth-1,rag_retrieve.cql,measured,native_rag,0,2.867250,65,TRUE,
paper-10915-topk-5-depth-2,rag_retrieve.cql,measured,native_rag,0,418.835750,24187,TRUE,
paper-10915-topk-10-depth-0,rag_retrieve.cql,measured,native_rag,0,4.290416,10,TRUE,
paper-10915-topk-10-depth-1,rag_retrieve.cql,measured,native_rag,0,5.750958,112,TRUE,
paper-10915-topk-10-depth-2,rag_retrieve.cql,measured,native_rag,0,432.516208,24582,TRUE,
paper-134530-topk-1-depth-0,rag_retrieve.cql,measured,native_rag,0,1.170958,1,TRUE,
paper-134530-topk-1-depth-1,rag_retrieve.cql,measured,native_rag,0,1.566041,40,TRUE,
paper-134530-topk-1-depth-2,rag_retrieve.cql,measured,native_rag,0,191.847542,11167,TRUE,
paper-134530-topk-3-depth-0,rag_retrieve.cql,measured,native_rag,0,1.618791,3,TRUE,
paper-134530-topk-3-depth-1,rag_retrieve.cql,measured,native_rag,0,2.199750,50,TRUE,
paper-134530-topk-3-depth-2,rag_retrieve.cql,measured,native_rag,0,379.761500,22062,TRUE,
paper-134530-topk-5-depth-0,rag_retrieve.cql,measured,native_rag,0,1.953417,5,TRUE,
paper-134530-topk-5-depth-1,rag_retrieve.cql,measured,native_rag,0,2.841333,65,TRUE,
paper-134530-topk-5-depth-2,rag_retrieve.cql,measured,native_rag,0,487.013917,28016,TRUE,
paper-134530-topk-10-depth-0,rag_retrieve.cql,measured,native_rag,0,4.635333,10,TRUE,
paper-134530-topk-10-depth-1,rag_retrieve.cql,measured,native_rag,0,8.119541,209,TRUE,
paper-134530-topk-10-depth-2,rag_retrieve.cql,measured,native_rag,0,634.230709,36065,TRUE,
paper-5505-topk-1-depth-0,rag_retrieve.cql,measured,native_rag,0,0.958375,1,TRUE,
paper-5505-topk-1-depth-1,rag_retrieve.cql,measured,native_rag,0,0.935875,6,TRUE,
paper-5505-topk-1-depth-2,rag_retrieve.cql,measured,native_rag,0,2.053209,74,TRUE,
paper-5505-topk-3-depth-0,rag_retrieve.cql,measured,native_rag,0,1.305791,3,TRUE,
paper-5505-topk-3-depth-1,rag_retrieve.cql,measured,native_rag,0,1.447959,10,TRUE,
paper-5505-topk-3-depth-2,rag_retrieve.cql,measured,native_rag,0,2.154292,52,TRUE,
paper-5505-topk-5-depth-0,rag_retrieve.cql,measured,native_rag,0,1.670709,5,TRUE,
paper-5505-topk-5-depth-1,rag_retrieve.cql,measured,native_rag,0,2.114417,24,TRUE,
paper-5505-topk-5-depth-2,rag_retrieve.cql,measured,native_rag,0,4.352708,162,TRUE,
paper-5505-topk-10-depth-0,rag_retrieve.cql,measured,native_rag,0,3.336708,10,TRUE,
paper-5505-topk-10-depth-1,rag_retrieve.cql,measured,native_rag,0,4.239625,56,TRUE,
paper-5505-topk-10-depth-2,rag_retrieve.cql,measured,native_rag,0,20.281000,1043,TRUE,
paper-8255-topk-1-depth-0,rag_retrieve.cql,measured,native_rag,0,1.091167,1,TRUE,
paper-8255-topk-1-depth-1,rag_retrieve.cql,measured,native_rag,0,0.983042,7,TRUE,
paper-8255-topk-1-depth-2,rag_retrieve.cql,measured,native_rag,0,9.080542,498,TRUE,
paper-8255-topk-3-depth-0,rag_retrieve.cql,measured,native_rag,0,1.214333,3,TRUE,
paper-8255-topk-3-depth-1,rag_retrieve.cql,measured,native_rag,0,1.599250,28,TRUE,
paper-8255-topk-3-depth-2,rag_retrieve.cql,measured,native_rag,0,49.524583,2921,TRUE,
paper-8255-topk-5-depth-0,rag_retrieve.cql,measured,native_rag,0,1.896792,5,TRUE,
paper-8255-topk-5-depth-1,rag_retrieve.cql,measured,native_rag,0,2.413792,48,TRUE,
paper-8255-topk-5-depth-2,rag_retrieve.cql,measured,native_rag,0,78.553250,4475,TRUE,
paper-8255-topk-10-depth-0,rag_retrieve.cql,measured,native_rag,0,3.655125,10,TRUE,
paper-8255-topk-10-depth-1,rag_retrieve.cql,measured,native_rag,0,5.735416,137,TRUE,
paper-8255-topk-10-depth-2,rag_retrieve.cql,measured,native_rag,0,316.650792,18276,TRUE,
paper-116388-topk-1-depth-0,rag_retrieve.cql,measured,native_rag,0,1.023125,1,TRUE,
paper-116388-topk-1-depth-1,rag_retrieve.cql,measured,native_rag,0,1.324292,28,TRUE,
paper-116388-topk-1-depth-2,rag_retrieve.cql,measured,native_rag,0,303.458375,17594,TRUE,
paper-116388-topk-3-depth-0,rag_retrieve.cql,measured,native_rag,0,1.466250,3,TRUE,
paper-116388-topk-3-depth-1,rag_retrieve.cql,measured,native_rag,0,1.887792,43,TRUE,
paper-116388-topk-3-depth-2,rag_retrieve.cql,measured,native_rag,0,330.445833,19165,TRUE,
paper-116388-topk-5-depth-0,rag_retrieve.cql,measured,native_rag,0,2.060708,5,TRUE,
paper-116388-topk-5-depth-1,rag_retrieve.cql,measured,native_rag,0,3.294542,86,TRUE,
paper-116388-topk-5-depth-2,rag_retrieve.cql,measured,native_rag,0,462.060541,26845,TRUE,
paper-116388-topk-10-depth-0,rag_retrieve.cql,measured,native_rag,0,5.994625,10,TRUE,
paper-116388-topk-10-depth-1,rag_retrieve.cql,measured,native_rag,0,8.581792,156,TRUE,
paper-116388-topk-10-depth-2,rag_retrieve.cql,measured,native_rag,0,512.293459,29370,TRUE,
paper-64879-topk-1-depth-0,rag_retrieve.cql,measured,native_rag,0,1.060709,1,TRUE,
paper-64879-topk-1-depth-1,rag_retrieve.cql,measured,native_rag,0,0.963042,5,TRUE,
paper-64879-topk-1-depth-2,rag_retrieve.cql,measured,native_rag,0,2.747125,116,TRUE,
paper-64879-topk-3-depth-0,rag_retrieve.cql,measured,native_rag,0,1.219000,3,TRUE,
paper-64879-topk-3-depth-1,rag_retrieve.cql,measured,native_rag,0,1.515625,24,TRUE,
paper-64879-topk-3-depth-2,rag_retrieve.cql,measured,native_rag,0,64.399042,3701,TRUE,
paper-64879-topk-5-depth-0,rag_retrieve.cql,measured,native_rag,0,1.839792,5,TRUE,
paper-64879-topk-5-depth-1,rag_retrieve.cql,measured,native_rag,0,2.233084,36,TRUE,
paper-64879-topk-5-depth-2,rag_retrieve.cql,measured,native_rag,0,160.097458,9322,TRUE,
paper-64879-topk-10-depth-0,rag_retrieve.cql,measured,native_rag,0,4.886709,10,TRUE,
paper-64879-topk-10-depth-1,rag_retrieve.cql,measured,native_rag,0,6.697917,151,TRUE,
paper-64879-topk-10-depth-2,rag_retrieve.cql,measured,native_rag,0,660.235458,37386,TRUE,
paper-38995-topk-1-depth-0,rag_retrieve.cql,measured,native_rag,0,1.041333,1,TRUE,
paper-38995-topk-1-depth-1,rag_retrieve.cql,measured,native_rag,0,0.971042,3,TRUE,
paper-38995-topk-1-depth-2,rag_retrieve.cql,measured,native_rag,0,1.241875,18,TRUE,
paper-38995-topk-3-depth-0,rag_retrieve.cql,measured,native_rag,0,1.067416,3,TRUE,
paper-38995-topk-3-depth-1,rag_retrieve.cql,measured,native_rag,0,1.212292,12,TRUE,
paper-38995-topk-3-depth-2,rag_retrieve.cql,measured,native_rag,0,11.257583,630,TRUE,
paper-38995-topk-5-depth-0,rag_retrieve.cql,measured,native_rag,0,1.550250,5,TRUE,
paper-38995-topk-5-depth-1,rag_retrieve.cql,measured,native_rag,0,1.836916,17,TRUE,
paper-38995-topk-5-depth-2,rag_retrieve.cql,measured,native_rag,0,13.263625,734,TRUE,
paper-38995-topk-10-depth-0,rag_retrieve.cql,measured,native_rag,0,2.290208,10,TRUE,
paper-38995-topk-10-depth-1,rag_retrieve.cql,measured,native_rag,0,2.710167,36,TRUE,
paper-38995-topk-10-depth-2,rag_retrieve.cql,measured,native_rag,0,23.606584,1276,TRUE,
paper-63087-topk-1-depth-0,rag_retrieve.cql,measured,native_rag,0,0.877917,1,TRUE,
paper-63087-topk-1-depth-1,rag_retrieve.cql,measured,native_rag,0,1.029250,14,TRUE,
paper-63087-topk-1-depth-2,rag_retrieve.cql,measured,native_rag,0,232.193958,13474,TRUE,
paper-63087-topk-3-depth-0,rag_retrieve.cql,measured,native_rag,0,1.445791,3,TRUE,
paper-63087-topk-3-depth-1,rag_retrieve.cql,measured,native_rag,0,8.224958,422,TRUE,
paper-63087-topk-3-depth-2,rag_retrieve.cql,measured,native_rag,0,265.068375,15319,TRUE,
paper-63087-topk-5-depth-0,rag_retrieve.cql,measured,native_rag,0,1.913667,5,TRUE,
paper-63087-topk-5-depth-1,rag_retrieve.cql,measured,native_rag,0,8.606625,429,TRUE,
paper-63087-topk-5-depth-2,rag_retrieve.cql,measured,native_rag,0,266.072417,15462,TRUE,
paper-63087-topk-10-depth-0,rag_retrieve.cql,measured,native_rag,0,5.078125,10,TRUE,
paper-63087-topk-10-depth-1,rag_retrieve.cql,measured,native_rag,0,12.928500,505,TRUE,
paper-63087-topk-10-depth-2,rag_retrieve.cql,measured,native_rag,0,293.413917,16664,TRUE,
paper-105773-topk-1-depth-0,rag_retrieve.cql,measured,native_rag,0,1.044833,1,TRUE,
paper-105773-topk-1-depth-1,rag_retrieve.cql,measured,native_rag,0,1.132417,14,TRUE,
paper-105773-topk-1-depth-2,rag_retrieve.cql,measured,native_rag,0,18.991042,1044,TRUE,
paper-105773-topk-3-depth-0,rag_retrieve.cql,measured,native_rag,0,1.385625,3,TRUE,
paper-105773-topk-3-depth-1,rag_retrieve.cql,measured,native_rag,0,1.868083,33,TRUE,
paper-105773-topk-3-depth-2,rag_retrieve.cql,measured,native_rag,0,306.478167,17654,TRUE,
paper-105773-topk-5-depth-0,rag_retrieve.cql,measured,native_rag,0,2.056667,5,TRUE,
paper-105773-topk-5-depth-1,rag_retrieve.cql,measured,native_rag,0,2.527625,49,TRUE,
paper-105773-topk-5-depth-2,rag_retrieve.cql,measured,native_rag,0,369.517750,21255,TRUE,
paper-105773-topk-10-depth-0,rag_retrieve.cql,measured,native_rag,0,4.613875,10,TRUE,
paper-105773-topk-10-depth-1,rag_retrieve.cql,measured,native_rag,0,6.187917,108,TRUE,
paper-105773-topk-10-depth-2,rag_retrieve.cql,measured,native_rag,0,608.153541,34687,TRUE,
paper-91852-topk-1-depth-0,rag_retrieve.cql,measured,native_rag,0,1.053167,1,TRUE,
paper-91852-topk-1-depth-1,rag_retrieve.cql,measured,native_rag,0,1.186875,20,TRUE,
paper-91852-topk-1-depth-2,rag_retrieve.cql,measured,native_rag,0,10.368750,583,TRUE,
paper-91852-topk-3-depth-0,rag_retrieve.cql,measured,native_rag,0,1.236334,3,TRUE,
paper-91852-topk-3-depth-1,rag_retrieve.cql,measured,native_rag,0,1.713750,33,TRUE,
paper-91852-topk-3-depth-2,rag_retrieve.cql,measured,native_rag,0,18.574792,1030,TRUE,
paper-91852-topk-5-depth-0,rag_retrieve.cql,measured,native_rag,0,1.973000,5,TRUE,
paper-91852-topk-5-depth-1,rag_retrieve.cql,measured,native_rag,0,4.691416,172,TRUE,
paper-91852-topk-5-depth-2,rag_retrieve.cql,measured,native_rag,0,337.293375,19220,TRUE,
paper-91852-topk-10-depth-0,rag_retrieve.cql,measured,native_rag,0,4.420041,10,TRUE,
paper-91852-topk-10-depth-1,rag_retrieve.cql,measured,native_rag,0,7.162750,182,TRUE,
paper-91852-topk-10-depth-2,rag_retrieve.cql,measured,native_rag,0,318.295792,18031,TRUE,
paper-1791-topk-1-depth-0,rag_retrieve.cql,measured,native_rag,0,1.051334,1,TRUE,
paper-1791-topk-1-depth-1,rag_retrieve.cql,measured,native_rag,0,1.045833,6,TRUE,
paper-1791-topk-1-depth-2,rag_retrieve.cql,measured,native_rag,0,161.614417,9298,TRUE,
paper-1791-topk-3-depth-0,rag_retrieve.cql,measured,native_rag,0,1.421666,3,TRUE,
paper-1791-topk-3-depth-1,rag_retrieve.cql,measured,native_rag,0,1.675083,26,TRUE,
paper-1791-topk-3-depth-2,rag_retrieve.cql,measured,native_rag,0,308.071709,17578,TRUE,
paper-1791-topk-5-depth-0,rag_retrieve.cql,measured,native_rag,0,1.889792,5,TRUE,
paper-1791-topk-5-depth-1,rag_retrieve.cql,measured,native_rag,0,3.138834,81,TRUE,
paper-1791-topk-5-depth-2,rag_retrieve.cql,measured,native_rag,0,467.545375,26713,TRUE,
paper-1791-topk-10-depth-0,rag_retrieve.cql,measured,native_rag,0,5.036125,10,TRUE,
paper-1791-topk-10-depth-1,rag_retrieve.cql,measured,native_rag,0,7.675875,173,TRUE,
paper-1791-topk-10-depth-2,rag_retrieve.cql,measured,native_rag,0,551.381750,31267,TRUE,
paper-163384-topk-1-depth-0,rag_retrieve.cql,measured,native_rag,0,1.001792,1,TRUE,
paper-163384-topk-1-depth-1,rag_retrieve.cql,measured,native_rag,0,0.913792,2,TRUE,
paper-163384-topk-1-depth-2,rag_retrieve.cql,measured,native_rag,0,0.877500,3,TRUE,
paper-163384-topk-3-depth-0,rag_retrieve.cql,measured,native_rag,0,1.316167,3,TRUE,
paper-163384-topk-3-depth-1,rag_retrieve.cql,measured,native_rag,0,1.547708,18,TRUE,
paper-163384-topk-3-depth-2,rag_retrieve.cql,measured,native_rag,0,13.136125,732,TRUE,
paper-163384-topk-5-depth-0,rag_retrieve.cql,measured,native_rag,0,1.751541,5,TRUE,
paper-163384-topk-5-depth-1,rag_retrieve.cql,measured,native_rag,0,2.689166,61,TRUE,
paper-163384-topk-5-depth-2,rag_retrieve.cql,measured,native_rag,0,19.631459,1060,TRUE,
paper-163384-topk-10-depth-0,rag_retrieve.cql,measured,native_rag,0,3.794583,10,TRUE,
paper-163384-topk-10-depth-1,rag_retrieve.cql,measured,native_rag,0,4.748875,71,TRUE,
paper-163384-topk-10-depth-2,rag_retrieve.cql,measured,native_rag,0,24.153416,1200,TRUE,
paper-100000-topk-1-depth-0,rag_retrieve.cql,measured,native_rag,0,0.941958,1,TRUE,
paper-100000-topk-1-depth-1,rag_retrieve.cql,measured,native_rag,0,1.009166,3,TRUE,
paper-100000-topk-1-depth-2,rag_retrieve.cql,measured,native_rag,0,69.767500,4051,TRUE,
paper-100000-topk-3-depth-0,rag_retrieve.cql,measured,native_rag,0,1.358708,3,TRUE,
paper-100000-topk-3-depth-1,rag_retrieve.cql,measured,native_rag,0,1.633125,17,TRUE,
paper-100000-topk-3-depth-2,rag_retrieve.cql,measured,native_rag,0,99.719792,5752,TRUE,
paper-100000-topk-5-depth-0,rag_retrieve.cql,measured,native_rag,0,2.078667,5,TRUE,
paper-100000-topk-5-depth-1,rag_retrieve.cql,measured,native_rag,0,3.730750,104,TRUE,
paper-100000-topk-5-depth-2,rag_retrieve.cql,measured,native_rag,0,494.000541,28182,TRUE,
paper-100000-topk-10-depth-0,rag_retrieve.cql,measured,native_rag,0,4.494375,10,TRUE,
paper-100000-topk-10-depth-1,rag_retrieve.cql,measured,native_rag,0,6.475667,145,TRUE,
paper-100000-topk-10-depth-2,rag_retrieve.cql,measured,native_rag,0,563.704500,31591,TRUE,
paper-164961-topk-1-depth-0,rag_retrieve.cql,measured,native_rag,0,1.080083,1,TRUE,
paper-164961-topk-1-depth-1,rag_retrieve.cql,measured,native_rag,0,1.017375,7,TRUE,
paper-164961-topk-1-depth-2,rag_retrieve.cql,measured,native_rag,0,1.701291,51,TRUE,
paper-164961-topk-3-depth-0,rag_retrieve.cql,measured,native_rag,0,1.191208,3,TRUE,
paper-164961-topk-3-depth-1,rag_retrieve.cql,measured,native_rag,0,1.644667,32,TRUE,
paper-164961-topk-3-depth-2,rag_retrieve.cql,measured,native_rag,0,3.756167,160,TRUE,
paper-164961-topk-5-depth-0,rag_retrieve.cql,measured,native_rag,0,1.239792,5,TRUE,
paper-164961-topk-5-depth-1,rag_retrieve.cql,measured,native_rag,0,2.159291,56,TRUE,
paper-164961-topk-5-depth-2,rag_retrieve.cql,measured,native_rag,0,293.856125,16796,TRUE,
paper-164961-topk-10-depth-0,rag_retrieve.cql,measured,native_rag,0,3.128708,10,TRUE,
paper-164961-topk-10-depth-1,rag_retrieve.cql,measured,native_rag,0,5.003167,126,TRUE,
paper-164961-topk-10-depth-2,rag_retrieve.cql,measured,native_rag,0,393.775500,22425,TRUE,
paper-7378-topk-1-depth-0,rag_retrieve.cql,measured,native_rag,0,1.028875,1,TRUE,
paper-7378-topk-1-depth-1,rag_retrieve.cql,measured,native_rag,0,1.360834,28,TRUE,
paper-7378-topk-1-depth-2,rag_retrieve.cql,measured,native_rag,0,49.039209,2857,TRUE,
paper-7378-topk-3-depth-0,rag_retrieve.cql,measured,native_rag,0,1.284458,3,TRUE,
paper-7378-topk-3-depth-1,rag_retrieve.cql,measured,native_rag,0,1.951750,45,TRUE,
paper-7378-topk-3-depth-2,rag_retrieve.cql,measured,native_rag,0,83.707750,4881,TRUE,
paper-7378-topk-5-depth-0,rag_retrieve.cql,measured,native_rag,0,1.713333,5,TRUE,
paper-7378-topk-5-depth-1,rag_retrieve.cql,measured,native_rag,0,2.551334,62,TRUE,
paper-7378-topk-5-depth-2,rag_retrieve.cql,measured,native_rag,0,169.550584,9800,TRUE,
paper-7378-topk-10-depth-0,rag_retrieve.cql,measured,native_rag,0,4.481833,10,TRUE,
paper-7378-topk-10-depth-1,rag_retrieve.cql,measured,native_rag,0,6.661292,147,TRUE,
paper-7378-topk-10-depth-2,rag_retrieve.cql,measured,native_rag,0,285.531500,16234,TRUE,
paper-52533-topk-1-depth-0,rag_retrieve.cql,measured,native_rag,0,1.036125,1,TRUE,
paper-52533-topk-1-depth-1,rag_retrieve.cql,measured,native_rag,0,0.944541,7,TRUE,
paper-52533-topk-1-depth-2,rag_retrieve.cql,measured,native_rag,0,18.591833,1069,TRUE,
paper-52533-topk-3-depth-0,rag_retrieve.cql,measured,native_rag,0,1.296375,3,TRUE,
paper-52533-topk-3-depth-1,rag_retrieve.cql,measured,native_rag,0,1.909166,39,TRUE,
paper-52533-topk-3-depth-2,rag_retrieve.cql,measured,native_rag,0,160.109500,9173,TRUE,
paper-52533-topk-5-depth-0,rag_retrieve.cql,measured,native_rag,0,1.902292,5,TRUE,
paper-52533-topk-5-depth-1,rag_retrieve.cql,measured,native_rag,0,2.564833,51,TRUE,
paper-52533-topk-5-depth-2,rag_retrieve.cql,measured,native_rag,0,367.517042,21309,TRUE,
paper-52533-topk-10-depth-0,rag_retrieve.cql,measured,native_rag,0,4.825750,10,TRUE,
paper-52533-topk-10-depth-1,rag_retrieve.cql,measured,native_rag,0,6.271166,97,TRUE,
paper-52533-topk-10-depth-2,rag_retrieve.cql,measured,native_rag,0,499.391750,28443,TRUE,
paper-76178-topk-1-depth-0,rag_retrieve.cql,measured,native_rag,0,1.161458,1,TRUE,
paper-76178-topk-1-depth-1,rag_retrieve.cql,measured,native_rag,0,1.112417,12,TRUE,
paper-76178-topk-1-depth-2,rag_retrieve.cql,measured,native_rag,0,1.565417,43,TRUE,
paper-76178-topk-3-depth-0,rag_retrieve.cql,measured,native_rag,0,1.248125,3,TRUE,
paper-76178-topk-3-depth-1,rag_retrieve.cql,measured,native_rag,0,1.432541,17,TRUE,
paper-76178-topk-3-depth-2,rag_retrieve.cql,measured,native_rag,0,3.709541,148,TRUE,
paper-76178-topk-5-depth-0,rag_retrieve.cql,measured,native_rag,0,1.618291,5,TRUE,
paper-76178-topk-5-depth-1,rag_retrieve.cql,measured,native_rag,0,1.904750,25,TRUE,
paper-76178-topk-5-depth-2,rag_retrieve.cql,measured,native_rag,0,15.399709,835,TRUE,
paper-76178-topk-10-depth-0,rag_retrieve.cql,measured,native_rag,0,3.122542,10,TRUE,
paper-76178-topk-10-depth-1,rag_retrieve.cql,measured,native_rag,0,3.663166,49,TRUE,
paper-76178-topk-10-depth-2,rag_retrieve.cql,measured,native_rag,0,20.303542,1009,TRUE,
paper-32269-topk-1-depth-0,rag_retrieve.cql,measured,native_rag,0,0.906750,1,TRUE,
paper-32269-topk-1-depth-1,rag_retrieve.cql,measured,native_rag,0,1.140083,19,TRUE,
paper-32269-topk-1-depth-2,rag_retrieve.cql,measured,native_rag,0,2.579583,98,TRUE,
paper-32269-topk-3-depth-0,rag_retrieve.cql,measured,native_rag,0,1.192500,3,TRUE,
paper-32269-topk-3-depth-1,rag_retrieve.cql,measured,native_rag,0,1.670000,32,TRUE,
paper-32269-topk-3-depth-2,rag_retrieve.cql,measured,native_rag,0,5.848542,277,TRUE,
paper-32269-topk-5-depth-0,rag_retrieve.cql,measured,native_rag,0,1.638666,5,TRUE,
paper-32269-topk-5-depth-1,rag_retrieve.cql,measured,native_rag,0,2.338250,48,TRUE,
paper-32269-topk-5-depth-2,rag_retrieve.cql,measured,native_rag,0,30.050416,1707,TRUE,
paper-32269-topk-10-depth-0,rag_retrieve.cql,measured,native_rag,0,3.215542,10,TRUE,
paper-32269-topk-10-depth-1,rag_retrieve.cql,measured,native_rag,0,4.386000,74,TRUE,
paper-32269-topk-10-depth-2,rag_retrieve.cql,measured,native_rag,0,21.311417,1084,TRUE,
paper-159669-topk-1-depth-0,rag_retrieve.cql,measured,native_rag,0,1.397083,1,TRUE,
paper-159669-topk-1-depth-1,rag_retrieve.cql,measured,native_rag,0,1.446208,29,TRUE,
paper-159669-topk-1-depth-2,rag_retrieve.cql,measured,native_rag,0,84.897291,5029,TRUE,
paper-159669-topk-3-depth-0,rag_retrieve.cql,measured,native_rag,0,1.414417,3,TRUE,
paper-159669-topk-3-depth-1,rag_retrieve.cql,measured,native_rag,0,20.177500,1150,TRUE,
paper-159669-topk-3-depth-2,rag_retrieve.cql,measured,native_rag,0,635.885333,36151,TRUE,
paper-159669-topk-5-depth-0,rag_retrieve.cql,measured,native_rag,0,2.224000,5,TRUE,
paper-159669-topk-5-depth-1,rag_retrieve.cql,measured,native_rag,0,21.995500,1189,TRUE,
paper-159669-topk-5-depth-2,rag_retrieve.cql,measured,native_rag,0,675.257833,38138,TRUE,
paper-159669-topk-10-depth-0,rag_retrieve.cql,measured,native_rag,0,7.899291,10,TRUE,
paper-159669-topk-10-depth-1,rag_retrieve.cql,measured,native_rag,0,29.075292,1324,TRUE,
paper-159669-topk-10-depth-2,rag_retrieve.cql,measured,native_rag,0,690.929667,39614,TRUE,
paper-56967-topk-1-depth-0,rag_retrieve.cql,measured,native_rag,0,1.290416,1,TRUE,
paper-56967-topk-1-depth-1,rag_retrieve.cql,measured,native_rag,0,1.091042,3,TRUE,
paper-56967-topk-1-depth-2,rag_retrieve.cql,measured,native_rag,0,1.942792,56,TRUE,
paper-56967-topk-3-depth-0,rag_retrieve.cql,measured,native_rag,0,1.497917,3,TRUE,
paper-56967-topk-3-depth-1,rag_retrieve.cql,measured,native_rag,0,1.773042,18,TRUE,
paper-56967-topk-3-depth-2,rag_retrieve.cql,measured,native_rag,0,3.986667,122,TRUE,
paper-56967-topk-5-depth-0,rag_retrieve.cql,measured,native_rag,0,2.278125,5,TRUE,
paper-56967-topk-5-depth-1,rag_retrieve.cql,measured,native_rag,0,2.218667,23,TRUE,
paper-56967-topk-5-depth-2,rag_retrieve.cql,measured,native_rag,0,6.866333,232,TRUE,
paper-56967-topk-10-depth-0,rag_retrieve.cql,measured,native_rag,0,4.717500,10,TRUE,
paper-56967-topk-10-depth-1,rag_retrieve.cql,measured,native_rag,0,6.772875,75,TRUE,
paper-56967-topk-10-depth-2,rag_retrieve.cql,measured,native_rag,0,137.057125,7787,TRUE,
paper-56808-topk-1-depth-0,rag_retrieve.cql,measured,native_rag,0,1.109083,1,TRUE,
paper-56808-topk-1-depth-1,rag_retrieve.cql,measured,native_rag,0,1.047500,5,TRUE,
paper-56808-topk-1-depth-2,rag_retrieve.cql,measured,native_rag,0,1.291750,23,TRUE,
paper-56808-topk-3-depth-0,rag_retrieve.cql,measured,native_rag,0,1.197334,3,TRUE,
paper-56808-topk-3-depth-1,rag_retrieve.cql,measured,native_rag,0,1.661166,33,TRUE,
paper-56808-topk-3-depth-2,rag_retrieve.cql,measured,native_rag,0,291.454791,15655,TRUE,
paper-56808-topk-5-depth-0,rag_retrieve.cql,measured,native_rag,0,2.098375,5,TRUE,
paper-56808-topk-5-depth-1,rag_retrieve.cql,measured,native_rag,0,3.142833,44,TRUE,
paper-56808-topk-5-depth-2,rag_retrieve.cql,measured,native_rag,0,267.848583,15713,TRUE,
paper-56808-topk-10-depth-0,rag_retrieve.cql,measured,native_rag,0,3.819500,10,TRUE,
paper-56808-topk-10-depth-1,rag_retrieve.cql,measured,native_rag,0,5.569458,111,TRUE,
paper-56808-topk-10-depth-2,rag_retrieve.cql,measured,native_rag,0,284.913875,16574,TRUE,
paper-142074-topk-1-depth-0,rag_retrieve.cql,measured,native_rag,0,1.105042,1,TRUE,
paper-142074-topk-1-depth-1,rag_retrieve.cql,measured,native_rag,0,0.987833,2,TRUE,
paper-142074-topk-1-depth-2,rag_retrieve.cql,measured,native_rag,0,0.906291,3,TRUE,
paper-142074-topk-3-depth-0,rag_retrieve.cql,measured,native_rag,0,1.298291,3,TRUE,
paper-142074-topk-3-depth-1,rag_retrieve.cql,measured,native_rag,0,1.388500,9,TRUE,
paper-142074-topk-3-depth-2,rag_retrieve.cql,measured,native_rag,0,2.043375,49,TRUE,
paper-142074-topk-5-depth-0,rag_retrieve.cql,measured,native_rag,0,1.659208,5,TRUE,
paper-142074-topk-5-depth-1,rag_retrieve.cql,measured,native_rag,0,1.876792,16,TRUE,
paper-142074-topk-5-depth-2,rag_retrieve.cql,measured,native_rag,0,3.820708,128,TRUE,
paper-142074-topk-10-depth-0,rag_retrieve.cql,measured,native_rag,0,3.389292,10,TRUE,
paper-142074-topk-10-depth-1,rag_retrieve.cql,measured,native_rag,0,4.944834,98,TRUE,
paper-142074-topk-10-depth-2,rag_retrieve.cql,measured,native_rag,0,171.613208,9921,TRUE,
paper-66899-topk-1-depth-0,rag_retrieve.cql,measured,native_rag,0,0.939875,1,TRUE,
paper-66899-topk-1-depth-1,rag_retrieve.cql,measured,native_rag,0,0.875750,6,TRUE,
paper-66899-topk-1-depth-2,rag_retrieve.cql,measured,native_rag,0,1.193792,27,TRUE,
paper-66899-topk-3-depth-0,rag_retrieve.cql,measured,native_rag,0,1.212667,3,TRUE,
paper-66899-topk-3-depth-1,rag_retrieve.cql,measured,native_rag,0,1.341167,11,TRUE,
paper-66899-topk-3-depth-2,rag_retrieve.cql,measured,native_rag,0,2.643125,75,TRUE,
paper-66899-topk-5-depth-0,rag_retrieve.cql,measured,native_rag,0,1.556750,5,TRUE,
paper-66899-topk-5-depth-1,rag_retrieve.cql,measured,native_rag,0,1.790125,20,TRUE,
paper-66899-topk-5-depth-2,rag_retrieve.cql,measured,native_rag,0,3.163292,98,TRUE,
paper-66899-topk-10-depth-0,rag_retrieve.cql,measured,native_rag,0,2.566208,10,TRUE,
paper-66899-topk-10-depth-1,rag_retrieve.cql,measured,native_rag,0,2.992209,35,TRUE,
paper-66899-topk-10-depth-2,rag_retrieve.cql,measured,native_rag,0,7.021583,277,TRUE,
paper-92449-topk-1-depth-0,rag_retrieve.cql,measured,native_rag,0,0.864958,1,TRUE,
paper-92449-topk-1-depth-1,rag_retrieve.cql,measured,native_rag,0,1.095833,14,TRUE,
paper-92449-topk-1-depth-2,rag_retrieve.cql,measured,native_rag,0,252.994000,14933,TRUE,
paper-92449-topk-3-depth-0,rag_retrieve.cql,measured,native_rag,0,1.236333,3,TRUE,
paper-92449-topk-3-depth-1,rag_retrieve.cql,measured,native_rag,0,1.379000,24,TRUE,
paper-92449-topk-3-depth-2,rag_retrieve.cql,measured,native_rag,0,168.058875,9958,TRUE,
paper-92449-topk-5-depth-0,rag_retrieve.cql,measured,native_rag,0,1.709458,5,TRUE,
paper-92449-topk-5-depth-1,rag_retrieve.cql,measured,native_rag,0,2.568500,54,TRUE,
paper-92449-topk-5-depth-2,rag_retrieve.cql,measured,native_rag,0,450.287958,26081,TRUE,
paper-92449-topk-10-depth-0,rag_retrieve.cql,measured,native_rag,0,4.974291,10,TRUE,
paper-92449-topk-10-depth-1,rag_retrieve.cql,measured,native_rag,0,7.901208,110,TRUE,
paper-92449-topk-10-depth-2,rag_retrieve.cql,measured,native_rag,0,478.529375,27561,TRUE,
paper-123678-topk-1-depth-0,rag_retrieve.cql,measured,native_rag,0,0.971959,1,TRUE,
paper-123678-topk-1-depth-1,rag_retrieve.cql,measured,native_rag,0,3.054417,124,TRUE,
paper-123678-topk-1-depth-2,rag_retrieve.cql,measured,native_rag,0,322.526250,18266,TRUE,
paper-123678-topk-3-depth-0,rag_retrieve.cql,measured,native_rag,0,1.292667,3,TRUE,
paper-123678-topk-3-depth-1,rag_retrieve.cql,measured,native_rag,0,3.531375,138,TRUE,
paper-123678-topk-3-depth-2,rag_retrieve.cql,measured,native_rag,0,491.562209,28883,TRUE,
paper-123678-topk-5-depth-0,rag_retrieve.cql,measured,native_rag,0,1.994833,5,TRUE,
paper-123678-topk-5-depth-1,rag_retrieve.cql,measured,native_rag,0,4.225084,151,TRUE,
paper-123678-topk-5-depth-2,rag_retrieve.cql,measured,native_rag,0,525.917209,30584,TRUE,
paper-123678-topk-10-depth-0,rag_retrieve.cql,measured,native_rag,0,4.156541,10,TRUE,
paper-123678-topk-10-depth-1,rag_retrieve.cql,measured,native_rag,0,5.894375,124,TRUE,
paper-123678-topk-10-depth-2,rag_retrieve.cql,measured,native_rag,0,613.966292,35386,TRUE,
paper-144856-topk-1-depth-0,rag_retrieve.cql,measured,native_rag,0,0.981208,1,TRUE,
paper-144856-topk-1-depth-1,rag_retrieve.cql,measured,native_rag,0,0.906250,4,TRUE,
paper-144856-topk-1-depth-2,rag_retrieve.cql,measured,native_rag,0,24.633459,1448,TRUE,
paper-144856-topk-3-depth-0,rag_retrieve.cql,measured,native_rag,0,1.162333,3,TRUE,
paper-144856-topk-3-depth-1,rag_retrieve.cql,measured,native_rag,0,1.374958,22,TRUE,
paper-144856-topk-3-depth-2,rag_retrieve.cql,measured,native_rag,0,203.131125,11855,TRUE,
paper-144856-topk-5-depth-0,rag_retrieve.cql,measured,native_rag,0,1.540083,5,TRUE,
paper-144856-topk-5-depth-1,rag_retrieve.cql,measured,native_rag,0,1.875625,35,TRUE,
paper-144856-topk-5-depth-2,rag_retrieve.cql,measured,native_rag,0,332.409667,19408,TRUE,
paper-144856-topk-10-depth-0,rag_retrieve.cql,measured,native_rag,0,3.237584,10,TRUE,
paper-144856-topk-10-depth-1,rag_retrieve.cql,measured,native_rag,0,4.087667,60,TRUE,
paper-144856-topk-10-depth-2,rag_retrieve.cql,measured,native_rag,0,544.513791,31010,TRUE,
paper-87969-topk-1-depth-0,rag_retrieve.cql,measured,native_rag,0,0.975375,1,TRUE,
paper-87969-topk-1-depth-1,rag_retrieve.cql,measured,native_rag,0,0.843875,2,TRUE,
paper-87969-topk-1-depth-2,rag_retrieve.cql,measured,native_rag,0,0.991375,9,TRUE,
paper-87969-topk-3-depth-0,rag_retrieve.cql,measured,native_rag,0,1.335250,3,TRUE,
paper-87969-topk-3-depth-1,rag_retrieve.cql,measured,native_rag,0,1.488375,12,TRUE,
paper-87969-topk-3-depth-2,rag_retrieve.cql,measured,native_rag,0,8.532959,433,TRUE,
paper-87969-topk-5-depth-0,rag_retrieve.cql,measured,native_rag,0,1.927375,5,TRUE,
paper-87969-topk-5-depth-1,rag_retrieve.cql,measured,native_rag,0,2.475042,41,TRUE,
paper-87969-topk-5-depth-2,rag_retrieve.cql,measured,native_rag,0,187.239500,10823,TRUE,
paper-87969-topk-10-depth-0,rag_retrieve.cql,measured,native_rag,0,4.322166,10,TRUE,
paper-87969-topk-10-depth-1,rag_retrieve.cql,measured,native_rag,0,4.695958,68,TRUE,
paper-87969-topk-10-depth-2,rag_retrieve.cql,measured,native_rag,0,212.466459,12169,TRUE,
paper-85416-topk-1-depth-0,rag_retrieve.cql,measured,native_rag,0,1.041709,1,TRUE,
paper-85416-topk-1-depth-1,rag_retrieve.cql,measured,native_rag,0,0.970584,3,TRUE,
paper-85416-topk-1-depth-2,rag_retrieve.cql,measured,native_rag,0,1.668292,48,TRUE,
paper-85416-topk-3-depth-0,rag_retrieve.cql,measured,native_rag,0,1.374000,3,TRUE,
paper-85416-topk-3-depth-1,rag_retrieve.cql,measured,native_rag,0,1.420958,9,TRUE,
paper-85416-topk-3-depth-2,rag_retrieve.cql,measured,native_rag,0,2.791458,88,TRUE,
paper-85416-topk-5-depth-0,rag_retrieve.cql,measured,native_rag,0,1.749041,5,TRUE,
paper-85416-topk-5-depth-1,rag_retrieve.cql,measured,native_rag,0,2.349666,47,TRUE,
paper-85416-topk-5-depth-2,rag_retrieve.cql,measured,native_rag,0,18.578833,1019,TRUE,
paper-85416-topk-10-depth-0,rag_retrieve.cql,measured,native_rag,0,3.689875,10,TRUE,
paper-85416-topk-10-depth-1,rag_retrieve.cql,measured,native_rag,0,4.694667,75,TRUE,
paper-85416-topk-10-depth-2,rag_retrieve.cql,measured,native_rag,0,30.039750,1541,TRUE,
paper-118242-topk-1-depth-0,rag_retrieve.cql,measured,native_rag,0,0.840416,1,TRUE,
paper-118242-topk-1-depth-1,rag_retrieve.cql,measured,native_rag,0,0.878250,4,TRUE,
paper-118242-topk-1-depth-2,rag_retrieve.cql,measured,native_rag,0,1.325000,33,TRUE,
paper-118242-topk-3-depth-0,rag_retrieve.cql,measured,native_rag,0,1.352583,3,TRUE,
paper-118242-topk-3-depth-1,rag_retrieve.cql,measured,native_rag,0,1.518500,14,TRUE,
paper-118242-topk-3-depth-2,rag_retrieve.cql,measured,native_rag,0,95.222458,5555,TRUE,
paper-118242-topk-5-depth-0,rag_retrieve.cql,measured,native_rag,0,1.794542,5,TRUE,
paper-118242-topk-5-depth-1,rag_retrieve.cql,measured,native_rag,0,1.924750,22,TRUE,
paper-118242-topk-5-depth-2,rag_retrieve.cql,measured,native_rag,0,5.023042,202,TRUE,
paper-118242-topk-10-depth-0,rag_retrieve.cql,measured,native_rag,0,3.264583,10,TRUE,
paper-118242-topk-10-depth-1,rag_retrieve.cql,measured,native_rag,0,4.057292,54,TRUE,
paper-118242-topk-10-depth-2,rag_retrieve.cql,measured,native_rag,0,13.428834,628,TRUE,
paper-93637-topk-1-depth-0,rag_retrieve.cql,measured,native_rag,0,0.964334,1,TRUE,
paper-93637-topk-1-depth-1,rag_retrieve.cql,measured,native_rag,0,1.472458,30,TRUE,
paper-93637-topk-1-depth-2,rag_retrieve.cql,measured,native_rag,0,310.694875,17981,TRUE,
paper-93637-topk-3-depth-0,rag_retrieve.cql,measured,native_rag,0,1.536250,3,TRUE,
paper-93637-topk-3-depth-1,rag_retrieve.cql,measured,native_rag,0,2.082750,50,TRUE,
paper-93637-topk-3-depth-2,rag_retrieve.cql,measured,native_rag,0,349.382375,20214,TRUE,
paper-93637-topk-5-depth-0,rag_retrieve.cql,measured,native_rag,0,2.146500,5,TRUE,
paper-93637-topk-5-depth-1,rag_retrieve.cql,measured,native_rag,0,3.044083,70,TRUE,
paper-93637-topk-5-depth-2,rag_retrieve.cql,measured,native_rag,0,373.584292,21566,TRUE,
paper-93637-topk-10-depth-0,rag_retrieve.cql,measured,native_rag,0,5.159042,10,TRUE,
paper-93637-topk-10-depth-1,rag_retrieve.cql,measured,native_rag,0,6.756125,113,TRUE,
paper-93637-topk-10-depth-2,rag_retrieve.cql,measured,native_rag,0,339.729542,19583,TRUE,
paper-77612-topk-1-depth-0,rag_retrieve.cql,measured,native_rag,0,1.016042,1,TRUE,
paper-77612-topk-1-depth-1,rag_retrieve.cql,measured,native_rag,0,0.925666,2,TRUE,
paper-77612-topk-1-depth-2,rag_retrieve.cql,measured,native_rag,0,0.912250,4,TRUE,
paper-77612-topk-3-depth-0,rag_retrieve.cql,measured,native_rag,0,1.325333,3,TRUE,
paper-77612-topk-3-depth-1,rag_retrieve.cql,measured,native_rag,0,1.476875,11,TRUE,
paper-77612-topk-3-depth-2,rag_retrieve.cql,measured,native_rag,0,2.229291,50,TRUE,
paper-77612-topk-5-depth-0,rag_retrieve.cql,measured,native_rag,0,1.749708,5,TRUE,
paper-77612-topk-5-depth-1,rag_retrieve.cql,measured,native_rag,0,2.030875,22,TRUE,
paper-77612-topk-5-depth-2,rag_retrieve.cql,measured,native_rag,0,3.338667,94,TRUE,
paper-77612-topk-10-depth-0,rag_retrieve.cql,measured,native_rag,0,4.090250,10,TRUE,
paper-77612-topk-10-depth-1,rag_retrieve.cql,measured,native_rag,0,7.168875,210,TRUE,
paper-77612-topk-10-depth-2,rag_retrieve.cql,measured,native_rag,0,56.241458,3163,TRUE,
paper-111745-topk-1-depth-0,rag_retrieve.cql,measured,native_rag,0,0.881750,1,TRUE,
paper-111745-topk-1-depth-1,rag_retrieve.cql,measured,native_rag,0,2.319959,87,TRUE,
paper-111745-topk-1-depth-2,rag_retrieve.cql,measured,native_rag,0,274.637416,15991,TRUE,
paper-111745-topk-3-depth-0,rag_retrieve.cql,measured,native_rag,0,1.455208,3,TRUE,
paper-111745-topk-3-depth-1,rag_retrieve.cql,measured,native_rag,0,1.681250,18,TRUE,
paper-111745-topk-3-depth-2,rag_retrieve.cql,measured,native_rag,0,2.393416,66,TRUE,
paper-111745-topk-5-depth-0,rag_retrieve.cql,measured,native_rag,0,1.837708,5,TRUE,
paper-111745-topk-5-depth-1,rag_retrieve.cql,measured,native_rag,0,2.267791,32,TRUE,
paper-111745-topk-5-depth-2,rag_retrieve.cql,measured,native_rag,0,12.626625,656,TRUE,
paper-111745-topk-10-depth-0,rag_retrieve.cql,measured,native_rag,0,3.804208,10,TRUE,
paper-111745-topk-10-depth-1,rag_retrieve.cql,measured,native_rag,0,4.865334,69,TRUE,
paper-111745-topk-10-depth-2,rag_retrieve.cql,measured,native_rag,0,86.127792,4881,TRUE,
paper-165834-topk-1-depth-0,rag_retrieve.cql,measured,native_rag,0,0.879500,1,TRUE,
paper-165834-topk-1-depth-1,rag_retrieve.cql,measured,native_rag,0,0.864667,6,TRUE,
paper-165834-topk-1-depth-2,rag_retrieve.cql,measured,native_rag,0,1.272208,32,TRUE,
paper-165834-topk-3-depth-0,rag_retrieve.cql,measured,native_rag,0,1.238291,3,TRUE,
paper-165834-topk-3-depth-1,rag_retrieve.cql,measured,native_rag,0,1.516125,19,TRUE,
paper-165834-topk-3-depth-2,rag_retrieve.cql,measured,native_rag,0,5.952250,286,TRUE,
paper-165834-topk-5-depth-0,rag_retrieve.cql,measured,native_rag,0,1.664666,5,TRUE,
paper-165834-topk-5-depth-1,rag_retrieve.cql,measured,native_rag,0,2.523083,53,TRUE,
paper-165834-topk-5-depth-2,rag_retrieve.cql,measured,native_rag,0,10.867291,556,TRUE,
paper-165834-topk-10-depth-0,rag_retrieve.cql,measured,native_rag,0,3.570542,10,TRUE,
paper-165834-topk-10-depth-1,rag_retrieve.cql,measured,native_rag,0,4.714667,75,TRUE,
paper-165834-topk-10-depth-2,rag_retrieve.cql,measured,native_rag,0,278.679625,16069,TRUE,
paper-21749-topk-1-depth-0,rag_retrieve.cql,measured,native_rag,0,1.057583,1,TRUE,
paper-21749-topk-1-depth-1,rag_retrieve.cql,measured,native_rag,0,0.939041,3,TRUE,
paper-21749-topk-1-depth-2,rag_retrieve.cql,measured,native_rag,0,1.133375,13,TRUE,
paper-21749-topk-3-depth-0,rag_retrieve.cql,measured,native_rag,0,1.249833,3,TRUE,
paper-21749-topk-3-depth-1,rag_retrieve.cql,measured,native_rag,0,1.218917,9,TRUE,
paper-21749-topk-3-depth-2,rag_retrieve.cql,measured,native_rag,0,1.625792,34,TRUE,
paper-21749-topk-5-depth-0,rag_retrieve.cql,measured,native_rag,0,1.558500,5,TRUE,
paper-21749-topk-5-depth-1,rag_retrieve.cql,measured,native_rag,0,1.759000,16,TRUE,
paper-21749-topk-5-depth-2,rag_retrieve.cql,measured,native_rag,0,5.619042,248,TRUE,
paper-21749-topk-10-depth-0,rag_retrieve.cql,measured,native_rag,0,3.043667,10,TRUE,
paper-21749-topk-10-depth-1,rag_retrieve.cql,measured,native_rag,0,3.536334,41,TRUE,
paper-21749-topk-10-depth-2,rag_retrieve.cql,measured,native_rag,0,12.262209,558,TRUE,
paper-93440-topk-1-depth-0,rag_retrieve.cql,measured,native_rag,0,1.381667,1,TRUE,
paper-93440-topk-1-depth-1,rag_retrieve.cql,measured,native_rag,0,1.462208,2,TRUE,
paper-93440-topk-1-depth-2,rag_retrieve.cql,measured,native_rag,0,1.191917,3,TRUE,
paper-93440-topk-3-depth-0,rag_retrieve.cql,measured,native_rag,0,1.687417,3,TRUE,
paper-93440-topk-3-depth-1,rag_retrieve.cql,measured,native_rag,0,1.554708,7,TRUE,
paper-93440-topk-3-depth-2,rag_retrieve.cql,measured,native_rag,0,1.729125,19,TRUE,
paper-93440-topk-5-depth-0,rag_retrieve.cql,measured,native_rag,0,1.739833,5,TRUE,
paper-93440-topk-5-depth-1,rag_retrieve.cql,measured,native_rag,0,1.970708,23,TRUE,
paper-93440-topk-5-depth-2,rag_retrieve.cql,measured,native_rag,0,288.840375,16821,TRUE,
paper-93440-topk-10-depth-0,rag_retrieve.cql,measured,native_rag,0,3.601000,10,TRUE,
paper-93440-topk-10-depth-1,rag_retrieve.cql,measured,native_rag,0,3.902250,51,TRUE,
paper-93440-topk-10-depth-2,rag_retrieve.cql,measured,native_rag,0,293.756166,17021,TRUE,
paper-37777-topk-1-depth-0,rag_retrieve.cql,measured,native_rag,0,1.135584,1,TRUE,
paper-37777-topk-1-depth-1,rag_retrieve.cql,measured,native_rag,0,0.901958,3,TRUE,
paper-37777-topk-1-depth-2,rag_retrieve.cql,measured,native_rag,0,0.922000,6,TRUE,
paper-37777-topk-3-depth-0,rag_retrieve.cql,measured,native_rag,0,1.318542,3,TRUE,
paper-37777-topk-3-depth-1,rag_retrieve.cql,measured,native_rag,0,1.439167,11,TRUE,
paper-37777-topk-3-depth-2,rag_retrieve.cql,measured,native_rag,0,2.573000,76,TRUE,
paper-37777-topk-5-depth-0,rag_retrieve.cql,measured,native_rag,0,1.678000,5,TRUE,
paper-37777-topk-5-depth-1,rag_retrieve.cql,measured,native_rag,0,2.030542,34,TRUE,
paper-37777-topk-5-depth-2,rag_retrieve.cql,measured,native_rag,0,246.998250,14382,TRUE,
paper-37777-topk-10-depth-0,rag_retrieve.cql,measured,native_rag,0,3.433375,10,TRUE,
paper-37777-topk-10-depth-1,rag_retrieve.cql,measured,native_rag,0,4.590292,99,TRUE,
paper-37777-topk-10-depth-2,rag_retrieve.cql,measured,native_rag,0,256.369125,14984,TRUE,
paper-62155-topk-1-depth-0,rag_retrieve.cql,measured,native_rag,0,0.968959,1,TRUE,
paper-62155-topk-1-depth-1,rag_retrieve.cql,measured,native_rag,0,1.162291,19,TRUE,
paper-62155-topk-1-depth-2,rag_retrieve.cql,measured,native_rag,0,231.935833,13667,TRUE,
paper-62155-topk-3-depth-0,rag_retrieve.cql,measured,native_rag,0,1.545416,3,TRUE,
paper-62155-topk-3-depth-1,rag_retrieve.cql,measured,native_rag,0,1.635750,24,TRUE,
paper-62155-topk-3-depth-2,rag_retrieve.cql,measured,native_rag,0,233.715417,13733,TRUE,
paper-62155-topk-5-depth-0,rag_retrieve.cql,measured,native_rag,0,1.952667,5,TRUE,
paper-62155-topk-5-depth-1,rag_retrieve.cql,measured,native_rag,0,2.364916,43,TRUE,
paper-62155-topk-5-depth-2,rag_retrieve.cql,measured,native_rag,0,247.051375,14453,TRUE,
paper-62155-topk-10-depth-0,rag_retrieve.cql,measured,native_rag,0,3.771000,10,TRUE,
paper-62155-topk-10-depth-1,rag_retrieve.cql,measured,native_rag,0,4.851041,83,TRUE,
paper-62155-topk-10-depth-2,rag_retrieve.cql,measured,native_rag,0,347.403333,19821,TRUE,
paper-169316-topk-1-depth-0,rag_retrieve.cql,measured,native_rag,0,1.028292,1,TRUE,
paper-169316-topk-1-depth-1,rag_retrieve.cql,measured,native_rag,0,0.920042,2,TRUE,
paper-169316-topk-1-depth-2,rag_retrieve.cql,measured,native_rag,0,0.991583,9,TRUE,
paper-169316-topk-3-depth-0,rag_retrieve.cql,measured,native_rag,0,1.024625,3,TRUE,
paper-169316-topk-3-depth-1,rag_retrieve.cql,measured,native_rag,0,1.263542,15,TRUE,
paper-169316-topk-3-depth-2,rag_retrieve.cql,measured,native_rag,0,12.530125,715,TRUE,
paper-169316-topk-5-depth-0,rag_retrieve.cql,measured,native_rag,0,1.590667,5,TRUE,
paper-169316-topk-5-depth-1,rag_retrieve.cql,measured,native_rag,0,1.808083,19,TRUE,
paper-169316-topk-5-depth-2,rag_retrieve.cql,measured,native_rag,0,13.238500,727,TRUE,
paper-169316-topk-10-depth-0,rag_retrieve.cql,measured,native_rag,0,3.417583,10,TRUE,
paper-169316-topk-10-depth-1,rag_retrieve.cql,measured,native_rag,0,4.553042,79,TRUE,
paper-169316-topk-10-depth-2,rag_retrieve.cql,measured,native_rag,0,293.528125,17115,TRUE,
paper-131473-topk-1-depth-0,rag_retrieve.cql,measured,native_rag,0,0.980083,1,TRUE,
paper-131473-topk-1-depth-1,rag_retrieve.cql,measured,native_rag,0,1.018625,10,TRUE,
paper-131473-topk-1-depth-2,rag_retrieve.cql,measured,native_rag,0,2.691750,107,TRUE,
paper-131473-topk-3-depth-0,rag_retrieve.cql,measured,native_rag,0,1.274125,3,TRUE,
paper-131473-topk-3-depth-1,rag_retrieve.cql,measured,native_rag,0,1.881791,43,TRUE,
paper-131473-topk-3-depth-2,rag_retrieve.cql,measured,native_rag,0,20.282792,1139,TRUE,
paper-131473-topk-5-depth-0,rag_retrieve.cql,measured,native_rag,0,1.631875,5,TRUE,
paper-131473-topk-5-depth-1,rag_retrieve.cql,measured,native_rag,0,2.675167,70,TRUE,
paper-131473-topk-5-depth-2,rag_retrieve.cql,measured,native_rag,0,24.798875,1383,TRUE,
paper-131473-topk-10-depth-0,rag_retrieve.cql,measured,native_rag,0,3.731125,10,TRUE,
paper-131473-topk-10-depth-1,rag_retrieve.cql,measured,native_rag,0,6.200125,160,TRUE,
paper-131473-topk-10-depth-2,rag_retrieve.cql,measured,native_rag,0,46.538125,2530,TRUE,
paper-145212-topk-1-depth-0,rag_retrieve.cql,measured,native_rag,0,0.961750,1,TRUE,
paper-145212-topk-1-depth-1,rag_retrieve.cql,measured,native_rag,0,0.897333,4,TRUE,
paper-145212-topk-1-depth-2,rag_retrieve.cql,measured,native_rag,0,1.128541,21,TRUE,
paper-145212-topk-3-depth-0,rag_retrieve.cql,measured,native_rag,0,1.224291,3,TRUE,
paper-145212-topk-3-depth-1,rag_retrieve.cql,measured,native_rag,0,1.531916,22,TRUE,
paper-145212-topk-3-depth-2,rag_retrieve.cql,measured,native_rag,0,6.851625,347,TRUE,
paper-145212-topk-5-depth-0,rag_retrieve.cql,measured,native_rag,0,1.578125,5,TRUE,
paper-145212-topk-5-depth-1,rag_retrieve.cql,measured,native_rag,0,1.796416,20,TRUE,
paper-145212-topk-5-depth-2,rag_retrieve.cql,measured,native_rag,0,7.159792,341,TRUE,
paper-145212-topk-10-depth-0,rag_retrieve.cql,measured,native_rag,0,2.358875,10,TRUE,
paper-145212-topk-10-depth-1,rag_retrieve.cql,measured,native_rag,0,3.100083,47,TRUE,
paper-145212-topk-10-depth-2,rag_retrieve.cql,measured,native_rag,0,43.417833,2479,TRUE,
paper-39511-topk-1-depth-0,rag_retrieve.cql,measured,native_rag,0,0.813417,1,TRUE,
paper-39511-topk-1-depth-1,rag_retrieve.cql,measured,native_rag,0,0.838125,8,TRUE,
paper-39511-topk-1-depth-2,rag_retrieve.cql,measured,native_rag,0,6.639708,348,TRUE,
paper-39511-topk-3-depth-0,rag_retrieve.cql,measured,native_rag,0,1.277084,3,TRUE,
paper-39511-topk-3-depth-1,rag_retrieve.cql,measured,native_rag,0,1.656333,27,TRUE,
paper-39511-topk-3-depth-2,rag_retrieve.cql,measured,native_rag,0,311.282542,18170,TRUE,
paper-39511-topk-5-depth-0,rag_retrieve.cql,measured,native_rag,0,1.770917,5,TRUE,
paper-39511-topk-5-depth-1,rag_retrieve.cql,measured,native_rag,0,2.395333,43,TRUE,
paper-39511-topk-5-depth-2,rag_retrieve.cql,measured,native_rag,0,471.912875,27510,TRUE,
paper-39511-topk-10-depth-0,rag_retrieve.cql,measured,native_rag,0,3.784334,10,TRUE,
paper-39511-topk-10-depth-1,rag_retrieve.cql,measured,native_rag,0,5.129125,103,TRUE,
paper-39511-topk-10-depth-2,rag_retrieve.cql,measured,native_rag,0,489.431084,28297,TRUE,
paper-147541-topk-1-depth-0,rag_retrieve.cql,measured,native_rag,0,1.052125,1,TRUE,
paper-147541-topk-1-depth-1,rag_retrieve.cql,measured,native_rag,0,0.904542,2,TRUE,
paper-147541-topk-1-depth-2,rag_retrieve.cql,measured,native_rag,0,0.912583,3,TRUE,
paper-147541-topk-3-depth-0,rag_retrieve.cql,measured,native_rag,0,1.102667,3,TRUE,
paper-147541-topk-3-depth-1,rag_retrieve.cql,measured,native_rag,0,1.626625,14,TRUE,
paper-147541-topk-3-depth-2,rag_retrieve.cql,measured,native_rag,0,2.603792,84,TRUE,
paper-147541-topk-5-depth-0,rag_retrieve.cql,measured,native_rag,0,1.676333,5,TRUE,
paper-147541-topk-5-depth-1,rag_retrieve.cql,measured,native_rag,0,2.076542,28,TRUE,
paper-147541-topk-5-depth-2,rag_retrieve.cql,measured,native_rag,0,5.423875,194,TRUE,
paper-147541-topk-10-depth-0,rag_retrieve.cql,measured,native_rag,0,2.651292,10,TRUE,
paper-147541-topk-10-depth-1,rag_retrieve.cql,measured,native_rag,0,3.020625,39,TRUE,
paper-147541-topk-10-depth-2,rag_retrieve.cql,measured,native_rag,0,6.201291,234,TRUE,
paper-65914-topk-1-depth-0,rag_retrieve.cql,measured,native_rag,0,0.936292,1,TRUE,
paper-65914-topk-1-depth-1,rag_retrieve.cql,measured,native_rag,0,0.915875,4,TRUE,
paper-65914-topk-1-depth-2,rag_retrieve.cql,measured,native_rag,0,1.146541,9,TRUE,
paper-65914-topk-3-depth-0,rag_retrieve.cql,measured,native_rag,0,1.226250,3,TRUE,
paper-65914-topk-3-depth-1,rag_retrieve.cql,measured,native_rag,0,1.329375,17,TRUE,
paper-65914-topk-3-depth-2,rag_retrieve.cql,measured,native_rag,0,38.108792,2211,TRUE,
paper-65914-topk-5-depth-0,rag_retrieve.cql,measured,native_rag,0,1.733000,5,TRUE,
paper-65914-topk-5-depth-1,rag_retrieve.cql,measured,native_rag,0,2.248917,31,TRUE,
paper-65914-topk-5-depth-2,rag_retrieve.cql,measured,native_rag,0,57.387750,3317,TRUE,
paper-65914-topk-10-depth-0,rag_retrieve.cql,measured,native_rag,0,3.709333,10,TRUE,
paper-65914-topk-10-depth-1,rag_retrieve.cql,measured,native_rag,0,4.348542,60,TRUE,
paper-65914-topk-10-depth-2,rag_retrieve.cql,measured,native_rag,0,72.030833,4086,TRUE,
paper-40243-topk-1-depth-0,rag_retrieve.cql,measured,native_rag,0,0.908500,1,TRUE,
paper-40243-topk-1-depth-1,rag_retrieve.cql,measured,native_rag,0,0.892083,3,TRUE,
paper-40243-topk-1-depth-2,rag_retrieve.cql,measured,native_rag,0,16.620125,959,TRUE,
paper-40243-topk-3-depth-0,rag_retrieve.cql,measured,native_rag,0,1.397083,3,TRUE,
paper-40243-topk-3-depth-1,rag_retrieve.cql,measured,native_rag,0,1.711250,28,TRUE,
paper-40243-topk-3-depth-2,rag_retrieve.cql,measured,native_rag,0,365.147834,21262,TRUE,
paper-40243-topk-5-depth-0,rag_retrieve.cql,measured,native_rag,0,2.227458,5,TRUE,
paper-40243-topk-5-depth-1,rag_retrieve.cql,measured,native_rag,0,2.894000,51,TRUE,
paper-40243-topk-5-depth-2,rag_retrieve.cql,measured,native_rag,0,353.260833,20572,TRUE,
paper-40243-topk-10-depth-0,rag_retrieve.cql,measured,native_rag,0,6.140459,10,TRUE,
paper-40243-topk-10-depth-1,rag_retrieve.cql,measured,native_rag,0,7.587959,115,TRUE,
paper-40243-topk-10-depth-2,rag_retrieve.cql,measured,native_rag,0,612.957458,34883,TRUE,
paper-93415-topk-1-depth-0,rag_retrieve.cql,measured,native_rag,0,0.980708,1,TRUE,
paper-93415-topk-1-depth-1,rag_retrieve.cql,measured,native_rag,0,0.868084,4,TRUE,
paper-93415-topk-1-depth-2,rag_retrieve.cql,measured,native_rag,0,1.123041,19,TRUE,
paper-93415-topk-3-depth-0,rag_retrieve.cql,measured,native_rag,0,0.947708,3,TRUE,
paper-93415-topk-3-depth-1,rag_retrieve.cql,measured,native_rag,0,1.061042,8,TRUE,
paper-93415-topk-3-depth-2,rag_retrieve.cql,measured,native_rag,0,1.493750,29,TRUE,
paper-93415-topk-5-depth-0,rag_retrieve.cql,measured,native_rag,0,1.469875,5,TRUE,
paper-93415-topk-5-depth-1,rag_retrieve.cql,measured,native_rag,0,1.421708,13,TRUE,
paper-93415-topk-5-depth-2,rag_retrieve.cql,measured,native_rag,0,2.126667,51,TRUE,
paper-93415-topk-10-depth-0,rag_retrieve.cql,measured,native_rag,0,2.681208,10,TRUE,
paper-93415-topk-10-depth-1,rag_retrieve.cql,measured,native_rag,0,3.565584,63,TRUE,
paper-93415-topk-10-depth-2,rag_retrieve.cql,measured,native_rag,0,16.948125,859,TRUE,
paper-47302-topk-1-depth-0,rag_retrieve.cql,measured,native_rag,0,0.977500,1,TRUE,
paper-47302-topk-1-depth-1,rag_retrieve.cql,measured,native_rag,0,0.909542,6,TRUE,
paper-47302-topk-1-depth-2,rag_retrieve.cql,measured,native_rag,0,18.014083,1033,TRUE,
paper-47302-topk-3-depth-0,rag_retrieve.cql,measured,native_rag,0,1.531792,3,TRUE,
paper-47302-topk-3-depth-1,rag_retrieve.cql,measured,native_rag,0,1.793875,27,TRUE,
paper-47302-topk-3-depth-2,rag_retrieve.cql,measured,native_rag,0,107.949250,6362,TRUE,
paper-47302-topk-5-depth-0,rag_retrieve.cql,measured,native_rag,0,1.865000,5,TRUE,
paper-47302-topk-5-depth-1,rag_retrieve.cql,measured,native_rag,0,3.255250,77,TRUE,
paper-47302-topk-5-depth-2,rag_retrieve.cql,measured,native_rag,0,134.038209,7863,TRUE,
paper-47302-topk-10-depth-0,rag_retrieve.cql,measured,native_rag,0,4.654041,10,TRUE,
paper-47302-topk-10-depth-1,rag_retrieve.cql,measured,native_rag,0,5.298166,95,TRUE,
paper-47302-topk-10-depth-2,rag_retrieve.cql,measured,native_rag,0,378.682292,20582,TRUE,
paper-55698-topk-1-depth-0,rag_retrieve.cql,measured,native_rag,0,1.360125,1,TRUE,
paper-55698-topk-1-depth-1,rag_retrieve.cql,measured,native_rag,0,1.300875,17,TRUE,
paper-55698-topk-1-depth-2,rag_retrieve.cql,measured,native_rag,0,5.330458,253,TRUE,
paper-55698-topk-3-depth-0,rag_retrieve.cql,measured,native_rag,0,1.274042,3,TRUE,
paper-55698-topk-3-depth-1,rag_retrieve.cql,measured,native_rag,0,6.350125,29,TRUE,
paper-55698-topk-3-depth-2,rag_retrieve.cql,measured,native_rag,0,9.333917,431,TRUE,
paper-55698-topk-5-depth-0,rag_retrieve.cql,measured,native_rag,0,2.351584,5,TRUE,
paper-55698-topk-5-depth-1,rag_retrieve.cql,measured,native_rag,0,2.881791,61,TRUE,
paper-55698-topk-5-depth-2,rag_retrieve.cql,measured,native_rag,0,12.021417,567,TRUE,
paper-55698-topk-10-depth-0,rag_retrieve.cql,measured,native_rag,0,3.666583,10,TRUE,
paper-55698-topk-10-depth-1,rag_retrieve.cql,measured,native_rag,0,4.936125,84,TRUE,
paper-55698-topk-10-depth-2,rag_retrieve.cql,measured,native_rag,0,30.127542,1516,TRUE,
paper-122879-topk-1-depth-0,rag_retrieve.cql,measured,native_rag,0,1.223583,1,TRUE,
paper-122879-topk-1-depth-1,rag_retrieve.cql,measured,native_rag,0,1.015875,4,TRUE,
paper-122879-topk-1-depth-2,rag_retrieve.cql,measured,native_rag,0,2.279458,71,TRUE,
paper-122879-topk-3-depth-0,rag_retrieve.cql,measured,native_rag,0,1.446667,3,TRUE,
paper-122879-topk-3-depth-1,rag_retrieve.cql,measured,native_rag,0,1.692250,18,TRUE,
paper-122879-topk-3-depth-2,rag_retrieve.cql,measured,native_rag,0,161.589958,9412,TRUE,
paper-122879-topk-5-depth-0,rag_retrieve.cql,measured,native_rag,0,2.009250,5,TRUE,
paper-122879-topk-5-depth-1,rag_retrieve.cql,measured,native_rag,0,2.370459,36,TRUE,
paper-122879-topk-5-depth-2,rag_retrieve.cql,measured,native_rag,0,169.912125,9877,TRUE,
paper-122879-topk-10-depth-0,rag_retrieve.cql,measured,native_rag,0,4.283875,10,TRUE,
paper-122879-topk-10-depth-1,rag_retrieve.cql,measured,native_rag,0,5.156208,73,TRUE,
paper-122879-topk-10-depth-2,rag_retrieve.cql,measured,native_rag,0,259.772709,14765,TRUE,
paper-160655-topk-1-depth-0,rag_retrieve.cql,measured,native_rag,0,1.046750,1,TRUE,
paper-160655-topk-1-depth-1,rag_retrieve.cql,measured,native_rag,0,1.425542,32,TRUE,
paper-160655-topk-1-depth-2,rag_retrieve.cql,measured,native_rag,0,60.081416,3570,TRUE,
paper-160655-topk-3-depth-0,rag_retrieve.cql,measured,native_rag,0,1.569833,3,TRUE,
paper-160655-topk-3-depth-1,rag_retrieve.cql,measured,native_rag,0,3.484542,120,TRUE,
paper-160655-topk-3-depth-2,rag_retrieve.cql,measured,native_rag,0,347.599125,20247,TRUE,
paper-160655-topk-5-depth-0,rag_retrieve.cql,measured,native_rag,0,2.273916,5,TRUE,
paper-160655-topk-5-depth-1,rag_retrieve.cql,measured,native_rag,0,4.655834,156,TRUE,
paper-160655-topk-5-depth-2,rag_retrieve.cql,measured,native_rag,0,563.594625,32820,TRUE,
paper-160655-topk-10-depth-0,rag_retrieve.cql,measured,native_rag,0,8.543209,10,TRUE,
paper-160655-topk-10-depth-1,rag_retrieve.cql,measured,native_rag,0,17.017125,549,TRUE,
paper-160655-topk-10-depth-2,rag_retrieve.cql,measured,native_rag,0,630.915458,36087,TRUE,
paper-143974-topk-1-depth-0,rag_retrieve.cql,measured,native_rag,0,1.010750,1,TRUE,
paper-143974-topk-1-depth-1,rag_retrieve.cql,measured,native_rag,0,0.888791,3,TRUE,
paper-143974-topk-1-depth-2,rag_retrieve.cql,measured,native_rag,0,0.890834,7,TRUE,
paper-143974-topk-3-depth-0,rag_retrieve.cql,measured,native_rag,0,1.290125,3,TRUE,
paper-143974-topk-3-depth-1,rag_retrieve.cql,measured,native_rag,0,1.412042,10,TRUE,
paper-143974-topk-3-depth-2,rag_retrieve.cql,measured,native_rag,0,2.036791,45,TRUE,
paper-143974-topk-5-depth-0,rag_retrieve.cql,measured,native_rag,0,1.754334,5,TRUE,
paper-143974-topk-5-depth-1,rag_retrieve.cql,measured,native_rag,0,2.028042,24,TRUE,
paper-143974-topk-5-depth-2,rag_retrieve.cql,measured,native_rag,0,3.626542,119,TRUE,
paper-143974-topk-10-depth-0,rag_retrieve.cql,measured,native_rag,0,3.614750,10,TRUE,
paper-143974-topk-10-depth-1,rag_retrieve.cql,measured,native_rag,0,4.954541,96,TRUE,
paper-143974-topk-10-depth-2,rag_retrieve.cql,measured,native_rag,0,14.570500,686,TRUE,
paper-166024-topk-1-depth-0,rag_retrieve.cql,measured,native_rag,0,0.806542,1,TRUE,
paper-166024-topk-1-depth-1,rag_retrieve.cql,measured,native_rag,0,0.822417,4,TRUE,
paper-166024-topk-1-depth-2,rag_retrieve.cql,measured,native_rag,0,9.591625,537,TRUE,
paper-166024-topk-3-depth-0,rag_retrieve.cql,measured,native_rag,0,1.293416,3,TRUE,
paper-166024-topk-3-depth-1,rag_retrieve.cql,measured,native_rag,0,1.601459,27,TRUE,
paper-166024-topk-3-depth-2,rag_retrieve.cql,measured,native_rag,0,265.190792,15510,TRUE,
paper-166024-topk-5-depth-0,rag_retrieve.cql,measured,native_rag,0,2.094042,5,TRUE,
paper-166024-topk-5-depth-1,rag_retrieve.cql,measured,native_rag,0,2.481708,49,TRUE,
paper-166024-topk-5-depth-2,rag_retrieve.cql,measured,native_rag,0,268.367583,15739,TRUE,
paper-166024-topk-10-depth-0,rag_retrieve.cql,measured,native_rag,0,4.670667,10,TRUE,
paper-166024-topk-10-depth-1,rag_retrieve.cql,measured,native_rag,0,5.828625,93,TRUE,
paper-166024-topk-10-depth-2,rag_retrieve.cql,measured,native_rag,0,387.212459,22470,TRUE,
paper-144113-topk-1-depth-0,rag_retrieve.cql,measured,native_rag,0,0.892458,1,TRUE,
paper-144113-topk-1-depth-1,rag_retrieve.cql,measured,native_rag,0,0.927750,8,TRUE,
paper-144113-topk-1-depth-2,rag_retrieve.cql,measured,native_rag,0,2.343292,80,TRUE,
paper-144113-topk-3-depth-0,rag_retrieve.cql,measured,native_rag,0,1.207334,3,TRUE,
paper-144113-topk-3-depth-1,rag_retrieve.cql,measured,native_rag,0,1.260208,15,TRUE,
paper-144113-topk-3-depth-2,rag_retrieve.cql,measured,native_rag,0,2.952458,111,TRUE,
paper-144113-topk-5-depth-0,rag_retrieve.cql,measured,native_rag,0,1.549875,5,TRUE,
paper-144113-topk-5-depth-1,rag_retrieve.cql,measured,native_rag,0,1.922667,31,TRUE,
paper-144113-topk-5-depth-2,rag_retrieve.cql,measured,native_rag,0,6.413875,308,TRUE,
paper-144113-topk-10-depth-0,rag_retrieve.cql,measured,native_rag,0,3.133375,10,TRUE,
paper-144113-topk-10-depth-1,rag_retrieve.cql,measured,native_rag,0,4.602625,99,TRUE,
paper-144113-topk-10-depth-2,rag_retrieve.cql,measured,native_rag,0,94.274833,5428,TRUE,
paper-53701-topk-1-depth-0,rag_retrieve.cql,measured,native_rag,0,0.920000,1,TRUE,
paper-53701-topk-1-depth-1,rag_retrieve.cql,measured,native_rag,0,0.838500,3,TRUE,
paper-53701-topk-1-depth-2,rag_retrieve.cql,measured,native_rag,0,0.950584,10,TRUE,
paper-53701-topk-3-depth-0,rag_retrieve.cql,measured,native_rag,0,1.189250,3,TRUE,
paper-53701-topk-3-depth-1,rag_retrieve.cql,measured,native_rag,0,2.488875,78,TRUE,
paper-53701-topk-3-depth-2,rag_retrieve.cql,measured,native_rag,0,451.698709,26298,TRUE,
paper-53701-topk-5-depth-0,rag_retrieve.cql,measured,native_rag,0,1.979166,5,TRUE,
paper-53701-topk-5-depth-1,rag_retrieve.cql,measured,native_rag,0,3.565750,104,TRUE,
paper-53701-topk-5-depth-2,rag_retrieve.cql,measured,native_rag,0,460.999500,26985,TRUE,
paper-53701-topk-10-depth-0,rag_retrieve.cql,measured,native_rag,0,5.790541,10,TRUE,
paper-53701-topk-10-depth-1,rag_retrieve.cql,measured,native_rag,0,6.941666,100,TRUE,
paper-53701-topk-10-depth-2,rag_retrieve.cql,measured,native_rag,0,191.325167,11095,TRUE,
paper-55202-topk-1-depth-0,rag_retrieve.cql,measured,native_rag,0,1.132583,1,TRUE,
paper-55202-topk-1-depth-1,rag_retrieve.cql,measured,native_rag,0,1.053417,9,TRUE,
paper-55202-topk-1-depth-2,rag_retrieve.cql,measured,native_rag,0,195.946250,11574,TRUE,
paper-55202-topk-3-depth-0,rag_retrieve.cql,measured,native_rag,0,1.539500,3,TRUE,
paper-55202-topk-3-depth-1,rag_retrieve.cql,measured,native_rag,0,1.832667,25,TRUE,
paper-55202-topk-3-depth-2,rag_retrieve.cql,measured,native_rag,0,501.373833,29277,TRUE,
paper-55202-topk-5-depth-0,rag_retrieve.cql,measured,native_rag,0,1.900916,5,TRUE,
paper-55202-topk-5-depth-1,rag_retrieve.cql,measured,native_rag,0,2.544667,54,TRUE,
paper-55202-topk-5-depth-2,rag_retrieve.cql,measured,native_rag,0,502.717250,29439,TRUE,
paper-55202-topk-10-depth-0,rag_retrieve.cql,measured,native_rag,0,3.946167,10,TRUE,
paper-55202-topk-10-depth-1,rag_retrieve.cql,measured,native_rag,0,4.979000,79,TRUE,
paper-55202-topk-10-depth-2,rag_retrieve.cql,measured,native_rag,0,578.587625,33384,TRUE,
paper-131712-topk-1-depth-0,rag_retrieve.cql,measured,native_rag,0,1.067708,1,TRUE,
paper-131712-topk-1-depth-1,rag_retrieve.cql,measured,native_rag,0,1.559541,47,TRUE,
paper-131712-topk-1-depth-2,rag_retrieve.cql,measured,native_rag,0,157.448958,9284,TRUE,
paper-131712-topk-3-depth-0,rag_retrieve.cql,measured,native_rag,0,1.227250,3,TRUE,
paper-131712-topk-3-depth-1,rag_retrieve.cql,measured,native_rag,0,2.030917,56,TRUE,
paper-131712-topk-3-depth-2,rag_retrieve.cql,measured,native_rag,0,365.603875,21351,TRUE,
paper-131712-topk-5-depth-0,rag_retrieve.cql,measured,native_rag,0,1.791166,5,TRUE,
paper-131712-topk-5-depth-1,rag_retrieve.cql,measured,native_rag,0,2.883916,71,TRUE,
paper-131712-topk-5-depth-2,rag_retrieve.cql,measured,native_rag,0,285.096792,16548,TRUE,
paper-131712-topk-10-depth-0,rag_retrieve.cql,measured,native_rag,0,5.582584,10,TRUE,
paper-131712-topk-10-depth-1,rag_retrieve.cql,measured,native_rag,0,7.575042,127,TRUE,
paper-131712-topk-10-depth-2,rag_retrieve.cql,measured,native_rag,0,400.688459,23158,TRUE,
paper-83147-topk-1-depth-0,rag_retrieve.cql,measured,native_rag,0,1.007541,1,TRUE,
paper-83147-topk-1-depth-1,rag_retrieve.cql,measured,native_rag,0,1.410667,33,TRUE,
paper-83147-topk-1-depth-2,rag_retrieve.cql,measured,native_rag,0,333.904792,19480,TRUE,
paper-83147-topk-3-depth-0,rag_retrieve.cql,measured,native_rag,0,1.475875,3,TRUE,
paper-83147-topk-3-depth-1,rag_retrieve.cql,measured,native_rag,0,2.184750,56,TRUE,
paper-83147-topk-3-depth-2,rag_retrieve.cql,measured,native_rag,0,429.645875,22681,TRUE,
paper-83147-topk-5-depth-0,rag_retrieve.cql,measured,native_rag,0,2.117167,5,TRUE,
paper-83147-topk-5-depth-1,rag_retrieve.cql,measured,native_rag,0,3.222917,85,TRUE,
paper-83147-topk-5-depth-2,rag_retrieve.cql,measured,native_rag,0,382.536125,22414,TRUE,
paper-83147-topk-10-depth-0,rag_retrieve.cql,measured,native_rag,0,5.686875,10,TRUE,
paper-83147-topk-10-depth-1,rag_retrieve.cql,measured,native_rag,0,7.282500,124,TRUE,
paper-83147-topk-10-depth-2,rag_retrieve.cql,measured,native_rag,0,411.602459,23624,TRUE,
paper-146394-topk-1-depth-0,rag_retrieve.cql,measured,native_rag,0,1.147917,1,TRUE,
paper-146394-topk-1-depth-1,rag_retrieve.cql,measured,native_rag,0,0.963208,5,TRUE,
paper-146394-topk-1-depth-2,rag_retrieve.cql,measured,native_rag,0,2.563958,97,TRUE,
paper-146394-topk-3-depth-0,rag_retrieve.cql,measured,native_rag,0,1.328875,3,TRUE,
paper-146394-topk-3-depth-1,rag_retrieve.cql,measured,native_rag,0,1.665250,23,TRUE,
paper-146394-topk-3-depth-2,rag_retrieve.cql,measured,native_rag,0,12.577375,692,TRUE,
paper-146394-topk-5-depth-0,rag_retrieve.cql,measured,native_rag,0,1.829334,5,TRUE,
paper-146394-topk-5-depth-1,rag_retrieve.cql,measured,native_rag,0,2.359917,37,TRUE,
paper-146394-topk-5-depth-2,rag_retrieve.cql,measured,native_rag,0,14.703167,786,TRUE,
paper-146394-topk-10-depth-0,rag_retrieve.cql,measured,native_rag,0,4.230125,10,TRUE,
paper-146394-topk-10-depth-1,rag_retrieve.cql,measured,native_rag,0,5.608250,94,TRUE,
paper-146394-topk-10-depth-2,rag_retrieve.cql,measured,native_rag,0,44.778250,2449,TRUE,
paper-88039-topk-1-depth-0,rag_retrieve.cql,measured,native_rag,0,0.972500,1,TRUE,
paper-88039-topk-1-depth-1,rag_retrieve.cql,measured,native_rag,0,0.975167,8,TRUE,
paper-88039-topk-1-depth-2,rag_retrieve.cql,measured,native_rag,0,8.080583,423,TRUE,
paper-88039-topk-3-depth-0,rag_retrieve.cql,measured,native_rag,0,1.339292,3,TRUE,
paper-88039-topk-3-depth-1,rag_retrieve.cql,measured,native_rag,0,1.555917,18,TRUE,
paper-88039-topk-3-depth-2,rag_retrieve.cql,measured,native_rag,0,67.259667,3890,TRUE,
paper-88039-topk-5-depth-0,rag_retrieve.cql,measured,native_rag,0,1.967834,5,TRUE,
paper-88039-topk-5-depth-1,rag_retrieve.cql,measured,native_rag,0,2.768000,59,TRUE,
paper-88039-topk-5-depth-2,rag_retrieve.cql,measured,native_rag,0,303.317583,17624,TRUE,
paper-88039-topk-10-depth-0,rag_retrieve.cql,measured,native_rag,0,4.475375,10,TRUE,
paper-88039-topk-10-depth-1,rag_retrieve.cql,measured,native_rag,0,5.719084,99,TRUE,
paper-88039-topk-10-depth-2,rag_retrieve.cql,measured,native_rag,0,591.167083,33760,TRUE,
paper-5767-topk-1-depth-0,rag_retrieve.cql,measured,native_rag,0,0.968667,1,TRUE,
paper-5767-topk-1-depth-1,rag_retrieve.cql,measured,native_rag,0,1.038667,14,TRUE,
paper-5767-topk-1-depth-2,rag_retrieve.cql,measured,native_rag,0,5.968459,308,TRUE,
paper-5767-topk-3-depth-0,rag_retrieve.cql,measured,native_rag,0,1.235167,3,TRUE,
paper-5767-topk-3-depth-1,rag_retrieve.cql,measured,native_rag,0,1.658583,26,TRUE,
paper-5767-topk-3-depth-2,rag_retrieve.cql,measured,native_rag,0,7.171291,358,TRUE,
paper-5767-topk-5-depth-0,rag_retrieve.cql,measured,native_rag,0,1.736209,5,TRUE,
paper-5767-topk-5-depth-1,rag_retrieve.cql,measured,native_rag,0,2.405167,48,TRUE,
paper-5767-topk-5-depth-2,rag_retrieve.cql,measured,native_rag,0,13.854125,757,TRUE,
paper-5767-topk-10-depth-0,rag_retrieve.cql,measured,native_rag,0,4.090959,10,TRUE,
paper-5767-topk-10-depth-1,rag_retrieve.cql,measured,native_rag,0,6.130291,127,TRUE,
paper-5767-topk-10-depth-2,rag_retrieve.cql,measured,native_rag,0,30.189500,1591,TRUE,
paper-129481-topk-1-depth-0,rag_retrieve.cql,measured,native_rag,0,0.952208,1,TRUE,
paper-129481-topk-1-depth-1,rag_retrieve.cql,measured,native_rag,0,1.002625,7,TRUE,
paper-129481-topk-1-depth-2,rag_retrieve.cql,measured,native_rag,0,1.464500,34,TRUE,
paper-129481-topk-3-depth-0,rag_retrieve.cql,measured,native_rag,0,1.293250,3,TRUE,
paper-129481-topk-3-depth-1,rag_retrieve.cql,measured,native_rag,0,1.587917,19,TRUE,
paper-129481-topk-3-depth-2,rag_retrieve.cql,measured,native_rag,0,5.675417,266,TRUE,
paper-129481-topk-5-depth-0,rag_retrieve.cql,measured,native_rag,0,1.743500,5,TRUE,
paper-129481-topk-5-depth-1,rag_retrieve.cql,measured,native_rag,0,2.156375,38,TRUE,
paper-129481-topk-5-depth-2,rag_retrieve.cql,measured,native_rag,0,13.940500,755,TRUE,
paper-129481-topk-10-depth-0,rag_retrieve.cql,measured,native_rag,0,3.883709,10,TRUE,
paper-129481-topk-10-depth-1,rag_retrieve.cql,measured,native_rag,0,5.406500,109,TRUE,
paper-129481-topk-10-depth-2,rag_retrieve.cql,measured,native_rag,0,39.486334,2129,TRUE,
paper-43044-topk-1-depth-0,rag_retrieve.cql,measured,native_rag,0,0.941583,1,TRUE,
paper-43044-topk-1-depth-1,rag_retrieve.cql,measured,native_rag,0,0.983333,9,TRUE,
paper-43044-topk-1-depth-2,rag_retrieve.cql,measured,native_rag,0,25.913791,1494,TRUE,
paper-43044-topk-3-depth-0,rag_retrieve.cql,measured,native_rag,0,1.164625,3,TRUE,
paper-43044-topk-3-depth-1,rag_retrieve.cql,measured,native_rag,0,3.205500,123,TRUE,
paper-43044-topk-3-depth-2,rag_retrieve.cql,measured,native_rag,0,343.325708,20095,TRUE,
paper-43044-topk-5-depth-0,rag_retrieve.cql,measured,native_rag,0,1.853709,5,TRUE,
paper-43044-topk-5-depth-1,rag_retrieve.cql,measured,native_rag,0,4.093958,137,TRUE,
paper-43044-topk-5-depth-2,rag_retrieve.cql,measured,native_rag,0,353.196542,20501,TRUE,
paper-43044-topk-10-depth-0,rag_retrieve.cql,measured,native_rag,0,6.300125,10,TRUE,
paper-43044-topk-10-depth-1,rag_retrieve.cql,measured,native_rag,0,9.167625,196,TRUE,
paper-43044-topk-10-depth-2,rag_retrieve.cql,measured,native_rag,0,541.329000,31125,TRUE,
paper-158808-topk-1-depth-0,rag_retrieve.cql,measured,native_rag,0,1.092000,1,TRUE,
paper-158808-topk-1-depth-1,rag_retrieve.cql,measured,native_rag,0,1.076542,4,TRUE,
paper-158808-topk-1-depth-2,rag_retrieve.cql,measured,native_rag,0,84.064208,4961,TRUE,
paper-158808-topk-3-depth-0,rag_retrieve.cql,measured,native_rag,0,1.542666,3,TRUE,
paper-158808-topk-3-depth-1,rag_retrieve.cql,measured,native_rag,0,1.905208,25,TRUE,
paper-158808-topk-3-depth-2,rag_retrieve.cql,measured,native_rag,0,309.830666,18010,TRUE,
paper-158808-topk-5-depth-0,rag_retrieve.cql,measured,native_rag,0,2.372625,5,TRUE,
paper-158808-topk-5-depth-1,rag_retrieve.cql,measured,native_rag,0,2.385583,34,TRUE,
paper-158808-topk-5-depth-2,rag_retrieve.cql,measured,native_rag,0,323.816417,18657,TRUE,
paper-158808-topk-10-depth-0,rag_retrieve.cql,measured,native_rag,0,3.716083,10,TRUE,
paper-158808-topk-10-depth-1,rag_retrieve.cql,measured,native_rag,0,4.265583,55,TRUE,
paper-158808-topk-10-depth-2,rag_retrieve.cql,measured,native_rag,0,376.073750,21822,TRUE,
paper-72891-topk-1-depth-0,rag_retrieve.cql,measured,native_rag,0,0.941084,1,TRUE,
paper-72891-topk-1-depth-1,rag_retrieve.cql,measured,native_rag,0,0.984167,10,TRUE,
paper-72891-topk-1-depth-2,rag_retrieve.cql,measured,native_rag,0,2.302708,86,TRUE,
paper-72891-topk-3-depth-0,rag_retrieve.cql,measured,native_rag,0,1.245708,3,TRUE,
paper-72891-topk-3-depth-1,rag_retrieve.cql,measured,native_rag,0,1.418875,16,TRUE,
paper-72891-topk-3-depth-2,rag_retrieve.cql,measured,native_rag,0,3.122583,106,TRUE,
paper-72891-topk-5-depth-0,rag_retrieve.cql,measured,native_rag,0,1.514250,5,TRUE,
paper-72891-topk-5-depth-1,rag_retrieve.cql,measured,native_rag,0,1.650709,21,TRUE,
paper-72891-topk-5-depth-2,rag_retrieve.cql,measured,native_rag,0,3.592333,129,TRUE,
paper-72891-topk-10-depth-0,rag_retrieve.cql,measured,native_rag,0,2.784916,10,TRUE,
paper-72891-topk-10-depth-1,rag_retrieve.cql,measured,native_rag,0,3.513917,59,TRUE,
paper-72891-topk-10-depth-2,rag_retrieve.cql,measured,native_rag,0,14.125625,717,TRUE,
paper-14421-topk-1-depth-0,rag_retrieve.cql,measured,native_rag,0,0.803167,1,TRUE,
paper-14421-topk-1-depth-1,rag_retrieve.cql,measured,native_rag,0,0.881666,4,TRUE,
paper-14421-topk-1-depth-2,rag_retrieve.cql,measured,native_rag,0,2.594042,106,TRUE,
paper-14421-topk-3-depth-0,rag_retrieve.cql,measured,native_rag,0,1.261792,3,TRUE,
paper-14421-topk-3-depth-1,rag_retrieve.cql,measured,native_rag,0,1.716208,30,TRUE,
paper-14421-topk-3-depth-2,rag_retrieve.cql,measured,native_rag,0,454.726042,26459,TRUE,
paper-14421-topk-5-depth-0,rag_retrieve.cql,measured,native_rag,0,1.865708,5,TRUE,
paper-14421-topk-5-depth-1,rag_retrieve.cql,measured,native_rag,0,2.521959,52,TRUE,
paper-14421-topk-5-depth-2,rag_retrieve.cql,measured,native_rag,0,459.961333,26812,TRUE,
paper-14421-topk-10-depth-0,rag_retrieve.cql,measured,native_rag,0,4.716208,10,TRUE,
paper-14421-topk-10-depth-1,rag_retrieve.cql,measured,native_rag,0,5.891875,86,TRUE,
paper-14421-topk-10-depth-2,rag_retrieve.cql,measured,native_rag,0,469.277417,27069,TRUE,
paper-93419-topk-1-depth-0,rag_retrieve.cql,measured,native_rag,0,1.065542,1,TRUE,
paper-93419-topk-1-depth-1,rag_retrieve.cql,measured,native_rag,0,0.923375,2,TRUE,
paper-93419-topk-1-depth-2,rag_retrieve.cql,measured,native_rag,0,1.241833,19,TRUE,
paper-93419-topk-3-depth-0,rag_retrieve.cql,measured,native_rag,0,1.360292,3,TRUE,
paper-93419-topk-3-depth-1,rag_retrieve.cql,measured,native_rag,0,2.241625,47,TRUE,
paper-93419-topk-3-depth-2,rag_retrieve.cql,measured,native_rag,0,384.007708,22439,TRUE,
paper-93419-topk-5-depth-0,rag_retrieve.cql,measured,native_rag,0,2.144084,5,TRUE,
paper-93419-topk-5-depth-1,rag_retrieve.cql,measured,native_rag,0,3.536125,103,TRUE,
paper-93419-topk-5-depth-2,rag_retrieve.cql,measured,native_rag,0,364.179333,21262,TRUE,
paper-93419-topk-10-depth-0,rag_retrieve.cql,measured,native_rag,0,4.825584,10,TRUE,
paper-93419-topk-10-depth-1,rag_retrieve.cql,measured,native_rag,0,7.197791,157,TRUE,
paper-93419-topk-10-depth-2,rag_retrieve.cql,measured,native_rag,0,459.640000,26564,TRUE,
paper-38938-topk-1-depth-0,rag_retrieve.cql,measured,native_rag,0,1.011792,1,TRUE,
paper-38938-topk-1-depth-1,rag_retrieve.cql,measured,native_rag,0,0.972250,2,TRUE,
paper-38938-topk-1-depth-2,rag_retrieve.cql,measured,native_rag,0,0.954458,3,TRUE,
paper-38938-topk-3-depth-0,rag_retrieve.cql,measured,native_rag,0,1.336875,3,TRUE,
paper-38938-topk-3-depth-1,rag_retrieve.cql,measured,native_rag,0,1.713958,27,TRUE,
paper-38938-topk-3-depth-2,rag_retrieve.cql,measured,native_rag,0,132.245625,7784,TRUE,
paper-38938-topk-5-depth-0,rag_retrieve.cql,measured,native_rag,0,1.883000,5,TRUE,
paper-38938-topk-5-depth-1,rag_retrieve.cql,measured,native_rag,0,2.254917,35,TRUE,
paper-38938-topk-5-depth-2,rag_retrieve.cql,measured,native_rag,0,134.093708,7800,TRUE,
paper-38938-topk-10-depth-0,rag_retrieve.cql,measured,native_rag,0,3.701416,10,TRUE,
paper-38938-topk-10-depth-1,rag_retrieve.cql,measured,native_rag,0,6.574208,61,TRUE,
paper-38938-topk-10-depth-2,rag_retrieve.cql,measured,native_rag,0,139.295958,8013,TRUE,
paper-24662-topk-1-depth-0,rag_retrieve.cql,measured,native_rag,0,0.949250,1,TRUE,
paper-24662-topk-1-depth-1,rag_retrieve.cql,measured,native_rag,0,2.853959,116,TRUE,
paper-24662-topk-1-depth-2,rag_retrieve.cql,measured,native_rag,0,374.833083,21812,TRUE,
paper-24662-topk-3-depth-0,rag_retrieve.cql,measured,native_rag,0,1.535166,3,TRUE,
paper-24662-topk-3-depth-1,rag_retrieve.cql,measured,native_rag,0,3.342166,121,TRUE,
paper-24662-topk-3-depth-2,rag_retrieve.cql,measured,native_rag,0,457.711917,21831,TRUE,
paper-24662-topk-5-depth-0,rag_retrieve.cql,measured,native_rag,0,1.912958,5,TRUE,
paper-24662-topk-5-depth-1,rag_retrieve.cql,measured,native_rag,0,4.116416,134,TRUE,
paper-24662-topk-5-depth-2,rag_retrieve.cql,measured,native_rag,0,395.710209,22986,TRUE,
paper-24662-topk-10-depth-0,rag_retrieve.cql,measured,native_rag,0,3.944666,10,TRUE,
paper-24662-topk-10-depth-1,rag_retrieve.cql,measured,native_rag,0,4.846375,74,TRUE,
paper-24662-topk-10-depth-2,rag_retrieve.cql,measured,native_rag,0,515.045750,29266,TRUE,
paper-24366-topk-1-depth-0,rag_retrieve.cql,measured,native_rag,0,1.033250,1,TRUE,
paper-24366-topk-1-depth-1,rag_retrieve.cql,measured,native_rag,0,0.930334,5,TRUE,
paper-24366-topk-1-depth-2,rag_retrieve.cql,measured,native_rag,0,1.034875,14,TRUE,
paper-24366-topk-3-depth-0,rag_retrieve.cql,measured,native_rag,0,1.118916,3,TRUE,
paper-24366-topk-3-depth-1,rag_retrieve.cql,measured,native_rag,0,2.155042,52,TRUE,
paper-24366-topk-3-depth-2,rag_retrieve.cql,measured,native_rag,0,8.292250,424,TRUE,
paper-24366-topk-5-depth-0,rag_retrieve.cql,measured,native_rag,0,1.909458,5,TRUE,
paper-24366-topk-5-depth-1,rag_retrieve.cql,measured,native_rag,0,5.079833,193,TRUE,
paper-24366-topk-5-depth-2,rag_retrieve.cql,measured,native_rag,0,24.207791,1312,TRUE,
paper-24366-topk-10-depth-0,rag_retrieve.cql,measured,native_rag,0,5.266958,10,TRUE,
paper-24366-topk-10-depth-1,rag_retrieve.cql,measured,native_rag,0,9.838792,269,TRUE,
paper-24366-topk-10-depth-2,rag_retrieve.cql,measured,native_rag,0,45.808083,2458,TRUE,
paper-51493-topk-1-depth-0,rag_retrieve.cql,measured,native_rag,0,0.984167,1,TRUE,
paper-51493-topk-1-depth-1,rag_retrieve.cql,measured,native_rag,0,1.138208,13,TRUE,
paper-51493-topk-1-depth-2,rag_retrieve.cql,measured,native_rag,0,3.579000,162,TRUE,
paper-51493-topk-3-depth-0,rag_retrieve.cql,measured,native_rag,0,1.213292,3,TRUE,
paper-51493-topk-3-depth-1,rag_retrieve.cql,measured,native_rag,0,1.619834,33,TRUE,
paper-51493-topk-3-depth-2,rag_retrieve.cql,measured,native_rag,0,20.465708,1165,TRUE,
paper-51493-topk-5-depth-0,rag_retrieve.cql,measured,native_rag,0,1.648084,5,TRUE,
paper-51493-topk-5-depth-1,rag_retrieve.cql,measured,native_rag,0,2.360000,47,TRUE,
paper-51493-topk-5-depth-2,rag_retrieve.cql,measured,native_rag,0,29.874750,1705,TRUE,
paper-51493-topk-10-depth-0,rag_retrieve.cql,measured,native_rag,0,3.419750,10,TRUE,
paper-51493-topk-10-depth-1,rag_retrieve.cql,measured,native_rag,0,4.331833,74,TRUE,
paper-51493-topk-10-depth-2,rag_retrieve.cql,measured,native_rag,0,36.193583,1979,TRUE,
paper-112318-topk-1-depth-0,rag_retrieve.cql,measured,native_rag,0,1.013875,1,TRUE,
paper-112318-topk-1-depth-1,rag_retrieve.cql,measured,native_rag,0,1.592541,50,TRUE,
paper-112318-topk-1-depth-2,rag_retrieve.cql,measured,native_rag,0,58.768000,3401,TRUE,
paper-112318-topk-3-depth-0,rag_retrieve.cql,measured,native_rag,0,1.445292,3,TRUE,
paper-112318-topk-3-depth-1,rag_retrieve.cql,measured,native_rag,0,1.790167,29,TRUE,
paper-112318-topk-3-depth-2,rag_retrieve.cql,measured,native_rag,0,19.292583,1068,TRUE,
paper-112318-topk-5-depth-0,rag_retrieve.cql,measured,native_rag,0,2.067208,5,TRUE,
paper-112318-topk-5-depth-1,rag_retrieve.cql,measured,native_rag,0,2.832375,51,TRUE,
paper-112318-topk-5-depth-2,rag_retrieve.cql,measured,native_rag,0,116.727084,6727,TRUE,
paper-112318-topk-10-depth-0,rag_retrieve.cql,measured,native_rag,0,5.935166,10,TRUE,
paper-112318-topk-10-depth-1,rag_retrieve.cql,measured,native_rag,0,7.785875,141,TRUE,
paper-112318-topk-10-depth-2,rag_retrieve.cql,measured,native_rag,0,425.020875,23736,TRUE,
paper-6069-topk-1-depth-0,rag_retrieve.cql,measured,native_rag,0,0.922292,1,TRUE,
paper-6069-topk-1-depth-1,rag_retrieve.cql,measured,native_rag,0,1.153375,19,TRUE,
paper-6069-topk-1-depth-2,rag_retrieve.cql,measured,native_rag,0,4.242334,203,TRUE,
paper-6069-topk-3-depth-0,rag_retrieve.cql,measured,native_rag,0,1.272292,3,TRUE,
paper-6069-topk-3-depth-1,rag_retrieve.cql,measured,native_rag,0,2.053208,55,TRUE,
paper-6069-topk-3-depth-2,rag_retrieve.cql,measured,native_rag,0,1635.050584,12926,TRUE,
paper-6069-topk-5-depth-0,rag_retrieve.cql,measured,native_rag,0,2.198375,5,TRUE,
paper-6069-topk-5-depth-1,rag_retrieve.cql,measured,native_rag,0,8.676458,92,TRUE,
paper-6069-topk-5-depth-2,rag_retrieve.cql,measured,native_rag,0,139.599875,7937,TRUE,
paper-6069-topk-10-depth-0,rag_retrieve.cql,measured,native_rag,0,4.715583,10,TRUE,
paper-6069-topk-10-depth-1,rag_retrieve.cql,measured,native_rag,0,6.633334,127,TRUE,
paper-6069-topk-10-depth-2,rag_retrieve.cql,measured,native_rag,0,198.957625,10711,TRUE,
paper-74818-topk-1-depth-0,rag_retrieve.cql,measured,native_rag,0,1.156750,1,TRUE,
paper-74818-topk-1-depth-1,rag_retrieve.cql,measured,native_rag,0,1.354291,24,TRUE,
paper-74818-topk-1-depth-2,rag_retrieve.cql,measured,native_rag,0,12.599334,684,TRUE,
paper-74818-topk-3-depth-0,rag_retrieve.cql,measured,native_rag,0,1.462875,3,TRUE,
paper-74818-topk-3-depth-1,rag_retrieve.cql,measured,native_rag,0,1.822042,33,TRUE,
paper-74818-topk-3-depth-2,rag_retrieve.cql,measured,native_rag,0,15.298375,857,TRUE,
paper-74818-topk-5-depth-0,rag_retrieve.cql,measured,native_rag,0,1.762750,5,TRUE,
paper-74818-topk-5-depth-1,rag_retrieve.cql,measured,native_rag,0,2.383250,51,TRUE,
paper-74818-topk-5-depth-2,rag_retrieve.cql,measured,native_rag,0,27.333542,1490,TRUE,
paper-74818-topk-10-depth-0,rag_retrieve.cql,measured,native_rag,0,5.552666,10,TRUE,
paper-74818-topk-10-depth-1,rag_retrieve.cql,measured,native_rag,0,5.999791,117,TRUE,
paper-74818-topk-10-depth-2,rag_retrieve.cql,measured,native_rag,0,66.421500,3421,TRUE,
paper-100419-topk-1-depth-0,rag_retrieve.cql,measured,native_rag,0,1.028333,1,TRUE,
paper-100419-topk-1-depth-1,rag_retrieve.cql,measured,native_rag,0,1.290334,22,TRUE,
paper-100419-topk-1-depth-2,rag_retrieve.cql,measured,native_rag,0,154.740041,8260,TRUE,
paper-100419-topk-3-depth-0,rag_retrieve.cql,measured,native_rag,0,2.638250,3,TRUE,
paper-100419-topk-3-depth-1,rag_retrieve.cql,measured,native_rag,0,3.323500,62,TRUE,
paper-100419-topk-3-depth-2,rag_retrieve.cql,measured,native_rag,0,204.971041,11441,TRUE,
paper-100419-topk-5-depth-0,rag_retrieve.cql,measured,native_rag,0,2.277416,5,TRUE,
paper-100419-topk-5-depth-1,rag_retrieve.cql,measured,native_rag,0,3.205125,87,TRUE,
paper-100419-topk-5-depth-2,rag_retrieve.cql,measured,native_rag,0,202.546500,11527,TRUE,
paper-100419-topk-10-depth-0,rag_retrieve.cql,measured,native_rag,0,4.374584,10,TRUE,
paper-100419-topk-10-depth-1,rag_retrieve.cql,measured,native_rag,0,6.042542,107,TRUE,
paper-100419-topk-10-depth-2,rag_retrieve.cql,measured,native_rag,0,219.222625,12261,TRUE,
paper-25834-topk-1-depth-0,rag_retrieve.cql,measured,native_rag,0,1.100167,1,TRUE,
paper-25834-topk-1-depth-1,rag_retrieve.cql,measured,native_rag,0,0.979250,5,TRUE,
paper-25834-topk-1-depth-2,rag_retrieve.cql,measured,native_rag,0,2.097250,69,TRUE,
paper-25834-topk-3-depth-0,rag_retrieve.cql,measured,native_rag,0,1.457750,3,TRUE,
paper-25834-topk-3-depth-1,rag_retrieve.cql,measured,native_rag,0,1.643459,18,TRUE,
paper-25834-topk-3-depth-2,rag_retrieve.cql,measured,native_rag,0,6.384708,290,TRUE,
paper-25834-topk-5-depth-0,rag_retrieve.cql,measured,native_rag,0,1.857000,5,TRUE,
paper-25834-topk-5-depth-1,rag_retrieve.cql,measured,native_rag,0,2.259500,33,TRUE,
paper-25834-topk-5-depth-2,rag_retrieve.cql,measured,native_rag,0,10.701875,542,TRUE,
paper-25834-topk-10-depth-0,rag_retrieve.cql,measured,native_rag,0,4.218166,10,TRUE,
paper-25834-topk-10-depth-1,rag_retrieve.cql,measured,native_rag,0,5.805583,98,TRUE,
paper-25834-topk-10-depth-2,rag_retrieve.cql,measured,native_rag,0,43.394250,2245,TRUE,
paper-169064-topk-1-depth-0,rag_retrieve.cql,measured,native_rag,0,0.945333,1,TRUE,
paper-169064-topk-1-depth-1,rag_retrieve.cql,measured,native_rag,0,0.850958,2,TRUE,
paper-169064-topk-1-depth-2,rag_retrieve.cql,measured,native_rag,0,1.076708,16,TRUE,
paper-169064-topk-3-depth-0,rag_retrieve.cql,measured,native_rag,0,1.047667,3,TRUE,
paper-169064-topk-3-depth-1,rag_retrieve.cql,measured,native_rag,0,1.128583,7,TRUE,
paper-169064-topk-3-depth-2,rag_retrieve.cql,measured,native_rag,0,5.060125,240,TRUE,
paper-169064-topk-5-depth-0,rag_retrieve.cql,measured,native_rag,0,1.512458,5,TRUE,
paper-169064-topk-5-depth-1,rag_retrieve.cql,measured,native_rag,0,1.741875,22,TRUE,
paper-169064-topk-5-depth-2,rag_retrieve.cql,measured,native_rag,0,330.506083,19244,TRUE,
paper-169064-topk-10-depth-0,rag_retrieve.cql,measured,native_rag,0,3.855250,10,TRUE,
paper-169064-topk-10-depth-1,rag_retrieve.cql,measured,native_rag,0,6.339291,151,TRUE,
paper-169064-topk-10-depth-2,rag_retrieve.cql,measured,native_rag,0,472.665958,27223,TRUE,
paper-30358-topk-1-depth-0,rag_retrieve.cql,measured,native_rag,0,0.991917,1,TRUE,
paper-30358-topk-1-depth-1,rag_retrieve.cql,measured,native_rag,0,1.027750,7,TRUE,
paper-30358-topk-1-depth-2,rag_retrieve.cql,measured,native_rag,0,1.643541,46,TRUE,
paper-30358-topk-3-depth-0,rag_retrieve.cql,measured,native_rag,0,1.042583,3,TRUE,
paper-30358-topk-3-depth-1,rag_retrieve.cql,measured,native_rag,0,1.377500,19,TRUE,
paper-30358-topk-3-depth-2,rag_retrieve.cql,measured,native_rag,0,2.596542,94,TRUE,
paper-30358-topk-5-depth-0,rag_retrieve.cql,measured,native_rag,0,1.454625,5,TRUE,
paper-30358-topk-5-depth-1,rag_retrieve.cql,measured,native_rag,0,2.199584,44,TRUE,
paper-30358-topk-5-depth-2,rag_retrieve.cql,measured,native_rag,0,10.398458,546,TRUE,
paper-30358-topk-10-depth-0,rag_retrieve.cql,measured,native_rag,0,3.497166,10,TRUE,
paper-30358-topk-10-depth-1,rag_retrieve.cql,measured,native_rag,0,4.184084,61,TRUE,
paper-30358-topk-10-depth-2,rag_retrieve.cql,measured,native_rag,0,15.760625,772,TRUE,
paper-143519-topk-1-depth-0,rag_retrieve.cql,measured,native_rag,0,0.953791,1,TRUE,
paper-143519-topk-1-depth-1,rag_retrieve.cql,measured,native_rag,0,1.068000,11,TRUE,
paper-143519-topk-1-depth-2,rag_retrieve.cql,measured,native_rag,0,88.493792,5205,TRUE,
paper-143519-topk-3-depth-0,rag_retrieve.cql,measured,native_rag,0,1.305667,3,TRUE,
paper-143519-topk-3-depth-1,rag_retrieve.cql,measured,native_rag,0,2.372750,59,TRUE,
paper-143519-topk-3-depth-2,rag_retrieve.cql,measured,native_rag,0,464.291084,27032,TRUE,
paper-143519-topk-5-depth-0,rag_retrieve.cql,measured,native_rag,0,1.949250,5,TRUE,
paper-143519-topk-5-depth-1,rag_retrieve.cql,measured,native_rag,0,3.326500,81,TRUE,
paper-143519-topk-5-depth-2,rag_retrieve.cql,measured,native_rag,0,494.998625,28898,TRUE,
paper-143519-topk-10-depth-0,rag_retrieve.cql,measured,native_rag,0,6.390208,10,TRUE,
paper-143519-topk-10-depth-1,rag_retrieve.cql,measured,native_rag,0,8.103500,149,TRUE,
paper-143519-topk-10-depth-2,rag_retrieve.cql,measured,native_rag,0,558.643875,32234,TRUE,
paper-57007-topk-1-depth-0,rag_retrieve.cql,measured,native_rag,0,1.020500,1,TRUE,
paper-57007-topk-1-depth-1,rag_retrieve.cql,measured,native_rag,0,0.988541,9,TRUE,
paper-57007-topk-1-depth-2,rag_retrieve.cql,measured,native_rag,0,89.672542,5331,TRUE,
paper-57007-topk-3-depth-0,rag_retrieve.cql,measured,native_rag,0,1.408917,3,TRUE,
paper-57007-topk-3-depth-1,rag_retrieve.cql,measured,native_rag,0,2.120375,54,TRUE,
paper-57007-topk-3-depth-2,rag_retrieve.cql,measured,native_rag,0,456.561375,26659,TRUE,
paper-57007-topk-5-depth-0,rag_retrieve.cql,measured,native_rag,0,1.916541,5,TRUE,
paper-57007-topk-5-depth-1,rag_retrieve.cql,measured,native_rag,0,3.337625,93,TRUE,
paper-57007-topk-5-depth-2,rag_retrieve.cql,measured,native_rag,0,568.748833,32950,TRUE,
paper-57007-topk-10-depth-0,rag_retrieve.cql,measured,native_rag,0,5.227250,10,TRUE,
paper-57007-topk-10-depth-1,rag_retrieve.cql,measured,native_rag,0,8.067833,180,TRUE,
paper-57007-topk-10-depth-2,rag_retrieve.cql,measured,native_rag,0,720.633625,41235,TRUE,
paper-66945-topk-1-depth-0,rag_retrieve.cql,measured,native_rag,0,0.984250,1,TRUE,
paper-66945-topk-1-depth-1,rag_retrieve.cql,measured,native_rag,0,1.110541,15,TRUE,
paper-66945-topk-1-depth-2,rag_retrieve.cql,measured,native_rag,0,140.221000,8340,TRUE,
paper-66945-topk-3-depth-0,rag_retrieve.cql,measured,native_rag,0,1.320750,3,TRUE,
paper-66945-topk-3-depth-1,rag_retrieve.cql,measured,native_rag,0,1.372666,15,TRUE,
paper-66945-topk-3-depth-2,rag_retrieve.cql,measured,native_rag,0,461.158375,26795,TRUE,
paper-66945-topk-5-depth-0,rag_retrieve.cql,measured,native_rag,0,1.731750,5,TRUE,
paper-66945-topk-5-depth-1,rag_retrieve.cql,measured,native_rag,0,2.165458,42,TRUE,
paper-66945-topk-5-depth-2,rag_retrieve.cql,measured,native_rag,0,553.609833,31815,TRUE,
paper-66945-topk-10-depth-0,rag_retrieve.cql,measured,native_rag,0,3.757917,10,TRUE,
paper-66945-topk-10-depth-1,rag_retrieve.cql,measured,native_rag,0,4.758208,78,TRUE,
paper-66945-topk-10-depth-2,rag_retrieve.cql,measured,native_rag,0,597.071291,34113,TRUE,
paper-96292-topk-1-depth-0,rag_retrieve.cql,measured,native_rag,0,0.874625,1,TRUE,
paper-96292-topk-1-depth-1,rag_retrieve.cql,measured,native_rag,0,1.068667,14,TRUE,
paper-96292-topk-1-depth-2,rag_retrieve.cql,measured,native_rag,0,330.992750,18961,TRUE,
paper-96292-topk-3-depth-0,rag_retrieve.cql,measured,native_rag,0,1.354458,3,TRUE,
paper-96292-topk-3-depth-1,rag_retrieve.cql,measured,native_rag,0,1.463083,18,TRUE,
paper-96292-topk-3-depth-2,rag_retrieve.cql,measured,native_rag,0,268.832792,15608,TRUE,
paper-96292-topk-5-depth-0,rag_retrieve.cql,measured,native_rag,0,1.562750,5,TRUE,
paper-96292-topk-5-depth-1,rag_retrieve.cql,measured,native_rag,0,1.893417,35,TRUE,
paper-96292-topk-5-depth-2,rag_retrieve.cql,measured,native_rag,0,270.689584,15699,TRUE,
paper-96292-topk-10-depth-0,rag_retrieve.cql,measured,native_rag,0,3.477875,10,TRUE,
paper-96292-topk-10-depth-1,rag_retrieve.cql,measured,native_rag,0,4.281833,66,TRUE,
paper-96292-topk-10-depth-2,rag_retrieve.cql,measured,native_rag,0,276.729459,15999,TRUE,
paper-148097-topk-1-depth-0,rag_retrieve.cql,measured,native_rag,0,1.035084,1,TRUE,
paper-148097-topk-1-depth-1,rag_retrieve.cql,measured,native_rag,0,1.067625,19,TRUE,
paper-148097-topk-1-depth-2,rag_retrieve.cql,measured,native_rag,0,205.490292,12054,TRUE,
paper-148097-topk-3-depth-0,rag_retrieve.cql,measured,native_rag,0,1.279042,3,TRUE,
paper-148097-topk-3-depth-1,rag_retrieve.cql,measured,native_rag,0,1.599375,36,TRUE,
paper-148097-topk-3-depth-2,rag_retrieve.cql,measured,native_rag,0,235.824250,13593,TRUE,
paper-148097-topk-5-depth-0,rag_retrieve.cql,measured,native_rag,0,1.864125,5,TRUE,
paper-148097-topk-5-depth-1,rag_retrieve.cql,measured,native_rag,0,4.108834,148,TRUE,
paper-148097-topk-5-depth-2,rag_retrieve.cql,measured,native_rag,0,612.437125,35476,TRUE,
paper-148097-topk-10-depth-0,rag_retrieve.cql,measured,native_rag,0,5.380500,10,TRUE,
paper-148097-topk-10-depth-1,rag_retrieve.cql,measured,native_rag,0,9.853000,296,TRUE,
paper-148097-topk-10-depth-2,rag_retrieve.cql,measured,native_rag,0,634.623417,36767,TRUE,
paper-18469-topk-1-depth-0,rag_retrieve.cql,measured,native_rag,0,1.215000,1,TRUE,
paper-18469-topk-1-depth-1,rag_retrieve.cql,measured,native_rag,0,1.672083,35,TRUE,
paper-18469-topk-1-depth-2,rag_retrieve.cql,measured,native_rag,0,80.762083,4661,TRUE,
paper-18469-topk-3-depth-0,rag_retrieve.cql,measured,native_rag,0,1.628709,3,TRUE,
paper-18469-topk-3-depth-1,rag_retrieve.cql,measured,native_rag,0,2.513417,51,TRUE,
paper-18469-topk-3-depth-2,rag_retrieve.cql,measured,native_rag,0,161.004625,8812,TRUE,
paper-18469-topk-5-depth-0,rag_retrieve.cql,measured,native_rag,0,2.372042,5,TRUE,
paper-18469-topk-5-depth-1,rag_retrieve.cql,measured,native_rag,0,3.980125,69,TRUE,
paper-18469-topk-5-depth-2,rag_retrieve.cql,measured,native_rag,0,384.145416,21366,TRUE,
paper-18469-topk-10-depth-0,rag_retrieve.cql,measured,native_rag,0,4.330833,10,TRUE,
paper-18469-topk-10-depth-1,rag_retrieve.cql,measured,native_rag,0,5.854916,100,TRUE,
paper-18469-topk-10-depth-2,rag_retrieve.cql,measured,native_rag,0,416.026042,22003,TRUE,
paper-44337-topk-1-depth-0,rag_retrieve.cql,measured,native_rag,0,1.000292,1,TRUE,
paper-44337-topk-1-depth-1,rag_retrieve.cql,measured,native_rag,0,1.178500,17,TRUE,
paper-44337-topk-1-depth-2,rag_retrieve.cql,measured,native_rag,0,242.498250,12402,TRUE,
paper-44337-topk-3-depth-0,rag_retrieve.cql,measured,native_rag,0,1.521542,3,TRUE,
paper-44337-topk-3-depth-1,rag_retrieve.cql,measured,native_rag,0,1.821291,32,TRUE,
paper-44337-topk-3-depth-2,rag_retrieve.cql,measured,native_rag,0,475.536541,27987,TRUE,
paper-44337-topk-5-depth-0,rag_retrieve.cql,measured,native_rag,0,1.904708,5,TRUE,
paper-44337-topk-5-depth-1,rag_retrieve.cql,measured,native_rag,0,2.531375,44,TRUE,
paper-44337-topk-5-depth-2,rag_retrieve.cql,measured,native_rag,0,517.063500,29626,TRUE,
paper-44337-topk-10-depth-0,rag_retrieve.cql,measured,native_rag,0,7.543833,10,TRUE,
paper-44337-topk-10-depth-1,rag_retrieve.cql,measured,native_rag,0,6.330375,72,TRUE,
paper-44337-topk-10-depth-2,rag_retrieve.cql,measured,native_rag,0,555.591250,32017,TRUE,
paper-17859-topk-1-depth-0,rag_retrieve.cql,measured,native_rag,0,1.065375,1,TRUE,
paper-17859-topk-1-depth-1,rag_retrieve.cql,measured,native_rag,0,1.462125,27,TRUE,
paper-17859-topk-1-depth-2,rag_retrieve.cql,measured,native_rag,0,61.270958,3628,TRUE,
paper-17859-topk-3-depth-0,rag_retrieve.cql,measured,native_rag,0,1.692583,3,TRUE,
paper-17859-topk-3-depth-1,rag_retrieve.cql,measured,native_rag,0,2.669958,65,TRUE,
paper-17859-topk-3-depth-2,rag_retrieve.cql,measured,native_rag,0,334.978625,19918,TRUE,
paper-17859-topk-5-depth-0,rag_retrieve.cql,measured,native_rag,0,2.059958,5,TRUE,
paper-17859-topk-5-depth-1,rag_retrieve.cql,measured,native_rag,0,3.961125,107,TRUE,
paper-17859-topk-5-depth-2,rag_retrieve.cql,measured,native_rag,0,576.532042,32837,TRUE,
paper-17859-topk-10-depth-0,rag_retrieve.cql,measured,native_rag,0,5.944500,10,TRUE,
paper-17859-topk-10-depth-1,rag_retrieve.cql,measured,native_rag,0,8.732833,138,TRUE,
paper-17859-topk-10-depth-2,rag_retrieve.cql,measured,native_rag,0,507.446625,29640,TRUE,
paper-119799-topk-1-depth-0,rag_retrieve.cql,measured,native_rag,0,1.187625,1,TRUE,
paper-119799-topk-1-depth-1,rag_retrieve.cql,measured,native_rag,0,1.554458,35,TRUE,
paper-119799-topk-1-depth-2,rag_retrieve.cql,measured,native_rag,0,391.145292,23117,TRUE,
paper-119799-topk-3-depth-0,rag_retrieve.cql,measured,native_rag,0,1.535208,3,TRUE,
paper-119799-topk-3-depth-1,rag_retrieve.cql,measured,native_rag,0,1.764666,36,TRUE,
paper-119799-topk-3-depth-2,rag_retrieve.cql,measured,native_rag,0,436.342250,25735,TRUE,
paper-119799-topk-5-depth-0,rag_retrieve.cql,measured,native_rag,0,2.134333,5,TRUE,
paper-119799-topk-5-depth-1,rag_retrieve.cql,measured,native_rag,0,2.694959,57,TRUE,
paper-119799-topk-5-depth-2,rag_retrieve.cql,measured,native_rag,0,513.595375,30419,TRUE,
paper-119799-topk-10-depth-0,rag_retrieve.cql,measured,native_rag,0,5.804125,10,TRUE,
paper-119799-topk-10-depth-1,rag_retrieve.cql,measured,native_rag,0,11.444500,347,TRUE,
paper-119799-topk-10-depth-2,rag_retrieve.cql,measured,native_rag,0,629.012958,36403,TRUE,
paper-66884-topk-1-depth-0,rag_retrieve.cql,measured,native_rag,0,1.148417,1,TRUE,
paper-66884-topk-1-depth-1,rag_retrieve.cql,measured,native_rag,0,1.052959,4,TRUE,
paper-66884-topk-1-depth-2,rag_retrieve.cql,measured,native_rag,0,2.677334,93,TRUE,
paper-66884-topk-3-depth-0,rag_retrieve.cql,measured,native_rag,0,1.277208,3,TRUE,
paper-66884-topk-3-depth-1,rag_retrieve.cql,measured,native_rag,0,1.547125,16,TRUE,
paper-66884-topk-3-depth-2,rag_retrieve.cql,measured,native_rag,0,4.530833,176,TRUE,
paper-66884-topk-5-depth-0,rag_retrieve.cql,measured,native_rag,0,1.584166,5,TRUE,
paper-66884-topk-5-depth-1,rag_retrieve.cql,measured,native_rag,0,1.909209,28,TRUE,
paper-66884-topk-5-depth-2,rag_retrieve.cql,measured,native_rag,0,5.398416,232,TRUE,
paper-66884-topk-10-depth-0,rag_retrieve.cql,measured,native_rag,0,3.793000,10,TRUE,
paper-66884-topk-10-depth-1,rag_retrieve.cql,measured,native_rag,0,5.544167,96,TRUE,
paper-66884-topk-10-depth-2,rag_retrieve.cql,measured,native_rag,0,34.742959,1894,TRUE,
paper-68988-topk-1-depth-0,rag_retrieve.cql,measured,native_rag,0,1.383500,1,TRUE,
paper-68988-topk-1-depth-1,rag_retrieve.cql,measured,native_rag,0,0.814166,3,TRUE,
paper-68988-topk-1-depth-2,rag_retrieve.cql,measured,native_rag,0,1.783041,51,TRUE,
paper-68988-topk-3-depth-0,rag_retrieve.cql,measured,native_rag,0,1.296667,3,TRUE,
paper-68988-topk-3-depth-1,rag_retrieve.cql,measured,native_rag,0,1.339375,12,TRUE,
paper-68988-topk-3-depth-2,rag_retrieve.cql,measured,native_rag,0,3.604625,128,TRUE,
paper-68988-topk-5-depth-0,rag_retrieve.cql,measured,native_rag,0,1.783958,5,TRUE,
paper-68988-topk-5-depth-1,rag_retrieve.cql,measured,native_rag,0,2.528834,38,TRUE,
paper-68988-topk-5-depth-2,rag_retrieve.cql,measured,native_rag,0,378.521666,22135,TRUE,
paper-68988-topk-10-depth-0,rag_retrieve.cql,measured,native_rag,0,4.504709,10,TRUE,
paper-68988-topk-10-depth-1,rag_retrieve.cql,measured,native_rag,0,5.761208,105,TRUE,
paper-68988-topk-10-depth-2,rag_retrieve.cql,measured,native_rag,0,396.393042,23291,TRUE,
paper-48808-topk-1-depth-0,rag_retrieve.cql,measured,native_rag,0,1.162375,1,TRUE,
paper-48808-topk-1-depth-1,rag_retrieve.cql,measured,native_rag,0,1.066917,8,TRUE,
paper-48808-topk-1-depth-2,rag_retrieve.cql,measured,native_rag,0,4.976042,242,TRUE,
paper-48808-topk-3-depth-0,rag_retrieve.cql,measured,native_rag,0,1.242167,3,TRUE,
paper-48808-topk-3-depth-1,rag_retrieve.cql,measured,native_rag,0,1.409000,16,TRUE,
paper-48808-topk-3-depth-2,rag_retrieve.cql,measured,native_rag,0,5.903000,282,TRUE,
paper-48808-topk-5-depth-0,rag_retrieve.cql,measured,native_rag,0,1.492625,5,TRUE,
paper-48808-topk-5-depth-1,rag_retrieve.cql,measured,native_rag,0,1.768084,20,TRUE,
paper-48808-topk-5-depth-2,rag_retrieve.cql,measured,native_rag,0,9.085417,425,TRUE,
paper-48808-topk-10-depth-0,rag_retrieve.cql,measured,native_rag,0,2.750375,10,TRUE,
paper-48808-topk-10-depth-1,rag_retrieve.cql,measured,native_rag,0,3.345000,52,TRUE,
paper-48808-topk-10-depth-2,rag_retrieve.cql,measured,native_rag,0,256.146709,14839,TRUE,
paper-158303-topk-1-depth-0,rag_retrieve.cql,measured,native_rag,0,1.088000,1,TRUE,
paper-158303-topk-1-depth-1,rag_retrieve.cql,measured,native_rag,0,0.937083,3,TRUE,
paper-158303-topk-1-depth-2,rag_retrieve.cql,measured,native_rag,0,1.375125,30,TRUE,
paper-158303-topk-3-depth-0,rag_retrieve.cql,measured,native_rag,0,1.237833,3,TRUE,
paper-158303-topk-3-depth-1,rag_retrieve.cql,measured,native_rag,0,1.467875,21,TRUE,
paper-158303-topk-3-depth-2,rag_retrieve.cql,measured,native_rag,0,426.214917,24704,TRUE,
paper-158303-topk-5-depth-0,rag_retrieve.cql,measured,native_rag,0,1.804792,5,TRUE,
paper-158303-topk-5-depth-1,rag_retrieve.cql,measured,native_rag,0,2.247458,38,TRUE,
paper-158303-topk-5-depth-2,rag_retrieve.cql,measured,native_rag,0,436.252959,24767,TRUE,
paper-158303-topk-10-depth-0,rag_retrieve.cql,measured,native_rag,0,3.503667,10,TRUE,
paper-158303-topk-10-depth-1,rag_retrieve.cql,measured,native_rag,0,4.089083,51,TRUE,
paper-158303-topk-10-depth-2,rag_retrieve.cql,measured,native_rag,0,483.567625,27695,TRUE,
paper-96055-topk-1-depth-0,rag_retrieve.cql,measured,native_rag,0,1.170833,1,TRUE,
paper-96055-topk-1-depth-1,rag_retrieve.cql,measured,native_rag,0,1.209500,17,TRUE,
paper-96055-topk-1-depth-2,rag_retrieve.cql,measured,native_rag,0,2.370834,83,TRUE,
paper-96055-topk-3-depth-0,rag_retrieve.cql,measured,native_rag,0,1.215833,3,TRUE,
paper-96055-topk-3-depth-1,rag_retrieve.cql,measured,native_rag,0,1.703042,35,TRUE,
paper-96055-topk-3-depth-2,rag_retrieve.cql,measured,native_rag,0,9.472791,503,TRUE,
paper-96055-topk-5-depth-0,rag_retrieve.cql,measured,native_rag,0,1.534708,5,TRUE,
paper-96055-topk-5-depth-1,rag_retrieve.cql,measured,native_rag,0,2.519500,62,TRUE,
paper-96055-topk-5-depth-2,rag_retrieve.cql,measured,native_rag,0,13.863958,762,TRUE,
paper-96055-topk-10-depth-0,rag_retrieve.cql,measured,native_rag,0,3.134042,10,TRUE,
paper-96055-topk-10-depth-1,rag_retrieve.cql,measured,native_rag,0,4.398500,86,TRUE,
paper-96055-topk-10-depth-2,rag_retrieve.cql,measured,native_rag,0,19.634916,1017,TRUE,
paper-143613-topk-1-depth-0,rag_retrieve.cql,measured,native_rag,0,0.804583,1,TRUE,
paper-143613-topk-1-depth-1,rag_retrieve.cql,measured,native_rag,0,1.104958,19,TRUE,
paper-143613-topk-1-depth-2,rag_retrieve.cql,measured,native_rag,0,221.565209,13039,TRUE,
paper-143613-topk-3-depth-0,rag_retrieve.cql,measured,native_rag,0,1.381542,3,TRUE,
paper-143613-topk-3-depth-1,rag_retrieve.cql,measured,native_rag,0,5.620792,238,TRUE,
paper-143613-topk-3-depth-2,rag_retrieve.cql,measured,native_rag,0,428.833208,24496,TRUE,
paper-143613-topk-5-depth-0,rag_retrieve.cql,measured,native_rag,0,1.932916,5,TRUE,
paper-143613-topk-5-depth-1,rag_retrieve.cql,measured,native_rag,0,6.175042,261,TRUE,
paper-143613-topk-5-depth-2,rag_retrieve.cql,measured,native_rag,0,555.295333,31986,TRUE,
paper-143613-topk-10-depth-0,rag_retrieve.cql,measured,native_rag,0,7.248292,10,TRUE,
paper-143613-topk-10-depth-1,rag_retrieve.cql,measured,native_rag,0,12.320833,314,TRUE,
paper-143613-topk-10-depth-2,rag_retrieve.cql,measured,native_rag,0,663.196083,37355,TRUE,
paper-135602-topk-1-depth-0,rag_retrieve.cql,measured,native_rag,0,1.125458,1,TRUE,
paper-135602-topk-1-depth-1,rag_retrieve.cql,measured,native_rag,0,1.044417,9,TRUE,
paper-135602-topk-1-depth-2,rag_retrieve.cql,measured,native_rag,0,218.331375,12529,TRUE,
paper-135602-topk-3-depth-0,rag_retrieve.cql,measured,native_rag,0,1.661333,3,TRUE,
paper-135602-topk-3-depth-1,rag_retrieve.cql,measured,native_rag,0,2.302625,56,TRUE,
paper-135602-topk-3-depth-2,rag_retrieve.cql,measured,native_rag,0,241.344792,13956,TRUE,
paper-135602-topk-5-depth-0,rag_retrieve.cql,measured,native_rag,0,2.067250,5,TRUE,
paper-135602-topk-5-depth-1,rag_retrieve.cql,measured,native_rag,0,4.594834,161,TRUE,
paper-135602-topk-5-depth-2,rag_retrieve.cql,measured,native_rag,0,508.413667,28887,TRUE,
paper-135602-topk-10-depth-0,rag_retrieve.cql,measured,native_rag,0,7.070333,10,TRUE,
paper-135602-topk-10-depth-1,rag_retrieve.cql,measured,native_rag,0,12.182375,340,TRUE,
paper-135602-topk-10-depth-2,rag_retrieve.cql,measured,native_rag,0,675.776125,37927,TRUE,
paper-63581-topk-1-depth-0,rag_retrieve.cql,measured,native_rag,0,1.180000,1,TRUE,
paper-63581-topk-1-depth-1,rag_retrieve.cql,measured,native_rag,0,1.209458,16,TRUE,
paper-63581-topk-1-depth-2,rag_retrieve.cql,measured,native_rag,0,222.223375,12718,TRUE,
paper-63581-topk-3-depth-0,rag_retrieve.cql,measured,native_rag,0,1.542833,3,TRUE,
paper-63581-topk-3-depth-1,rag_retrieve.cql,measured,native_rag,0,1.738250,23,TRUE,
paper-63581-topk-3-depth-2,rag_retrieve.cql,measured,native_rag,0,392.281333,22716,TRUE,
paper-63581-topk-5-depth-0,rag_retrieve.cql,measured,native_rag,0,2.166375,5,TRUE,
paper-63581-topk-5-depth-1,rag_retrieve.cql,measured,native_rag,0,2.613833,38,TRUE,
paper-63581-topk-5-depth-2,rag_retrieve.cql,measured,native_rag,0,467.080292,26699,TRUE,
paper-63581-topk-10-depth-0,rag_retrieve.cql,measured,native_rag,0,5.420166,10,TRUE,
paper-63581-topk-10-depth-1,rag_retrieve.cql,measured,native_rag,0,6.034125,74,TRUE,
paper-63581-topk-10-depth-2,rag_retrieve.cql,measured,native_rag,0,540.660833,30434,TRUE,
paper-149429-topk-1-depth-0,rag_retrieve.cql,measured,native_rag,0,1.179584,1,TRUE,
paper-149429-topk-1-depth-1,rag_retrieve.cql,measured,native_rag,0,1.091917,5,TRUE,
paper-149429-topk-1-depth-2,rag_retrieve.cql,measured,native_rag,0,1.098208,10,TRUE,
paper-149429-topk-3-depth-0,rag_retrieve.cql,measured,native_rag,0,1.409417,3,TRUE,
paper-149429-topk-3-depth-1,rag_retrieve.cql,measured,native_rag,0,1.749834,24,TRUE,
paper-149429-topk-3-depth-2,rag_retrieve.cql,measured,native_rag,0,28.158000,1577,TRUE,
paper-149429-topk-5-depth-0,rag_retrieve.cql,measured,native_rag,0,1.875083,5,TRUE,
paper-149429-topk-5-depth-1,rag_retrieve.cql,measured,native_rag,0,2.222125,29,TRUE,
paper-149429-topk-5-depth-2,rag_retrieve.cql,measured,native_rag,0,30.405666,1687,TRUE,
paper-149429-topk-10-depth-0,rag_retrieve.cql,measured,native_rag,0,3.631709,10,TRUE,
paper-149429-topk-10-depth-1,rag_retrieve.cql,measured,native_rag,0,4.479000,65,TRUE,
paper-149429-topk-10-depth-2,rag_retrieve.cql,measured,native_rag,0,110.289708,6235,TRUE,
paper-37666-topk-1-depth-0,rag_retrieve.cql,measured,native_rag,0,0.934500,1,TRUE,
paper-37666-topk-1-depth-1,rag_retrieve.cql,measured,native_rag,0,1.413375,28,TRUE,
paper-37666-topk-1-depth-2,rag_retrieve.cql,measured,native_rag,0,6.264375,318,TRUE,
paper-37666-topk-3-depth-0,rag_retrieve.cql,measured,native_rag,0,1.165583,3,TRUE,
paper-37666-topk-3-depth-1,rag_retrieve.cql,measured,native_rag,0,1.331292,14,TRUE,
paper-37666-topk-3-depth-2,rag_retrieve.cql,measured,native_rag,0,2.861708,99,TRUE,
paper-37666-topk-5-depth-0,rag_retrieve.cql,measured,native_rag,0,1.556209,5,TRUE,
paper-37666-topk-5-depth-1,rag_retrieve.cql,measured,native_rag,0,3.411417,112,TRUE,
paper-37666-topk-5-depth-2,rag_retrieve.cql,measured,native_rag,0,24.029917,1325,TRUE,
paper-37666-topk-10-depth-0,rag_retrieve.cql,measured,native_rag,0,3.980583,10,TRUE,
paper-37666-topk-10-depth-1,rag_retrieve.cql,measured,native_rag,0,5.779875,113,TRUE,
paper-37666-topk-10-depth-2,rag_retrieve.cql,measured,native_rag,0,67.528000,3723,TRUE,
paper-126354-topk-1-depth-0,rag_retrieve.cql,measured,native_rag,0,0.995042,1,TRUE,
paper-126354-topk-1-depth-1,rag_retrieve.cql,measured,native_rag,0,0.998666,9,TRUE,
paper-126354-topk-1-depth-2,rag_retrieve.cql,measured,native_rag,0,2.548416,107,TRUE,
paper-126354-topk-3-depth-0,rag_retrieve.cql,measured,native_rag,0,1.340792,3,TRUE,
paper-126354-topk-3-depth-1,rag_retrieve.cql,measured,native_rag,0,2.801042,99,TRUE,
paper-126354-topk-3-depth-2,rag_retrieve.cql,measured,native_rag,0,20.446458,1160,TRUE,
paper-126354-topk-5-depth-0,rag_retrieve.cql,measured,native_rag,0,1.651500,5,TRUE,
paper-126354-topk-5-depth-1,rag_retrieve.cql,measured,native_rag,0,2.632250,62,TRUE,
paper-126354-topk-5-depth-2,rag_retrieve.cql,measured,native_rag,0,14.168000,691,TRUE,
paper-126354-topk-10-depth-0,rag_retrieve.cql,measured,native_rag,0,4.363709,10,TRUE,
paper-126354-topk-10-depth-1,rag_retrieve.cql,measured,native_rag,0,7.324625,190,TRUE,
paper-126354-topk-10-depth-2,rag_retrieve.cql,measured,native_rag,0,51.181458,2748,TRUE,
paper-139928-topk-1-depth-0,rag_retrieve.cql,measured,native_rag,0,1.026708,1,TRUE,
paper-139928-topk-1-depth-1,rag_retrieve.cql,measured,native_rag,0,0.913166,5,TRUE,
paper-139928-topk-1-depth-2,rag_retrieve.cql,measured,native_rag,0,1.415208,34,TRUE,
paper-139928-topk-3-depth-0,rag_retrieve.cql,measured,native_rag,0,1.185334,3,TRUE,
paper-139928-topk-3-depth-1,rag_retrieve.cql,measured,native_rag,0,1.587167,28,TRUE,
paper-139928-topk-3-depth-2,rag_retrieve.cql,measured,native_rag,0,7.685625,399,TRUE,
paper-139928-topk-5-depth-0,rag_retrieve.cql,measured,native_rag,0,1.482667,5,TRUE,
paper-139928-topk-5-depth-1,rag_retrieve.cql,measured,native_rag,0,1.837167,21,TRUE,
paper-139928-topk-5-depth-2,rag_retrieve.cql,measured,native_rag,0,7.794166,392,TRUE,
paper-139928-topk-10-depth-0,rag_retrieve.cql,measured,native_rag,0,3.009333,10,TRUE,
paper-139928-topk-10-depth-1,rag_retrieve.cql,measured,native_rag,0,3.649333,49,TRUE,
paper-139928-topk-10-depth-2,rag_retrieve.cql,measured,native_rag,0,120.623542,6860,TRUE,
paper-40438-topk-1-depth-0,rag_retrieve.cql,measured,native_rag,0,1.192459,1,TRUE,
paper-40438-topk-1-depth-1,rag_retrieve.cql,measured,native_rag,0,1.038750,2,TRUE,
paper-40438-topk-1-depth-2,rag_retrieve.cql,measured,native_rag,0,2.743875,101,TRUE,
paper-40438-topk-3-depth-0,rag_retrieve.cql,measured,native_rag,0,1.490541,3,TRUE,
paper-40438-topk-3-depth-1,rag_retrieve.cql,measured,native_rag,0,1.965959,38,TRUE,
paper-40438-topk-3-depth-2,rag_retrieve.cql,measured,native_rag,0,45.768416,2611,TRUE,
paper-40438-topk-5-depth-0,rag_retrieve.cql,measured,native_rag,0,1.731042,5,TRUE,
paper-40438-topk-5-depth-1,rag_retrieve.cql,measured,native_rag,0,2.377834,44,TRUE,
paper-40438-topk-5-depth-2,rag_retrieve.cql,measured,native_rag,0,76.097791,4323,TRUE,
paper-40438-topk-10-depth-0,rag_retrieve.cql,measured,native_rag,0,4.073292,10,TRUE,
paper-40438-topk-10-depth-1,rag_retrieve.cql,measured,native_rag,0,5.189459,76,TRUE,
paper-40438-topk-10-depth-2,rag_retrieve.cql,measured,native_rag,0,394.233958,22099,TRUE,
paper-158139-topk-1-depth-0,rag_retrieve.cql,measured,native_rag,0,1.042541,1,TRUE,
paper-158139-topk-1-depth-1,rag_retrieve.cql,measured,native_rag,0,1.107959,13,TRUE,
paper-158139-topk-1-depth-2,rag_retrieve.cql,measured,native_rag,0,65.718917,3795,TRUE,
paper-158139-topk-3-depth-0,rag_retrieve.cql,measured,native_rag,0,1.306042,3,TRUE,
paper-158139-topk-3-depth-1,rag_retrieve.cql,measured,native_rag,0,1.627125,29,TRUE,
paper-158139-topk-3-depth-2,rag_retrieve.cql,measured,native_rag,0,434.603375,24926,TRUE,
paper-158139-topk-5-depth-0,rag_retrieve.cql,measured,native_rag,0,1.673833,5,TRUE,
paper-158139-topk-5-depth-1,rag_retrieve.cql,measured,native_rag,0,2.138917,41,TRUE,
paper-158139-topk-5-depth-2,rag_retrieve.cql,measured,native_rag,0,458.272125,26238,TRUE,
paper-158139-topk-10-depth-0,rag_retrieve.cql,measured,native_rag,0,3.496917,10,TRUE,
paper-158139-topk-10-depth-1,rag_retrieve.cql,measured,native_rag,0,4.502625,77,TRUE,
paper-158139-topk-10-depth-2,rag_retrieve.cql,measured,native_rag,0,564.706416,32516,TRUE,
paper-69772-topk-1-depth-0,rag_retrieve.cql,measured,native_rag,0,1.151583,1,TRUE,
paper-69772-topk-1-depth-1,rag_retrieve.cql,measured,native_rag,0,1.026125,2,TRUE,
paper-69772-topk-1-depth-2,rag_retrieve.cql,measured,native_rag,0,1.214250,19,TRUE,
paper-69772-topk-3-depth-0,rag_retrieve.cql,measured,native_rag,0,1.276750,3,TRUE,
paper-69772-topk-3-depth-1,rag_retrieve.cql,measured,native_rag,0,1.774958,31,TRUE,
paper-69772-topk-3-depth-2,rag_retrieve.cql,measured,native_rag,0,544.580625,31015,TRUE,
paper-69772-topk-5-depth-0,rag_retrieve.cql,measured,native_rag,0,1.944791,5,TRUE,
paper-69772-topk-5-depth-1,rag_retrieve.cql,measured,native_rag,0,2.586000,52,TRUE,
paper-69772-topk-5-depth-2,rag_retrieve.cql,measured,native_rag,0,596.320584,33647,TRUE,
paper-69772-topk-10-depth-0,rag_retrieve.cql,measured,native_rag,0,3.955417,10,TRUE,
paper-69772-topk-10-depth-1,rag_retrieve.cql,measured,native_rag,0,5.289375,89,TRUE,
paper-69772-topk-10-depth-2,rag_retrieve.cql,measured,native_rag,0,678.035833,38394,TRUE,
paper-107130-topk-1-depth-0,rag_retrieve.cql,measured,native_rag,0,1.024792,1,TRUE,
paper-107130-topk-1-depth-1,rag_retrieve.cql,measured,native_rag,0,1.214250,18,TRUE,
paper-107130-topk-1-depth-2,rag_retrieve.cql,measured,native_rag,0,292.879167,16904,TRUE,
paper-107130-topk-3-depth-0,rag_retrieve.cql,measured,native_rag,0,1.367792,3,TRUE,
paper-107130-topk-3-depth-1,rag_retrieve.cql,measured,native_rag,0,2.469959,77,TRUE,
paper-107130-topk-3-depth-2,rag_retrieve.cql,measured,native_rag,0,416.206583,23915,TRUE,
paper-107130-topk-5-depth-0,rag_retrieve.cql,measured,native_rag,0,1.859250,5,TRUE,
paper-107130-topk-5-depth-1,rag_retrieve.cql,measured,native_rag,0,3.099542,88,TRUE,
paper-107130-topk-5-depth-2,rag_retrieve.cql,measured,native_rag,0,419.829792,24036,TRUE,
paper-107130-topk-10-depth-0,rag_retrieve.cql,measured,native_rag,0,6.372625,10,TRUE,
paper-107130-topk-10-depth-1,rag_retrieve.cql,measured,native_rag,0,8.214917,133,TRUE,
paper-107130-topk-10-depth-2,rag_retrieve.cql,measured,native_rag,0,593.699959,33442,TRUE,
paper-84004-topk-1-depth-0,rag_retrieve.cql,measured,native_rag,0,1.051625,1,TRUE,
paper-84004-topk-1-depth-1,rag_retrieve.cql,measured,native_rag,0,1.388000,30,TRUE,
paper-84004-topk-1-depth-2,rag_retrieve.cql,measured,native_rag,0,434.763208,25010,TRUE,
paper-84004-topk-3-depth-0,rag_retrieve.cql,measured,native_rag,0,1.374375,3,TRUE,
paper-84004-topk-3-depth-1,rag_retrieve.cql,measured,native_rag,0,2.298375,62,TRUE,
paper-84004-topk-3-depth-2,rag_retrieve.cql,measured,native_rag,0,495.959667,28238,TRUE,
paper-84004-topk-5-depth-0,rag_retrieve.cql,measured,native_rag,0,2.100666,5,TRUE,
paper-84004-topk-5-depth-1,rag_retrieve.cql,measured,native_rag,0,2.838875,67,TRUE,
paper-84004-topk-5-depth-2,rag_retrieve.cql,measured,native_rag,0,490.608959,28114,TRUE,
paper-84004-topk-10-depth-0,rag_retrieve.cql,measured,native_rag,0,6.399125,10,TRUE,
paper-84004-topk-10-depth-1,rag_retrieve.cql,measured,native_rag,0,8.316667,138,TRUE,
paper-84004-topk-10-depth-2,rag_retrieve.cql,measured,native_rag,0,534.866500,30294,TRUE,
paper-145562-topk-1-depth-0,rag_retrieve.cql,measured,native_rag,0,0.982875,1,TRUE,
paper-145562-topk-1-depth-1,rag_retrieve.cql,measured,native_rag,0,0.913500,2,TRUE,
paper-145562-topk-1-depth-2,rag_retrieve.cql,measured,native_rag,0,0.943000,4,TRUE,
paper-145562-topk-3-depth-0,rag_retrieve.cql,measured,native_rag,0,1.390167,3,TRUE,
paper-145562-topk-3-depth-1,rag_retrieve.cql,measured,native_rag,0,1.488959,12,TRUE,
paper-145562-topk-3-depth-2,rag_retrieve.cql,measured,native_rag,0,4.333875,184,TRUE,
paper-145562-topk-5-depth-0,rag_retrieve.cql,measured,native_rag,0,1.830584,5,TRUE,
paper-145562-topk-5-depth-1,rag_retrieve.cql,measured,native_rag,0,2.658583,51,TRUE,
paper-145562-topk-5-depth-2,rag_retrieve.cql,measured,native_rag,0,429.107792,24753,TRUE,
paper-145562-topk-10-depth-0,rag_retrieve.cql,measured,native_rag,0,4.318042,10,TRUE,
paper-145562-topk-10-depth-1,rag_retrieve.cql,measured,native_rag,0,5.222583,80,TRUE,
paper-145562-topk-10-depth-2,rag_retrieve.cql,measured,native_rag,0,574.708291,32542,TRUE,
paper-13714-topk-1-depth-0,rag_retrieve.cql,measured,native_rag,0,1.066709,1,TRUE,
paper-13714-topk-1-depth-1,rag_retrieve.cql,measured,native_rag,0,0.934833,5,TRUE,
paper-13714-topk-1-depth-2,rag_retrieve.cql,measured,native_rag,0,2.988958,117,TRUE,
paper-13714-topk-3-depth-0,rag_retrieve.cql,measured,native_rag,0,1.225709,3,TRUE,
paper-13714-topk-3-depth-1,rag_retrieve.cql,measured,native_rag,0,1.449458,19,TRUE,
paper-13714-topk-3-depth-2,rag_retrieve.cql,measured,native_rag,0,72.995791,4168,TRUE,
paper-13714-topk-5-depth-0,rag_retrieve.cql,measured,native_rag,0,1.759833,5,TRUE,
paper-13714-topk-5-depth-1,rag_retrieve.cql,measured,native_rag,0,2.112875,29,TRUE,
paper-13714-topk-5-depth-2,rag_retrieve.cql,measured,native_rag,0,116.560875,6714,TRUE,
paper-13714-topk-10-depth-0,rag_retrieve.cql,measured,native_rag,0,3.416333,10,TRUE,
paper-13714-topk-10-depth-1,rag_retrieve.cql,measured,native_rag,0,4.526958,66,TRUE,
paper-13714-topk-10-depth-2,rag_retrieve.cql,measured,native_rag,0,122.660083,7060,TRUE,
paper-2612-topk-1-depth-0,rag_retrieve.cql,measured,native_rag,0,1.072625,1,TRUE,
paper-2612-topk-1-depth-1,rag_retrieve.cql,measured,native_rag,0,1.123709,17,TRUE,
paper-2612-topk-1-depth-2,rag_retrieve.cql,measured,native_rag,0,48.955750,2865,TRUE,
paper-2612-topk-3-depth-0,rag_retrieve.cql,measured,native_rag,0,1.445416,3,TRUE,
paper-2612-topk-3-depth-1,rag_retrieve.cql,measured,native_rag,0,1.803208,31,TRUE,
paper-2612-topk-3-depth-2,rag_retrieve.cql,measured,native_rag,0,51.951875,2996,TRUE,
paper-2612-topk-5-depth-0,rag_retrieve.cql,measured,native_rag,0,1.837250,5,TRUE,
paper-2612-topk-5-depth-1,rag_retrieve.cql,measured,native_rag,0,2.126166,35,TRUE,
paper-2612-topk-5-depth-2,rag_retrieve.cql,measured,native_rag,0,53.186250,3024,TRUE,
paper-2612-topk-10-depth-0,rag_retrieve.cql,measured,native_rag,0,3.156417,10,TRUE,
paper-2612-topk-10-depth-1,rag_retrieve.cql,measured,native_rag,0,4.830250,104,TRUE,
paper-2612-topk-10-depth-2,rag_retrieve.cql,measured,native_rag,0,349.953792,19370,TRUE,
paper-101797-topk-1-depth-0,rag_retrieve.cql,measured,native_rag,0,2.199542,1,TRUE,
paper-101797-topk-1-depth-1,rag_retrieve.cql,measured,native_rag,0,2.089042,3,TRUE,
paper-101797-topk-1-depth-2,rag_retrieve.cql,measured,native_rag,0,10.840416,90,TRUE,
paper-101797-topk-3-depth-0,rag_retrieve.cql,measured,native_rag,0,1.952375,3,TRUE,
paper-101797-topk-3-depth-1,rag_retrieve.cql,measured,native_rag,0,1.819958,10,TRUE,
paper-101797-topk-3-depth-2,rag_retrieve.cql,measured,native_rag,0,7.790458,226,TRUE,
paper-101797-topk-5-depth-0,rag_retrieve.cql,measured,native_rag,0,2.442375,5,TRUE,
paper-101797-topk-5-depth-1,rag_retrieve.cql,measured,native_rag,0,2.078042,14,TRUE,
paper-101797-topk-5-depth-2,rag_retrieve.cql,measured,native_rag,0,7.765959,290,TRUE,
paper-101797-topk-10-depth-0,rag_retrieve.cql,measured,native_rag,0,3.482042,10,TRUE,
paper-101797-topk-10-depth-1,rag_retrieve.cql,measured,native_rag,0,4.133875,54,TRUE,
paper-101797-topk-10-depth-2,rag_retrieve.cql,measured,native_rag,0,19.753125,850,TRUE,
paper-125598-topk-1-depth-0,rag_retrieve.cql,measured,native_rag,0,1.315667,1,TRUE,
paper-125598-topk-1-depth-1,rag_retrieve.cql,measured,native_rag,0,1.265959,7,TRUE,
paper-125598-topk-1-depth-2,rag_retrieve.cql,measured,native_rag,0,224.449167,12999,TRUE,
paper-125598-topk-3-depth-0,rag_retrieve.cql,measured,native_rag,0,1.485292,3,TRUE,
paper-125598-topk-3-depth-1,rag_retrieve.cql,measured,native_rag,0,2.256667,43,TRUE,
paper-125598-topk-3-depth-2,rag_retrieve.cql,measured,native_rag,0,394.027917,22623,TRUE,
paper-125598-topk-5-depth-0,rag_retrieve.cql,measured,native_rag,0,2.159209,5,TRUE,
paper-125598-topk-5-depth-1,rag_retrieve.cql,measured,native_rag,0,2.899541,54,TRUE,
paper-125598-topk-5-depth-2,rag_retrieve.cql,measured,native_rag,0,397.924208,22884,TRUE,
paper-125598-topk-10-depth-0,rag_retrieve.cql,measured,native_rag,0,5.584625,10,TRUE,
paper-125598-topk-10-depth-1,rag_retrieve.cql,measured,native_rag,0,7.300750,129,TRUE,
paper-125598-topk-10-depth-2,rag_retrieve.cql,measured,native_rag,0,585.754291,32326,TRUE,
paper-45604-topk-1-depth-0,rag_retrieve.cql,measured,native_rag,0,1.123291,1,TRUE,
paper-45604-topk-1-depth-1,rag_retrieve.cql,measured,native_rag,0,1.234125,15,TRUE,
paper-45604-topk-1-depth-2,rag_retrieve.cql,measured,native_rag,0,3.081875,131,TRUE,
paper-45604-topk-3-depth-0,rag_retrieve.cql,measured,native_rag,0,1.234708,3,TRUE,
paper-45604-topk-3-depth-1,rag_retrieve.cql,measured,native_rag,0,1.521292,22,TRUE,
paper-45604-topk-3-depth-2,rag_retrieve.cql,measured,native_rag,0,5.402875,260,TRUE,
paper-45604-topk-5-depth-0,rag_retrieve.cql,measured,native_rag,0,1.613334,5,TRUE,
paper-45604-topk-5-depth-1,rag_retrieve.cql,measured,native_rag,0,2.121875,34,TRUE,
paper-45604-topk-5-depth-2,rag_retrieve.cql,measured,native_rag,0,6.290792,287,TRUE,
paper-45604-topk-10-depth-0,rag_retrieve.cql,measured,native_rag,0,3.079667,10,TRUE,
paper-45604-topk-10-depth-1,rag_retrieve.cql,measured,native_rag,0,3.904250,65,TRUE,
paper-45604-topk-10-depth-2,rag_retrieve.cql,measured,native_rag,0,13.017500,619,TRUE,
paper-122948-topk-1-depth-0,rag_retrieve.cql,measured,native_rag,0,0.910625,1,TRUE,
paper-122948-topk-1-depth-1,rag_retrieve.cql,measured,native_rag,0,0.934125,6,TRUE,
paper-122948-topk-1-depth-2,rag_retrieve.cql,measured,native_rag,0,1.908208,64,TRUE,
paper-122948-topk-3-depth-0,rag_retrieve.cql,measured,native_rag,0,1.188250,3,TRUE,
paper-122948-topk-3-depth-1,rag_retrieve.cql,measured,native_rag,0,1.562375,25,TRUE,
paper-122948-topk-3-depth-2,rag_retrieve.cql,measured,native_rag,0,240.763125,14012,TRUE,
paper-122948-topk-5-depth-0,rag_retrieve.cql,measured,native_rag,0,1.773125,5,TRUE,
paper-122948-topk-5-depth-1,rag_retrieve.cql,measured,native_rag,0,2.452334,50,TRUE,
paper-122948-topk-5-depth-2,rag_retrieve.cql,measured,native_rag,0,254.671250,14653,TRUE,
paper-122948-topk-10-depth-0,rag_retrieve.cql,measured,native_rag,0,3.686541,10,TRUE,
paper-122948-topk-10-depth-1,rag_retrieve.cql,measured,native_rag,0,4.931500,91,TRUE,
paper-122948-topk-10-depth-2,rag_retrieve.cql,measured,native_rag,0,492.627250,27683,TRUE,
paper-47236-topk-1-depth-0,rag_retrieve.cql,measured,native_rag,0,1.052542,1,TRUE,
paper-47236-topk-1-depth-1,rag_retrieve.cql,measured,native_rag,0,0.966750,4,TRUE,
paper-47236-topk-1-depth-2,rag_retrieve.cql,measured,native_rag,0,1.731834,51,TRUE,
paper-47236-topk-3-depth-0,rag_retrieve.cql,measured,native_rag,0,1.269292,3,TRUE,
paper-47236-topk-3-depth-1,rag_retrieve.cql,measured,native_rag,0,2.235334,60,TRUE,
paper-47236-topk-3-depth-2,rag_retrieve.cql,measured,native_rag,0,18.293834,1004,TRUE,
paper-47236-topk-5-depth-0,rag_retrieve.cql,measured,native_rag,0,1.521916,5,TRUE,
paper-47236-topk-5-depth-1,rag_retrieve.cql,measured,native_rag,0,2.573958,70,TRUE,
paper-47236-topk-5-depth-2,rag_retrieve.cql,measured,native_rag,0,20.223167,1085,TRUE,
paper-47236-topk-10-depth-0,rag_retrieve.cql,measured,native_rag,0,3.435250,10,TRUE,
paper-47236-topk-10-depth-1,rag_retrieve.cql,measured,native_rag,0,5.005209,100,TRUE,
paper-47236-topk-10-depth-2,rag_retrieve.cql,measured,native_rag,0,22.908833,1178,TRUE,
paper-34312-topk-1-depth-0,rag_retrieve.cql,measured,native_rag,0,0.908959,1,TRUE,
paper-34312-topk-1-depth-1,rag_retrieve.cql,measured,native_rag,0,1.022041,11,TRUE,
paper-34312-topk-1-depth-2,rag_retrieve.cql,measured,native_rag,0,3.205958,139,TRUE,
paper-34312-topk-3-depth-0,rag_retrieve.cql,measured,native_rag,0,1.335125,3,TRUE,
paper-34312-topk-3-depth-1,rag_retrieve.cql,measured,native_rag,0,1.596042,18,TRUE,
paper-34312-topk-3-depth-2,rag_retrieve.cql,measured,native_rag,0,197.762125,11246,TRUE,
paper-34312-topk-5-depth-0,rag_retrieve.cql,measured,native_rag,0,1.546333,5,TRUE,
paper-34312-topk-5-depth-1,rag_retrieve.cql,measured,native_rag,0,1.875291,24,TRUE,
paper-34312-topk-5-depth-2,rag_retrieve.cql,measured,native_rag,0,198.264500,11302,TRUE,
paper-34312-topk-10-depth-0,rag_retrieve.cql,measured,native_rag,0,3.302125,10,TRUE,
paper-34312-topk-10-depth-1,rag_retrieve.cql,measured,native_rag,0,4.345667,74,TRUE,
paper-34312-topk-10-depth-2,rag_retrieve.cql,measured,native_rag,0,501.986750,28724,TRUE,
paper-46465-topk-1-depth-0,rag_retrieve.cql,measured,native_rag,0,0.948334,1,TRUE,
paper-46465-topk-1-depth-1,rag_retrieve.cql,measured,native_rag,0,1.264167,17,TRUE,
paper-46465-topk-1-depth-2,rag_retrieve.cql,measured,native_rag,0,83.905750,4878,TRUE,
paper-46465-topk-3-depth-0,rag_retrieve.cql,measured,native_rag,0,1.409042,3,TRUE,
paper-46465-topk-3-depth-1,rag_retrieve.cql,measured,native_rag,0,2.093166,51,TRUE,
paper-46465-topk-3-depth-2,rag_retrieve.cql,measured,native_rag,0,116.434167,6702,TRUE,
paper-46465-topk-5-depth-0,rag_retrieve.cql,measured,native_rag,0,1.793542,5,TRUE,
paper-46465-topk-5-depth-1,rag_retrieve.cql,measured,native_rag,0,2.773208,70,TRUE,
paper-46465-topk-5-depth-2,rag_retrieve.cql,measured,native_rag,0,457.082667,26359,TRUE,
paper-46465-topk-10-depth-0,rag_retrieve.cql,measured,native_rag,0,5.680250,10,TRUE,
paper-46465-topk-10-depth-1,rag_retrieve.cql,measured,native_rag,0,7.547583,142,TRUE,
paper-46465-topk-10-depth-2,rag_retrieve.cql,measured,native_rag,0,297.198375,17017,TRUE,
paper-165955-topk-1-depth-0,rag_retrieve.cql,measured,native_rag,0,0.910042,1,TRUE,
paper-165955-topk-1-depth-1,rag_retrieve.cql,measured,native_rag,0,0.979000,16,TRUE,
paper-165955-topk-1-depth-2,rag_retrieve.cql,measured,native_rag,0,3.333500,142,TRUE,
paper-165955-topk-3-depth-0,rag_retrieve.cql,measured,native_rag,0,0.975833,3,TRUE,
paper-165955-topk-3-depth-1,rag_retrieve.cql,measured,native_rag,0,1.412875,24,TRUE,
paper-165955-topk-3-depth-2,rag_retrieve.cql,measured,native_rag,0,8.186958,436,TRUE,
paper-165955-topk-5-depth-0,rag_retrieve.cql,measured,native_rag,0,1.186334,5,TRUE,
paper-165955-topk-5-depth-1,rag_retrieve.cql,measured,native_rag,0,1.699417,37,TRUE,
paper-165955-topk-5-depth-2,rag_retrieve.cql,measured,native_rag,0,18.836500,1066,TRUE,
paper-165955-topk-10-depth-0,rag_retrieve.cql,measured,native_rag,0,3.285958,10,TRUE,
paper-165955-topk-10-depth-1,rag_retrieve.cql,measured,native_rag,0,5.171500,120,TRUE,
paper-165955-topk-10-depth-2,rag_retrieve.cql,measured,native_rag,0,44.760709,2438,TRUE,
paper-50390-topk-1-depth-0,rag_retrieve.cql,measured,native_rag,0,1.054250,1,TRUE,
paper-50390-topk-1-depth-1,rag_retrieve.cql,measured,native_rag,0,0.947458,5,TRUE,
paper-50390-topk-1-depth-2,rag_retrieve.cql,measured,native_rag,0,37.906875,2216,TRUE,
paper-50390-topk-3-depth-0,rag_retrieve.cql,measured,native_rag,0,1.609375,3,TRUE,
paper-50390-topk-3-depth-1,rag_retrieve.cql,measured,native_rag,0,2.957083,87,TRUE,
paper-50390-topk-3-depth-2,rag_retrieve.cql,measured,native_rag,0,408.567916,23671,TRUE,
paper-50390-topk-5-depth-0,rag_retrieve.cql,measured,native_rag,0,1.935792,5,TRUE,
paper-50390-topk-5-depth-1,rag_retrieve.cql,measured,native_rag,0,3.522375,106,TRUE,
paper-50390-topk-5-depth-2,rag_retrieve.cql,measured,native_rag,0,499.412417,28683,TRUE,
paper-50390-topk-10-depth-0,rag_retrieve.cql,measured,native_rag,0,4.488584,10,TRUE,
paper-50390-topk-10-depth-1,rag_retrieve.cql,measured,native_rag,0,6.907125,149,TRUE,
paper-50390-topk-10-depth-2,rag_retrieve.cql,measured,native_rag,0,536.963000,30946,TRUE,
paper-138441-topk-1-depth-0,rag_retrieve.cql,measured,native_rag,0,0.959875,1,TRUE,
paper-138441-topk-1-depth-1,rag_retrieve.cql,measured,native_rag,0,1.149292,23,TRUE,
paper-138441-topk-1-depth-2,rag_retrieve.cql,measured,native_rag,0,3.883833,183,TRUE,
paper-138441-topk-3-depth-0,rag_retrieve.cql,measured,native_rag,0,1.232000,3,TRUE,
paper-138441-topk-3-depth-1,rag_retrieve.cql,measured,native_rag,0,1.847500,42,TRUE,
paper-138441-topk-3-depth-2,rag_retrieve.cql,measured,native_rag,0,11.211750,610,TRUE,
paper-138441-topk-5-depth-0,rag_retrieve.cql,measured,native_rag,0,1.666334,5,TRUE,
paper-138441-topk-5-depth-1,rag_retrieve.cql,measured,native_rag,0,2.499125,60,TRUE,
paper-138441-topk-5-depth-2,rag_retrieve.cql,measured,native_rag,0,22.923625,1256,TRUE,
paper-138441-topk-10-depth-0,rag_retrieve.cql,measured,native_rag,0,3.514167,10,TRUE,
paper-138441-topk-10-depth-1,rag_retrieve.cql,measured,native_rag,0,4.595125,79,TRUE,
paper-138441-topk-10-depth-2,rag_retrieve.cql,measured,native_rag,0,28.536708,1518,TRUE,
paper-128943-topk-1-depth-0,rag_retrieve.cql,measured,native_rag,0,0.758084,1,TRUE,
paper-128943-topk-1-depth-1,rag_retrieve.cql,measured,native_rag,0,0.859542,9,TRUE,
paper-128943-topk-1-depth-2,rag_retrieve.cql,measured,native_rag,0,13.135209,757,TRUE,
paper-128943-topk-3-depth-0,rag_retrieve.cql,measured,native_rag,0,1.307375,3,TRUE,
paper-128943-topk-3-depth-1,rag_retrieve.cql,measured,native_rag,0,2.085334,53,TRUE,
paper-128943-topk-3-depth-2,rag_retrieve.cql,measured,native_rag,0,379.980708,21991,TRUE,
paper-128943-topk-5-depth-0,rag_retrieve.cql,measured,native_rag,0,1.875583,5,TRUE,
paper-128943-topk-5-depth-1,rag_retrieve.cql,measured,native_rag,0,2.815125,67,TRUE,
paper-128943-topk-5-depth-2,rag_retrieve.cql,measured,native_rag,0,398.874333,22999,TRUE,
paper-128943-topk-10-depth-0,rag_retrieve.cql,measured,native_rag,0,4.377167,10,TRUE,
paper-128943-topk-10-depth-1,rag_retrieve.cql,measured,native_rag,0,5.561083,84,TRUE,
paper-128943-topk-10-depth-2,rag_retrieve.cql,measured,native_rag,0,544.549375,31103,TRUE,
paper-134693-topk-1-depth-0,rag_retrieve.cql,measured,native_rag,0,1.108541,1,TRUE,
paper-134693-topk-1-depth-1,rag_retrieve.cql,measured,native_rag,0,1.596000,43,TRUE,
paper-134693-topk-1-depth-2,rag_retrieve.cql,measured,native_rag,0,547.268667,31754,TRUE,
paper-134693-topk-3-depth-0,rag_retrieve.cql,measured,native_rag,0,1.507750,3,TRUE,
paper-134693-topk-3-depth-1,rag_retrieve.cql,measured,native_rag,0,2.596833,80,TRUE,
paper-134693-topk-3-depth-2,rag_retrieve.cql,measured,native_rag,0,404.112333,23301,TRUE,
paper-134693-topk-5-depth-0,rag_retrieve.cql,measured,native_rag,0,2.195000,5,TRUE,
paper-134693-topk-5-depth-1,rag_retrieve.cql,measured,native_rag,0,3.754209,111,TRUE,
paper-134693-topk-5-depth-2,rag_retrieve.cql,measured,native_rag,0,402.502500,23432,TRUE,
paper-134693-topk-10-depth-0,rag_retrieve.cql,measured,native_rag,0,5.273708,10,TRUE,
paper-134693-topk-10-depth-1,rag_retrieve.cql,measured,native_rag,0,7.128000,110,TRUE,
paper-134693-topk-10-depth-2,rag_retrieve.cql,measured,native_rag,0,385.277792,20935,TRUE,
paper-43177-topk-1-depth-0,rag_retrieve.cql,measured,native_rag,0,0.933000,1,TRUE,
paper-43177-topk-1-depth-1,rag_retrieve.cql,measured,native_rag,0,0.856333,2,TRUE,
paper-43177-topk-1-depth-2,rag_retrieve.cql,measured,native_rag,0,4.524792,210,TRUE,
paper-43177-topk-3-depth-0,rag_retrieve.cql,measured,native_rag,0,1.418958,3,TRUE,
paper-43177-topk-3-depth-1,rag_retrieve.cql,measured,native_rag,0,2.277000,65,TRUE,
paper-43177-topk-3-depth-2,rag_retrieve.cql,measured,native_rag,0,426.239375,24496,TRUE,
paper-43177-topk-5-depth-0,rag_retrieve.cql,measured,native_rag,0,1.938458,5,TRUE,
paper-43177-topk-5-depth-1,rag_retrieve.cql,measured,native_rag,0,3.132083,85,TRUE,
paper-43177-topk-5-depth-2,rag_retrieve.cql,measured,native_rag,0,462.857250,24627,TRUE,
paper-43177-topk-10-depth-0,rag_retrieve.cql,measured,native_rag,0,5.719333,10,TRUE,
paper-43177-topk-10-depth-1,rag_retrieve.cql,measured,native_rag,0,6.964916,121,TRUE,
paper-43177-topk-10-depth-2,rag_retrieve.cql,measured,native_rag,0,461.515833,25833,TRUE,
paper-52651-topk-1-depth-0,rag_retrieve.cql,measured,native_rag,0,1.111042,1,TRUE,
paper-52651-topk-1-depth-1,rag_retrieve.cql,measured,native_rag,0,0.933375,4,TRUE,
paper-52651-topk-1-depth-2,rag_retrieve.cql,measured,native_rag,0,1.050875,8,TRUE,
paper-52651-topk-3-depth-0,rag_retrieve.cql,measured,native_rag,0,1.136958,3,TRUE,
paper-52651-topk-3-depth-1,rag_retrieve.cql,measured,native_rag,0,1.299500,18,TRUE,
paper-52651-topk-3-depth-2,rag_retrieve.cql,measured,native_rag,0,2.627791,87,TRUE,
paper-52651-topk-5-depth-0,rag_retrieve.cql,measured,native_rag,0,1.678084,5,TRUE,
paper-52651-topk-5-depth-1,rag_retrieve.cql,measured,native_rag,0,2.116459,24,TRUE,
paper-52651-topk-5-depth-2,rag_retrieve.cql,measured,native_rag,0,3.367041,105,TRUE,
paper-52651-topk-10-depth-0,rag_retrieve.cql,measured,native_rag,0,2.616541,10,TRUE,
paper-52651-topk-10-depth-1,rag_retrieve.cql,measured,native_rag,0,3.101625,43,TRUE,
paper-52651-topk-10-depth-2,rag_retrieve.cql,measured,native_rag,0,329.459084,19345,TRUE,
paper-155548-topk-1-depth-0,rag_retrieve.cql,measured,native_rag,0,1.126542,1,TRUE,
paper-155548-topk-1-depth-1,rag_retrieve.cql,measured,native_rag,0,1.010750,3,TRUE,
paper-155548-topk-1-depth-2,rag_retrieve.cql,measured,native_rag,0,79.168084,4786,TRUE,
paper-155548-topk-3-depth-0,rag_retrieve.cql,measured,native_rag,0,1.510000,3,TRUE,
paper-155548-topk-3-depth-1,rag_retrieve.cql,measured,native_rag,0,4.636541,36,TRUE,
paper-155548-topk-3-depth-2,rag_retrieve.cql,measured,native_rag,0,324.458958,18220,TRUE,
paper-155548-topk-5-depth-0,rag_retrieve.cql,measured,native_rag,0,2.721250,5,TRUE,
paper-155548-topk-5-depth-1,rag_retrieve.cql,measured,native_rag,0,2.749667,48,TRUE,
paper-155548-topk-5-depth-2,rag_retrieve.cql,measured,native_rag,0,472.893042,26962,TRUE,
paper-155548-topk-10-depth-0,rag_retrieve.cql,measured,native_rag,0,4.661250,10,TRUE,
paper-155548-topk-10-depth-1,rag_retrieve.cql,measured,native_rag,0,7.020625,118,TRUE,
paper-155548-topk-10-depth-2,rag_retrieve.cql,measured,native_rag,0,500.355292,28480,TRUE,
paper-117096-topk-1-depth-0,rag_retrieve.cql,measured,native_rag,0,1.033208,1,TRUE,
paper-117096-topk-1-depth-1,rag_retrieve.cql,measured,native_rag,0,1.230042,18,TRUE,
paper-117096-topk-1-depth-2,rag_retrieve.cql,measured,native_rag,0,31.870708,1806,TRUE,
paper-117096-topk-3-depth-0,rag_retrieve.cql,measured,native_rag,0,1.649916,3,TRUE,
paper-117096-topk-3-depth-1,rag_retrieve.cql,measured,native_rag,0,1.840833,26,TRUE,
paper-117096-topk-3-depth-2,rag_retrieve.cql,measured,native_rag,0,266.756250,15447,TRUE,
paper-117096-topk-5-depth-0,rag_retrieve.cql,measured,native_rag,0,1.731792,5,TRUE,
paper-117096-topk-5-depth-1,rag_retrieve.cql,measured,native_rag,0,2.268292,41,TRUE,
paper-117096-topk-5-depth-2,rag_retrieve.cql,measured,native_rag,0,270.603958,15607,TRUE,
paper-117096-topk-10-depth-0,rag_retrieve.cql,measured,native_rag,0,4.456834,10,TRUE,
paper-117096-topk-10-depth-1,rag_retrieve.cql,measured,native_rag,0,6.359917,141,TRUE,
paper-117096-topk-10-depth-2,rag_retrieve.cql,measured,native_rag,0,538.390708,30790,TRUE,
paper-3867-topk-1-depth-0,rag_retrieve.cql,measured,native_rag,0,1.089417,1,TRUE,
paper-3867-topk-1-depth-1,rag_retrieve.cql,measured,native_rag,0,1.004750,8,TRUE,
paper-3867-topk-1-depth-2,rag_retrieve.cql,measured,native_rag,0,286.492000,16545,TRUE,
paper-3867-topk-3-depth-0,rag_retrieve.cql,measured,native_rag,0,1.442959,3,TRUE,
paper-3867-topk-3-depth-1,rag_retrieve.cql,measured,native_rag,0,1.853083,29,TRUE,
paper-3867-topk-3-depth-2,rag_retrieve.cql,measured,native_rag,0,335.879833,19302,TRUE,
paper-3867-topk-5-depth-0,rag_retrieve.cql,measured,native_rag,0,2.377292,5,TRUE,
paper-3867-topk-5-depth-1,rag_retrieve.cql,measured,native_rag,0,4.013000,106,TRUE,
paper-3867-topk-5-depth-2,rag_retrieve.cql,measured,native_rag,0,490.130583,27995,TRUE,
paper-3867-topk-10-depth-0,rag_retrieve.cql,measured,native_rag,0,5.680417,10,TRUE,
paper-3867-topk-10-depth-1,rag_retrieve.cql,measured,native_rag,0,8.037958,152,TRUE,
paper-3867-topk-10-depth-2,rag_retrieve.cql,measured,native_rag,0,550.301416,30620,TRUE,
paper-20390-topk-1-depth-0,rag_retrieve.cql,measured,native_rag,0,1.043125,1,TRUE,
paper-20390-topk-1-depth-1,rag_retrieve.cql,measured,native_rag,0,0.941666,5,TRUE,
paper-20390-topk-1-depth-2,rag_retrieve.cql,measured,native_rag,0,2.872584,117,TRUE,
paper-20390-topk-3-depth-0,rag_retrieve.cql,measured,native_rag,0,1.214333,3,TRUE,
paper-20390-topk-3-depth-1,rag_retrieve.cql,measured,native_rag,0,1.567958,23,TRUE,
paper-20390-topk-3-depth-2,rag_retrieve.cql,measured,native_rag,0,5.992417,270,TRUE,
paper-20390-topk-5-depth-0,rag_retrieve.cql,measured,native_rag,0,1.633375,5,TRUE,
paper-20390-topk-5-depth-1,rag_retrieve.cql,measured,native_rag,0,2.183750,39,TRUE,
paper-20390-topk-5-depth-2,rag_retrieve.cql,measured,native_rag,0,11.418959,555,TRUE,
paper-20390-topk-10-depth-0,rag_retrieve.cql,measured,native_rag,0,3.591125,10,TRUE,
paper-20390-topk-10-depth-1,rag_retrieve.cql,measured,native_rag,0,5.111666,100,TRUE,
paper-20390-topk-10-depth-2,rag_retrieve.cql,measured,native_rag,0,19.225291,968,TRUE,
paper-148696-topk-1-depth-0,rag_retrieve.cql,measured,native_rag,0,0.940625,1,TRUE,
paper-148696-topk-1-depth-1,rag_retrieve.cql,measured,native_rag,0,1.054208,13,TRUE,
paper-148696-topk-1-depth-2,rag_retrieve.cql,measured,native_rag,0,10.153125,525,TRUE,
paper-148696-topk-3-depth-0,rag_retrieve.cql,measured,native_rag,0,1.212000,3,TRUE,
paper-148696-topk-3-depth-1,rag_retrieve.cql,measured,native_rag,0,1.461042,18,TRUE,
paper-148696-topk-3-depth-2,rag_retrieve.cql,measured,native_rag,0,10.616083,564,TRUE,
paper-148696-topk-5-depth-0,rag_retrieve.cql,measured,native_rag,0,1.701875,5,TRUE,
paper-148696-topk-5-depth-1,rag_retrieve.cql,measured,native_rag,0,2.551583,59,TRUE,
paper-148696-topk-5-depth-2,rag_retrieve.cql,measured,native_rag,0,279.132625,16121,TRUE,
paper-148696-topk-10-depth-0,rag_retrieve.cql,measured,native_rag,0,4.019792,10,TRUE,
paper-148696-topk-10-depth-1,rag_retrieve.cql,measured,native_rag,0,5.950416,127,TRUE,
paper-148696-topk-10-depth-2,rag_retrieve.cql,measured,native_rag,0,402.052041,23079,TRUE,
paper-126765-topk-1-depth-0,rag_retrieve.cql,measured,native_rag,0,0.992625,1,TRUE,
paper-126765-topk-1-depth-1,rag_retrieve.cql,measured,native_rag,0,1.115708,16,TRUE,
paper-126765-topk-1-depth-2,rag_retrieve.cql,measured,native_rag,0,2.583375,100,TRUE,
paper-126765-topk-3-depth-0,rag_retrieve.cql,measured,native_rag,0,1.406917,3,TRUE,
paper-126765-topk-3-depth-1,rag_retrieve.cql,measured,native_rag,0,1.903875,41,TRUE,
paper-126765-topk-3-depth-2,rag_retrieve.cql,measured,native_rag,0,7.459000,371,TRUE,
paper-126765-topk-5-depth-0,rag_retrieve.cql,measured,native_rag,0,1.747417,5,TRUE,
paper-126765-topk-5-depth-1,rag_retrieve.cql,measured,native_rag,0,2.306833,43,TRUE,
paper-126765-topk-5-depth-2,rag_retrieve.cql,measured,native_rag,0,8.172375,401,TRUE,
paper-126765-topk-10-depth-0,rag_retrieve.cql,measured,native_rag,0,3.782708,10,TRUE,
paper-126765-topk-10-depth-1,rag_retrieve.cql,measured,native_rag,0,5.109833,106,TRUE,
paper-126765-topk-10-depth-2,rag_retrieve.cql,measured,native_rag,0,45.655459,2478,TRUE,
paper-93768-topk-1-depth-0,rag_retrieve.cql,measured,native_rag,0,0.868833,1,TRUE,
paper-93768-topk-1-depth-1,rag_retrieve.cql,measured,native_rag,0,0.874750,2,TRUE,
paper-93768-topk-1-depth-2,rag_retrieve.cql,measured,native_rag,0,0.954917,8,TRUE,
paper-93768-topk-3-depth-0,rag_retrieve.cql,measured,native_rag,0,1.101917,3,TRUE,
paper-93768-topk-3-depth-1,rag_retrieve.cql,measured,native_rag,0,1.275084,14,TRUE,
paper-93768-topk-3-depth-2,rag_retrieve.cql,measured,native_rag,0,117.066166,6811,TRUE,
paper-93768-topk-5-depth-0,rag_retrieve.cql,measured,native_rag,0,1.648625,5,TRUE,
paper-93768-topk-5-depth-1,rag_retrieve.cql,measured,native_rag,0,2.152250,37,TRUE,
paper-93768-topk-5-depth-2,rag_retrieve.cql,measured,native_rag,0,190.075791,10684,TRUE,
paper-93768-topk-10-depth-0,rag_retrieve.cql,measured,native_rag,0,3.215083,10,TRUE,
paper-93768-topk-10-depth-1,rag_retrieve.cql,measured,native_rag,0,4.677125,101,TRUE,
paper-93768-topk-10-depth-2,rag_retrieve.cql,measured,native_rag,0,335.861958,19011,TRUE,
paper-163426-topk-1-depth-0,rag_retrieve.cql,measured,native_rag,0,1.069500,1,TRUE,
paper-163426-topk-1-depth-1,rag_retrieve.cql,measured,native_rag,0,1.174959,16,TRUE,
paper-163426-topk-1-depth-2,rag_retrieve.cql,measured,native_rag,0,9.267083,499,TRUE,
paper-163426-topk-3-depth-0,rag_retrieve.cql,measured,native_rag,0,1.392583,3,TRUE,
paper-163426-topk-3-depth-1,rag_retrieve.cql,measured,native_rag,0,2.219500,49,TRUE,
paper-163426-topk-3-depth-2,rag_retrieve.cql,measured,native_rag,0,369.196709,21102,TRUE,
paper-163426-topk-5-depth-0,rag_retrieve.cql,measured,native_rag,0,2.351541,5,TRUE,
paper-163426-topk-5-depth-1,rag_retrieve.cql,measured,native_rag,0,5.125125,178,TRUE,
paper-163426-topk-5-depth-2,rag_retrieve.cql,measured,native_rag,0,541.485750,31121,TRUE,
paper-163426-topk-10-depth-0,rag_retrieve.cql,measured,native_rag,0,7.762833,10,TRUE,
paper-163426-topk-10-depth-1,rag_retrieve.cql,measured,native_rag,0,10.914875,212,TRUE,
paper-163426-topk-10-depth-2,rag_retrieve.cql,measured,native_rag,0,508.409875,28820,TRUE,
paper-46013-topk-1-depth-0,rag_retrieve.cql,measured,native_rag,0,0.953959,1,TRUE,
paper-46013-topk-1-depth-1,rag_retrieve.cql,measured,native_rag,0,0.957666,8,TRUE,
paper-46013-topk-1-depth-2,rag_retrieve.cql,measured,native_rag,0,73.589500,4262,TRUE,
paper-46013-topk-3-depth-0,rag_retrieve.cql,measured,native_rag,0,1.269333,3,TRUE,
paper-46013-topk-3-depth-1,rag_retrieve.cql,measured,native_rag,0,2.024291,52,TRUE,
paper-46013-topk-3-depth-2,rag_retrieve.cql,measured,native_rag,0,222.104834,12846,TRUE,
paper-46013-topk-5-depth-0,rag_retrieve.cql,measured,native_rag,0,2.129917,5,TRUE,
paper-46013-topk-5-depth-1,rag_retrieve.cql,measured,native_rag,0,3.867708,117,TRUE,
paper-46013-topk-5-depth-2,rag_retrieve.cql,measured,native_rag,0,449.554916,25602,TRUE,
paper-46013-topk-10-depth-0,rag_retrieve.cql,measured,native_rag,0,5.384625,10,TRUE,
paper-46013-topk-10-depth-1,rag_retrieve.cql,measured,native_rag,0,8.356084,170,TRUE,
paper-46013-topk-10-depth-2,rag_retrieve.cql,measured,native_rag,0,529.713333,30325,TRUE,
paper-142487-topk-1-depth-0,rag_retrieve.cql,measured,native_rag,0,1.141625,1,TRUE,
paper-142487-topk-1-depth-1,rag_retrieve.cql,measured,native_rag,0,0.946958,2,TRUE,
paper-142487-topk-1-depth-2,rag_retrieve.cql,measured,native_rag,0,1.165500,16,TRUE,
paper-142487-topk-3-depth-0,rag_retrieve.cql,measured,native_rag,0,1.136625,3,TRUE,
paper-142487-topk-3-depth-1,rag_retrieve.cql,measured,native_rag,0,1.592417,31,TRUE,
paper-142487-topk-3-depth-2,rag_retrieve.cql,measured,native_rag,0,426.346875,24131,TRUE,
paper-142487-topk-5-depth-0,rag_retrieve.cql,measured,native_rag,0,1.567167,5,TRUE,
paper-142487-topk-5-depth-1,rag_retrieve.cql,measured,native_rag,0,2.242750,48,TRUE,
paper-142487-topk-5-depth-2,rag_retrieve.cql,measured,native_rag,0,442.537625,25215,TRUE,
paper-142487-topk-10-depth-0,rag_retrieve.cql,measured,native_rag,0,3.809292,10,TRUE,
paper-142487-topk-10-depth-1,rag_retrieve.cql,measured,native_rag,0,4.979500,100,TRUE,
paper-142487-topk-10-depth-2,rag_retrieve.cql,measured,native_rag,0,511.161625,28773,TRUE,
paper-106627-topk-1-depth-0,rag_retrieve.cql,measured,native_rag,0,1.278125,1,TRUE,
paper-106627-topk-1-depth-1,rag_retrieve.cql,measured,native_rag,0,1.107250,9,TRUE,
paper-106627-topk-1-depth-2,rag_retrieve.cql,measured,native_rag,0,2.947542,107,TRUE,
paper-106627-topk-3-depth-0,rag_retrieve.cql,measured,native_rag,0,1.211750,3,TRUE,
paper-106627-topk-3-depth-1,rag_retrieve.cql,measured,native_rag,0,1.491208,13,TRUE,
paper-106627-topk-3-depth-2,rag_retrieve.cql,measured,native_rag,0,3.794500,152,TRUE,
paper-106627-topk-5-depth-0,rag_retrieve.cql,measured,native_rag,0,1.611542,5,TRUE,
paper-106627-topk-5-depth-1,rag_retrieve.cql,measured,native_rag,0,2.178666,39,TRUE,
paper-106627-topk-5-depth-2,rag_retrieve.cql,measured,native_rag,0,118.615375,6855,TRUE,
paper-106627-topk-10-depth-0,rag_retrieve.cql,measured,native_rag,0,3.650166,10,TRUE,
paper-106627-topk-10-depth-1,rag_retrieve.cql,measured,native_rag,0,4.635958,80,TRUE,
paper-106627-topk-10-depth-2,rag_retrieve.cql,measured,native_rag,0,128.083541,7205,TRUE,
paper-113616-topk-1-depth-0,rag_retrieve.cql,measured,native_rag,0,1.056042,1,TRUE,
paper-113616-topk-1-depth-1,rag_retrieve.cql,measured,native_rag,0,1.297375,22,TRUE,
paper-113616-topk-1-depth-2,rag_retrieve.cql,measured,native_rag,0,253.368958,14461,TRUE,
paper-113616-topk-3-depth-0,rag_retrieve.cql,measured,native_rag,0,1.616958,3,TRUE,
paper-113616-topk-3-depth-1,rag_retrieve.cql,measured,native_rag,0,2.378709,66,TRUE,
paper-113616-topk-3-depth-2,rag_retrieve.cql,measured,native_rag,0,304.824583,17434,TRUE,
paper-113616-topk-5-depth-0,rag_retrieve.cql,measured,native_rag,0,2.147208,5,TRUE,
paper-113616-topk-5-depth-1,rag_retrieve.cql,measured,native_rag,0,4.475833,147,TRUE,
paper-113616-topk-5-depth-2,rag_retrieve.cql,measured,native_rag,0,443.911583,25765,TRUE,
paper-113616-topk-10-depth-0,rag_retrieve.cql,measured,native_rag,0,5.830500,10,TRUE,
paper-113616-topk-10-depth-1,rag_retrieve.cql,measured,native_rag,0,8.687375,173,TRUE,
paper-113616-topk-10-depth-2,rag_retrieve.cql,measured,native_rag,0,630.134625,35413,TRUE,
paper-3796-topk-1-depth-0,rag_retrieve.cql,measured,native_rag,0,1.034500,1,TRUE,
paper-3796-topk-1-depth-1,rag_retrieve.cql,measured,native_rag,0,1.133916,13,TRUE,
paper-3796-topk-1-depth-2,rag_retrieve.cql,measured,native_rag,0,63.536417,3546,TRUE,
paper-3796-topk-3-depth-0,rag_retrieve.cql,measured,native_rag,0,1.734500,3,TRUE,
paper-3796-topk-3-depth-1,rag_retrieve.cql,measured,native_rag,0,1.663708,18,TRUE,
paper-3796-topk-3-depth-2,rag_retrieve.cql,measured,native_rag,0,62.294916,3584,TRUE,
paper-3796-topk-5-depth-0,rag_retrieve.cql,measured,native_rag,0,1.966708,5,TRUE,
paper-3796-topk-5-depth-1,rag_retrieve.cql,measured,native_rag,0,2.270541,33,TRUE,
paper-3796-topk-5-depth-2,rag_retrieve.cql,measured,native_rag,0,65.402417,3715,TRUE,
paper-3796-topk-10-depth-0,rag_retrieve.cql,measured,native_rag,0,3.544208,10,TRUE,
paper-3796-topk-10-depth-1,rag_retrieve.cql,measured,native_rag,0,4.149000,65,TRUE,
paper-3796-topk-10-depth-2,rag_retrieve.cql,measured,native_rag,0,149.226417,8574,TRUE,
paper-116258-topk-1-depth-0,rag_retrieve.cql,measured,native_rag,0,1.371375,1,TRUE,
paper-116258-topk-1-depth-1,rag_retrieve.cql,measured,native_rag,0,1.201333,3,TRUE,
paper-116258-topk-1-depth-2,rag_retrieve.cql,measured,native_rag,0,1.028833,4,TRUE,
paper-116258-topk-3-depth-0,rag_retrieve.cql,measured,native_rag,0,1.347791,3,TRUE,
paper-116258-topk-3-depth-1,rag_retrieve.cql,measured,native_rag,0,1.313042,8,TRUE,
paper-116258-topk-3-depth-2,rag_retrieve.cql,measured,native_rag,0,4.322875,178,TRUE,
paper-116258-topk-5-depth-0,rag_retrieve.cql,measured,native_rag,0,2.256959,5,TRUE,
paper-116258-topk-5-depth-1,rag_retrieve.cql,measured,native_rag,0,1.737500,14,TRUE,
paper-116258-topk-5-depth-2,rag_retrieve.cql,measured,native_rag,0,9.927000,486,TRUE,
paper-116258-topk-10-depth-0,rag_retrieve.cql,measured,native_rag,0,2.642833,10,TRUE,
paper-116258-topk-10-depth-1,rag_retrieve.cql,measured,native_rag,0,3.308167,31,TRUE,
paper-116258-topk-10-depth-2,rag_retrieve.cql,measured,native_rag,0,15.156750,674,TRUE,
paper-107118-topk-1-depth-0,rag_retrieve.cql,measured,native_rag,0,1.017667,1,TRUE,
paper-107118-topk-1-depth-1,rag_retrieve.cql,measured,native_rag,0,0.894500,2,TRUE,
paper-107118-topk-1-depth-2,rag_retrieve.cql,measured,native_rag,0,0.940666,5,TRUE,
paper-107118-topk-3-depth-0,rag_retrieve.cql,measured,native_rag,0,1.280792,3,TRUE,
paper-107118-topk-3-depth-1,rag_retrieve.cql,measured,native_rag,0,3.229166,111,TRUE,
paper-107118-topk-3-depth-2,rag_retrieve.cql,measured,native_rag,0,429.351292,24540,TRUE,
paper-107118-topk-5-depth-0,rag_retrieve.cql,measured,native_rag,0,1.949125,5,TRUE,
paper-107118-topk-5-depth-1,rag_retrieve.cql,measured,native_rag,0,4.328875,148,TRUE,
paper-107118-topk-5-depth-2,rag_retrieve.cql,measured,native_rag,0,434.675875,24655,TRUE,
paper-107118-topk-10-depth-0,rag_retrieve.cql,measured,native_rag,0,11.885000,10,TRUE,
paper-107118-topk-10-depth-1,rag_retrieve.cql,measured,native_rag,0,9.140000,162,TRUE,
paper-107118-topk-10-depth-2,rag_retrieve.cql,measured,native_rag,0,558.747250,31456,TRUE,
paper-47269-topk-1-depth-0,rag_retrieve.cql,measured,native_rag,0,1.218458,1,TRUE,
paper-47269-topk-1-depth-1,rag_retrieve.cql,measured,native_rag,0,1.351125,23,TRUE,
paper-47269-topk-1-depth-2,rag_retrieve.cql,measured,native_rag,0,65.128208,3781,TRUE,
paper-47269-topk-3-depth-0,rag_retrieve.cql,measured,native_rag,0,1.624916,3,TRUE,
paper-47269-topk-3-depth-1,rag_retrieve.cql,measured,native_rag,0,1.742875,32,TRUE,
paper-47269-topk-3-depth-2,rag_retrieve.cql,measured,native_rag,0,82.054208,4736,TRUE,
paper-47269-topk-5-depth-0,rag_retrieve.cql,measured,native_rag,0,2.182667,5,TRUE,
paper-47269-topk-5-depth-1,rag_retrieve.cql,measured,native_rag,0,2.455541,45,TRUE,
paper-47269-topk-5-depth-2,rag_retrieve.cql,measured,native_rag,0,419.467583,23981,TRUE,
paper-47269-topk-10-depth-0,rag_retrieve.cql,measured,native_rag,0,4.656500,10,TRUE,
paper-47269-topk-10-depth-1,rag_retrieve.cql,measured,native_rag,0,5.995042,105,TRUE,
paper-47269-topk-10-depth-2,rag_retrieve.cql,measured,native_rag,0,579.231917,32665,TRUE,
paper-81740-topk-1-depth-0,rag_retrieve.cql,measured,native_rag,0,1.126583,1,TRUE,
paper-81740-topk-1-depth-1,rag_retrieve.cql,measured,native_rag,0,0.969417,2,TRUE,
paper-81740-topk-1-depth-2,rag_retrieve.cql,measured,native_rag,0,1.456750,31,TRUE,
paper-81740-topk-3-depth-0,rag_retrieve.cql,measured,native_rag,0,1.234750,3,TRUE,
paper-81740-topk-3-depth-1,rag_retrieve.cql,measured,native_rag,0,1.563042,19,TRUE,
paper-81740-topk-3-depth-2,rag_retrieve.cql,measured,native_rag,0,20.996583,1148,TRUE,
paper-81740-topk-5-depth-0,rag_retrieve.cql,measured,native_rag,0,1.615042,5,TRUE,
paper-81740-topk-5-depth-1,rag_retrieve.cql,measured,native_rag,0,3.207125,100,TRUE,
paper-81740-topk-5-depth-2,rag_retrieve.cql,measured,native_rag,0,146.714750,8411,TRUE,
paper-81740-topk-10-depth-0,rag_retrieve.cql,measured,native_rag,0,3.568167,10,TRUE,
paper-81740-topk-10-depth-1,rag_retrieve.cql,measured,native_rag,0,5.800625,131,TRUE,
paper-81740-topk-10-depth-2,rag_retrieve.cql,measured,native_rag,0,159.024792,8955,TRUE,
paper-82592-topk-1-depth-0,rag_retrieve.cql,measured,native_rag,0,0.955958,1,TRUE,
paper-82592-topk-1-depth-1,rag_retrieve.cql,measured,native_rag,0,1.151459,25,TRUE,
paper-82592-topk-1-depth-2,rag_retrieve.cql,measured,native_rag,0,280.876334,16141,TRUE,
paper-82592-topk-3-depth-0,rag_retrieve.cql,measured,native_rag,0,1.193917,3,TRUE,
paper-82592-topk-3-depth-1,rag_retrieve.cql,measured,native_rag,0,1.891125,43,TRUE,
paper-82592-topk-3-depth-2,rag_retrieve.cql,measured,native_rag,0,363.317167,20814,TRUE,
paper-82592-topk-5-depth-0,rag_retrieve.cql,measured,native_rag,0,2.114375,5,TRUE,
paper-82592-topk-5-depth-1,rag_retrieve.cql,measured,native_rag,0,3.255750,77,TRUE,
paper-82592-topk-5-depth-2,rag_retrieve.cql,measured,native_rag,0,395.638084,22787,TRUE,
paper-82592-topk-10-depth-0,rag_retrieve.cql,measured,native_rag,0,5.722791,10,TRUE,
paper-82592-topk-10-depth-1,rag_retrieve.cql,measured,native_rag,0,6.840041,86,TRUE,
paper-82592-topk-10-depth-2,rag_retrieve.cql,measured,native_rag,0,261.470458,14763,TRUE,
paper-74258-topk-1-depth-0,rag_retrieve.cql,measured,native_rag,0,0.993541,1,TRUE,
paper-74258-topk-1-depth-1,rag_retrieve.cql,measured,native_rag,0,0.848625,2,TRUE,
paper-74258-topk-1-depth-2,rag_retrieve.cql,measured,native_rag,0,0.858375,4,TRUE,
paper-74258-topk-3-depth-0,rag_retrieve.cql,measured,native_rag,0,1.374375,3,TRUE,
paper-74258-topk-3-depth-1,rag_retrieve.cql,measured,native_rag,0,2.018083,44,TRUE,
paper-74258-topk-3-depth-2,rag_retrieve.cql,measured,native_rag,0,368.917042,21259,TRUE,
paper-74258-topk-5-depth-0,rag_retrieve.cql,measured,native_rag,0,1.978333,5,TRUE,
paper-74258-topk-5-depth-1,rag_retrieve.cql,measured,native_rag,0,2.148792,26,TRUE,
paper-74258-topk-5-depth-2,rag_retrieve.cql,measured,native_rag,0,240.628834,13978,TRUE,
paper-74258-topk-10-depth-0,rag_retrieve.cql,measured,native_rag,0,4.975583,10,TRUE,
paper-74258-topk-10-depth-1,rag_retrieve.cql,measured,native_rag,0,8.060708,192,TRUE,
paper-74258-topk-10-depth-2,rag_retrieve.cql,measured,native_rag,0,480.356083,27414,TRUE,
paper-165938-topk-1-depth-0,rag_retrieve.cql,measured,native_rag,0,1.106625,1,TRUE,
paper-165938-topk-1-depth-1,rag_retrieve.cql,measured,native_rag,0,0.989167,6,TRUE,
paper-165938-topk-1-depth-2,rag_retrieve.cql,measured,native_rag,0,3.826875,164,TRUE,
paper-165938-topk-3-depth-0,rag_retrieve.cql,measured,native_rag,0,1.315833,3,TRUE,
paper-165938-topk-3-depth-1,rag_retrieve.cql,measured,native_rag,0,1.462375,15,TRUE,
paper-165938-topk-3-depth-2,rag_retrieve.cql,measured,native_rag,0,4.398417,188,TRUE,
paper-165938-topk-5-depth-0,rag_retrieve.cql,measured,native_rag,0,1.575333,5,TRUE,
paper-165938-topk-5-depth-1,rag_retrieve.cql,measured,native_rag,0,1.996208,28,TRUE,
paper-165938-topk-5-depth-2,rag_retrieve.cql,measured,native_rag,0,6.497625,299,TRUE,
paper-165938-topk-10-depth-0,rag_retrieve.cql,measured,native_rag,0,3.872833,10,TRUE,
paper-165938-topk-10-depth-1,rag_retrieve.cql,measured,native_rag,0,6.488375,88,TRUE,
paper-165938-topk-10-depth-2,rag_retrieve.cql,measured,native_rag,0,319.951375,18290,TRUE,
paper-30317-topk-1-depth-0,rag_retrieve.cql,measured,native_rag,0,0.967417,1,TRUE,
paper-30317-topk-1-depth-1,rag_retrieve.cql,measured,native_rag,0,0.855500,2,TRUE,
paper-30317-topk-1-depth-2,rag_retrieve.cql,measured,native_rag,0,1.036500,13,TRUE,
paper-30317-topk-3-depth-0,rag_retrieve.cql,measured,native_rag,0,1.240583,3,TRUE,
paper-30317-topk-3-depth-1,rag_retrieve.cql,measured,native_rag,0,1.393292,11,TRUE,
paper-30317-topk-3-depth-2,rag_retrieve.cql,measured,native_rag,0,1.842708,36,TRUE,
paper-30317-topk-5-depth-0,rag_retrieve.cql,measured,native_rag,0,1.538125,5,TRUE,
paper-30317-topk-5-depth-1,rag_retrieve.cql,measured,native_rag,0,1.730166,20,TRUE,
paper-30317-topk-5-depth-2,rag_retrieve.cql,measured,native_rag,0,4.484917,178,TRUE,
paper-30317-topk-10-depth-0,rag_retrieve.cql,measured,native_rag,0,3.388292,10,TRUE,
paper-30317-topk-10-depth-1,rag_retrieve.cql,measured,native_rag,0,4.095708,61,TRUE,
paper-30317-topk-10-depth-2,rag_retrieve.cql,measured,native_rag,0,10.928375,450,TRUE,
paper-3734-topk-1-depth-0,rag_retrieve.cql,measured,native_rag,0,0.948458,1,TRUE,
paper-3734-topk-1-depth-1,rag_retrieve.cql,measured,native_rag,0,1.088792,11,TRUE,
paper-3734-topk-1-depth-2,rag_retrieve.cql,measured,native_rag,0,9.249416,380,TRUE,
paper-3734-topk-3-depth-0,rag_retrieve.cql,measured,native_rag,0,2.077791,3,TRUE,
paper-3734-topk-3-depth-1,rag_retrieve.cql,measured,native_rag,0,1.842583,15,TRUE,
paper-3734-topk-3-depth-2,rag_retrieve.cql,measured,native_rag,0,9.468875,399,TRUE,
paper-3734-topk-5-depth-0,rag_retrieve.cql,measured,native_rag,0,3.313459,5,TRUE,
paper-3734-topk-5-depth-1,rag_retrieve.cql,measured,native_rag,0,2.135667,22,TRUE,
paper-3734-topk-5-depth-2,rag_retrieve.cql,measured,native_rag,0,11.729250,484,TRUE,
paper-3734-topk-10-depth-0,rag_retrieve.cql,measured,native_rag,0,4.437417,10,TRUE,
paper-3734-topk-10-depth-1,rag_retrieve.cql,measured,native_rag,0,8.291500,165,TRUE,
paper-3734-topk-10-depth-2,rag_retrieve.cql,measured,native_rag,0,39.252625,1978,TRUE,
paper-136213-topk-1-depth-0,rag_retrieve.cql,measured,native_rag,0,1.098083,1,TRUE,
paper-136213-topk-1-depth-1,rag_retrieve.cql,measured,native_rag,0,0.883250,2,TRUE,
paper-136213-topk-1-depth-2,rag_retrieve.cql,measured,native_rag,0,0.983250,3,TRUE,
paper-136213-topk-3-depth-0,rag_retrieve.cql,measured,native_rag,0,1.453666,3,TRUE,
paper-136213-topk-3-depth-1,rag_retrieve.cql,measured,native_rag,0,1.484875,11,TRUE,
paper-136213-topk-3-depth-2,rag_retrieve.cql,measured,native_rag,0,4.615334,182,TRUE,
paper-136213-topk-5-depth-0,rag_retrieve.cql,measured,native_rag,0,2.080875,5,TRUE,
paper-136213-topk-5-depth-1,rag_retrieve.cql,measured,native_rag,0,2.880250,51,TRUE,
paper-136213-topk-5-depth-2,rag_retrieve.cql,measured,native_rag,0,492.505875,20169,TRUE,
paper-136213-topk-10-depth-0,rag_retrieve.cql,measured,native_rag,0,9.289167,10,TRUE,
paper-136213-topk-10-depth-1,rag_retrieve.cql,measured,native_rag,0,23.859042,91,TRUE,
paper-136213-topk-10-depth-2,rag_retrieve.cql,measured,native_rag,0,1091.429666,8347,TRUE,
paper-115974-topk-1-depth-0,rag_retrieve.cql,measured,native_rag,0,1.492834,1,TRUE,
paper-115974-topk-1-depth-1,rag_retrieve.cql,measured,native_rag,0,1.223083,2,TRUE,
paper-115974-topk-1-depth-2,rag_retrieve.cql,measured,native_rag,0,1.322958,7,TRUE,
paper-115974-topk-3-depth-0,rag_retrieve.cql,measured,native_rag,0,1.777833,3,TRUE,
paper-115974-topk-3-depth-1,rag_retrieve.cql,measured,native_rag,0,3.811333,8,TRUE,
paper-115974-topk-3-depth-2,rag_retrieve.cql,measured,native_rag,0,9.858417,320,TRUE,
paper-115974-topk-5-depth-0,rag_retrieve.cql,measured,native_rag,0,3.407375,5,TRUE,
paper-115974-topk-5-depth-1,rag_retrieve.cql,measured,native_rag,0,5.626709,21,TRUE,
paper-115974-topk-5-depth-2,rag_retrieve.cql,measured,native_rag,0,19.412750,358,TRUE,
paper-115974-topk-10-depth-0,rag_retrieve.cql,measured,native_rag,0,13.907667,10,TRUE,
paper-115974-topk-10-depth-1,rag_retrieve.cql,measured,native_rag,0,15.737834,143,TRUE,
paper-115974-topk-10-depth-2,rag_retrieve.cql,measured,native_rag,0,35.193583,1534,TRUE,
paper-52280-topk-1-depth-0,rag_retrieve.cql,measured,native_rag,0,1.318625,1,TRUE,
paper-52280-topk-1-depth-1,rag_retrieve.cql,measured,native_rag,0,1.257583,8,TRUE,
paper-52280-topk-1-depth-2,rag_retrieve.cql,measured,native_rag,0,411.298083,22280,TRUE,
paper-52280-topk-3-depth-0,rag_retrieve.cql,measured,native_rag,0,2.943084,3,TRUE,
paper-52280-topk-3-depth-1,rag_retrieve.cql,measured,native_rag,0,1.789750,14,TRUE,
paper-52280-topk-3-depth-2,rag_retrieve.cql,measured,native_rag,0,411.534792,22640,TRUE,
paper-52280-topk-5-depth-0,rag_retrieve.cql,measured,native_rag,0,3.135000,5,TRUE,
paper-52280-topk-5-depth-1,rag_retrieve.cql,measured,native_rag,0,5.276500,58,TRUE,
paper-52280-topk-5-depth-2,rag_retrieve.cql,measured,native_rag,0,539.604542,29190,TRUE,
paper-52280-topk-10-depth-0,rag_retrieve.cql,measured,native_rag,0,7.400708,10,TRUE,
paper-52280-topk-10-depth-1,rag_retrieve.cql,measured,native_rag,0,8.405291,106,TRUE,
paper-52280-topk-10-depth-2,rag_retrieve.cql,measured,native_rag,0,458.006125,25724,TRUE,
paper-35080-topk-1-depth-0,rag_retrieve.cql,measured,native_rag,0,1.225750,1,TRUE,
paper-35080-topk-1-depth-1,rag_retrieve.cql,measured,native_rag,0,1.144708,8,TRUE,
paper-35080-topk-1-depth-2,rag_retrieve.cql,measured,native_rag,0,256.264166,14682,TRUE,
paper-35080-topk-3-depth-0,rag_retrieve.cql,measured,native_rag,0,1.731208,3,TRUE,
paper-35080-topk-3-depth-1,rag_retrieve.cql,measured,native_rag,0,2.004209,41,TRUE,
paper-35080-topk-3-depth-2,rag_retrieve.cql,measured,native_rag,0,648.059250,31898,TRUE,
paper-35080-topk-5-depth-0,rag_retrieve.cql,measured,native_rag,0,2.624750,5,TRUE,
paper-35080-topk-5-depth-1,rag_retrieve.cql,measured,native_rag,0,6.571042,248,TRUE,
paper-35080-topk-5-depth-2,rag_retrieve.cql,measured,native_rag,0,837.017458,28615,TRUE,
paper-35080-topk-10-depth-0,rag_retrieve.cql,measured,native_rag,0,10.425292,10,TRUE,
paper-35080-topk-10-depth-1,rag_retrieve.cql,measured,native_rag,0,17.753250,276,TRUE,
paper-35080-topk-10-depth-2,rag_retrieve.cql,measured,native_rag,0,531.659584,29735,TRUE,
paper-165862-topk-1-depth-0,rag_retrieve.cql,measured,native_rag,0,1.070458,1,TRUE,
paper-165862-topk-1-depth-1,rag_retrieve.cql,measured,native_rag,0,1.420916,28,TRUE,
paper-165862-topk-1-depth-2,rag_retrieve.cql,measured,native_rag,0,293.297959,16525,TRUE,
paper-165862-topk-3-depth-0,rag_retrieve.cql,measured,native_rag,0,1.646708,3,TRUE,
paper-165862-topk-3-depth-1,rag_retrieve.cql,measured,native_rag,0,2.056667,48,TRUE,
paper-165862-topk-3-depth-2,rag_retrieve.cql,measured,native_rag,0,403.170208,22539,TRUE,
paper-165862-topk-5-depth-0,rag_retrieve.cql,measured,native_rag,0,2.270542,5,TRUE,
paper-165862-topk-5-depth-1,rag_retrieve.cql,measured,native_rag,0,3.298292,69,TRUE,
paper-165862-topk-5-depth-2,rag_retrieve.cql,measured,native_rag,0,559.840459,31713,TRUE,
paper-165862-topk-10-depth-0,rag_retrieve.cql,measured,native_rag,0,5.680250,10,TRUE,
paper-165862-topk-10-depth-1,rag_retrieve.cql,measured,native_rag,0,7.515625,139,TRUE,
paper-165862-topk-10-depth-2,rag_retrieve.cql,measured,native_rag,0,639.785542,37007,TRUE,
paper-93501-topk-1-depth-0,rag_retrieve.cql,measured,native_rag,0,1.149459,1,TRUE,
paper-93501-topk-1-depth-1,rag_retrieve.cql,measured,native_rag,0,1.456417,30,TRUE,
paper-93501-topk-1-depth-2,rag_retrieve.cql,measured,native_rag,0,430.087834,24952,TRUE,
paper-93501-topk-3-depth-0,rag_retrieve.cql,measured,native_rag,0,1.474834,3,TRUE,
paper-93501-topk-3-depth-1,rag_retrieve.cql,measured,native_rag,0,2.146667,47,TRUE,
paper-93501-topk-3-depth-2,rag_retrieve.cql,measured,native_rag,0,454.822292,25989,TRUE,
paper-93501-topk-5-depth-0,rag_retrieve.cql,measured,native_rag,0,2.075583,5,TRUE,
paper-93501-topk-5-depth-1,rag_retrieve.cql,measured,native_rag,0,3.250250,83,TRUE,
paper-93501-topk-5-depth-2,rag_retrieve.cql,measured,native_rag,0,500.171292,27637,TRUE,
paper-93501-topk-10-depth-0,rag_retrieve.cql,measured,native_rag,0,5.989291,10,TRUE,
paper-93501-topk-10-depth-1,rag_retrieve.cql,measured,native_rag,0,7.908209,125,TRUE,
paper-93501-topk-10-depth-2,rag_retrieve.cql,measured,native_rag,0,328.858667,18610,TRUE,
paper-120133-topk-1-depth-0,rag_retrieve.cql,measured,native_rag,0,1.255917,1,TRUE,
paper-120133-topk-1-depth-1,rag_retrieve.cql,measured,native_rag,0,1.220459,15,TRUE,
paper-120133-topk-1-depth-2,rag_retrieve.cql,measured,native_rag,0,5.009541,226,TRUE,
paper-120133-topk-3-depth-0,rag_retrieve.cql,measured,native_rag,0,1.994125,3,TRUE,
paper-120133-topk-3-depth-1,rag_retrieve.cql,measured,native_rag,0,1.912542,37,TRUE,
paper-120133-topk-3-depth-2,rag_retrieve.cql,measured,native_rag,0,15.006583,773,TRUE,
paper-120133-topk-5-depth-0,rag_retrieve.cql,measured,native_rag,0,2.016209,5,TRUE,
paper-120133-topk-5-depth-1,rag_retrieve.cql,measured,native_rag,0,2.933916,62,TRUE,
paper-120133-topk-5-depth-2,rag_retrieve.cql,measured,native_rag,0,27.397667,1096,TRUE,
paper-120133-topk-10-depth-0,rag_retrieve.cql,measured,native_rag,0,4.282833,10,TRUE,
paper-120133-topk-10-depth-1,rag_retrieve.cql,measured,native_rag,0,6.380375,113,TRUE,
paper-120133-topk-10-depth-2,rag_retrieve.cql,measured,native_rag,0,36.611500,1806,TRUE,
paper-129199-topk-1-depth-0,rag_retrieve.cql,measured,native_rag,0,1.355209,1,TRUE,
paper-129199-topk-1-depth-1,rag_retrieve.cql,measured,native_rag,0,1.308125,13,TRUE,
paper-129199-topk-1-depth-2,rag_retrieve.cql,measured,native_rag,0,3.518125,125,TRUE,
paper-129199-topk-3-depth-0,rag_retrieve.cql,measured,native_rag,0,2.125291,3,TRUE,
paper-129199-topk-3-depth-1,rag_retrieve.cql,measured,native_rag,0,1.792334,25,TRUE,
paper-129199-topk-3-depth-2,rag_retrieve.cql,measured,native_rag,0,5.492417,218,TRUE,
paper-129199-topk-5-depth-0,rag_retrieve.cql,measured,native_rag,0,2.425584,5,TRUE,
paper-129199-topk-5-depth-1,rag_retrieve.cql,measured,native_rag,0,2.551500,31,TRUE,
paper-129199-topk-5-depth-2,rag_retrieve.cql,measured,native_rag,0,9.439458,412,TRUE,
paper-129199-topk-10-depth-0,rag_retrieve.cql,measured,native_rag,0,4.057250,10,TRUE,
paper-129199-topk-10-depth-1,rag_retrieve.cql,measured,native_rag,0,4.564875,52,TRUE,
paper-129199-topk-10-depth-2,rag_retrieve.cql,measured,native_rag,0,64.763125,1924,TRUE,
paper-119674-topk-1-depth-0,rag_retrieve.cql,measured,native_rag,0,1.233167,1,TRUE,
paper-119674-topk-1-depth-1,rag_retrieve.cql,measured,native_rag,0,6.576625,309,TRUE,
paper-119674-topk-1-depth-2,rag_retrieve.cql,measured,native_rag,0,455.480917,25156,TRUE,
paper-119674-topk-3-depth-0,rag_retrieve.cql,measured,native_rag,0,1.777750,3,TRUE,
paper-119674-topk-3-depth-1,rag_retrieve.cql,measured,native_rag,0,3.159875,28,TRUE,
paper-119674-topk-3-depth-2,rag_retrieve.cql,measured,native_rag,0,367.812041,19714,TRUE,
paper-119674-topk-5-depth-0,rag_retrieve.cql,measured,native_rag,0,2.112334,5,TRUE,
paper-119674-topk-5-depth-1,rag_retrieve.cql,measured,native_rag,0,3.155916,44,TRUE,
paper-119674-topk-5-depth-2,rag_retrieve.cql,measured,native_rag,0,361.048250,20376,TRUE,
paper-119674-topk-10-depth-0,rag_retrieve.cql,measured,native_rag,0,4.953542,10,TRUE,
paper-119674-topk-10-depth-1,rag_retrieve.cql,measured,native_rag,0,6.725291,104,TRUE,
paper-119674-topk-10-depth-2,rag_retrieve.cql,measured,native_rag,0,536.835666,30620,TRUE,
paper-156668-topk-1-depth-0,rag_retrieve.cql,measured,native_rag,0,1.158250,1,TRUE,
paper-156668-topk-1-depth-1,rag_retrieve.cql,measured,native_rag,0,0.975750,3,TRUE,
paper-156668-topk-1-depth-2,rag_retrieve.cql,measured,native_rag,0,1.306333,22,TRUE,
paper-156668-topk-3-depth-0,rag_retrieve.cql,measured,native_rag,0,1.371875,3,TRUE,
paper-156668-topk-3-depth-1,rag_retrieve.cql,measured,native_rag,0,1.649542,11,TRUE,
paper-156668-topk-3-depth-2,rag_retrieve.cql,measured,native_rag,0,2.356750,48,TRUE,
paper-156668-topk-5-depth-0,rag_retrieve.cql,measured,native_rag,0,2.297708,5,TRUE,
paper-156668-topk-5-depth-1,rag_retrieve.cql,measured,native_rag,0,2.346541,14,TRUE,
paper-156668-topk-5-depth-2,rag_retrieve.cql,measured,native_rag,0,5.355292,165,TRUE,
paper-156668-topk-10-depth-0,rag_retrieve.cql,measured,native_rag,0,3.356042,10,TRUE,
paper-156668-topk-10-depth-1,rag_retrieve.cql,measured,native_rag,0,4.681958,36,TRUE,
paper-156668-topk-10-depth-2,rag_retrieve.cql,measured,native_rag,0,23.036000,1138,TRUE,
paper-154208-topk-1-depth-0,rag_retrieve.cql,measured,native_rag,0,0.995333,1,TRUE,
paper-154208-topk-1-depth-1,rag_retrieve.cql,measured,native_rag,0,1.241042,14,TRUE,
paper-154208-topk-1-depth-2,rag_retrieve.cql,measured,native_rag,0,2.912083,111,TRUE,
paper-154208-topk-3-depth-0,rag_retrieve.cql,measured,native_rag,0,1.416084,3,TRUE,
paper-154208-topk-3-depth-1,rag_retrieve.cql,measured,native_rag,0,1.565875,15,TRUE,
paper-154208-topk-3-depth-2,rag_retrieve.cql,measured,native_rag,0,2.828916,90,TRUE,
paper-154208-topk-5-depth-0,rag_retrieve.cql,measured,native_rag,0,1.686166,5,TRUE,
paper-154208-topk-5-depth-1,rag_retrieve.cql,measured,native_rag,0,2.516916,48,TRUE,
paper-154208-topk-5-depth-2,rag_retrieve.cql,measured,native_rag,0,267.301000,15577,TRUE,
paper-154208-topk-10-depth-0,rag_retrieve.cql,measured,native_rag,0,4.050292,10,TRUE,
paper-154208-topk-10-depth-1,rag_retrieve.cql,measured,native_rag,0,4.287125,66,TRUE,
paper-154208-topk-10-depth-2,rag_retrieve.cql,measured,native_rag,0,348.296917,17734,TRUE,
paper-130914-topk-1-depth-0,rag_retrieve.cql,measured,native_rag,0,1.176542,1,TRUE,
paper-130914-topk-1-depth-1,rag_retrieve.cql,measured,native_rag,0,1.223250,15,TRUE,
paper-130914-topk-1-depth-2,rag_retrieve.cql,measured,native_rag,0,165.124958,9457,TRUE,
paper-130914-topk-3-depth-0,rag_retrieve.cql,measured,native_rag,0,2.030542,3,TRUE,
paper-130914-topk-3-depth-1,rag_retrieve.cql,measured,native_rag,0,4.335792,137,TRUE,
paper-130914-topk-3-depth-2,rag_retrieve.cql,measured,native_rag,0,500.327500,28931,TRUE,
paper-130914-topk-5-depth-0,rag_retrieve.cql,measured,native_rag,0,2.505500,5,TRUE,
paper-130914-topk-5-depth-1,rag_retrieve.cql,measured,native_rag,0,3.725584,90,TRUE,
paper-130914-topk-5-depth-2,rag_retrieve.cql,measured,native_rag,0,495.147375,28204,TRUE,
paper-130914-topk-10-depth-0,rag_retrieve.cql,measured,native_rag,0,9.088667,10,TRUE,
paper-130914-topk-10-depth-1,rag_retrieve.cql,measured,native_rag,0,9.092417,110,TRUE,
paper-130914-topk-10-depth-2,rag_retrieve.cql,measured,native_rag,0,538.986625,28615,TRUE,
paper-55074-topk-1-depth-0,rag_retrieve.cql,measured,native_rag,0,1.105958,1,TRUE,
paper-55074-topk-1-depth-1,rag_retrieve.cql,measured,native_rag,0,1.082000,2,TRUE,
paper-55074-topk-1-depth-2,rag_retrieve.cql,measured,native_rag,0,1.068625,7,TRUE,
paper-55074-topk-3-depth-0,rag_retrieve.cql,measured,native_rag,0,1.537125,3,TRUE,
paper-55074-topk-3-depth-1,rag_retrieve.cql,measured,native_rag,0,1.597833,15,TRUE,
paper-55074-topk-3-depth-2,rag_retrieve.cql,measured,native_rag,0,9.982125,489,TRUE,
paper-55074-topk-5-depth-0,rag_retrieve.cql,measured,native_rag,0,1.835792,5,TRUE,
paper-55074-topk-5-depth-1,rag_retrieve.cql,measured,native_rag,0,2.339292,42,TRUE,
paper-55074-topk-5-depth-2,rag_retrieve.cql,measured,native_rag,0,260.152875,14879,TRUE,
paper-55074-topk-10-depth-0,rag_retrieve.cql,measured,native_rag,0,4.117458,10,TRUE,
paper-55074-topk-10-depth-1,rag_retrieve.cql,measured,native_rag,0,5.649084,116,TRUE,
paper-55074-topk-10-depth-2,rag_retrieve.cql,measured,native_rag,0,472.694084,14707,TRUE,
paper-4607-topk-1-depth-0,rag_retrieve.cql,measured,native_rag,0,1.705958,1,TRUE,
paper-4607-topk-1-depth-1,rag_retrieve.cql,measured,native_rag,0,1.122167,2,TRUE,
paper-4607-topk-1-depth-2,rag_retrieve.cql,measured,native_rag,0,1.069208,4,TRUE,
paper-4607-topk-3-depth-0,rag_retrieve.cql,measured,native_rag,0,1.817166,3,TRUE,
paper-4607-topk-3-depth-1,rag_retrieve.cql,measured,native_rag,0,1.685625,8,TRUE,
paper-4607-topk-3-depth-2,rag_retrieve.cql,measured,native_rag,0,3.000375,80,TRUE,
paper-4607-topk-5-depth-0,rag_retrieve.cql,measured,native_rag,0,1.925791,5,TRUE,
paper-4607-topk-5-depth-1,rag_retrieve.cql,measured,native_rag,0,1.862833,19,TRUE,
paper-4607-topk-5-depth-2,rag_retrieve.cql,measured,native_rag,0,4.298625,135,TRUE,
paper-4607-topk-10-depth-0,rag_retrieve.cql,measured,native_rag,0,2.910166,10,TRUE,
paper-4607-topk-10-depth-1,rag_retrieve.cql,measured,native_rag,0,3.464917,45,TRUE,
paper-4607-topk-10-depth-2,rag_retrieve.cql,measured,native_rag,0,6.410875,204,TRUE,
paper-36942-topk-1-depth-0,rag_retrieve.cql,measured,native_rag,0,2.128208,1,TRUE,
paper-36942-topk-1-depth-1,rag_retrieve.cql,measured,native_rag,0,1.188000,15,TRUE,
paper-36942-topk-1-depth-2,rag_retrieve.cql,measured,native_rag,0,99.874959,5322,TRUE,
paper-36942-topk-3-depth-0,rag_retrieve.cql,measured,native_rag,0,1.921000,3,TRUE,
paper-36942-topk-3-depth-1,rag_retrieve.cql,measured,native_rag,0,2.220292,19,TRUE,
paper-36942-topk-3-depth-2,rag_retrieve.cql,measured,native_rag,0,104.807167,5368,TRUE,
paper-36942-topk-5-depth-0,rag_retrieve.cql,measured,native_rag,0,2.945708,5,TRUE,
paper-36942-topk-5-depth-1,rag_retrieve.cql,measured,native_rag,0,2.963208,41,TRUE,
paper-36942-topk-5-depth-2,rag_retrieve.cql,measured,native_rag,0,255.145917,11151,TRUE,
paper-36942-topk-10-depth-0,rag_retrieve.cql,measured,native_rag,0,11.363666,10,TRUE,
paper-36942-topk-10-depth-1,rag_retrieve.cql,measured,native_rag,0,8.152209,121,TRUE,
paper-36942-topk-10-depth-2,rag_retrieve.cql,measured,native_rag,0,532.458875,26424,TRUE,
paper-125079-topk-1-depth-0,rag_retrieve.cql,measured,native_rag,0,1.399291,1,TRUE,
paper-125079-topk-1-depth-1,rag_retrieve.cql,measured,native_rag,0,1.860750,30,TRUE,
paper-125079-topk-1-depth-2,rag_retrieve.cql,measured,native_rag,0,10.063083,511,TRUE,
paper-125079-topk-3-depth-0,rag_retrieve.cql,measured,native_rag,0,1.981167,3,TRUE,
paper-125079-topk-3-depth-1,rag_retrieve.cql,measured,native_rag,0,2.445959,36,TRUE,
paper-125079-topk-3-depth-2,rag_retrieve.cql,measured,native_rag,0,14.174458,567,TRUE,
paper-125079-topk-5-depth-0,rag_retrieve.cql,measured,native_rag,0,2.220791,5,TRUE,
paper-125079-topk-5-depth-1,rag_retrieve.cql,measured,native_rag,0,2.589083,46,TRUE,
paper-125079-topk-5-depth-2,rag_retrieve.cql,measured,native_rag,0,16.812250,707,TRUE,
paper-125079-topk-10-depth-0,rag_retrieve.cql,measured,native_rag,0,3.647417,10,TRUE,
paper-125079-topk-10-depth-1,rag_retrieve.cql,measured,native_rag,0,6.082666,116,TRUE,
paper-125079-topk-10-depth-2,rag_retrieve.cql,measured,native_rag,0,34.031166,1550,TRUE,
paper-87154-topk-1-depth-0,rag_retrieve.cql,measured,native_rag,0,1.615292,1,TRUE,
paper-87154-topk-1-depth-1,rag_retrieve.cql,measured,native_rag,0,1.616834,2,TRUE,
paper-87154-topk-1-depth-2,rag_retrieve.cql,measured,native_rag,0,1.068375,5,TRUE,
paper-87154-topk-3-depth-0,rag_retrieve.cql,measured,native_rag,0,1.523500,3,TRUE,
paper-87154-topk-3-depth-1,rag_retrieve.cql,measured,native_rag,0,1.238709,7,TRUE,
paper-87154-topk-3-depth-2,rag_retrieve.cql,measured,native_rag,0,2.066084,33,TRUE,
paper-87154-topk-5-depth-0,rag_retrieve.cql,measured,native_rag,0,1.626834,5,TRUE,
paper-87154-topk-5-depth-1,rag_retrieve.cql,measured,native_rag,0,2.260208,23,TRUE,
paper-87154-topk-5-depth-2,rag_retrieve.cql,measured,native_rag,0,4.846666,150,TRUE,
paper-87154-topk-10-depth-0,rag_retrieve.cql,measured,native_rag,0,3.854500,10,TRUE,
paper-87154-topk-10-depth-1,rag_retrieve.cql,measured,native_rag,0,4.300584,60,TRUE,
paper-87154-topk-10-depth-2,rag_retrieve.cql,measured,native_rag,0,13.265709,535,TRUE,
paper-110599-topk-1-depth-0,rag_retrieve.cql,measured,native_rag,0,1.219125,1,TRUE,
paper-110599-topk-1-depth-1,rag_retrieve.cql,measured,native_rag,0,1.594250,6,TRUE,
paper-110599-topk-1-depth-2,rag_retrieve.cql,measured,native_rag,0,115.175625,6276,TRUE,
paper-110599-topk-3-depth-0,rag_retrieve.cql,measured,native_rag,0,2.143292,3,TRUE,
paper-110599-topk-3-depth-1,rag_retrieve.cql,measured,native_rag,0,1.743917,25,TRUE,
paper-110599-topk-3-depth-2,rag_retrieve.cql,measured,native_rag,0,337.177042,19361,TRUE,
paper-110599-topk-5-depth-0,rag_retrieve.cql,measured,native_rag,0,3.063875,5,TRUE,
paper-110599-topk-5-depth-1,rag_retrieve.cql,measured,native_rag,0,2.696458,43,TRUE,
paper-110599-topk-5-depth-2,rag_retrieve.cql,measured,native_rag,0,370.685084,20343,TRUE,
paper-110599-topk-10-depth-0,rag_retrieve.cql,measured,native_rag,0,5.972750,10,TRUE,
paper-110599-topk-10-depth-1,rag_retrieve.cql,measured,native_rag,0,6.392500,76,TRUE,
paper-110599-topk-10-depth-2,rag_retrieve.cql,measured,native_rag,0,535.980833,22643,TRUE,
paper-8646-topk-1-depth-0,rag_retrieve.cql,measured,native_rag,0,2.174292,1,TRUE,
paper-8646-topk-1-depth-1,rag_retrieve.cql,measured,native_rag,0,1.458042,12,TRUE,
paper-8646-topk-1-depth-2,rag_retrieve.cql,measured,native_rag,0,47.130417,2289,TRUE,
paper-8646-topk-3-depth-0,rag_retrieve.cql,measured,native_rag,0,2.321792,3,TRUE,
paper-8646-topk-3-depth-1,rag_retrieve.cql,measured,native_rag,0,2.737541,32,TRUE,
paper-8646-topk-3-depth-2,rag_retrieve.cql,measured,native_rag,0,159.713167,8606,TRUE,
paper-8646-topk-5-depth-0,rag_retrieve.cql,measured,native_rag,0,5.332542,5,TRUE,
paper-8646-topk-5-depth-1,rag_retrieve.cql,measured,native_rag,0,3.402209,44,TRUE,
paper-8646-topk-5-depth-2,rag_retrieve.cql,measured,native_rag,0,4405.582500,8827,TRUE,
paper-8646-topk-10-depth-0,rag_retrieve.cql,measured,native_rag,0,8.243250,10,TRUE,
paper-8646-topk-10-depth-1,rag_retrieve.cql,measured,native_rag,0,7.392000,92,TRUE,
paper-8646-topk-10-depth-2,rag_retrieve.cql,measured,native_rag,0,539.507917,30268,TRUE,
paper-37671-topk-1-depth-0,rag_retrieve.cql,measured,native_rag,0,0.982667,1,TRUE,
paper-37671-topk-1-depth-1,rag_retrieve.cql,measured,native_rag,0,1.210834,12,TRUE,
paper-37671-topk-1-depth-2,rag_retrieve.cql,measured,native_rag,0,58.655291,3401,TRUE,
paper-37671-topk-3-depth-0,rag_retrieve.cql,measured,native_rag,0,1.600667,3,TRUE,
paper-37671-topk-3-depth-1,rag_retrieve.cql,measured,native_rag,0,2.009667,39,TRUE,
paper-37671-topk-3-depth-2,rag_retrieve.cql,measured,native_rag,0,222.238541,12073,TRUE,
paper-37671-topk-5-depth-0,rag_retrieve.cql,measured,native_rag,0,2.327000,5,TRUE,
paper-37671-topk-5-depth-1,rag_retrieve.cql,measured,native_rag,0,5.866250,64,TRUE,
paper-37671-topk-5-depth-2,rag_retrieve.cql,measured,native_rag,0,402.036917,16976,TRUE,
paper-37671-topk-10-depth-0,rag_retrieve.cql,measured,native_rag,0,9.438709,10,TRUE,
paper-37671-topk-10-depth-1,rag_retrieve.cql,measured,native_rag,0,24.048000,712,TRUE,
paper-37671-topk-10-depth-2,rag_retrieve.cql,measured,native_rag,0,695.459458,36362,TRUE,
paper-161362-topk-1-depth-0,rag_retrieve.cql,measured,native_rag,0,1.074292,1,TRUE,
paper-161362-topk-1-depth-1,rag_retrieve.cql,measured,native_rag,0,1.659833,44,TRUE,
paper-161362-topk-1-depth-2,rag_retrieve.cql,measured,native_rag,0,233.853334,12469,TRUE,
paper-161362-topk-3-depth-0,rag_retrieve.cql,measured,native_rag,0,1.624041,3,TRUE,
paper-161362-topk-3-depth-1,rag_retrieve.cql,measured,native_rag,0,2.304792,60,TRUE,
paper-161362-topk-3-depth-2,rag_retrieve.cql,measured,native_rag,0,453.455000,24978,TRUE,
paper-161362-topk-5-depth-0,rag_retrieve.cql,measured,native_rag,0,2.262625,5,TRUE,
paper-161362-topk-5-depth-1,rag_retrieve.cql,measured,native_rag,0,10.281500,428,TRUE,
paper-161362-topk-5-depth-2,rag_retrieve.cql,measured,native_rag,0,659.762000,37467,TRUE,
paper-161362-topk-10-depth-0,rag_retrieve.cql,measured,native_rag,0,8.385250,10,TRUE,
paper-161362-topk-10-depth-1,rag_retrieve.cql,measured,native_rag,0,16.238042,495,TRUE,
paper-161362-topk-10-depth-2,rag_retrieve.cql,measured,native_rag,0,764.345459,42631,TRUE,
paper-135666-topk-1-depth-0,rag_retrieve.cql,measured,native_rag,0,1.208166,1,TRUE,
paper-135666-topk-1-depth-1,rag_retrieve.cql,measured,native_rag,0,1.161375,8,TRUE,
paper-135666-topk-1-depth-2,rag_retrieve.cql,measured,native_rag,0,240.481209,13513,TRUE,
paper-135666-topk-3-depth-0,rag_retrieve.cql,measured,native_rag,0,2.276208,3,TRUE,
paper-135666-topk-3-depth-1,rag_retrieve.cql,measured,native_rag,0,2.033834,25,TRUE,
paper-135666-topk-3-depth-2,rag_retrieve.cql,measured,native_rag,0,393.995542,22989,TRUE,
paper-135666-topk-5-depth-0,rag_retrieve.cql,measured,native_rag,0,2.560542,5,TRUE,
paper-135666-topk-5-depth-1,rag_retrieve.cql,measured,native_rag,0,2.381000,31,TRUE,
paper-135666-topk-5-depth-2,rag_retrieve.cql,measured,native_rag,0,297.651792,16856,TRUE,
paper-135666-topk-10-depth-0,rag_retrieve.cql,measured,native_rag,0,8.187209,10,TRUE,
paper-135666-topk-10-depth-1,rag_retrieve.cql,measured,native_rag,0,6.792625,86,TRUE,
paper-135666-topk-10-depth-2,rag_retrieve.cql,measured,native_rag,0,492.194125,27676,TRUE,
paper-73696-topk-1-depth-0,rag_retrieve.cql,measured,native_rag,0,0.928500,1,TRUE,
paper-73696-topk-1-depth-1,rag_retrieve.cql,measured,native_rag,0,1.139375,10,TRUE,
paper-73696-topk-1-depth-2,rag_retrieve.cql,measured,native_rag,0,9.851250,537,TRUE,
paper-73696-topk-3-depth-0,rag_retrieve.cql,measured,native_rag,0,1.319416,3,TRUE,
paper-73696-topk-3-depth-1,rag_retrieve.cql,measured,native_rag,0,1.849042,36,TRUE,
paper-73696-topk-3-depth-2,rag_retrieve.cql,measured,native_rag,0,20.975625,1156,TRUE,
paper-73696-topk-5-depth-0,rag_retrieve.cql,measured,native_rag,0,1.749250,5,TRUE,
paper-73696-topk-5-depth-1,rag_retrieve.cql,measured,native_rag,0,3.335333,99,TRUE,
paper-73696-topk-5-depth-2,rag_retrieve.cql,measured,native_rag,0,22.850125,1267,TRUE,
paper-73696-topk-10-depth-0,rag_retrieve.cql,measured,native_rag,0,4.142500,10,TRUE,
paper-73696-topk-10-depth-1,rag_retrieve.cql,measured,native_rag,0,6.542750,159,TRUE,
paper-73696-topk-10-depth-2,rag_retrieve.cql,measured,native_rag,0,56.223958,3100,TRUE,
paper-64420-topk-1-depth-0,rag_retrieve.cql,measured,native_rag,0,1.050417,1,TRUE,
paper-64420-topk-1-depth-1,rag_retrieve.cql,measured,native_rag,0,1.022791,3,TRUE,
paper-64420-topk-1-depth-2,rag_retrieve.cql,measured,native_rag,0,93.435208,5457,TRUE,
paper-64420-topk-3-depth-0,rag_retrieve.cql,measured,native_rag,0,1.258334,3,TRUE,
paper-64420-topk-3-depth-1,rag_retrieve.cql,measured,native_rag,0,1.814541,34,TRUE,
paper-64420-topk-3-depth-2,rag_retrieve.cql,measured,native_rag,0,99.464791,5668,TRUE,
paper-64420-topk-5-depth-0,rag_retrieve.cql,measured,native_rag,0,1.869000,5,TRUE,
paper-64420-topk-5-depth-1,rag_retrieve.cql,measured,native_rag,0,2.444125,39,TRUE,
paper-64420-topk-5-depth-2,rag_retrieve.cql,measured,native_rag,0,122.526959,7029,TRUE,
paper-64420-topk-10-depth-0,rag_retrieve.cql,measured,native_rag,0,3.722542,10,TRUE,
paper-64420-topk-10-depth-1,rag_retrieve.cql,measured,native_rag,0,5.079917,99,TRUE,
paper-64420-topk-10-depth-2,rag_retrieve.cql,measured,native_rag,0,452.174583,23643,TRUE,
paper-126167-topk-1-depth-0,rag_retrieve.cql,measured,native_rag,0,4.055750,1,TRUE,
paper-126167-topk-1-depth-1,rag_retrieve.cql,measured,native_rag,0,1.205334,13,TRUE,
paper-126167-topk-1-depth-2,rag_retrieve.cql,measured,native_rag,0,338.359458,19508,TRUE,
paper-126167-topk-3-depth-0,rag_retrieve.cql,measured,native_rag,0,1.755083,3,TRUE,
paper-126167-topk-3-depth-1,rag_retrieve.cql,measured,native_rag,0,3.110083,99,TRUE,
paper-126167-topk-3-depth-2,rag_retrieve.cql,measured,native_rag,0,312.728208,18001,TRUE,
paper-126167-topk-5-depth-0,rag_retrieve.cql,measured,native_rag,0,2.318250,5,TRUE,
paper-126167-topk-5-depth-1,rag_retrieve.cql,measured,native_rag,0,4.106083,114,TRUE,
paper-126167-topk-5-depth-2,rag_retrieve.cql,measured,native_rag,0,387.124666,22182,TRUE,
paper-126167-topk-10-depth-0,rag_retrieve.cql,measured,native_rag,0,7.604167,10,TRUE,
paper-126167-topk-10-depth-1,rag_retrieve.cql,measured,native_rag,0,9.029583,183,TRUE,
paper-126167-topk-10-depth-2,rag_retrieve.cql,measured,native_rag,0,711.462792,36333,TRUE,
paper-393-topk-1-depth-0,rag_retrieve.cql,measured,native_rag,0,0.932375,1,TRUE,
paper-393-topk-1-depth-1,rag_retrieve.cql,measured,native_rag,0,0.875250,3,TRUE,
paper-393-topk-1-depth-2,rag_retrieve.cql,measured,native_rag,0,6.677250,345,TRUE,
paper-393-topk-3-depth-0,rag_retrieve.cql,measured,native_rag,0,1.138917,3,TRUE,
paper-393-topk-3-depth-1,rag_retrieve.cql,measured,native_rag,0,1.460917,23,TRUE,
paper-393-topk-3-depth-2,rag_retrieve.cql,measured,native_rag,0,187.614875,10919,TRUE,
paper-393-topk-5-depth-0,rag_retrieve.cql,measured,native_rag,0,1.730833,5,TRUE,
paper-393-topk-5-depth-1,rag_retrieve.cql,measured,native_rag,0,2.061208,39,TRUE,
paper-393-topk-5-depth-2,rag_retrieve.cql,measured,native_rag,0,366.354167,21135,TRUE,
paper-393-topk-10-depth-0,rag_retrieve.cql,measured,native_rag,0,4.232459,10,TRUE,
paper-393-topk-10-depth-1,rag_retrieve.cql,measured,native_rag,0,4.462292,63,TRUE,
paper-393-topk-10-depth-2,rag_retrieve.cql,measured,native_rag,0,515.023292,29423,TRUE,
paper-162048-topk-1-depth-0,rag_retrieve.cql,measured,native_rag,0,0.987584,1,TRUE,
paper-162048-topk-1-depth-1,rag_retrieve.cql,measured,native_rag,0,3.902250,179,TRUE,
paper-162048-topk-1-depth-2,rag_retrieve.cql,measured,native_rag,0,282.423791,16420,TRUE,
paper-162048-topk-3-depth-0,rag_retrieve.cql,measured,native_rag,0,1.363417,3,TRUE,
paper-162048-topk-3-depth-1,rag_retrieve.cql,measured,native_rag,0,4.711000,209,TRUE,
paper-162048-topk-3-depth-2,rag_retrieve.cql,measured,native_rag,0,498.101208,29034,TRUE,
paper-162048-topk-5-depth-0,rag_retrieve.cql,measured,native_rag,0,2.325625,5,TRUE,
paper-162048-topk-5-depth-1,rag_retrieve.cql,measured,native_rag,0,10.888208,530,TRUE,
paper-162048-topk-5-depth-2,rag_retrieve.cql,measured,native_rag,0,522.487166,29774,TRUE,
paper-162048-topk-10-depth-0,rag_retrieve.cql,measured,native_rag,0,9.631208,10,TRUE,
paper-162048-topk-10-depth-1,rag_retrieve.cql,measured,native_rag,0,24.740875,899,TRUE,
paper-162048-topk-10-depth-2,rag_retrieve.cql,measured,native_rag,0,709.246458,39698,TRUE,
paper-155675-topk-1-depth-0,rag_retrieve.cql,measured,native_rag,0,1.190833,1,TRUE,
paper-155675-topk-1-depth-1,rag_retrieve.cql,measured,native_rag,0,1.276125,4,TRUE,
paper-155675-topk-1-depth-2,rag_retrieve.cql,measured,native_rag,0,3.292458,124,TRUE,
paper-155675-topk-3-depth-0,rag_retrieve.cql,measured,native_rag,0,1.899167,3,TRUE,
paper-155675-topk-3-depth-1,rag_retrieve.cql,measured,native_rag,0,3.164500,81,TRUE,
paper-155675-topk-3-depth-2,rag_retrieve.cql,measured,native_rag,0,417.706792,24038,TRUE,
paper-155675-topk-5-depth-0,rag_retrieve.cql,measured,native_rag,0,2.978334,5,TRUE,
paper-155675-topk-5-depth-1,rag_retrieve.cql,measured,native_rag,0,8.620875,344,TRUE,
paper-155675-topk-5-depth-2,rag_retrieve.cql,measured,native_rag,0,486.513916,27796,TRUE,
paper-155675-topk-10-depth-0,rag_retrieve.cql,measured,native_rag,0,8.287208,10,TRUE,
paper-155675-topk-10-depth-1,rag_retrieve.cql,measured,native_rag,0,25.488000,376,TRUE,
paper-155675-topk-10-depth-2,rag_retrieve.cql,measured,native_rag,0,488.859208,25596,TRUE,
paper-106929-topk-1-depth-0,rag_retrieve.cql,measured,native_rag,0,0.938875,1,TRUE,
paper-106929-topk-1-depth-1,rag_retrieve.cql,measured,native_rag,0,1.512625,14,TRUE,
paper-106929-topk-1-depth-2,rag_retrieve.cql,measured,native_rag,0,46.497708,2419,TRUE,
paper-106929-topk-3-depth-0,rag_retrieve.cql,measured,native_rag,0,1.684417,3,TRUE,
paper-106929-topk-3-depth-1,rag_retrieve.cql,measured,native_rag,0,2.641959,52,TRUE,
paper-106929-topk-3-depth-2,rag_retrieve.cql,measured,native_rag,0,525.249667,29832,TRUE,
paper-106929-topk-5-depth-0,rag_retrieve.cql,measured,native_rag,0,2.295833,5,TRUE,
paper-106929-topk-5-depth-1,rag_retrieve.cql,measured,native_rag,0,2.560583,30,TRUE,
paper-106929-topk-5-depth-2,rag_retrieve.cql,measured,native_rag,0,132.662834,7568,TRUE,
paper-106929-topk-10-depth-0,rag_retrieve.cql,measured,native_rag,0,10.442417,10,TRUE,
paper-106929-topk-10-depth-1,rag_retrieve.cql,measured,native_rag,0,9.274833,160,TRUE,
paper-106929-topk-10-depth-2,rag_retrieve.cql,measured,native_rag,0,469.315084,21810,TRUE,
paper-39253-topk-1-depth-0,rag_retrieve.cql,measured,native_rag,0,1.188167,1,TRUE,
paper-39253-topk-1-depth-1,rag_retrieve.cql,measured,native_rag,0,1.080625,8,TRUE,
paper-39253-topk-1-depth-2,rag_retrieve.cql,measured,native_rag,0,142.819250,7917,TRUE,
paper-39253-topk-3-depth-0,rag_retrieve.cql,measured,native_rag,0,1.674333,3,TRUE,
paper-39253-topk-3-depth-1,rag_retrieve.cql,measured,native_rag,0,2.966917,88,TRUE,
paper-39253-topk-3-depth-2,rag_retrieve.cql,measured,native_rag,0,366.666708,21145,TRUE,
paper-39253-topk-5-depth-0,rag_retrieve.cql,measured,native_rag,0,1.893750,5,TRUE,
paper-39253-topk-5-depth-1,rag_retrieve.cql,measured,native_rag,0,3.512333,102,TRUE,
paper-39253-topk-5-depth-2,rag_retrieve.cql,measured,native_rag,0,367.519334,21283,TRUE,
paper-39253-topk-10-depth-0,rag_retrieve.cql,measured,native_rag,0,4.326083,10,TRUE,
paper-39253-topk-10-depth-1,rag_retrieve.cql,measured,native_rag,0,5.981083,136,TRUE,
paper-39253-topk-10-depth-2,rag_retrieve.cql,measured,native_rag,0,551.753459,31427,TRUE,
paper-83316-topk-1-depth-0,rag_retrieve.cql,measured,native_rag,0,0.893292,1,TRUE,
paper-83316-topk-1-depth-1,rag_retrieve.cql,measured,native_rag,0,0.872875,6,TRUE,
paper-83316-topk-1-depth-2,rag_retrieve.cql,measured,native_rag,0,29.682542,1689,TRUE,
paper-83316-topk-3-depth-0,rag_retrieve.cql,measured,native_rag,0,1.646000,3,TRUE,
paper-83316-topk-3-depth-1,rag_retrieve.cql,measured,native_rag,0,1.314834,19,TRUE,
paper-83316-topk-3-depth-2,rag_retrieve.cql,measured,native_rag,0,82.783083,4788,TRUE,
paper-83316-topk-5-depth-0,rag_retrieve.cql,measured,native_rag,0,1.554583,5,TRUE,
paper-83316-topk-5-depth-1,rag_retrieve.cql,measured,native_rag,0,2.002042,40,TRUE,
paper-83316-topk-5-depth-2,rag_retrieve.cql,measured,native_rag,0,128.342916,7377,TRUE,
paper-83316-topk-10-depth-0,rag_retrieve.cql,measured,native_rag,0,2.867333,10,TRUE,
paper-83316-topk-10-depth-1,rag_retrieve.cql,measured,native_rag,0,3.710125,65,TRUE,
paper-83316-topk-10-depth-2,rag_retrieve.cql,measured,native_rag,0,143.893000,8309,TRUE,
paper-46468-topk-1-depth-0,rag_retrieve.cql,measured,native_rag,0,1.022292,1,TRUE,
paper-46468-topk-1-depth-1,rag_retrieve.cql,measured,native_rag,0,0.864083,3,TRUE,
paper-46468-topk-1-depth-2,rag_retrieve.cql,measured,native_rag,0,1.196791,22,TRUE,
paper-46468-topk-3-depth-0,rag_retrieve.cql,measured,native_rag,0,1.112958,3,TRUE,
paper-46468-topk-3-depth-1,rag_retrieve.cql,measured,native_rag,0,1.274667,14,TRUE,
paper-46468-topk-3-depth-2,rag_retrieve.cql,measured,native_rag,0,2.348667,84,TRUE,
paper-46468-topk-5-depth-0,rag_retrieve.cql,measured,native_rag,0,1.295458,5,TRUE,
paper-46468-topk-5-depth-1,rag_retrieve.cql,measured,native_rag,0,1.581417,27,TRUE,
paper-46468-topk-5-depth-2,rag_retrieve.cql,measured,native_rag,0,3.861167,157,TRUE,
paper-46468-topk-10-depth-0,rag_retrieve.cql,measured,native_rag,0,2.330292,10,TRUE,
paper-46468-topk-10-depth-1,rag_retrieve.cql,measured,native_rag,0,3.227208,63,TRUE,
paper-46468-topk-10-depth-2,rag_retrieve.cql,measured,native_rag,0,9.380167,446,TRUE,
paper-156091-topk-1-depth-0,rag_retrieve.cql,measured,native_rag,0,0.901250,1,TRUE,
paper-156091-topk-1-depth-1,rag_retrieve.cql,measured,native_rag,0,2.113792,74,TRUE,
paper-156091-topk-1-depth-2,rag_retrieve.cql,measured,native_rag,0,285.837458,16425,TRUE,
paper-156091-topk-3-depth-0,rag_retrieve.cql,measured,native_rag,0,1.578166,3,TRUE,
paper-156091-topk-3-depth-1,rag_retrieve.cql,measured,native_rag,0,1.767958,25,TRUE,
paper-156091-topk-3-depth-2,rag_retrieve.cql,measured,native_rag,0,465.720542,26804,TRUE,
paper-156091-topk-5-depth-0,rag_retrieve.cql,measured,native_rag,0,1.941042,5,TRUE,
paper-156091-topk-5-depth-1,rag_retrieve.cql,measured,native_rag,0,2.142334,38,TRUE,
paper-156091-topk-5-depth-2,rag_retrieve.cql,measured,native_rag,0,369.428333,20705,TRUE,
paper-156091-topk-10-depth-0,rag_retrieve.cql,measured,native_rag,0,4.684041,10,TRUE,
paper-156091-topk-10-depth-1,rag_retrieve.cql,measured,native_rag,0,6.451625,123,TRUE,
paper-156091-topk-10-depth-2,rag_retrieve.cql,measured,native_rag,0,545.193875,30966,TRUE,
paper-168019-topk-1-depth-0,rag_retrieve.cql,measured,native_rag,0,1.165459,1,TRUE,
paper-168019-topk-1-depth-1,rag_retrieve.cql,measured,native_rag,0,0.958417,3,TRUE,
paper-168019-topk-1-depth-2,rag_retrieve.cql,measured,native_rag,0,1.098459,10,TRUE,
paper-168019-topk-3-depth-0,rag_retrieve.cql,measured,native_rag,0,1.344666,3,TRUE,
paper-168019-topk-3-depth-1,rag_retrieve.cql,measured,native_rag,0,1.583417,11,TRUE,
paper-168019-topk-3-depth-2,rag_retrieve.cql,measured,native_rag,0,2.887500,89,TRUE,
paper-168019-topk-5-depth-0,rag_retrieve.cql,measured,native_rag,0,1.996667,5,TRUE,
paper-168019-topk-5-depth-1,rag_retrieve.cql,measured,native_rag,0,2.358625,33,TRUE,
paper-168019-topk-5-depth-2,rag_retrieve.cql,measured,native_rag,0,266.483667,15270,TRUE,
paper-168019-topk-10-depth-0,rag_retrieve.cql,measured,native_rag,0,4.338208,10,TRUE,
paper-168019-topk-10-depth-1,rag_retrieve.cql,measured,native_rag,0,5.704959,71,TRUE,
paper-168019-topk-10-depth-2,rag_retrieve.cql,measured,native_rag,0,297.067333,16828,TRUE,
paper-146975-topk-1-depth-0,rag_retrieve.cql,measured,native_rag,0,1.058375,1,TRUE,
paper-146975-topk-1-depth-1,rag_retrieve.cql,measured,native_rag,0,0.995916,9,TRUE,
paper-146975-topk-1-depth-2,rag_retrieve.cql,measured,native_rag,0,4.257500,204,TRUE,
paper-146975-topk-3-depth-0,rag_retrieve.cql,measured,native_rag,0,1.141708,3,TRUE,
paper-146975-topk-3-depth-1,rag_retrieve.cql,measured,native_rag,0,1.667250,32,TRUE,
paper-146975-topk-3-depth-2,rag_retrieve.cql,measured,native_rag,0,375.695916,21673,TRUE,
paper-146975-topk-5-depth-0,rag_retrieve.cql,measured,native_rag,0,1.832166,5,TRUE,
paper-146975-topk-5-depth-1,rag_retrieve.cql,measured,native_rag,0,2.245083,43,TRUE,
paper-146975-topk-5-depth-2,rag_retrieve.cql,measured,native_rag,0,402.324083,23155,TRUE,
paper-146975-topk-10-depth-0,rag_retrieve.cql,measured,native_rag,0,3.531833,10,TRUE,
paper-146975-topk-10-depth-1,rag_retrieve.cql,measured,native_rag,0,4.722083,95,TRUE,
paper-146975-topk-10-depth-2,rag_retrieve.cql,measured,native_rag,0,412.315083,23548,TRUE,
paper-66674-topk-1-depth-0,rag_retrieve.cql,measured,native_rag,0,1.044417,1,TRUE,
paper-66674-topk-1-depth-1,rag_retrieve.cql,measured,native_rag,0,2.683083,99,TRUE,
paper-66674-topk-1-depth-2,rag_retrieve.cql,measured,native_rag,0,14.990500,860,TRUE,
paper-66674-topk-3-depth-0,rag_retrieve.cql,measured,native_rag,0,1.548916,3,TRUE,
paper-66674-topk-3-depth-1,rag_retrieve.cql,measured,native_rag,0,3.028583,104,TRUE,
paper-66674-topk-3-depth-2,rag_retrieve.cql,measured,native_rag,0,24.011958,1351,TRUE,
paper-66674-topk-5-depth-0,rag_retrieve.cql,measured,native_rag,0,1.964542,5,TRUE,
paper-66674-topk-5-depth-1,rag_retrieve.cql,measured,native_rag,0,4.208500,134,TRUE,
paper-66674-topk-5-depth-2,rag_retrieve.cql,measured,native_rag,0,35.652000,1983,TRUE,
paper-66674-topk-10-depth-0,rag_retrieve.cql,measured,native_rag,0,5.027208,10,TRUE,
paper-66674-topk-10-depth-1,rag_retrieve.cql,measured,native_rag,0,7.654916,177,TRUE,
paper-66674-topk-10-depth-2,rag_retrieve.cql,measured,native_rag,0,46.702584,2422,TRUE,
paper-143687-topk-1-depth-0,rag_retrieve.cql,measured,native_rag,0,0.976125,1,TRUE,
paper-143687-topk-1-depth-1,rag_retrieve.cql,measured,native_rag,0,4.632917,219,TRUE,
paper-143687-topk-1-depth-2,rag_retrieve.cql,measured,native_rag,0,88.090208,5009,TRUE,
paper-143687-topk-3-depth-0,rag_retrieve.cql,measured,native_rag,0,1.258666,3,TRUE,
paper-143687-topk-3-depth-1,rag_retrieve.cql,measured,native_rag,0,1.963041,45,TRUE,
paper-143687-topk-3-depth-2,rag_retrieve.cql,measured,native_rag,0,114.265291,6551,TRUE,
paper-143687-topk-5-depth-0,rag_retrieve.cql,measured,native_rag,0,2.196541,5,TRUE,
paper-143687-topk-5-depth-1,rag_retrieve.cql,measured,native_rag,0,3.451042,86,TRUE,
paper-143687-topk-5-depth-2,rag_retrieve.cql,measured,native_rag,0,365.353917,20116,TRUE,
paper-143687-topk-10-depth-0,rag_retrieve.cql,measured,native_rag,0,6.334750,10,TRUE,
paper-143687-topk-10-depth-1,rag_retrieve.cql,measured,native_rag,0,8.343583,123,TRUE,
paper-143687-topk-10-depth-2,rag_retrieve.cql,measured,native_rag,0,440.775459,24742,TRUE,
paper-56366-topk-1-depth-0,rag_retrieve.cql,measured,native_rag,0,0.939250,1,TRUE,
paper-56366-topk-1-depth-1,rag_retrieve.cql,measured,native_rag,0,1.042750,12,TRUE,
paper-56366-topk-1-depth-2,rag_retrieve.cql,measured,native_rag,0,4.660542,227,TRUE,
paper-56366-topk-3-depth-0,rag_retrieve.cql,measured,native_rag,0,1.157125,3,TRUE,
paper-56366-topk-3-depth-1,rag_retrieve.cql,measured,native_rag,0,1.801959,32,TRUE,
paper-56366-topk-3-depth-2,rag_retrieve.cql,measured,native_rag,0,12.646417,694,TRUE,
paper-56366-topk-5-depth-0,rag_retrieve.cql,measured,native_rag,0,1.464875,5,TRUE,
paper-56366-topk-5-depth-1,rag_retrieve.cql,measured,native_rag,0,2.060667,42,TRUE,
paper-56366-topk-5-depth-2,rag_retrieve.cql,measured,native_rag,0,13.874208,752,TRUE,
paper-56366-topk-10-depth-0,rag_retrieve.cql,measured,native_rag,0,2.989042,10,TRUE,
paper-56366-topk-10-depth-1,rag_retrieve.cql,measured,native_rag,0,4.103875,76,TRUE,
paper-56366-topk-10-depth-2,rag_retrieve.cql,measured,native_rag,0,22.895417,1193,TRUE,
paper-15025-topk-1-depth-0,rag_retrieve.cql,measured,native_rag,0,0.856708,1,TRUE,
paper-15025-topk-1-depth-1,rag_retrieve.cql,measured,native_rag,0,0.934875,6,TRUE,
paper-15025-topk-1-depth-2,rag_retrieve.cql,measured,native_rag,0,337.559792,19386,TRUE,
paper-15025-topk-3-depth-0,rag_retrieve.cql,measured,native_rag,0,1.289208,3,TRUE,
paper-15025-topk-3-depth-1,rag_retrieve.cql,measured,native_rag,0,1.350166,16,TRUE,
paper-15025-topk-3-depth-2,rag_retrieve.cql,measured,native_rag,0,339.897917,19420,TRUE,
paper-15025-topk-5-depth-0,rag_retrieve.cql,measured,native_rag,0,1.672791,5,TRUE,
paper-15025-topk-5-depth-1,rag_retrieve.cql,measured,native_rag,0,1.916709,29,TRUE,
paper-15025-topk-5-depth-2,rag_retrieve.cql,measured,native_rag,0,344.634417,19755,TRUE,
paper-15025-topk-10-depth-0,rag_retrieve.cql,measured,native_rag,0,3.301375,10,TRUE,
paper-15025-topk-10-depth-1,rag_retrieve.cql,measured,native_rag,0,4.246334,61,TRUE,
paper-15025-topk-10-depth-2,rag_retrieve.cql,measured,native_rag,0,544.261625,31195,TRUE,
paper-132217-topk-1-depth-0,rag_retrieve.cql,measured,native_rag,0,0.932625,1,TRUE,
paper-132217-topk-1-depth-1,rag_retrieve.cql,measured,native_rag,0,1.123666,14,TRUE,
paper-132217-topk-1-depth-2,rag_retrieve.cql,measured,native_rag,0,18.541833,1044,TRUE,
paper-132217-topk-3-depth-0,rag_retrieve.cql,measured,native_rag,0,1.357500,3,TRUE,
paper-132217-topk-3-depth-1,rag_retrieve.cql,measured,native_rag,0,2.150166,57,TRUE,
paper-132217-topk-3-depth-2,rag_retrieve.cql,measured,native_rag,0,368.833542,21323,TRUE,
paper-132217-topk-5-depth-0,rag_retrieve.cql,measured,native_rag,0,2.112583,5,TRUE,
paper-132217-topk-5-depth-1,rag_retrieve.cql,measured,native_rag,0,4.274959,133,TRUE,
paper-132217-topk-5-depth-2,rag_retrieve.cql,measured,native_rag,0,446.137916,25081,TRUE,
paper-132217-topk-10-depth-0,rag_retrieve.cql,measured,native_rag,0,6.606500,10,TRUE,
paper-132217-topk-10-depth-1,rag_retrieve.cql,measured,native_rag,0,11.226791,323,TRUE,
paper-132217-topk-10-depth-2,rag_retrieve.cql,measured,native_rag,0,522.083708,29586,TRUE,
paper-88675-topk-1-depth-0,rag_retrieve.cql,measured,native_rag,0,1.119042,1,TRUE,
paper-88675-topk-1-depth-1,rag_retrieve.cql,measured,native_rag,0,1.150333,14,TRUE,
paper-88675-topk-1-depth-2,rag_retrieve.cql,measured,native_rag,0,18.708416,1063,TRUE,
paper-88675-topk-3-depth-0,rag_retrieve.cql,measured,native_rag,0,1.202375,3,TRUE,
paper-88675-topk-3-depth-1,rag_retrieve.cql,measured,native_rag,0,1.681500,31,TRUE,
paper-88675-topk-3-depth-2,rag_retrieve.cql,measured,native_rag,0,73.642667,4305,TRUE,
paper-88675-topk-5-depth-0,rag_retrieve.cql,measured,native_rag,0,1.778458,5,TRUE,
paper-88675-topk-5-depth-1,rag_retrieve.cql,measured,native_rag,0,2.756834,63,TRUE,
paper-88675-topk-5-depth-2,rag_retrieve.cql,measured,native_rag,0,91.028750,5332,TRUE,
paper-88675-topk-10-depth-0,rag_retrieve.cql,measured,native_rag,0,6.161083,10,TRUE,
paper-88675-topk-10-depth-1,rag_retrieve.cql,measured,native_rag,0,22.119167,993,TRUE,
paper-88675-topk-10-depth-2,rag_retrieve.cql,measured,native_rag,0,572.360292,32545,TRUE,
paper-44352-topk-1-depth-0,rag_retrieve.cql,measured,native_rag,0,1.133458,1,TRUE,
paper-44352-topk-1-depth-1,rag_retrieve.cql,measured,native_rag,0,0.926083,2,TRUE,
paper-44352-topk-1-depth-2,rag_retrieve.cql,measured,native_rag,0,0.964208,8,TRUE,
paper-44352-topk-3-depth-0,rag_retrieve.cql,measured,native_rag,0,1.151916,3,TRUE,
paper-44352-topk-3-depth-1,rag_retrieve.cql,measured,native_rag,0,1.417083,18,TRUE,
paper-44352-topk-3-depth-2,rag_retrieve.cql,measured,native_rag,0,3.344292,130,TRUE,
paper-44352-topk-5-depth-0,rag_retrieve.cql,measured,native_rag,0,1.491500,5,TRUE,
paper-44352-topk-5-depth-1,rag_retrieve.cql,measured,native_rag,0,2.039250,35,TRUE,
paper-44352-topk-5-depth-2,rag_retrieve.cql,measured,native_rag,0,4.403084,175,TRUE,
paper-44352-topk-10-depth-0,rag_retrieve.cql,measured,native_rag,0,3.149333,10,TRUE,
paper-44352-topk-10-depth-1,rag_retrieve.cql,measured,native_rag,0,4.592584,97,TRUE,
paper-44352-topk-10-depth-2,rag_retrieve.cql,measured,native_rag,0,248.291667,14251,TRUE,
paper-48577-topk-1-depth-0,rag_retrieve.cql,measured,native_rag,0,1.023750,1,TRUE,
paper-48577-topk-1-depth-1,rag_retrieve.cql,measured,native_rag,0,0.942000,2,TRUE,
paper-48577-topk-1-depth-2,rag_retrieve.cql,measured,native_rag,0,0.945333,3,TRUE,
paper-48577-topk-3-depth-0,rag_retrieve.cql,measured,native_rag,0,1.267792,3,TRUE,
paper-48577-topk-3-depth-1,rag_retrieve.cql,measured,native_rag,0,1.358875,7,TRUE,
paper-48577-topk-3-depth-2,rag_retrieve.cql,measured,native_rag,0,1.463958,15,TRUE,
paper-48577-topk-5-depth-0,rag_retrieve.cql,measured,native_rag,0,1.537167,5,TRUE,
paper-48577-topk-5-depth-1,rag_retrieve.cql,measured,native_rag,0,1.718375,15,TRUE,
paper-48577-topk-5-depth-2,rag_retrieve.cql,measured,native_rag,0,3.880625,142,TRUE,
paper-48577-topk-10-depth-0,rag_retrieve.cql,measured,native_rag,0,2.776375,10,TRUE,
paper-48577-topk-10-depth-1,rag_retrieve.cql,measured,native_rag,0,3.026375,42,TRUE,
paper-48577-topk-10-depth-2,rag_retrieve.cql,measured,native_rag,0,8.060917,324,TRUE,
paper-25595-topk-1-depth-0,rag_retrieve.cql,measured,native_rag,0,0.818917,1,TRUE,
paper-25595-topk-1-depth-1,rag_retrieve.cql,measured,native_rag,0,0.881708,5,TRUE,
paper-25595-topk-1-depth-2,rag_retrieve.cql,measured,native_rag,0,2.149042,40,TRUE,
paper-25595-topk-3-depth-0,rag_retrieve.cql,measured,native_rag,0,1.342917,3,TRUE,
paper-25595-topk-3-depth-1,rag_retrieve.cql,measured,native_rag,0,1.423666,11,TRUE,
paper-25595-topk-3-depth-2,rag_retrieve.cql,measured,native_rag,0,1.871458,52,TRUE,
paper-25595-topk-5-depth-0,rag_retrieve.cql,measured,native_rag,0,1.465083,5,TRUE,
paper-25595-topk-5-depth-1,rag_retrieve.cql,measured,native_rag,0,1.827458,28,TRUE,
paper-25595-topk-5-depth-2,rag_retrieve.cql,measured,native_rag,0,5.227125,222,TRUE,
paper-25595-topk-10-depth-0,rag_retrieve.cql,measured,native_rag,0,2.917458,10,TRUE,
paper-25595-topk-10-depth-1,rag_retrieve.cql,measured,native_rag,0,4.064792,77,TRUE,
paper-25595-topk-10-depth-2,rag_retrieve.cql,measured,native_rag,0,12.357875,585,TRUE,
paper-42366-topk-1-depth-0,rag_retrieve.cql,measured,native_rag,0,0.876833,1,TRUE,
paper-42366-topk-1-depth-1,rag_retrieve.cql,measured,native_rag,0,1.505583,38,TRUE,
paper-42366-topk-1-depth-2,rag_retrieve.cql,measured,native_rag,0,315.198291,18270,TRUE,
paper-42366-topk-3-depth-0,rag_retrieve.cql,measured,native_rag,0,1.438375,3,TRUE,
paper-42366-topk-3-depth-1,rag_retrieve.cql,measured,native_rag,0,2.074333,47,TRUE,
paper-42366-topk-3-depth-2,rag_retrieve.cql,measured,native_rag,0,54.347708,3109,TRUE,
paper-42366-topk-5-depth-0,rag_retrieve.cql,measured,native_rag,0,1.719750,5,TRUE,
paper-42366-topk-5-depth-1,rag_retrieve.cql,measured,native_rag,0,2.683792,61,TRUE,
paper-42366-topk-5-depth-2,rag_retrieve.cql,measured,native_rag,0,59.168417,3365,TRUE,
paper-42366-topk-10-depth-0,rag_retrieve.cql,measured,native_rag,0,4.440833,10,TRUE,
paper-42366-topk-10-depth-1,rag_retrieve.cql,measured,native_rag,0,6.930042,144,TRUE,
paper-42366-topk-10-depth-2,rag_retrieve.cql,measured,native_rag,0,656.783500,30372,TRUE,
paper-109198-topk-1-depth-0,rag_retrieve.cql,measured,native_rag,0,1.318833,1,TRUE,
paper-109198-topk-1-depth-1,rag_retrieve.cql,measured,native_rag,0,1.093458,5,TRUE,
paper-109198-topk-1-depth-2,rag_retrieve.cql,measured,native_rag,0,1.386542,14,TRUE,
paper-109198-topk-3-depth-0,rag_retrieve.cql,measured,native_rag,0,1.404583,3,TRUE,
paper-109198-topk-3-depth-1,rag_retrieve.cql,measured,native_rag,0,2.207416,20,TRUE,
paper-109198-topk-3-depth-2,rag_retrieve.cql,measured,native_rag,0,15.125875,753,TRUE,
paper-109198-topk-5-depth-0,rag_retrieve.cql,measured,native_rag,0,2.126542,5,TRUE,
paper-109198-topk-5-depth-1,rag_retrieve.cql,measured,native_rag,0,2.944250,44,TRUE,
paper-109198-topk-5-depth-2,rag_retrieve.cql,measured,native_rag,0,49.565708,2725,TRUE,
paper-109198-topk-10-depth-0,rag_retrieve.cql,measured,native_rag,0,6.244292,10,TRUE,
paper-109198-topk-10-depth-1,rag_retrieve.cql,measured,native_rag,0,6.722416,82,TRUE,
paper-109198-topk-10-depth-2,rag_retrieve.cql,measured,native_rag,0,447.093875,20246,TRUE,
paper-106428-topk-1-depth-0,rag_retrieve.cql,measured,native_rag,0,1.201833,1,TRUE,
paper-106428-topk-1-depth-1,rag_retrieve.cql,measured,native_rag,0,1.144167,5,TRUE,
paper-106428-topk-1-depth-2,rag_retrieve.cql,measured,native_rag,0,6.375042,319,TRUE,
paper-106428-topk-3-depth-0,rag_retrieve.cql,measured,native_rag,0,1.325084,3,TRUE,
paper-106428-topk-3-depth-1,rag_retrieve.cql,measured,native_rag,0,1.887417,39,TRUE,
paper-106428-topk-3-depth-2,rag_retrieve.cql,measured,native_rag,0,536.398833,30642,TRUE,
paper-106428-topk-5-depth-0,rag_retrieve.cql,measured,native_rag,0,2.169458,5,TRUE,
paper-106428-topk-5-depth-1,rag_retrieve.cql,measured,native_rag,0,2.812958,51,TRUE,
paper-106428-topk-5-depth-2,rag_retrieve.cql,measured,native_rag,0,704.464917,34188,TRUE,
paper-106428-topk-10-depth-0,rag_retrieve.cql,measured,native_rag,0,6.781209,10,TRUE,
paper-106428-topk-10-depth-1,rag_retrieve.cql,measured,native_rag,0,10.554750,94,TRUE,
paper-106428-topk-10-depth-2,rag_retrieve.cql,measured,native_rag,0,681.707417,37892,TRUE,
paper-113554-topk-1-depth-0,rag_retrieve.cql,measured,native_rag,0,1.023541,1,TRUE,
paper-113554-topk-1-depth-1,rag_retrieve.cql,measured,native_rag,0,0.962583,6,TRUE,
paper-113554-topk-1-depth-2,rag_retrieve.cql,measured,native_rag,0,1.188333,14,TRUE,
paper-113554-topk-3-depth-0,rag_retrieve.cql,measured,native_rag,0,1.411666,3,TRUE,
paper-113554-topk-3-depth-1,rag_retrieve.cql,measured,native_rag,0,5.020083,217,TRUE,
paper-113554-topk-3-depth-2,rag_retrieve.cql,measured,native_rag,0,617.324291,35145,TRUE,
paper-113554-topk-5-depth-0,rag_retrieve.cql,measured,native_rag,0,2.095625,5,TRUE,
paper-113554-topk-5-depth-1,rag_retrieve.cql,measured,native_rag,0,5.760875,225,TRUE,
paper-113554-topk-5-depth-2,rag_retrieve.cql,measured,native_rag,0,621.329292,35165,TRUE,
paper-113554-topk-10-depth-0,rag_retrieve.cql,measured,native_rag,0,7.292417,10,TRUE,
paper-113554-topk-10-depth-1,rag_retrieve.cql,measured,native_rag,0,10.439292,244,TRUE,
paper-113554-topk-10-depth-2,rag_retrieve.cql,measured,native_rag,0,632.509250,35270,TRUE,
paper-77462-topk-1-depth-0,rag_retrieve.cql,measured,native_rag,0,1.036833,1,TRUE,
paper-77462-topk-1-depth-1,rag_retrieve.cql,measured,native_rag,0,1.014375,10,TRUE,
paper-77462-topk-1-depth-2,rag_retrieve.cql,measured,native_rag,0,9.231542,514,TRUE,
paper-77462-topk-3-depth-0,rag_retrieve.cql,measured,native_rag,0,1.199250,3,TRUE,
paper-77462-topk-3-depth-1,rag_retrieve.cql,measured,native_rag,0,1.693625,29,TRUE,
paper-77462-topk-3-depth-2,rag_retrieve.cql,measured,native_rag,0,25.931417,1439,TRUE,
paper-77462-topk-5-depth-0,rag_retrieve.cql,measured,native_rag,0,1.562667,5,TRUE,
paper-77462-topk-5-depth-1,rag_retrieve.cql,measured,native_rag,0,2.167250,44,TRUE,
paper-77462-topk-5-depth-2,rag_retrieve.cql,measured,native_rag,0,30.545250,1719,TRUE,
paper-77462-topk-10-depth-0,rag_retrieve.cql,measured,native_rag,0,3.346208,10,TRUE,
paper-77462-topk-10-depth-1,rag_retrieve.cql,measured,native_rag,0,4.618500,82,TRUE,
paper-77462-topk-10-depth-2,rag_retrieve.cql,measured,native_rag,0,35.986250,1963,TRUE,
paper-126402-topk-1-depth-0,rag_retrieve.cql,measured,native_rag,0,1.140417,1,TRUE,
paper-126402-topk-1-depth-1,rag_retrieve.cql,measured,native_rag,0,1.054208,4,TRUE,
paper-126402-topk-1-depth-2,rag_retrieve.cql,measured,native_rag,0,4.452125,204,TRUE,
paper-126402-topk-3-depth-0,rag_retrieve.cql,measured,native_rag,0,1.448708,3,TRUE,
paper-126402-topk-3-depth-1,rag_retrieve.cql,measured,native_rag,0,1.798792,25,TRUE,
paper-126402-topk-3-depth-2,rag_retrieve.cql,measured,native_rag,0,66.281208,3863,TRUE,
paper-126402-topk-5-depth-0,rag_retrieve.cql,measured,native_rag,0,2.323125,5,TRUE,
paper-126402-topk-5-depth-1,rag_retrieve.cql,measured,native_rag,0,2.981750,61,TRUE,
paper-126402-topk-5-depth-2,rag_retrieve.cql,measured,native_rag,0,321.423167,18326,TRUE,
paper-126402-topk-10-depth-0,rag_retrieve.cql,measured,native_rag,0,4.510584,10,TRUE,
paper-126402-topk-10-depth-1,rag_retrieve.cql,measured,native_rag,0,5.788667,94,TRUE,
paper-126402-topk-10-depth-2,rag_retrieve.cql,measured,native_rag,0,554.834584,31652,TRUE,
paper-49111-topk-1-depth-0,rag_retrieve.cql,measured,native_rag,0,0.976084,1,TRUE,
paper-49111-topk-1-depth-1,rag_retrieve.cql,measured,native_rag,0,1.061959,13,TRUE,
paper-49111-topk-1-depth-2,rag_retrieve.cql,measured,native_rag,0,4.207250,183,TRUE,
paper-49111-topk-3-depth-0,rag_retrieve.cql,measured,native_rag,0,1.688459,3,TRUE,
paper-49111-topk-3-depth-1,rag_retrieve.cql,measured,native_rag,0,1.596708,17,TRUE,
paper-49111-topk-3-depth-2,rag_retrieve.cql,measured,native_rag,0,5.142666,201,TRUE,
paper-49111-topk-5-depth-0,rag_retrieve.cql,measured,native_rag,0,2.907209,5,TRUE,
paper-49111-topk-5-depth-1,rag_retrieve.cql,measured,native_rag,0,3.703792,24,TRUE,
paper-49111-topk-5-depth-2,rag_retrieve.cql,measured,native_rag,0,46.348416,1565,TRUE,
paper-49111-topk-10-depth-0,rag_retrieve.cql,measured,native_rag,0,6.328584,10,TRUE,
paper-49111-topk-10-depth-1,rag_retrieve.cql,measured,native_rag,0,5.708542,72,TRUE,
paper-49111-topk-10-depth-2,rag_retrieve.cql,measured,native_rag,0,86.123625,4823,TRUE,
paper-128918-topk-1-depth-0,rag_retrieve.cql,measured,native_rag,0,0.992375,1,TRUE,
paper-128918-topk-1-depth-1,rag_retrieve.cql,measured,native_rag,0,1.086458,3,TRUE,
paper-128918-topk-1-depth-2,rag_retrieve.cql,measured,native_rag,0,1.246625,22,TRUE,
paper-128918-topk-3-depth-0,rag_retrieve.cql,measured,native_rag,0,1.310500,3,TRUE,
paper-128918-topk-3-depth-1,rag_retrieve.cql,measured,native_rag,0,1.403834,12,TRUE,
paper-128918-topk-3-depth-2,rag_retrieve.cql,measured,native_rag,0,3.452167,113,TRUE,
paper-128918-topk-5-depth-0,rag_retrieve.cql,measured,native_rag,0,1.788333,5,TRUE,
paper-128918-topk-5-depth-1,rag_retrieve.cql,measured,native_rag,0,2.887042,38,TRUE,
paper-128918-topk-5-depth-2,rag_retrieve.cql,measured,native_rag,0,9.086083,415,TRUE,
paper-128918-topk-10-depth-0,rag_retrieve.cql,measured,native_rag,0,2.957292,10,TRUE,
paper-128918-topk-10-depth-1,rag_retrieve.cql,measured,native_rag,0,3.743000,58,TRUE,
paper-128918-topk-10-depth-2,rag_retrieve.cql,measured,native_rag,0,36.041292,1507,TRUE,
paper-78007-topk-1-depth-0,rag_retrieve.cql,measured,native_rag,0,1.017708,1,TRUE,
paper-78007-topk-1-depth-1,rag_retrieve.cql,measured,native_rag,0,1.021667,9,TRUE,
paper-78007-topk-1-depth-2,rag_retrieve.cql,measured,native_rag,0,1.770250,45,TRUE,
paper-78007-topk-3-depth-0,rag_retrieve.cql,measured,native_rag,0,1.666291,3,TRUE,
paper-78007-topk-3-depth-1,rag_retrieve.cql,measured,native_rag,0,1.715000,15,TRUE,
paper-78007-topk-3-depth-2,rag_retrieve.cql,measured,native_rag,0,3.103333,107,TRUE,
paper-78007-topk-5-depth-0,rag_retrieve.cql,measured,native_rag,0,2.476750,5,TRUE,
paper-78007-topk-5-depth-1,rag_retrieve.cql,measured,native_rag,0,2.245208,34,TRUE,
paper-78007-topk-5-depth-2,rag_retrieve.cql,measured,native_rag,0,9.723041,433,TRUE,
paper-78007-topk-10-depth-0,rag_retrieve.cql,measured,native_rag,0,3.538792,10,TRUE,
paper-78007-topk-10-depth-1,rag_retrieve.cql,measured,native_rag,0,5.542833,100,TRUE,
paper-78007-topk-10-depth-2,rag_retrieve.cql,measured,native_rag,0,62.152625,3278,TRUE,
paper-110570-topk-1-depth-0,rag_retrieve.cql,measured,native_rag,0,1.105875,1,TRUE,
paper-110570-topk-1-depth-1,rag_retrieve.cql,measured,native_rag,0,1.090042,5,TRUE,
paper-110570-topk-1-depth-2,rag_retrieve.cql,measured,native_rag,0,1.262417,11,TRUE,
paper-110570-topk-3-depth-0,rag_retrieve.cql,measured,native_rag,0,32.267042,3,TRUE,
paper-110570-topk-3-depth-1,rag_retrieve.cql,measured,native_rag,0,5.467542,14,TRUE,
paper-110570-topk-3-depth-2,rag_retrieve.cql,measured,native_rag,0,24.726167,611,TRUE,
paper-110570-topk-5-depth-0,rag_retrieve.cql,measured,native_rag,0,1.919250,5,TRUE,
paper-110570-topk-5-depth-1,rag_retrieve.cql,measured,native_rag,0,3.380250,62,TRUE,
paper-110570-topk-5-depth-2,rag_retrieve.cql,measured,native_rag,0,252.166542,14658,TRUE,
paper-110570-topk-10-depth-0,rag_retrieve.cql,measured,native_rag,0,3.303334,10,TRUE,
paper-110570-topk-10-depth-1,rag_retrieve.cql,measured,native_rag,0,5.019209,109,TRUE,
paper-110570-topk-10-depth-2,rag_retrieve.cql,measured,native_rag,0,444.261542,24334,TRUE,
paper-27746-topk-1-depth-0,rag_retrieve.cql,measured,native_rag,0,1.077792,1,TRUE,
paper-27746-topk-1-depth-1,rag_retrieve.cql,measured,native_rag,0,0.931708,2,TRUE,
paper-27746-topk-1-depth-2,rag_retrieve.cql,measured,native_rag,0,0.955708,9,TRUE,
paper-27746-topk-3-depth-0,rag_retrieve.cql,measured,native_rag,0,1.185000,3,TRUE,
paper-27746-topk-3-depth-1,rag_retrieve.cql,measured,native_rag,0,1.329625,12,TRUE,
paper-27746-topk-3-depth-2,rag_retrieve.cql,measured,native_rag,0,2.272792,50,TRUE,
paper-27746-topk-5-depth-0,rag_retrieve.cql,measured,native_rag,0,1.607125,5,TRUE,
paper-27746-topk-5-depth-1,rag_retrieve.cql,measured,native_rag,0,1.883833,20,TRUE,
paper-27746-topk-5-depth-2,rag_retrieve.cql,measured,native_rag,0,20.888833,1087,TRUE,
paper-27746-topk-10-depth-0,rag_retrieve.cql,measured,native_rag,0,3.398500,10,TRUE,
paper-27746-topk-10-depth-1,rag_retrieve.cql,measured,native_rag,0,5.140084,79,TRUE,
paper-27746-topk-10-depth-2,rag_retrieve.cql,measured,native_rag,0,559.185500,31572,TRUE,
paper-99815-topk-1-depth-0,rag_retrieve.cql,measured,native_rag,0,1.194417,1,TRUE,
paper-99815-topk-1-depth-1,rag_retrieve.cql,measured,native_rag,0,1.060041,5,TRUE,
paper-99815-topk-1-depth-2,rag_retrieve.cql,measured,native_rag,0,4.905375,235,TRUE,
paper-99815-topk-3-depth-0,rag_retrieve.cql,measured,native_rag,0,1.322875,3,TRUE,
paper-99815-topk-3-depth-1,rag_retrieve.cql,measured,native_rag,0,1.629042,22,TRUE,
paper-99815-topk-3-depth-2,rag_retrieve.cql,measured,native_rag,0,2.749584,82,TRUE,
paper-99815-topk-5-depth-0,rag_retrieve.cql,measured,native_rag,0,1.819666,5,TRUE,
paper-99815-topk-5-depth-1,rag_retrieve.cql,measured,native_rag,0,6.535083,40,TRUE,
paper-99815-topk-5-depth-2,rag_retrieve.cql,measured,native_rag,0,28.336209,1570,TRUE,
paper-99815-topk-10-depth-0,rag_retrieve.cql,measured,native_rag,0,3.974083,10,TRUE,
paper-99815-topk-10-depth-1,rag_retrieve.cql,measured,native_rag,0,4.709250,61,TRUE,
paper-99815-topk-10-depth-2,rag_retrieve.cql,measured,native_rag,0,32.014916,1675,TRUE,
paper-94455-topk-1-depth-0,rag_retrieve.cql,measured,native_rag,0,0.888541,1,TRUE,
paper-94455-topk-1-depth-1,rag_retrieve.cql,measured,native_rag,0,0.990917,6,TRUE,
paper-94455-topk-1-depth-2,rag_retrieve.cql,measured,native_rag,0,1.024708,10,TRUE,
paper-94455-topk-3-depth-0,rag_retrieve.cql,measured,native_rag,0,1.293500,3,TRUE,
paper-94455-topk-3-depth-1,rag_retrieve.cql,measured,native_rag,0,1.695292,29,TRUE,
paper-94455-topk-3-depth-2,rag_retrieve.cql,measured,native_rag,0,61.529459,3499,TRUE,
paper-94455-topk-5-depth-0,rag_retrieve.cql,measured,native_rag,0,1.884500,5,TRUE,
paper-94455-topk-5-depth-1,rag_retrieve.cql,measured,native_rag,0,2.178250,27,TRUE,
paper-94455-topk-5-depth-2,rag_retrieve.cql,measured,native_rag,0,147.936125,8272,TRUE,
paper-94455-topk-10-depth-0,rag_retrieve.cql,measured,native_rag,0,4.367417,10,TRUE,
paper-94455-topk-10-depth-1,rag_retrieve.cql,measured,native_rag,0,5.064292,74,TRUE,
paper-94455-topk-10-depth-2,rag_retrieve.cql,measured,native_rag,0,243.782834,13907,TRUE,
paper-46460-topk-1-depth-0,rag_retrieve.cql,measured,native_rag,0,1.072125,1,TRUE,
paper-46460-topk-1-depth-1,rag_retrieve.cql,measured,native_rag,0,1.024875,5,TRUE,
paper-46460-topk-1-depth-2,rag_retrieve.cql,measured,native_rag,0,4.437250,210,TRUE,
paper-46460-topk-3-depth-0,rag_retrieve.cql,measured,native_rag,0,1.257500,3,TRUE,
paper-46460-topk-3-depth-1,rag_retrieve.cql,measured,native_rag,0,1.743458,28,TRUE,
paper-46460-topk-3-depth-2,rag_retrieve.cql,measured,native_rag,0,261.968625,14566,TRUE,
paper-46460-topk-5-depth-0,rag_retrieve.cql,measured,native_rag,0,2.048625,5,TRUE,
paper-46460-topk-5-depth-1,rag_retrieve.cql,measured,native_rag,0,2.930541,68,TRUE,
paper-46460-topk-5-depth-2,rag_retrieve.cql,measured,native_rag,0,414.360209,23973,TRUE,
paper-46460-topk-10-depth-0,rag_retrieve.cql,measured,native_rag,0,5.201667,10,TRUE,
paper-46460-topk-10-depth-1,rag_retrieve.cql,measured,native_rag,0,6.551792,106,TRUE,
paper-46460-topk-10-depth-2,rag_retrieve.cql,measured,native_rag,0,436.002416,24811,TRUE,
paper-114370-topk-1-depth-0,rag_retrieve.cql,measured,native_rag,0,1.156417,1,TRUE,
paper-114370-topk-1-depth-1,rag_retrieve.cql,measured,native_rag,0,1.176708,10,TRUE,
paper-114370-topk-1-depth-2,rag_retrieve.cql,measured,native_rag,0,25.852458,1466,TRUE,
paper-114370-topk-3-depth-0,rag_retrieve.cql,measured,native_rag,0,1.541042,3,TRUE,
paper-114370-topk-3-depth-1,rag_retrieve.cql,measured,native_rag,0,2.396458,57,TRUE,
paper-114370-topk-3-depth-2,rag_retrieve.cql,measured,native_rag,0,273.633209,15763,TRUE,
paper-114370-topk-5-depth-0,rag_retrieve.cql,measured,native_rag,0,2.458000,5,TRUE,
paper-114370-topk-5-depth-1,rag_retrieve.cql,measured,native_rag,0,4.433125,84,TRUE,
paper-114370-topk-5-depth-2,rag_retrieve.cql,measured,native_rag,0,336.192667,19241,TRUE,
paper-114370-topk-10-depth-0,rag_retrieve.cql,measured,native_rag,0,5.844292,10,TRUE,
paper-114370-topk-10-depth-1,rag_retrieve.cql,measured,native_rag,0,8.333250,152,TRUE,
paper-114370-topk-10-depth-2,rag_retrieve.cql,measured,native_rag,0,446.103625,25148,TRUE,
paper-134361-topk-1-depth-0,rag_retrieve.cql,measured,native_rag,0,1.009500,1,TRUE,
paper-134361-topk-1-depth-1,rag_retrieve.cql,measured,native_rag,0,1.351125,26,TRUE,
paper-134361-topk-1-depth-2,rag_retrieve.cql,measured,native_rag,0,379.807875,21823,TRUE,
paper-134361-topk-3-depth-0,rag_retrieve.cql,measured,native_rag,0,1.528833,3,TRUE,
paper-134361-topk-3-depth-1,rag_retrieve.cql,measured,native_rag,0,2.034500,47,TRUE,
paper-134361-topk-3-depth-2,rag_retrieve.cql,measured,native_rag,0,135.900000,7751,TRUE,
paper-134361-topk-5-depth-0,rag_retrieve.cql,measured,native_rag,0,2.229833,5,TRUE,
paper-134361-topk-5-depth-1,rag_retrieve.cql,measured,native_rag,0,4.182541,132,TRUE,
paper-134361-topk-5-depth-2,rag_retrieve.cql,measured,native_rag,0,534.645250,31223,TRUE,
paper-134361-topk-10-depth-0,rag_retrieve.cql,measured,native_rag,0,7.269542,10,TRUE,
paper-134361-topk-10-depth-1,rag_retrieve.cql,measured,native_rag,0,8.763625,109,TRUE,
paper-134361-topk-10-depth-2,rag_retrieve.cql,measured,native_rag,0,329.328292,18582,TRUE,
paper-146319-topk-1-depth-0,rag_retrieve.cql,measured,native_rag,0,1.113583,1,TRUE,
paper-146319-topk-1-depth-1,rag_retrieve.cql,measured,native_rag,0,1.281542,23,TRUE,
paper-146319-topk-1-depth-2,rag_retrieve.cql,measured,native_rag,0,335.604833,19307,TRUE,
paper-146319-topk-3-depth-0,rag_retrieve.cql,measured,native_rag,0,1.546916,3,TRUE,
paper-146319-topk-3-depth-1,rag_retrieve.cql,measured,native_rag,0,4.104916,162,TRUE,
paper-146319-topk-3-depth-2,rag_retrieve.cql,measured,native_rag,0,419.638333,22803,TRUE,
paper-146319-topk-5-depth-0,rag_retrieve.cql,measured,native_rag,0,2.422583,5,TRUE,
paper-146319-topk-5-depth-1,rag_retrieve.cql,measured,native_rag,0,4.942291,169,TRUE,
paper-146319-topk-5-depth-2,rag_retrieve.cql,measured,native_rag,0,396.172833,22907,TRUE,
paper-146319-topk-10-depth-0,rag_retrieve.cql,measured,native_rag,0,6.766791,10,TRUE,
paper-146319-topk-10-depth-1,rag_retrieve.cql,measured,native_rag,0,9.979709,219,TRUE,
paper-146319-topk-10-depth-2,rag_retrieve.cql,measured,native_rag,0,534.427833,30130,TRUE,
paper-30176-topk-1-depth-0,rag_retrieve.cql,measured,native_rag,0,0.945750,1,TRUE,
paper-30176-topk-1-depth-1,rag_retrieve.cql,measured,native_rag,0,0.899875,4,TRUE,
paper-30176-topk-1-depth-2,rag_retrieve.cql,measured,native_rag,0,1.076250,18,TRUE,
paper-30176-topk-3-depth-0,rag_retrieve.cql,measured,native_rag,0,1.267333,3,TRUE,
paper-30176-topk-3-depth-1,rag_retrieve.cql,measured,native_rag,0,1.768250,33,TRUE,
paper-30176-topk-3-depth-2,rag_retrieve.cql,measured,native_rag,0,124.371000,7072,TRUE,
paper-30176-topk-5-depth-0,rag_retrieve.cql,measured,native_rag,0,1.880208,5,TRUE,
paper-30176-topk-5-depth-1,rag_retrieve.cql,measured,native_rag,0,2.609333,55,TRUE,
paper-30176-topk-5-depth-2,rag_retrieve.cql,measured,native_rag,0,83.071208,4757,TRUE,
paper-30176-topk-10-depth-0,rag_retrieve.cql,measured,native_rag,0,3.508417,10,TRUE,
paper-30176-topk-10-depth-1,rag_retrieve.cql,measured,native_rag,0,4.716125,91,TRUE,
paper-30176-topk-10-depth-2,rag_retrieve.cql,measured,native_rag,0,207.120542,11858,TRUE,
paper-110594-topk-1-depth-0,rag_retrieve.cql,measured,native_rag,0,1.093042,1,TRUE,
paper-110594-topk-1-depth-1,rag_retrieve.cql,measured,native_rag,0,1.284541,20,TRUE,
paper-110594-topk-1-depth-2,rag_retrieve.cql,measured,native_rag,0,242.466542,13887,TRUE,
paper-110594-topk-3-depth-0,rag_retrieve.cql,measured,native_rag,0,1.652666,3,TRUE,
paper-110594-topk-3-depth-1,rag_retrieve.cql,measured,native_rag,0,2.533208,65,TRUE,
paper-110594-topk-3-depth-2,rag_retrieve.cql,measured,native_rag,0,280.281667,16219,TRUE,
paper-110594-topk-5-depth-0,rag_retrieve.cql,measured,native_rag,0,2.272709,5,TRUE,
paper-110594-topk-5-depth-1,rag_retrieve.cql,measured,native_rag,0,3.752334,91,TRUE,
paper-110594-topk-5-depth-2,rag_retrieve.cql,measured,native_rag,0,524.521000,29647,TRUE,
paper-110594-topk-10-depth-0,rag_retrieve.cql,measured,native_rag,0,6.376791,10,TRUE,
paper-110594-topk-10-depth-1,rag_retrieve.cql,measured,native_rag,0,8.038708,130,TRUE,
paper-110594-topk-10-depth-2,rag_retrieve.cql,measured,native_rag,0,554.988500,31649,TRUE,
paper-129404-topk-1-depth-0,rag_retrieve.cql,measured,native_rag,0,1.052333,1,TRUE,
paper-129404-topk-1-depth-1,rag_retrieve.cql,measured,native_rag,0,1.065042,4,TRUE,
paper-129404-topk-1-depth-2,rag_retrieve.cql,measured,native_rag,0,1.443250,31,TRUE,
paper-129404-topk-3-depth-0,rag_retrieve.cql,measured,native_rag,0,2.151083,3,TRUE,
paper-129404-topk-3-depth-1,rag_retrieve.cql,measured,native_rag,0,1.785125,26,TRUE,
paper-129404-topk-3-depth-2,rag_retrieve.cql,measured,native_rag,0,25.679667,1409,TRUE,
paper-129404-topk-5-depth-0,rag_retrieve.cql,measured,native_rag,0,2.104291,5,TRUE,
paper-129404-topk-5-depth-1,rag_retrieve.cql,measured,native_rag,0,2.683166,43,TRUE,
paper-129404-topk-5-depth-2,rag_retrieve.cql,measured,native_rag,0,471.896542,27041,TRUE,
paper-129404-topk-10-depth-0,rag_retrieve.cql,measured,native_rag,0,4.896375,10,TRUE,
paper-129404-topk-10-depth-1,rag_retrieve.cql,measured,native_rag,0,5.439875,75,TRUE,
paper-129404-topk-10-depth-2,rag_retrieve.cql,measured,native_rag,0,569.372417,31641,TRUE,
paper-59728-topk-1-depth-0,rag_retrieve.cql,measured,native_rag,0,1.131333,1,TRUE,
paper-59728-topk-1-depth-1,rag_retrieve.cql,measured,native_rag,0,1.011333,5,TRUE,
paper-59728-topk-1-depth-2,rag_retrieve.cql,measured,native_rag,0,4.422125,210,TRUE,
paper-59728-topk-3-depth-0,rag_retrieve.cql,measured,native_rag,0,1.426375,3,TRUE,
paper-59728-topk-3-depth-1,rag_retrieve.cql,measured,native_rag,0,1.674667,19,TRUE,
paper-59728-topk-3-depth-2,rag_retrieve.cql,measured,native_rag,0,6.376042,305,TRUE,
paper-59728-topk-5-depth-0,rag_retrieve.cql,measured,native_rag,0,1.943458,5,TRUE,
paper-59728-topk-5-depth-1,rag_retrieve.cql,measured,native_rag,0,2.301333,25,TRUE,
paper-59728-topk-5-depth-2,rag_retrieve.cql,measured,native_rag,0,248.364625,14079,TRUE,
paper-59728-topk-10-depth-0,rag_retrieve.cql,measured,native_rag,0,5.005708,10,TRUE,
paper-59728-topk-10-depth-1,rag_retrieve.cql,measured,native_rag,0,5.528125,70,TRUE,
paper-59728-topk-10-depth-2,rag_retrieve.cql,measured,native_rag,0,273.075459,15031,TRUE,
paper-101062-topk-1-depth-0,rag_retrieve.cql,measured,native_rag,0,1.563167,1,TRUE,
paper-101062-topk-1-depth-1,rag_retrieve.cql,measured,native_rag,0,1.657750,17,TRUE,
paper-101062-topk-1-depth-2,rag_retrieve.cql,measured,native_rag,0,48.758500,2643,TRUE,
paper-101062-topk-3-depth-0,rag_retrieve.cql,measured,native_rag,0,4.747625,3,TRUE,
paper-101062-topk-3-depth-1,rag_retrieve.cql,measured,native_rag,0,3.202667,64,TRUE,
paper-101062-topk-3-depth-2,rag_retrieve.cql,measured,native_rag,0,423.654666,24086,TRUE,
paper-101062-topk-5-depth-0,rag_retrieve.cql,measured,native_rag,0,2.381667,5,TRUE,
paper-101062-topk-5-depth-1,rag_retrieve.cql,measured,native_rag,0,3.930666,119,TRUE,
paper-101062-topk-5-depth-2,rag_retrieve.cql,measured,native_rag,0,536.282542,28805,TRUE,
paper-101062-topk-10-depth-0,rag_retrieve.cql,measured,native_rag,0,6.396041,10,TRUE,
paper-101062-topk-10-depth-1,rag_retrieve.cql,measured,native_rag,0,8.186500,134,TRUE,
paper-101062-topk-10-depth-2,rag_retrieve.cql,measured,native_rag,0,573.875708,31106,TRUE,
paper-135613-topk-1-depth-0,rag_retrieve.cql,measured,native_rag,0,1.088709,1,TRUE,
paper-135613-topk-1-depth-1,rag_retrieve.cql,measured,native_rag,0,0.883167,3,TRUE,
paper-135613-topk-1-depth-2,rag_retrieve.cql,measured,native_rag,0,1.112167,16,TRUE,
paper-135613-topk-3-depth-0,rag_retrieve.cql,measured,native_rag,0,1.286417,3,TRUE,
paper-135613-topk-3-depth-1,rag_retrieve.cql,measured,native_rag,0,2.040625,48,TRUE,
paper-135613-topk-3-depth-2,rag_retrieve.cql,measured,native_rag,0,19.960583,1020,TRUE,
paper-135613-topk-5-depth-0,rag_retrieve.cql,measured,native_rag,0,1.757958,5,TRUE,
paper-135613-topk-5-depth-1,rag_retrieve.cql,measured,native_rag,0,2.882708,67,TRUE,
paper-135613-topk-5-depth-2,rag_retrieve.cql,measured,native_rag,0,25.876542,1372,TRUE,
paper-135613-topk-10-depth-0,rag_retrieve.cql,measured,native_rag,0,3.425667,10,TRUE,
paper-135613-topk-10-depth-1,rag_retrieve.cql,measured,native_rag,0,4.241583,88,TRUE,
paper-135613-topk-10-depth-2,rag_retrieve.cql,measured,native_rag,0,99.434417,5432,TRUE,
paper-11628-topk-1-depth-0,rag_retrieve.cql,measured,native_rag,0,1.156125,1,TRUE,
paper-11628-topk-1-depth-1,rag_retrieve.cql,measured,native_rag,0,1.317167,16,TRUE,
paper-11628-topk-1-depth-2,rag_retrieve.cql,measured,native_rag,0,150.689292,8688,TRUE,
paper-11628-topk-3-depth-0,rag_retrieve.cql,measured,native_rag,0,1.599875,3,TRUE,
paper-11628-topk-3-depth-1,rag_retrieve.cql,measured,native_rag,0,2.586667,58,TRUE,
paper-11628-topk-3-depth-2,rag_retrieve.cql,measured,native_rag,0,136.704208,7935,TRUE,
paper-11628-topk-5-depth-0,rag_retrieve.cql,measured,native_rag,0,2.021000,5,TRUE,
paper-11628-topk-5-depth-1,rag_retrieve.cql,measured,native_rag,0,3.279208,79,TRUE,
paper-11628-topk-5-depth-2,rag_retrieve.cql,measured,native_rag,0,370.830000,20880,TRUE,
paper-11628-topk-10-depth-0,rag_retrieve.cql,measured,native_rag,0,5.651709,10,TRUE,
paper-11628-topk-10-depth-1,rag_retrieve.cql,measured,native_rag,0,9.156958,107,TRUE,
paper-11628-topk-10-depth-2,rag_retrieve.cql,measured,native_rag,0,403.597416,22950,TRUE,
paper-20466-topk-1-depth-0,rag_retrieve.cql,measured,native_rag,0,1.271208,1,TRUE,
paper-20466-topk-1-depth-1,rag_retrieve.cql,measured,native_rag,0,0.972834,6,TRUE,
paper-20466-topk-1-depth-2,rag_retrieve.cql,measured,native_rag,0,292.681167,15196,TRUE,
paper-20466-topk-3-depth-0,rag_retrieve.cql,measured,native_rag,0,1.999708,3,TRUE,
paper-20466-topk-3-depth-1,rag_retrieve.cql,measured,native_rag,0,1.395250,13,TRUE,
paper-20466-topk-3-depth-2,rag_retrieve.cql,measured,native_rag,0,305.969625,17096,TRUE,
paper-20466-topk-5-depth-0,rag_retrieve.cql,measured,native_rag,0,2.406292,5,TRUE,
paper-20466-topk-5-depth-1,rag_retrieve.cql,measured,native_rag,0,2.793500,62,TRUE,
paper-20466-topk-5-depth-2,rag_retrieve.cql,measured,native_rag,0,585.402625,29788,TRUE,
paper-20466-topk-10-depth-0,rag_retrieve.cql,measured,native_rag,0,5.180417,10,TRUE,
paper-20466-topk-10-depth-1,rag_retrieve.cql,measured,native_rag,0,6.422750,78,TRUE,
paper-20466-topk-10-depth-2,rag_retrieve.cql,measured,native_rag,0,571.336625,30453,TRUE,
paper-81501-topk-1-depth-0,rag_retrieve.cql,measured,native_rag,0,1.206333,1,TRUE,
paper-81501-topk-1-depth-1,rag_retrieve.cql,measured,native_rag,0,1.260667,13,TRUE,
paper-81501-topk-1-depth-2,rag_retrieve.cql,measured,native_rag,0,2.946875,106,TRUE,
paper-81501-topk-3-depth-0,rag_retrieve.cql,measured,native_rag,0,1.651833,3,TRUE,
paper-81501-topk-3-depth-1,rag_retrieve.cql,measured,native_rag,0,2.060417,35,TRUE,
paper-81501-topk-3-depth-2,rag_retrieve.cql,measured,native_rag,0,256.244458,14301,TRUE,
paper-81501-topk-5-depth-0,rag_retrieve.cql,measured,native_rag,0,3.460458,5,TRUE,
paper-81501-topk-5-depth-1,rag_retrieve.cql,measured,native_rag,0,3.415166,65,TRUE,
paper-81501-topk-5-depth-2,rag_retrieve.cql,measured,native_rag,0,337.626750,17579,TRUE,
paper-81501-topk-10-depth-0,rag_retrieve.cql,measured,native_rag,0,4.725250,10,TRUE,
paper-81501-topk-10-depth-1,rag_retrieve.cql,measured,native_rag,0,8.652750,139,TRUE,
paper-81501-topk-10-depth-2,rag_retrieve.cql,measured,native_rag,0,484.000958,25072,TRUE,
paper-34318-topk-1-depth-0,rag_retrieve.cql,measured,native_rag,0,1.245708,1,TRUE,
paper-34318-topk-1-depth-1,rag_retrieve.cql,measured,native_rag,0,0.991500,8,TRUE,
paper-34318-topk-1-depth-2,rag_retrieve.cql,measured,native_rag,0,36.240000,2052,TRUE,
paper-34318-topk-3-depth-0,rag_retrieve.cql,measured,native_rag,0,1.149625,3,TRUE,
paper-34318-topk-3-depth-1,rag_retrieve.cql,measured,native_rag,0,1.754750,37,TRUE,
paper-34318-topk-3-depth-2,rag_retrieve.cql,measured,native_rag,0,11.156458,565,TRUE,
paper-34318-topk-5-depth-0,rag_retrieve.cql,measured,native_rag,0,1.567375,5,TRUE,
paper-34318-topk-5-depth-1,rag_retrieve.cql,measured,native_rag,0,2.243416,50,TRUE,
paper-34318-topk-5-depth-2,rag_retrieve.cql,measured,native_rag,0,29.134959,1598,TRUE,
paper-34318-topk-10-depth-0,rag_retrieve.cql,measured,native_rag,0,3.336208,10,TRUE,
paper-34318-topk-10-depth-1,rag_retrieve.cql,measured,native_rag,0,4.863791,105,TRUE,
paper-34318-topk-10-depth-2,rag_retrieve.cql,measured,native_rag,0,560.358458,31746,TRUE,
paper-168013-topk-1-depth-0,rag_retrieve.cql,measured,native_rag,0,1.157125,1,TRUE,
paper-168013-topk-1-depth-1,rag_retrieve.cql,measured,native_rag,0,1.009750,3,TRUE,
paper-168013-topk-1-depth-2,rag_retrieve.cql,measured,native_rag,0,0.937792,4,TRUE,
paper-168013-topk-3-depth-0,rag_retrieve.cql,measured,native_rag,0,1.253667,3,TRUE,
paper-168013-topk-3-depth-1,rag_retrieve.cql,measured,native_rag,0,1.320500,11,TRUE,
paper-168013-topk-3-depth-2,rag_retrieve.cql,measured,native_rag,0,2.135125,56,TRUE,
paper-168013-topk-5-depth-0,rag_retrieve.cql,measured,native_rag,0,1.524709,5,TRUE,
paper-168013-topk-5-depth-1,rag_retrieve.cql,measured,native_rag,0,1.794500,26,TRUE,
paper-168013-topk-5-depth-2,rag_retrieve.cql,measured,native_rag,0,300.025792,17070,TRUE,
paper-168013-topk-10-depth-0,rag_retrieve.cql,measured,native_rag,0,3.079667,10,TRUE,
paper-168013-topk-10-depth-1,rag_retrieve.cql,measured,native_rag,0,3.930584,63,TRUE,
paper-168013-topk-10-depth-2,rag_retrieve.cql,measured,native_rag,0,316.543708,17914,TRUE,
paper-154080-topk-1-depth-0,rag_retrieve.cql,measured,native_rag,0,1.031750,1,TRUE,
paper-154080-topk-1-depth-1,rag_retrieve.cql,measured,native_rag,0,0.978791,2,TRUE,
paper-154080-topk-1-depth-2,rag_retrieve.cql,measured,native_rag,0,1.023875,8,TRUE,
paper-154080-topk-3-depth-0,rag_retrieve.cql,measured,native_rag,0,1.075709,3,TRUE,
paper-154080-topk-3-depth-1,rag_retrieve.cql,measured,native_rag,0,1.208458,11,TRUE,
paper-154080-topk-3-depth-2,rag_retrieve.cql,measured,native_rag,0,1.841125,44,TRUE,
paper-154080-topk-5-depth-0,rag_retrieve.cql,measured,native_rag,0,1.270167,5,TRUE,
paper-154080-topk-5-depth-1,rag_retrieve.cql,measured,native_rag,0,1.692625,23,TRUE,
paper-154080-topk-5-depth-2,rag_retrieve.cql,measured,native_rag,0,87.356834,5055,TRUE,
paper-154080-topk-10-depth-0,rag_retrieve.cql,measured,native_rag,0,3.004459,10,TRUE,
paper-154080-topk-10-depth-1,rag_retrieve.cql,measured,native_rag,0,3.585333,58,TRUE,
paper-154080-topk-10-depth-2,rag_retrieve.cql,measured,native_rag,0,166.845500,9506,TRUE,
paper-60990-topk-1-depth-0,rag_retrieve.cql,measured,native_rag,0,0.968792,1,TRUE,
paper-60990-topk-1-depth-1,rag_retrieve.cql,measured,native_rag,0,0.977916,2,TRUE,
paper-60990-topk-1-depth-2,rag_retrieve.cql,measured,native_rag,0,46.306167,2693,TRUE,
paper-60990-topk-3-depth-0,rag_retrieve.cql,measured,native_rag,0,1.508417,3,TRUE,
paper-60990-topk-3-depth-1,rag_retrieve.cql,measured,native_rag,0,1.674208,21,TRUE,
paper-60990-topk-3-depth-2,rag_retrieve.cql,measured,native_rag,0,156.442000,8966,TRUE,
paper-60990-topk-5-depth-0,rag_retrieve.cql,measured,native_rag,0,2.284666,5,TRUE,
paper-60990-topk-5-depth-1,rag_retrieve.cql,measured,native_rag,0,2.737292,58,TRUE,
paper-60990-topk-5-depth-2,rag_retrieve.cql,measured,native_rag,0,518.018041,29245,TRUE,
paper-60990-topk-10-depth-0,rag_retrieve.cql,measured,native_rag,0,3.834167,10,TRUE,
paper-60990-topk-10-depth-1,rag_retrieve.cql,measured,native_rag,0,4.912542,89,TRUE,
paper-60990-topk-10-depth-2,rag_retrieve.cql,measured,native_rag,0,529.308291,30064,TRUE,
paper-84581-topk-1-depth-0,rag_retrieve.cql,measured,native_rag,0,1.195709,1,TRUE,
paper-84581-topk-1-depth-1,rag_retrieve.cql,measured,native_rag,0,1.195750,9,TRUE,
paper-84581-topk-1-depth-2,rag_retrieve.cql,measured,native_rag,0,11.719416,579,TRUE,
paper-84581-topk-3-depth-0,rag_retrieve.cql,measured,native_rag,0,1.444709,3,TRUE,
paper-84581-topk-3-depth-1,rag_retrieve.cql,measured,native_rag,0,1.765917,16,TRUE,
paper-84581-topk-3-depth-2,rag_retrieve.cql,measured,native_rag,0,13.535708,592,TRUE,
paper-84581-topk-5-depth-0,rag_retrieve.cql,measured,native_rag,0,1.904583,5,TRUE,
paper-84581-topk-5-depth-1,rag_retrieve.cql,measured,native_rag,0,2.209541,26,TRUE,
paper-84581-topk-5-depth-2,rag_retrieve.cql,measured,native_rag,0,19.182292,981,TRUE,
paper-84581-topk-10-depth-0,rag_retrieve.cql,measured,native_rag,0,3.503500,10,TRUE,
paper-84581-topk-10-depth-1,rag_retrieve.cql,measured,native_rag,0,3.762959,56,TRUE,
paper-84581-topk-10-depth-2,rag_retrieve.cql,measured,native_rag,0,527.289125,30023,TRUE,
paper-75264-topk-1-depth-0,rag_retrieve.cql,measured,native_rag,0,0.957625,1,TRUE,
paper-75264-topk-1-depth-1,rag_retrieve.cql,measured,native_rag,0,1.031792,9,TRUE,
paper-75264-topk-1-depth-2,rag_retrieve.cql,measured,native_rag,0,44.794458,2557,TRUE,
paper-75264-topk-3-depth-0,rag_retrieve.cql,measured,native_rag,0,1.293833,3,TRUE,
paper-75264-topk-3-depth-1,rag_retrieve.cql,measured,native_rag,0,2.158666,60,TRUE,
paper-75264-topk-3-depth-2,rag_retrieve.cql,measured,native_rag,0,430.900333,24625,TRUE,
paper-75264-topk-5-depth-0,rag_retrieve.cql,measured,native_rag,0,2.110000,5,TRUE,
paper-75264-topk-5-depth-1,rag_retrieve.cql,measured,native_rag,0,3.149959,78,TRUE,
paper-75264-topk-5-depth-2,rag_retrieve.cql,measured,native_rag,0,433.424167,24821,TRUE,
paper-75264-topk-10-depth-0,rag_retrieve.cql,measured,native_rag,0,5.486250,10,TRUE,
paper-75264-topk-10-depth-1,rag_retrieve.cql,measured,native_rag,0,7.582000,113,TRUE,
paper-75264-topk-10-depth-2,rag_retrieve.cql,measured,native_rag,0,464.512375,25272,TRUE,
paper-134323-topk-1-depth-0,rag_retrieve.cql,measured,native_rag,0,1.026750,1,TRUE,
paper-134323-topk-1-depth-1,rag_retrieve.cql,measured,native_rag,0,1.137041,6,TRUE,
paper-134323-topk-1-depth-2,rag_retrieve.cql,measured,native_rag,0,1.226791,23,TRUE,
paper-134323-topk-3-depth-0,rag_retrieve.cql,measured,native_rag,0,1.238792,3,TRUE,
paper-134323-topk-3-depth-1,rag_retrieve.cql,measured,native_rag,0,2.789292,89,TRUE,
paper-134323-topk-3-depth-2,rag_retrieve.cql,measured,native_rag,0,364.285167,21036,TRUE,
paper-134323-topk-5-depth-0,rag_retrieve.cql,measured,native_rag,0,1.950750,5,TRUE,
paper-134323-topk-5-depth-1,rag_retrieve.cql,measured,native_rag,0,2.959959,70,TRUE,
paper-134323-topk-5-depth-2,rag_retrieve.cql,measured,native_rag,0,333.411167,19020,TRUE,
paper-134323-topk-10-depth-0,rag_retrieve.cql,measured,native_rag,0,6.077459,10,TRUE,
paper-134323-topk-10-depth-1,rag_retrieve.cql,measured,native_rag,0,57.991417,2949,TRUE,
paper-134323-topk-10-depth-2,rag_retrieve.cql,measured,native_rag,0,638.858375,36109,TRUE,
paper-11107-topk-1-depth-0,rag_retrieve.cql,measured,native_rag,0,1.075041,1,TRUE,
paper-11107-topk-1-depth-1,rag_retrieve.cql,measured,native_rag,0,0.897167,3,TRUE,
paper-11107-topk-1-depth-2,rag_retrieve.cql,measured,native_rag,0,1.122458,12,TRUE,
paper-11107-topk-3-depth-0,rag_retrieve.cql,measured,native_rag,0,1.231959,3,TRUE,
paper-11107-topk-3-depth-1,rag_retrieve.cql,measured,native_rag,0,1.522875,19,TRUE,
paper-11107-topk-3-depth-2,rag_retrieve.cql,measured,native_rag,0,10.346833,560,TRUE,
paper-11107-topk-5-depth-0,rag_retrieve.cql,measured,native_rag,0,1.718708,5,TRUE,
paper-11107-topk-5-depth-1,rag_retrieve.cql,measured,native_rag,0,2.249375,37,TRUE,
paper-11107-topk-5-depth-2,rag_retrieve.cql,measured,native_rag,0,14.298000,748,TRUE,
paper-11107-topk-10-depth-0,rag_retrieve.cql,measured,native_rag,0,3.580833,10,TRUE,
paper-11107-topk-10-depth-1,rag_retrieve.cql,measured,native_rag,0,5.025083,104,TRUE,
paper-11107-topk-10-depth-2,rag_retrieve.cql,measured,native_rag,0,35.536667,1885,TRUE,
paper-1809-topk-1-depth-0,rag_retrieve.cql,measured,native_rag,0,0.874667,1,TRUE,
paper-1809-topk-1-depth-1,rag_retrieve.cql,measured,native_rag,0,0.879334,5,TRUE,
paper-1809-topk-1-depth-2,rag_retrieve.cql,measured,native_rag,0,3.126125,133,TRUE,
paper-1809-topk-3-depth-0,rag_retrieve.cql,measured,native_rag,0,1.156625,3,TRUE,
paper-1809-topk-3-depth-1,rag_retrieve.cql,measured,native_rag,0,1.353708,15,TRUE,
paper-1809-topk-3-depth-2,rag_retrieve.cql,measured,native_rag,0,4.202917,184,TRUE,
paper-1809-topk-5-depth-0,rag_retrieve.cql,measured,native_rag,0,1.416625,5,TRUE,
paper-1809-topk-5-depth-1,rag_retrieve.cql,measured,native_rag,0,1.907041,35,TRUE,
paper-1809-topk-5-depth-2,rag_retrieve.cql,measured,native_rag,0,9.997500,456,TRUE,
paper-1809-topk-10-depth-0,rag_retrieve.cql,measured,native_rag,0,3.299792,10,TRUE,
paper-1809-topk-10-depth-1,rag_retrieve.cql,measured,native_rag,0,4.338375,61,TRUE,
paper-1809-topk-10-depth-2,rag_retrieve.cql,measured,native_rag,0,15.058083,702,TRUE,
paper-107098-topk-1-depth-0,rag_retrieve.cql,measured,native_rag,0,1.076625,1,TRUE,
paper-107098-topk-1-depth-1,rag_retrieve.cql,measured,native_rag,0,1.197166,16,TRUE,
paper-107098-topk-1-depth-2,rag_retrieve.cql,measured,native_rag,0,34.677500,1996,TRUE,
paper-107098-topk-3-depth-0,rag_retrieve.cql,measured,native_rag,0,1.286000,3,TRUE,
paper-107098-topk-3-depth-1,rag_retrieve.cql,measured,native_rag,0,2.883917,107,TRUE,
paper-107098-topk-3-depth-2,rag_retrieve.cql,measured,native_rag,0,392.281708,21508,TRUE,
paper-107098-topk-5-depth-0,rag_retrieve.cql,measured,native_rag,0,2.083709,5,TRUE,
paper-107098-topk-5-depth-1,rag_retrieve.cql,measured,native_rag,0,5.761792,124,TRUE,
paper-107098-topk-5-depth-2,rag_retrieve.cql,measured,native_rag,0,386.587250,21983,TRUE,
paper-107098-topk-10-depth-0,rag_retrieve.cql,measured,native_rag,0,5.481083,10,TRUE,
paper-107098-topk-10-depth-1,rag_retrieve.cql,measured,native_rag,0,8.052208,186,TRUE,
paper-107098-topk-10-depth-2,rag_retrieve.cql,measured,native_rag,0,459.833250,26079,TRUE,
paper-70223-topk-1-depth-0,rag_retrieve.cql,measured,native_rag,0,1.108833,1,TRUE,
paper-70223-topk-1-depth-1,rag_retrieve.cql,measured,native_rag,0,7.035709,366,TRUE,
paper-70223-topk-1-depth-2,rag_retrieve.cql,measured,native_rag,0,188.710792,10817,TRUE,
paper-70223-topk-3-depth-0,rag_retrieve.cql,measured,native_rag,0,1.656833,3,TRUE,
paper-70223-topk-3-depth-1,rag_retrieve.cql,measured,native_rag,0,7.840083,374,TRUE,
paper-70223-topk-3-depth-2,rag_retrieve.cql,measured,native_rag,0,243.539167,13922,TRUE,
paper-70223-topk-5-depth-0,rag_retrieve.cql,measured,native_rag,0,2.580833,5,TRUE,
paper-70223-topk-5-depth-1,rag_retrieve.cql,measured,native_rag,0,9.453750,427,TRUE,
paper-70223-topk-5-depth-2,rag_retrieve.cql,measured,native_rag,0,597.755750,34195,TRUE,
paper-70223-topk-10-depth-0,rag_retrieve.cql,measured,native_rag,0,7.391541,10,TRUE,
paper-70223-topk-10-depth-1,rag_retrieve.cql,measured,native_rag,0,14.958208,473,TRUE,
paper-70223-topk-10-depth-2,rag_retrieve.cql,measured,native_rag,0,585.783917,33399,TRUE,
paper-8341-topk-1-depth-0,rag_retrieve.cql,measured,native_rag,0,1.193459,1,TRUE,
paper-8341-topk-1-depth-1,rag_retrieve.cql,measured,native_rag,0,1.379959,27,TRUE,
paper-8341-topk-1-depth-2,rag_retrieve.cql,measured,native_rag,0,268.379041,15491,TRUE,
paper-8341-topk-3-depth-0,rag_retrieve.cql,measured,native_rag,0,1.660500,3,TRUE,
paper-8341-topk-3-depth-1,rag_retrieve.cql,measured,native_rag,0,2.014917,38,TRUE,
paper-8341-topk-3-depth-2,rag_retrieve.cql,measured,native_rag,0,297.267625,17123,TRUE,
paper-8341-topk-5-depth-0,rag_retrieve.cql,measured,native_rag,0,1.756417,5,TRUE,
paper-8341-topk-5-depth-1,rag_retrieve.cql,measured,native_rag,0,2.928000,77,TRUE,
paper-8341-topk-5-depth-2,rag_retrieve.cql,measured,native_rag,0,393.952375,22432,TRUE,
paper-8341-topk-10-depth-0,rag_retrieve.cql,measured,native_rag,0,4.152709,10,TRUE,
paper-8341-topk-10-depth-1,rag_retrieve.cql,measured,native_rag,0,6.172958,136,TRUE,
paper-8341-topk-10-depth-2,rag_retrieve.cql,measured,native_rag,0,678.942917,37468,TRUE,
paper-69946-topk-1-depth-0,rag_retrieve.cql,measured,native_rag,0,1.278208,1,TRUE,
paper-69946-topk-1-depth-1,rag_retrieve.cql,measured,native_rag,0,1.255875,19,TRUE,
paper-69946-topk-1-depth-2,rag_retrieve.cql,measured,native_rag,0,326.932459,18561,TRUE,
paper-69946-topk-3-depth-0,rag_retrieve.cql,measured,native_rag,0,1.618209,3,TRUE,
paper-69946-topk-3-depth-1,rag_retrieve.cql,measured,native_rag,0,2.459042,62,TRUE,
paper-69946-topk-3-depth-2,rag_retrieve.cql,measured,native_rag,0,434.985500,19277,TRUE,
paper-69946-topk-5-depth-0,rag_retrieve.cql,measured,native_rag,0,2.100292,5,TRUE,
paper-69946-topk-5-depth-1,rag_retrieve.cql,measured,native_rag,0,2.549667,41,TRUE,
paper-69946-topk-5-depth-2,rag_retrieve.cql,measured,native_rag,0,337.573333,18818,TRUE,
paper-69946-topk-10-depth-0,rag_retrieve.cql,measured,native_rag,0,4.660916,10,TRUE,
paper-69946-topk-10-depth-1,rag_retrieve.cql,measured,native_rag,0,6.233416,118,TRUE,
paper-69946-topk-10-depth-2,rag_retrieve.cql,measured,native_rag,0,631.145750,32154,TRUE,
paper-17149-topk-1-depth-0,rag_retrieve.cql,measured,native_rag,0,4.295416,1,TRUE,
paper-17149-topk-1-depth-1,rag_retrieve.cql,measured,native_rag,0,1.877041,22,TRUE,
paper-17149-topk-1-depth-2,rag_retrieve.cql,measured,native_rag,0,263.041333,15106,TRUE,
paper-17149-topk-3-depth-0,rag_retrieve.cql,measured,native_rag,0,1.496750,3,TRUE,
paper-17149-topk-3-depth-1,rag_retrieve.cql,measured,native_rag,0,1.963375,36,TRUE,
paper-17149-topk-3-depth-2,rag_retrieve.cql,measured,native_rag,0,572.307334,23300,TRUE,
paper-17149-topk-5-depth-0,rag_retrieve.cql,measured,native_rag,0,3.888334,5,TRUE,
paper-17149-topk-5-depth-1,rag_retrieve.cql,measured,native_rag,0,3.479167,49,TRUE,
paper-17149-topk-5-depth-2,rag_retrieve.cql,measured,native_rag,0,451.861334,25544,TRUE,
paper-17149-topk-10-depth-0,rag_retrieve.cql,measured,native_rag,0,6.757500,10,TRUE,
paper-17149-topk-10-depth-1,rag_retrieve.cql,measured,native_rag,0,5.997209,81,TRUE,
paper-17149-topk-10-depth-2,rag_retrieve.cql,measured,native_rag,0,497.681834,28190,TRUE,
paper-1279-topk-1-depth-0,rag_retrieve.cql,measured,native_rag,0,1.068959,1,TRUE,
paper-1279-topk-1-depth-1,rag_retrieve.cql,measured,native_rag,0,0.946959,7,TRUE,
paper-1279-topk-1-depth-2,rag_retrieve.cql,measured,native_rag,0,3.017875,118,TRUE,
paper-1279-topk-3-depth-0,rag_retrieve.cql,measured,native_rag,0,1.245042,3,TRUE,
paper-1279-topk-3-depth-1,rag_retrieve.cql,measured,native_rag,0,1.666000,23,TRUE,
paper-1279-topk-3-depth-2,rag_retrieve.cql,measured,native_rag,0,4.579500,198,TRUE,
paper-1279-topk-5-depth-0,rag_retrieve.cql,measured,native_rag,0,1.463250,5,TRUE,
paper-1279-topk-5-depth-1,rag_retrieve.cql,measured,native_rag,0,1.901333,34,TRUE,
paper-1279-topk-5-depth-2,rag_retrieve.cql,measured,native_rag,0,5.490125,243,TRUE,
paper-1279-topk-10-depth-0,rag_retrieve.cql,measured,native_rag,0,2.896792,10,TRUE,
paper-1279-topk-10-depth-1,rag_retrieve.cql,measured,native_rag,0,4.004833,70,TRUE,
paper-1279-topk-10-depth-2,rag_retrieve.cql,measured,native_rag,0,27.971625,1497,TRUE,
paper-106981-topk-1-depth-0,rag_retrieve.cql,measured,native_rag,0,1.059583,1,TRUE,
paper-106981-topk-1-depth-1,rag_retrieve.cql,measured,native_rag,0,1.304667,18,TRUE,
paper-106981-topk-1-depth-2,rag_retrieve.cql,measured,native_rag,0,377.493083,21674,TRUE,
paper-106981-topk-3-depth-0,rag_retrieve.cql,measured,native_rag,0,1.593125,3,TRUE,
paper-106981-topk-3-depth-1,rag_retrieve.cql,measured,native_rag,0,1.714709,28,TRUE,
paper-106981-topk-3-depth-2,rag_retrieve.cql,measured,native_rag,0,392.743917,22653,TRUE,
paper-106981-topk-5-depth-0,rag_retrieve.cql,measured,native_rag,0,2.432625,5,TRUE,
paper-106981-topk-5-depth-1,rag_retrieve.cql,measured,native_rag,0,3.023417,70,TRUE,
paper-106981-topk-5-depth-2,rag_retrieve.cql,measured,native_rag,0,492.532333,28099,TRUE,
paper-106981-topk-10-depth-0,rag_retrieve.cql,measured,native_rag,0,7.646917,10,TRUE,
paper-106981-topk-10-depth-1,rag_retrieve.cql,measured,native_rag,0,7.759417,126,TRUE,
paper-106981-topk-10-depth-2,rag_retrieve.cql,measured,native_rag,0,618.737250,35385,TRUE,
paper-45804-topk-1-depth-0,rag_retrieve.cql,measured,native_rag,0,1.616542,1,TRUE,
paper-45804-topk-1-depth-1,rag_retrieve.cql,measured,native_rag,0,1.115875,12,TRUE,
paper-45804-topk-1-depth-2,rag_retrieve.cql,measured,native_rag,0,70.806166,4141,TRUE,
paper-45804-topk-3-depth-0,rag_retrieve.cql,measured,native_rag,0,1.456875,3,TRUE,
paper-45804-topk-3-depth-1,rag_retrieve.cql,measured,native_rag,0,1.701083,27,TRUE,
paper-45804-topk-3-depth-2,rag_retrieve.cql,measured,native_rag,0,76.607458,4314,TRUE,
paper-45804-topk-5-depth-0,rag_retrieve.cql,measured,native_rag,0,2.052167,5,TRUE,
paper-45804-topk-5-depth-1,rag_retrieve.cql,measured,native_rag,0,3.205375,75,TRUE,
paper-45804-topk-5-depth-2,rag_retrieve.cql,measured,native_rag,0,424.769416,24290,TRUE,
paper-45804-topk-10-depth-0,rag_retrieve.cql,measured,native_rag,0,5.773834,10,TRUE,
paper-45804-topk-10-depth-1,rag_retrieve.cql,measured,native_rag,0,6.943125,103,TRUE,
paper-45804-topk-10-depth-2,rag_retrieve.cql,measured,native_rag,0,459.772958,25930,TRUE,
paper-1125-topk-1-depth-0,rag_retrieve.cql,measured,native_rag,0,1.085084,1,TRUE,
paper-1125-topk-1-depth-1,rag_retrieve.cql,measured,native_rag,0,0.934458,5,TRUE,
paper-1125-topk-1-depth-2,rag_retrieve.cql,measured,native_rag,0,3.095708,124,TRUE,
paper-1125-topk-3-depth-0,rag_retrieve.cql,measured,native_rag,0,1.230125,3,TRUE,
paper-1125-topk-3-depth-1,rag_retrieve.cql,measured,native_rag,0,1.456250,18,TRUE,
paper-1125-topk-3-depth-2,rag_retrieve.cql,measured,native_rag,0,7.662000,379,TRUE,
paper-1125-topk-5-depth-0,rag_retrieve.cql,measured,native_rag,0,1.561458,5,TRUE,
paper-1125-topk-5-depth-1,rag_retrieve.cql,measured,native_rag,0,2.070833,39,TRUE,
paper-1125-topk-5-depth-2,rag_retrieve.cql,measured,native_rag,0,13.060083,689,TRUE,
paper-1125-topk-10-depth-0,rag_retrieve.cql,measured,native_rag,0,3.392833,10,TRUE,
paper-1125-topk-10-depth-1,rag_retrieve.cql,measured,native_rag,0,5.189917,97,TRUE,
paper-1125-topk-10-depth-2,rag_retrieve.cql,measured,native_rag,0,367.696417,20445,TRUE,
paper-7404-topk-1-depth-0,rag_retrieve.cql,measured,native_rag,0,1.202708,1,TRUE,
paper-7404-topk-1-depth-1,rag_retrieve.cql,measured,native_rag,0,2.002500,67,TRUE,
paper-7404-topk-1-depth-2,rag_retrieve.cql,measured,native_rag,0,282.008750,15193,TRUE,
paper-7404-topk-3-depth-0,rag_retrieve.cql,measured,native_rag,0,2.041708,3,TRUE,
paper-7404-topk-3-depth-1,rag_retrieve.cql,measured,native_rag,0,5.951875,85,TRUE,
paper-7404-topk-3-depth-2,rag_retrieve.cql,measured,native_rag,0,617.494125,28806,TRUE,
paper-7404-topk-5-depth-0,rag_retrieve.cql,measured,native_rag,0,3.685750,5,TRUE,
paper-7404-topk-5-depth-1,rag_retrieve.cql,measured,native_rag,0,13.839625,517,TRUE,
paper-7404-topk-5-depth-2,rag_retrieve.cql,measured,native_rag,0,684.080000,36778,TRUE,
paper-7404-topk-10-depth-0,rag_retrieve.cql,measured,native_rag,0,17.457083,10,TRUE,
paper-7404-topk-10-depth-1,rag_retrieve.cql,measured,native_rag,0,21.881958,612,TRUE,
paper-7404-topk-10-depth-2,rag_retrieve.cql,measured,native_rag,0,651.176375,36104,TRUE,
paper-104271-topk-1-depth-0,rag_retrieve.cql,measured,native_rag,0,1.075917,1,TRUE,
paper-104271-topk-1-depth-1,rag_retrieve.cql,measured,native_rag,0,1.153458,13,TRUE,
paper-104271-topk-1-depth-2,rag_retrieve.cql,measured,native_rag,0,41.672292,2387,TRUE,
paper-104271-topk-3-depth-0,rag_retrieve.cql,measured,native_rag,0,1.617916,3,TRUE,
paper-104271-topk-3-depth-1,rag_retrieve.cql,measured,native_rag,0,3.262500,101,TRUE,
paper-104271-topk-3-depth-2,rag_retrieve.cql,measured,native_rag,0,339.141958,19261,TRUE,
paper-104271-topk-5-depth-0,rag_retrieve.cql,measured,native_rag,0,2.854791,5,TRUE,
paper-104271-topk-5-depth-1,rag_retrieve.cql,measured,native_rag,0,4.109667,110,TRUE,
paper-104271-topk-5-depth-2,rag_retrieve.cql,measured,native_rag,0,343.289750,19799,TRUE,
paper-104271-topk-10-depth-0,rag_retrieve.cql,measured,native_rag,0,6.383750,10,TRUE,
paper-104271-topk-10-depth-1,rag_retrieve.cql,measured,native_rag,0,8.690959,165,TRUE,
paper-104271-topk-10-depth-2,rag_retrieve.cql,measured,native_rag,0,419.459334,23739,TRUE,
paper-109230-topk-1-depth-0,rag_retrieve.cql,measured,native_rag,0,1.113416,1,TRUE,
paper-109230-topk-1-depth-1,rag_retrieve.cql,measured,native_rag,0,1.049167,6,TRUE,
paper-109230-topk-1-depth-2,rag_retrieve.cql,measured,native_rag,0,8.669667,452,TRUE,
paper-109230-topk-3-depth-0,rag_retrieve.cql,measured,native_rag,0,1.551583,3,TRUE,
paper-109230-topk-3-depth-1,rag_retrieve.cql,measured,native_rag,0,1.615583,21,TRUE,
paper-109230-topk-3-depth-2,rag_retrieve.cql,measured,native_rag,0,272.457125,15829,TRUE,
paper-109230-topk-5-depth-0,rag_retrieve.cql,measured,native_rag,0,2.110917,5,TRUE,
paper-109230-topk-5-depth-1,rag_retrieve.cql,measured,native_rag,0,2.532000,36,TRUE,
paper-109230-topk-5-depth-2,rag_retrieve.cql,measured,native_rag,0,297.743625,17174,TRUE,
paper-109230-topk-10-depth-0,rag_retrieve.cql,measured,native_rag,0,4.961167,10,TRUE,
paper-109230-topk-10-depth-1,rag_retrieve.cql,measured,native_rag,0,6.921417,134,TRUE,
paper-109230-topk-10-depth-2,rag_retrieve.cql,measured,native_rag,0,370.782625,21134,TRUE,
paper-116345-topk-1-depth-0,rag_retrieve.cql,measured,native_rag,0,0.978250,1,TRUE,
paper-116345-topk-1-depth-1,rag_retrieve.cql,measured,native_rag,0,0.985333,9,TRUE,
paper-116345-topk-1-depth-2,rag_retrieve.cql,measured,native_rag,0,3.033250,121,TRUE,
paper-116345-topk-3-depth-0,rag_retrieve.cql,measured,native_rag,0,1.328375,3,TRUE,
paper-116345-topk-3-depth-1,rag_retrieve.cql,measured,native_rag,0,1.610500,22,TRUE,
paper-116345-topk-3-depth-2,rag_retrieve.cql,measured,native_rag,0,5.125750,231,TRUE,
paper-116345-topk-5-depth-0,rag_retrieve.cql,measured,native_rag,0,1.646000,5,TRUE,
paper-116345-topk-5-depth-1,rag_retrieve.cql,measured,native_rag,0,1.825916,28,TRUE,
paper-116345-topk-5-depth-2,rag_retrieve.cql,measured,native_rag,0,20.879417,1141,TRUE,
paper-116345-topk-10-depth-0,rag_retrieve.cql,measured,native_rag,0,3.473459,10,TRUE,
paper-116345-topk-10-depth-1,rag_retrieve.cql,measured,native_rag,0,4.506125,85,TRUE,
paper-116345-topk-10-depth-2,rag_retrieve.cql,measured,native_rag,0,300.094917,17587,TRUE,
paper-90744-topk-1-depth-0,rag_retrieve.cql,measured,native_rag,0,0.964125,1,TRUE,
paper-90744-topk-1-depth-1,rag_retrieve.cql,measured,native_rag,0,0.981292,13,TRUE,
paper-90744-topk-1-depth-2,rag_retrieve.cql,measured,native_rag,0,65.339375,3829,TRUE,
paper-90744-topk-3-depth-0,rag_retrieve.cql,measured,native_rag,0,1.545417,3,TRUE,
paper-90744-topk-3-depth-1,rag_retrieve.cql,measured,native_rag,0,1.752292,23,TRUE,
paper-90744-topk-3-depth-2,rag_retrieve.cql,measured,native_rag,0,237.989291,13605,TRUE,
paper-90744-topk-5-depth-0,rag_retrieve.cql,measured,native_rag,0,2.066541,5,TRUE,
paper-90744-topk-5-depth-1,rag_retrieve.cql,measured,native_rag,0,2.626875,42,TRUE,
paper-90744-topk-5-depth-2,rag_retrieve.cql,measured,native_rag,0,242.458083,13927,TRUE,
paper-90744-topk-10-depth-0,rag_retrieve.cql,measured,native_rag,0,4.117834,10,TRUE,
paper-90744-topk-10-depth-1,rag_retrieve.cql,measured,native_rag,0,5.042875,79,TRUE,
paper-90744-topk-10-depth-2,rag_retrieve.cql,measured,native_rag,0,255.117959,14710,TRUE,
paper-19745-topk-1-depth-0,rag_retrieve.cql,measured,native_rag,0,1.073125,1,TRUE,
paper-19745-topk-1-depth-1,rag_retrieve.cql,measured,native_rag,0,1.305083,17,TRUE,
paper-19745-topk-1-depth-2,rag_retrieve.cql,measured,native_rag,0,399.949458,23097,TRUE,
paper-19745-topk-3-depth-0,rag_retrieve.cql,measured,native_rag,0,1.342500,3,TRUE,
paper-19745-topk-3-depth-1,rag_retrieve.cql,measured,native_rag,0,1.738416,29,TRUE,
paper-19745-topk-3-depth-2,rag_retrieve.cql,measured,native_rag,0,407.491667,23425,TRUE,
paper-19745-topk-5-depth-0,rag_retrieve.cql,measured,native_rag,0,1.670875,5,TRUE,
paper-19745-topk-5-depth-1,rag_retrieve.cql,measured,native_rag,0,2.205167,46,TRUE,
paper-19745-topk-5-depth-2,rag_retrieve.cql,measured,native_rag,0,405.828084,23523,TRUE,
paper-19745-topk-10-depth-0,rag_retrieve.cql,measured,native_rag,0,3.684292,10,TRUE,
paper-19745-topk-10-depth-1,rag_retrieve.cql,measured,native_rag,0,4.476333,86,TRUE,
paper-19745-topk-10-depth-2,rag_retrieve.cql,measured,native_rag,0,422.564208,24163,TRUE,
paper-93366-topk-1-depth-0,rag_retrieve.cql,measured,native_rag,0,0.910625,1,TRUE,
paper-93366-topk-1-depth-1,rag_retrieve.cql,measured,native_rag,0,1.254417,25,TRUE,
paper-93366-topk-1-depth-2,rag_retrieve.cql,measured,native_rag,0,9.665917,544,TRUE,
paper-93366-topk-3-depth-0,rag_retrieve.cql,measured,native_rag,0,1.224458,3,TRUE,
paper-93366-topk-3-depth-1,rag_retrieve.cql,measured,native_rag,0,1.762375,36,TRUE,
paper-93366-topk-3-depth-2,rag_retrieve.cql,measured,native_rag,0,336.568000,19563,TRUE,
paper-93366-topk-5-depth-0,rag_retrieve.cql,measured,native_rag,0,1.730459,5,TRUE,
paper-93366-topk-5-depth-1,rag_retrieve.cql,measured,native_rag,0,2.738083,68,TRUE,
paper-93366-topk-5-depth-2,rag_retrieve.cql,measured,native_rag,0,413.411916,23970,TRUE,
paper-93366-topk-10-depth-0,rag_retrieve.cql,measured,native_rag,0,6.979083,10,TRUE,
paper-93366-topk-10-depth-1,rag_retrieve.cql,measured,native_rag,0,13.700542,415,TRUE,
paper-93366-topk-10-depth-2,rag_retrieve.cql,measured,native_rag,0,590.410500,33411,TRUE,
paper-23837-topk-1-depth-0,rag_retrieve.cql,measured,native_rag,0,1.206042,1,TRUE,
paper-23837-topk-1-depth-1,rag_retrieve.cql,measured,native_rag,0,1.086583,9,TRUE,
paper-23837-topk-1-depth-2,rag_retrieve.cql,measured,native_rag,0,13.213416,637,TRUE,
paper-23837-topk-3-depth-0,rag_retrieve.cql,measured,native_rag,0,1.327250,3,TRUE,
paper-23837-topk-3-depth-1,rag_retrieve.cql,measured,native_rag,0,1.635125,23,TRUE,
paper-23837-topk-3-depth-2,rag_retrieve.cql,measured,native_rag,0,17.888917,943,TRUE,
paper-23837-topk-5-depth-0,rag_retrieve.cql,measured,native_rag,0,1.878750,5,TRUE,
paper-23837-topk-5-depth-1,rag_retrieve.cql,measured,native_rag,0,2.302584,44,TRUE,
paper-23837-topk-5-depth-2,rag_retrieve.cql,measured,native_rag,0,21.616209,1205,TRUE,
paper-23837-topk-10-depth-0,rag_retrieve.cql,measured,native_rag,0,3.954708,10,TRUE,
paper-23837-topk-10-depth-1,rag_retrieve.cql,measured,native_rag,0,4.485125,79,TRUE,
paper-23837-topk-10-depth-2,rag_retrieve.cql,measured,native_rag,0,459.895208,26178,TRUE,
paper-126378-topk-1-depth-0,rag_retrieve.cql,measured,native_rag,0,0.932000,1,TRUE,
paper-126378-topk-1-depth-1,rag_retrieve.cql,measured,native_rag,0,1.134708,13,TRUE,
paper-126378-topk-1-depth-2,rag_retrieve.cql,measured,native_rag,0,4.231166,193,TRUE,
paper-126378-topk-3-depth-0,rag_retrieve.cql,measured,native_rag,0,1.272417,3,TRUE,
paper-126378-topk-3-depth-1,rag_retrieve.cql,measured,native_rag,0,1.650375,25,TRUE,
paper-126378-topk-3-depth-2,rag_retrieve.cql,measured,native_rag,0,9.168958,485,TRUE,
paper-126378-topk-5-depth-0,rag_retrieve.cql,measured,native_rag,0,1.834750,5,TRUE,
paper-126378-topk-5-depth-1,rag_retrieve.cql,measured,native_rag,0,2.896458,69,TRUE,
paper-126378-topk-5-depth-2,rag_retrieve.cql,measured,native_rag,0,21.639000,1205,TRUE,
paper-126378-topk-10-depth-0,rag_retrieve.cql,measured,native_rag,0,4.084292,10,TRUE,
paper-126378-topk-10-depth-1,rag_retrieve.cql,measured,native_rag,0,6.646917,172,TRUE,
paper-126378-topk-10-depth-2,rag_retrieve.cql,measured,native_rag,0,46.259791,2536,TRUE,
paper-21927-topk-1-depth-0,rag_retrieve.cql,measured,native_rag,0,0.911292,1,TRUE,
paper-21927-topk-1-depth-1,rag_retrieve.cql,measured,native_rag,0,0.941459,4,TRUE,
paper-21927-topk-1-depth-2,rag_retrieve.cql,measured,native_rag,0,1.125250,15,TRUE,
paper-21927-topk-3-depth-0,rag_retrieve.cql,measured,native_rag,0,1.416625,3,TRUE,
paper-21927-topk-3-depth-1,rag_retrieve.cql,measured,native_rag,0,2.755541,21,TRUE,
paper-21927-topk-3-depth-2,rag_retrieve.cql,measured,native_rag,0,7.494708,377,TRUE,
paper-21927-topk-5-depth-0,rag_retrieve.cql,measured,native_rag,0,1.798042,5,TRUE,
paper-21927-topk-5-depth-1,rag_retrieve.cql,measured,native_rag,0,2.398500,41,TRUE,
paper-21927-topk-5-depth-2,rag_retrieve.cql,measured,native_rag,0,17.730625,944,TRUE,
paper-21927-topk-10-depth-0,rag_retrieve.cql,measured,native_rag,0,3.765666,10,TRUE,
paper-21927-topk-10-depth-1,rag_retrieve.cql,measured,native_rag,0,4.710250,70,TRUE,
paper-21927-topk-10-depth-2,rag_retrieve.cql,measured,native_rag,0,130.533500,7407,TRUE,
paper-122128-topk-1-depth-0,rag_retrieve.cql,measured,native_rag,0,1.074083,1,TRUE,
paper-122128-topk-1-depth-1,rag_retrieve.cql,measured,native_rag,0,1.046041,6,TRUE,
paper-122128-topk-1-depth-2,rag_retrieve.cql,measured,native_rag,0,5.696084,287,TRUE,
paper-122128-topk-3-depth-0,rag_retrieve.cql,measured,native_rag,0,1.249375,3,TRUE,
paper-122128-topk-3-depth-1,rag_retrieve.cql,measured,native_rag,0,1.546333,26,TRUE,
paper-122128-topk-3-depth-2,rag_retrieve.cql,measured,native_rag,0,19.501875,988,TRUE,
paper-122128-topk-5-depth-0,rag_retrieve.cql,measured,native_rag,0,1.839667,5,TRUE,
paper-122128-topk-5-depth-1,rag_retrieve.cql,measured,native_rag,0,2.363625,50,TRUE,
paper-122128-topk-5-depth-2,rag_retrieve.cql,measured,native_rag,0,33.895625,1975,TRUE,
paper-122128-topk-10-depth-0,rag_retrieve.cql,measured,native_rag,0,4.284417,10,TRUE,
paper-122128-topk-10-depth-1,rag_retrieve.cql,measured,native_rag,0,4.696125,67,TRUE,
paper-122128-topk-10-depth-2,rag_retrieve.cql,measured,native_rag,0,33.427584,1785,TRUE,
paper-27124-topk-1-depth-0,rag_retrieve.cql,measured,native_rag,0,1.101625,1,TRUE,
paper-27124-topk-1-depth-1,rag_retrieve.cql,measured,native_rag,0,2.550208,23,TRUE,
paper-27124-topk-1-depth-2,rag_retrieve.cql,measured,native_rag,0,48.112542,2789,TRUE,
paper-27124-topk-3-depth-0,rag_retrieve.cql,measured,native_rag,0,1.895333,3,TRUE,
paper-27124-topk-3-depth-1,rag_retrieve.cql,measured,native_rag,0,1.997875,37,TRUE,
paper-27124-topk-3-depth-2,rag_retrieve.cql,measured,native_rag,0,82.361500,4765,TRUE,
paper-27124-topk-5-depth-0,rag_retrieve.cql,measured,native_rag,0,2.503416,5,TRUE,
paper-27124-topk-5-depth-1,rag_retrieve.cql,measured,native_rag,0,3.505083,75,TRUE,
paper-27124-topk-5-depth-2,rag_retrieve.cql,measured,native_rag,0,357.670750,20572,TRUE,
paper-27124-topk-10-depth-0,rag_retrieve.cql,measured,native_rag,0,7.963541,10,TRUE,
paper-27124-topk-10-depth-1,rag_retrieve.cql,measured,native_rag,0,8.196959,114,TRUE,
paper-27124-topk-10-depth-2,rag_retrieve.cql,measured,native_rag,0,444.655791,25292,TRUE,
paper-25803-topk-1-depth-0,rag_retrieve.cql,measured,native_rag,0,1.027583,1,TRUE,
paper-25803-topk-1-depth-1,rag_retrieve.cql,measured,native_rag,0,1.507292,33,TRUE,
paper-25803-topk-1-depth-2,rag_retrieve.cql,measured,native_rag,0,375.308958,21376,TRUE,
paper-25803-topk-3-depth-0,rag_retrieve.cql,measured,native_rag,0,1.867625,3,TRUE,
paper-25803-topk-3-depth-1,rag_retrieve.cql,measured,native_rag,0,2.706000,72,TRUE,
paper-25803-topk-3-depth-2,rag_retrieve.cql,measured,native_rag,0,463.441500,26569,TRUE,
paper-25803-topk-5-depth-0,rag_retrieve.cql,measured,native_rag,0,2.601875,5,TRUE,
paper-25803-topk-5-depth-1,rag_retrieve.cql,measured,native_rag,0,5.051375,167,TRUE,
paper-25803-topk-5-depth-2,rag_retrieve.cql,measured,native_rag,0,570.049667,33479,TRUE,
paper-25803-topk-10-depth-0,rag_retrieve.cql,measured,native_rag,0,7.785333,10,TRUE,
paper-25803-topk-10-depth-1,rag_retrieve.cql,measured,native_rag,0,10.816958,215,TRUE,
paper-25803-topk-10-depth-2,rag_retrieve.cql,measured,native_rag,0,620.800166,35325,TRUE,
paper-78856-topk-1-depth-0,rag_retrieve.cql,measured,native_rag,0,1.093792,1,TRUE,
paper-78856-topk-1-depth-1,rag_retrieve.cql,measured,native_rag,0,8.889709,481,TRUE,
paper-78856-topk-1-depth-2,rag_retrieve.cql,measured,native_rag,0,350.421459,20252,TRUE,
paper-78856-topk-3-depth-0,rag_retrieve.cql,measured,native_rag,0,1.513000,3,TRUE,
paper-78856-topk-3-depth-1,rag_retrieve.cql,measured,native_rag,0,10.939334,576,TRUE,
paper-78856-topk-3-depth-2,rag_retrieve.cql,measured,native_rag,0,492.677209,28119,TRUE,
paper-78856-topk-5-depth-0,rag_retrieve.cql,measured,native_rag,0,2.215833,5,TRUE,
paper-78856-topk-5-depth-1,rag_retrieve.cql,measured,native_rag,0,11.376250,582,TRUE,
paper-78856-topk-5-depth-2,rag_retrieve.cql,measured,native_rag,0,601.876166,34411,TRUE,
paper-78856-topk-10-depth-0,rag_retrieve.cql,measured,native_rag,0,6.606583,10,TRUE,
paper-78856-topk-10-depth-1,rag_retrieve.cql,measured,native_rag,0,8.585458,140,TRUE,
paper-78856-topk-10-depth-2,rag_retrieve.cql,measured,native_rag,0,595.246834,33565,TRUE,
paper-93917-topk-1-depth-0,rag_retrieve.cql,measured,native_rag,0,0.894875,1,TRUE,
paper-93917-topk-1-depth-1,rag_retrieve.cql,measured,native_rag,0,0.963625,4,TRUE,
paper-93917-topk-1-depth-2,rag_retrieve.cql,measured,native_rag,0,1.556125,43,TRUE,
paper-93917-topk-3-depth-0,rag_retrieve.cql,measured,native_rag,0,1.272791,3,TRUE,
paper-93917-topk-3-depth-1,rag_retrieve.cql,measured,native_rag,0,1.750083,28,TRUE,
paper-93917-topk-3-depth-2,rag_retrieve.cql,measured,native_rag,0,4.932708,182,TRUE,
paper-93917-topk-5-depth-0,rag_retrieve.cql,measured,native_rag,0,1.658959,5,TRUE,
paper-93917-topk-5-depth-1,rag_retrieve.cql,measured,native_rag,0,1.878458,27,TRUE,
paper-93917-topk-5-depth-2,rag_retrieve.cql,measured,native_rag,0,76.626958,4185,TRUE,
paper-93917-topk-10-depth-0,rag_retrieve.cql,measured,native_rag,0,3.915041,10,TRUE,
paper-93917-topk-10-depth-1,rag_retrieve.cql,measured,native_rag,0,5.637666,65,TRUE,
paper-93917-topk-10-depth-2,rag_retrieve.cql,measured,native_rag,0,94.005042,4481,TRUE,
paper-169218-topk-1-depth-0,rag_retrieve.cql,measured,native_rag,0,1.272625,1,TRUE,
paper-169218-topk-1-depth-1,rag_retrieve.cql,measured,native_rag,0,2.389791,68,TRUE,
paper-169218-topk-1-depth-2,rag_retrieve.cql,measured,native_rag,0,425.111250,21305,TRUE,
paper-169218-topk-3-depth-0,rag_retrieve.cql,measured,native_rag,0,5.794541,3,TRUE,
paper-169218-topk-3-depth-1,rag_retrieve.cql,measured,native_rag,0,3.861042,89,TRUE,
paper-169218-topk-3-depth-2,rag_retrieve.cql,measured,native_rag,0,527.133000,25977,TRUE,
paper-169218-topk-5-depth-0,rag_retrieve.cql,measured,native_rag,0,2.350833,5,TRUE,
paper-169218-topk-5-depth-1,rag_retrieve.cql,measured,native_rag,0,3.954666,113,TRUE,
paper-169218-topk-5-depth-2,rag_retrieve.cql,measured,native_rag,0,458.711375,23636,TRUE,
paper-169218-topk-10-depth-0,rag_retrieve.cql,measured,native_rag,0,10.516500,10,TRUE,
paper-169218-topk-10-depth-1,rag_retrieve.cql,measured,native_rag,0,25.630792,194,TRUE,
paper-169218-topk-10-depth-2,rag_retrieve.cql,measured,native_rag,0,559.107417,28264,TRUE,
paper-17172-topk-1-depth-0,rag_retrieve.cql,measured,native_rag,0,1.033375,1,TRUE,
paper-17172-topk-1-depth-1,rag_retrieve.cql,measured,native_rag,0,1.033750,2,TRUE,
paper-17172-topk-1-depth-2,rag_retrieve.cql,measured,native_rag,0,0.979208,3,TRUE,
paper-17172-topk-3-depth-0,rag_retrieve.cql,measured,native_rag,0,1.261584,3,TRUE,
paper-17172-topk-3-depth-1,rag_retrieve.cql,measured,native_rag,0,1.428292,11,TRUE,
paper-17172-topk-3-depth-2,rag_retrieve.cql,measured,native_rag,0,67.560583,3799,TRUE,
paper-17172-topk-5-depth-0,rag_retrieve.cql,measured,native_rag,0,1.736708,5,TRUE,
paper-17172-topk-5-depth-1,rag_retrieve.cql,measured,native_rag,0,1.897875,21,TRUE,
paper-17172-topk-5-depth-2,rag_retrieve.cql,measured,native_rag,0,67.722166,3895,TRUE,
paper-17172-topk-10-depth-0,rag_retrieve.cql,measured,native_rag,0,3.560208,10,TRUE,
paper-17172-topk-10-depth-1,rag_retrieve.cql,measured,native_rag,0,4.880958,70,TRUE,
paper-17172-topk-10-depth-2,rag_retrieve.cql,measured,native_rag,0,174.614792,9639,TRUE,
paper-130663-topk-1-depth-0,rag_retrieve.cql,measured,native_rag,0,1.051584,1,TRUE,
paper-130663-topk-1-depth-1,rag_retrieve.cql,measured,native_rag,0,1.546417,39,TRUE,
paper-130663-topk-1-depth-2,rag_retrieve.cql,measured,native_rag,0,275.506208,15626,TRUE,
paper-130663-topk-3-depth-0,rag_retrieve.cql,measured,native_rag,0,1.587833,3,TRUE,
paper-130663-topk-3-depth-1,rag_retrieve.cql,measured,native_rag,0,2.688667,78,TRUE,
paper-130663-topk-3-depth-2,rag_retrieve.cql,measured,native_rag,0,424.727750,24503,TRUE,
paper-130663-topk-5-depth-0,rag_retrieve.cql,measured,native_rag,0,2.120542,5,TRUE,
paper-130663-topk-5-depth-1,rag_retrieve.cql,measured,native_rag,0,3.864625,116,TRUE,
paper-130663-topk-5-depth-2,rag_retrieve.cql,measured,native_rag,0,489.205459,28000,TRUE,
paper-130663-topk-10-depth-0,rag_retrieve.cql,measured,native_rag,0,5.636625,10,TRUE,
paper-130663-topk-10-depth-1,rag_retrieve.cql,measured,native_rag,0,8.094500,166,TRUE,
paper-130663-topk-10-depth-2,rag_retrieve.cql,measured,native_rag,0,541.710833,29538,TRUE,
paper-155988-topk-1-depth-0,rag_retrieve.cql,measured,native_rag,0,1.185541,1,TRUE,
paper-155988-topk-1-depth-1,rag_retrieve.cql,measured,native_rag,0,1.070917,3,TRUE,
paper-155988-topk-1-depth-2,rag_retrieve.cql,measured,native_rag,0,1.141833,9,TRUE,
paper-155988-topk-3-depth-0,rag_retrieve.cql,measured,native_rag,0,1.386708,3,TRUE,
paper-155988-topk-3-depth-1,rag_retrieve.cql,measured,native_rag,0,1.629208,16,TRUE,
paper-155988-topk-3-depth-2,rag_retrieve.cql,measured,native_rag,0,2.604250,75,TRUE,
paper-155988-topk-5-depth-0,rag_retrieve.cql,measured,native_rag,0,2.063875,5,TRUE,
paper-155988-topk-5-depth-1,rag_retrieve.cql,measured,native_rag,0,2.041750,20,TRUE,
paper-155988-topk-5-depth-2,rag_retrieve.cql,measured,native_rag,0,2.338375,41,TRUE,
paper-155988-topk-10-depth-0,rag_retrieve.cql,measured,native_rag,0,3.690125,10,TRUE,
paper-155988-topk-10-depth-1,rag_retrieve.cql,measured,native_rag,0,4.472375,64,TRUE,
paper-155988-topk-10-depth-2,rag_retrieve.cql,measured,native_rag,0,25.189875,1279,TRUE,
paper-130205-topk-1-depth-0,rag_retrieve.cql,measured,native_rag,0,0.893250,1,TRUE,
paper-130205-topk-1-depth-1,rag_retrieve.cql,measured,native_rag,0,1.163000,20,TRUE,
paper-130205-topk-1-depth-2,rag_retrieve.cql,measured,native_rag,0,57.872958,3392,TRUE,
paper-130205-topk-3-depth-0,rag_retrieve.cql,measured,native_rag,0,1.347917,3,TRUE,
paper-130205-topk-3-depth-1,rag_retrieve.cql,measured,native_rag,0,2.648791,79,TRUE,
paper-130205-topk-3-depth-2,rag_retrieve.cql,measured,native_rag,0,192.049083,11097,TRUE,
paper-130205-topk-5-depth-0,rag_retrieve.cql,measured,native_rag,0,2.586334,5,TRUE,
paper-130205-topk-5-depth-1,rag_retrieve.cql,measured,native_rag,0,3.276166,74,TRUE,
paper-130205-topk-5-depth-2,rag_retrieve.cql,measured,native_rag,0,509.295667,29210,TRUE,
paper-130205-topk-10-depth-0,rag_retrieve.cql,measured,native_rag,0,5.557292,10,TRUE,
paper-130205-topk-10-depth-1,rag_retrieve.cql,measured,native_rag,0,8.814208,216,TRUE,
paper-130205-topk-10-depth-2,rag_retrieve.cql,measured,native_rag,0,586.570000,33028,TRUE,
paper-52449-topk-1-depth-0,rag_retrieve.cql,measured,native_rag,0,1.502583,1,TRUE,
paper-52449-topk-1-depth-1,rag_retrieve.cql,measured,native_rag,0,1.530375,11,TRUE,
paper-52449-topk-1-depth-2,rag_retrieve.cql,measured,native_rag,0,12.358875,652,TRUE,
paper-52449-topk-3-depth-0,rag_retrieve.cql,measured,native_rag,0,1.400625,3,TRUE,
paper-52449-topk-3-depth-1,rag_retrieve.cql,measured,native_rag,0,3.000750,89,TRUE,
paper-52449-topk-3-depth-2,rag_retrieve.cql,measured,native_rag,0,34.899583,1807,TRUE,
paper-52449-topk-5-depth-0,rag_retrieve.cql,measured,native_rag,0,2.080333,5,TRUE,
paper-52449-topk-5-depth-1,rag_retrieve.cql,measured,native_rag,0,2.972208,70,TRUE,
paper-52449-topk-5-depth-2,rag_retrieve.cql,measured,native_rag,0,27.373417,1477,TRUE,
paper-52449-topk-10-depth-0,rag_retrieve.cql,measured,native_rag,0,4.926250,10,TRUE,
paper-52449-topk-10-depth-1,rag_retrieve.cql,measured,native_rag,0,6.695834,102,TRUE,
paper-52449-topk-10-depth-2,rag_retrieve.cql,measured,native_rag,0,40.986167,2069,TRUE,
paper-69405-topk-1-depth-0,rag_retrieve.cql,measured,native_rag,0,1.112417,1,TRUE,
paper-69405-topk-1-depth-1,rag_retrieve.cql,measured,native_rag,0,0.893042,3,TRUE,
paper-69405-topk-1-depth-2,rag_retrieve.cql,measured,native_rag,0,1.193708,20,TRUE,
paper-69405-topk-3-depth-0,rag_retrieve.cql,measured,native_rag,0,1.466791,3,TRUE,
paper-69405-topk-3-depth-1,rag_retrieve.cql,measured,native_rag,0,1.806708,20,TRUE,
paper-69405-topk-3-depth-2,rag_retrieve.cql,measured,native_rag,0,4.366041,164,TRUE,
paper-69405-topk-5-depth-0,rag_retrieve.cql,measured,native_rag,0,2.981708,5,TRUE,
paper-69405-topk-5-depth-1,rag_retrieve.cql,measured,native_rag,0,2.548250,45,TRUE,
paper-69405-topk-5-depth-2,rag_retrieve.cql,measured,native_rag,0,11.820708,583,TRUE,
paper-69405-topk-10-depth-0,rag_retrieve.cql,measured,native_rag,0,3.331417,10,TRUE,
paper-69405-topk-10-depth-1,rag_retrieve.cql,measured,native_rag,0,4.540542,69,TRUE,
paper-69405-topk-10-depth-2,rag_retrieve.cql,measured,native_rag,0,16.533916,721,TRUE,
paper-87065-topk-1-depth-0,rag_retrieve.cql,measured,native_rag,0,0.864708,1,TRUE,
paper-87065-topk-1-depth-1,rag_retrieve.cql,measured,native_rag,0,0.950084,3,TRUE,
paper-87065-topk-1-depth-2,rag_retrieve.cql,measured,native_rag,0,1.125583,7,TRUE,
paper-87065-topk-3-depth-0,rag_retrieve.cql,measured,native_rag,0,1.228750,3,TRUE,
paper-87065-topk-3-depth-1,rag_retrieve.cql,measured,native_rag,0,1.215083,10,TRUE,
paper-87065-topk-3-depth-2,rag_retrieve.cql,measured,native_rag,0,2.416209,69,TRUE,
paper-87065-topk-5-depth-0,rag_retrieve.cql,measured,native_rag,0,1.463708,5,TRUE,
paper-87065-topk-5-depth-1,rag_retrieve.cql,measured,native_rag,0,1.762333,22,TRUE,
paper-87065-topk-5-depth-2,rag_retrieve.cql,measured,native_rag,0,4.354250,174,TRUE,
paper-87065-topk-10-depth-0,rag_retrieve.cql,measured,native_rag,0,2.724708,10,TRUE,
paper-87065-topk-10-depth-1,rag_retrieve.cql,measured,native_rag,0,6.031250,61,TRUE,
paper-87065-topk-10-depth-2,rag_retrieve.cql,measured,native_rag,0,28.621625,1500,TRUE,
paper-114998-topk-1-depth-0,rag_retrieve.cql,measured,native_rag,0,1.264542,1,TRUE,
paper-114998-topk-1-depth-1,rag_retrieve.cql,measured,native_rag,0,1.017125,4,TRUE,
paper-114998-topk-1-depth-2,rag_retrieve.cql,measured,native_rag,0,1.293125,23,TRUE,
paper-114998-topk-3-depth-0,rag_retrieve.cql,measured,native_rag,0,1.779541,3,TRUE,
paper-114998-topk-3-depth-1,rag_retrieve.cql,measured,native_rag,0,4.531542,171,TRUE,
paper-114998-topk-3-depth-2,rag_retrieve.cql,measured,native_rag,0,594.653709,29982,TRUE,
paper-114998-topk-5-depth-0,rag_retrieve.cql,measured,native_rag,0,3.326000,5,TRUE,
paper-114998-topk-5-depth-1,rag_retrieve.cql,measured,native_rag,0,3.388584,43,TRUE,
paper-114998-topk-5-depth-2,rag_retrieve.cql,measured,native_rag,0,500.009959,26532,TRUE,
paper-114998-topk-10-depth-0,rag_retrieve.cql,measured,native_rag,0,9.384625,10,TRUE,
paper-114998-topk-10-depth-1,rag_retrieve.cql,measured,native_rag,0,17.502417,520,TRUE,
paper-114998-topk-10-depth-2,rag_retrieve.cql,measured,native_rag,0,715.858166,37616,TRUE,
paper-24877-topk-1-depth-0,rag_retrieve.cql,measured,native_rag,0,1.231458,1,TRUE,
paper-24877-topk-1-depth-1,rag_retrieve.cql,measured,native_rag,0,1.131958,6,TRUE,
paper-24877-topk-1-depth-2,rag_retrieve.cql,measured,native_rag,0,2.107000,33,TRUE,
paper-24877-topk-3-depth-0,rag_retrieve.cql,measured,native_rag,0,1.256083,3,TRUE,
paper-24877-topk-3-depth-1,rag_retrieve.cql,measured,native_rag,0,1.847083,38,TRUE,
paper-24877-topk-3-depth-2,rag_retrieve.cql,measured,native_rag,0,5.236542,235,TRUE,
paper-24877-topk-5-depth-0,rag_retrieve.cql,measured,native_rag,0,1.603334,5,TRUE,
paper-24877-topk-5-depth-1,rag_retrieve.cql,measured,native_rag,0,2.993209,76,TRUE,
paper-24877-topk-5-depth-2,rag_retrieve.cql,measured,native_rag,0,9.878417,463,TRUE,
paper-24877-topk-10-depth-0,rag_retrieve.cql,measured,native_rag,0,3.814375,10,TRUE,
paper-24877-topk-10-depth-1,rag_retrieve.cql,measured,native_rag,0,5.557666,117,TRUE,
paper-24877-topk-10-depth-2,rag_retrieve.cql,measured,native_rag,0,29.107375,1543,TRUE,
paper-60491-topk-1-depth-0,rag_retrieve.cql,measured,native_rag,0,1.147667,1,TRUE,
paper-60491-topk-1-depth-1,rag_retrieve.cql,measured,native_rag,0,1.130625,12,TRUE,
paper-60491-topk-1-depth-2,rag_retrieve.cql,measured,native_rag,0,3.633667,156,TRUE,
paper-60491-topk-3-depth-0,rag_retrieve.cql,measured,native_rag,0,1.492667,3,TRUE,
paper-60491-topk-3-depth-1,rag_retrieve.cql,measured,native_rag,0,2.512958,67,TRUE,
paper-60491-topk-3-depth-2,rag_retrieve.cql,measured,native_rag,0,393.143458,22614,TRUE,
paper-60491-topk-5-depth-0,rag_retrieve.cql,measured,native_rag,0,1.873375,5,TRUE,
paper-60491-topk-5-depth-1,rag_retrieve.cql,measured,native_rag,0,2.978666,74,TRUE,
paper-60491-topk-5-depth-2,rag_retrieve.cql,measured,native_rag,0,414.121000,23582,TRUE,
paper-60491-topk-10-depth-0,rag_retrieve.cql,measured,native_rag,0,5.046166,10,TRUE,
paper-60491-topk-10-depth-1,rag_retrieve.cql,measured,native_rag,0,7.925750,171,TRUE,
paper-60491-topk-10-depth-2,rag_retrieve.cql,measured,native_rag,0,571.756167,32574,TRUE,
paper-19665-topk-1-depth-0,rag_retrieve.cql,measured,native_rag,0,1.025209,1,TRUE,
paper-19665-topk-1-depth-1,rag_retrieve.cql,measured,native_rag,0,0.965125,7,TRUE,
paper-19665-topk-1-depth-2,rag_retrieve.cql,measured,native_rag,0,3.419750,151,TRUE,
paper-19665-topk-3-depth-0,rag_retrieve.cql,measured,native_rag,0,1.293291,3,TRUE,
paper-19665-topk-3-depth-1,rag_retrieve.cql,measured,native_rag,0,1.772541,33,TRUE,
paper-19665-topk-3-depth-2,rag_retrieve.cql,measured,native_rag,0,8.732166,454,TRUE,
paper-19665-topk-5-depth-0,rag_retrieve.cql,measured,native_rag,0,1.624917,5,TRUE,
paper-19665-topk-5-depth-1,rag_retrieve.cql,measured,native_rag,0,2.367750,48,TRUE,
paper-19665-topk-5-depth-2,rag_retrieve.cql,measured,native_rag,0,11.239458,592,TRUE,
paper-19665-topk-10-depth-0,rag_retrieve.cql,measured,native_rag,0,3.258500,10,TRUE,
paper-19665-topk-10-depth-1,rag_retrieve.cql,measured,native_rag,0,4.651791,87,TRUE,
paper-19665-topk-10-depth-2,rag_retrieve.cql,measured,native_rag,0,266.602333,15402,TRUE,
paper-95095-topk-1-depth-0,rag_retrieve.cql,measured,native_rag,0,1.291583,1,TRUE,
paper-95095-topk-1-depth-1,rag_retrieve.cql,measured,native_rag,0,1.381791,3,TRUE,
paper-95095-topk-1-depth-2,rag_retrieve.cql,measured,native_rag,0,1.869959,45,TRUE,
paper-95095-topk-3-depth-0,rag_retrieve.cql,measured,native_rag,0,1.834542,3,TRUE,
paper-95095-topk-3-depth-1,rag_retrieve.cql,measured,native_rag,0,4.297750,110,TRUE,
paper-95095-topk-3-depth-2,rag_retrieve.cql,measured,native_rag,0,516.484833,29487,TRUE,
paper-95095-topk-5-depth-0,rag_retrieve.cql,measured,native_rag,0,1.993834,5,TRUE,
paper-95095-topk-5-depth-1,rag_retrieve.cql,measured,native_rag,0,3.179959,74,TRUE,
paper-95095-topk-5-depth-2,rag_retrieve.cql,measured,native_rag,0,465.134959,26694,TRUE,
paper-95095-topk-10-depth-0,rag_retrieve.cql,measured,native_rag,0,4.556958,10,TRUE,
paper-95095-topk-10-depth-1,rag_retrieve.cql,measured,native_rag,0,5.466875,79,TRUE,
paper-95095-topk-10-depth-2,rag_retrieve.cql,measured,native_rag,0,443.032875,25288,TRUE,
paper-76770-topk-1-depth-0,rag_retrieve.cql,measured,native_rag,0,1.075083,1,TRUE,
paper-76770-topk-1-depth-1,rag_retrieve.cql,measured,native_rag,0,1.587500,25,TRUE,
paper-76770-topk-1-depth-2,rag_retrieve.cql,measured,native_rag,0,290.627000,16811,TRUE,
paper-76770-topk-3-depth-0,rag_retrieve.cql,measured,native_rag,0,1.523334,3,TRUE,
paper-76770-topk-3-depth-1,rag_retrieve.cql,measured,native_rag,0,2.003833,41,TRUE,
paper-76770-topk-3-depth-2,rag_retrieve.cql,measured,native_rag,0,293.564750,16728,TRUE,
paper-76770-topk-5-depth-0,rag_retrieve.cql,measured,native_rag,0,2.123333,5,TRUE,
paper-76770-topk-5-depth-1,rag_retrieve.cql,measured,native_rag,0,3.214417,77,TRUE,
paper-76770-topk-5-depth-2,rag_retrieve.cql,measured,native_rag,0,607.061792,34641,TRUE,
paper-76770-topk-10-depth-0,rag_retrieve.cql,measured,native_rag,0,4.684041,10,TRUE,
paper-76770-topk-10-depth-1,rag_retrieve.cql,measured,native_rag,0,6.461750,117,TRUE,
paper-76770-topk-10-depth-2,rag_retrieve.cql,measured,native_rag,0,628.968416,35624,TRUE,
paper-19664-topk-1-depth-0,rag_retrieve.cql,measured,native_rag,0,1.062458,1,TRUE,
paper-19664-topk-1-depth-1,rag_retrieve.cql,measured,native_rag,0,1.126959,16,TRUE,
paper-19664-topk-1-depth-2,rag_retrieve.cql,measured,native_rag,0,15.579709,807,TRUE,
paper-19664-topk-3-depth-0,rag_retrieve.cql,measured,native_rag,0,1.379667,3,TRUE,
paper-19664-topk-3-depth-1,rag_retrieve.cql,measured,native_rag,0,1.962584,42,TRUE,
paper-19664-topk-3-depth-2,rag_retrieve.cql,measured,native_rag,0,35.250333,1981,TRUE,
paper-19664-topk-5-depth-0,rag_retrieve.cql,measured,native_rag,0,1.865000,5,TRUE,
paper-19664-topk-5-depth-1,rag_retrieve.cql,measured,native_rag,0,2.586708,57,TRUE,
paper-19664-topk-5-depth-2,rag_retrieve.cql,measured,native_rag,0,60.574459,3296,TRUE,
paper-19664-topk-10-depth-0,rag_retrieve.cql,measured,native_rag,0,4.653959,10,TRUE,
paper-19664-topk-10-depth-1,rag_retrieve.cql,measured,native_rag,0,7.759167,138,TRUE,
paper-19664-topk-10-depth-2,rag_retrieve.cql,measured,native_rag,0,66.715750,3593,TRUE,
paper-47541-topk-1-depth-0,rag_retrieve.cql,measured,native_rag,0,1.088625,1,TRUE,
paper-47541-topk-1-depth-1,rag_retrieve.cql,measured,native_rag,0,1.041666,12,TRUE,
paper-47541-topk-1-depth-2,rag_retrieve.cql,measured,native_rag,0,303.866000,17514,TRUE,
paper-47541-topk-3-depth-0,rag_retrieve.cql,measured,native_rag,0,1.452833,3,TRUE,
paper-47541-topk-3-depth-1,rag_retrieve.cql,measured,native_rag,0,1.509125,22,TRUE,
paper-47541-topk-3-depth-2,rag_retrieve.cql,measured,native_rag,0,133.475583,7681,TRUE,
paper-47541-topk-5-depth-0,rag_retrieve.cql,measured,native_rag,0,1.964417,5,TRUE,
paper-47541-topk-5-depth-1,rag_retrieve.cql,measured,native_rag,0,2.125958,32,TRUE,
paper-47541-topk-5-depth-2,rag_retrieve.cql,measured,native_rag,0,154.380875,8894,TRUE,
paper-47541-topk-10-depth-0,rag_retrieve.cql,measured,native_rag,0,4.503667,10,TRUE,
paper-47541-topk-10-depth-1,rag_retrieve.cql,measured,native_rag,0,6.049166,100,TRUE,
paper-47541-topk-10-depth-2,rag_retrieve.cql,measured,native_rag,0,349.804459,19614,TRUE,
paper-159444-topk-1-depth-0,rag_retrieve.cql,measured,native_rag,0,2.085500,1,TRUE,
paper-159444-topk-1-depth-1,rag_retrieve.cql,measured,native_rag,0,1.281000,8,TRUE,
paper-159444-topk-1-depth-2,rag_retrieve.cql,measured,native_rag,0,2.453250,80,TRUE,
paper-159444-topk-3-depth-0,rag_retrieve.cql,measured,native_rag,0,1.785500,3,TRUE,
paper-159444-topk-3-depth-1,rag_retrieve.cql,measured,native_rag,0,1.716125,12,TRUE,
paper-159444-topk-3-depth-2,rag_retrieve.cql,measured,native_rag,0,3.232875,96,TRUE,
paper-159444-topk-5-depth-0,rag_retrieve.cql,measured,native_rag,0,1.959875,5,TRUE,
paper-159444-topk-5-depth-1,rag_retrieve.cql,measured,native_rag,0,2.425625,18,TRUE,
paper-159444-topk-5-depth-2,rag_retrieve.cql,measured,native_rag,0,5.519083,152,TRUE,
paper-159444-topk-10-depth-0,rag_retrieve.cql,measured,native_rag,0,4.085375,10,TRUE,
paper-159444-topk-10-depth-1,rag_retrieve.cql,measured,native_rag,0,5.469375,65,TRUE,
paper-159444-topk-10-depth-2,rag_retrieve.cql,measured,native_rag,0,45.247667,1552,TRUE,
paper-25746-topk-1-depth-0,rag_retrieve.cql,measured,native_rag,0,2.516041,1,TRUE,
paper-25746-topk-1-depth-1,rag_retrieve.cql,measured,native_rag,0,1.327584,4,TRUE,
paper-25746-topk-1-depth-2,rag_retrieve.cql,measured,native_rag,0,7.018250,335,TRUE,
paper-25746-topk-3-depth-0,rag_retrieve.cql,measured,native_rag,0,1.730958,3,TRUE,
paper-25746-topk-3-depth-1,rag_retrieve.cql,measured,native_rag,0,2.443625,10,TRUE,
paper-25746-topk-3-depth-2,rag_retrieve.cql,measured,native_rag,0,10.195667,351,TRUE,
paper-25746-topk-5-depth-0,rag_retrieve.cql,measured,native_rag,0,2.447542,5,TRUE,
paper-25746-topk-5-depth-1,rag_retrieve.cql,measured,native_rag,0,2.511333,19,TRUE,
paper-25746-topk-5-depth-2,rag_retrieve.cql,measured,native_rag,0,242.763625,13323,TRUE,
paper-25746-topk-10-depth-0,rag_retrieve.cql,measured,native_rag,0,5.329292,10,TRUE,
paper-25746-topk-10-depth-1,rag_retrieve.cql,measured,native_rag,0,6.502500,99,TRUE,
paper-25746-topk-10-depth-2,rag_retrieve.cql,measured,native_rag,0,280.849917,15136,TRUE,
paper-130378-topk-1-depth-0,rag_retrieve.cql,measured,native_rag,0,1.198416,1,TRUE,
paper-130378-topk-1-depth-1,rag_retrieve.cql,measured,native_rag,0,1.530541,29,TRUE,
paper-130378-topk-1-depth-2,rag_retrieve.cql,measured,native_rag,0,408.900916,22281,TRUE,
paper-130378-topk-3-depth-0,rag_retrieve.cql,measured,native_rag,0,2.134333,3,TRUE,
paper-130378-topk-3-depth-1,rag_retrieve.cql,measured,native_rag,0,3.884041,130,TRUE,
paper-130378-topk-3-depth-2,rag_retrieve.cql,measured,native_rag,0,489.774458,27311,TRUE,
paper-130378-topk-5-depth-0,rag_retrieve.cql,measured,native_rag,0,2.365875,5,TRUE,
paper-130378-topk-5-depth-1,rag_retrieve.cql,measured,native_rag,0,3.953667,107,TRUE,
paper-130378-topk-5-depth-2,rag_retrieve.cql,measured,native_rag,0,492.560708,27910,TRUE,
paper-130378-topk-10-depth-0,rag_retrieve.cql,measured,native_rag,0,6.390167,10,TRUE,
paper-130378-topk-10-depth-1,rag_retrieve.cql,measured,native_rag,0,9.969875,198,TRUE,
paper-130378-topk-10-depth-2,rag_retrieve.cql,measured,native_rag,0,592.000292,33709,TRUE,
paper-92462-topk-1-depth-0,rag_retrieve.cql,measured,native_rag,0,1.061542,1,TRUE,
paper-92462-topk-1-depth-1,rag_retrieve.cql,measured,native_rag,0,1.058375,9,TRUE,
paper-92462-topk-1-depth-2,rag_retrieve.cql,measured,native_rag,0,7.351041,377,TRUE,
paper-92462-topk-3-depth-0,rag_retrieve.cql,measured,native_rag,0,1.239167,3,TRUE,
paper-92462-topk-3-depth-1,rag_retrieve.cql,measured,native_rag,0,1.684458,29,TRUE,
paper-92462-topk-3-depth-2,rag_retrieve.cql,measured,native_rag,0,13.873416,757,TRUE,
paper-92462-topk-5-depth-0,rag_retrieve.cql,measured,native_rag,0,1.737541,5,TRUE,
paper-92462-topk-5-depth-1,rag_retrieve.cql,measured,native_rag,0,2.427250,43,TRUE,
paper-92462-topk-5-depth-2,rag_retrieve.cql,measured,native_rag,0,72.547458,4180,TRUE,
paper-92462-topk-10-depth-0,rag_retrieve.cql,measured,native_rag,0,3.863083,10,TRUE,
paper-92462-topk-10-depth-1,rag_retrieve.cql,measured,native_rag,0,4.804208,76,TRUE,
paper-92462-topk-10-depth-2,rag_retrieve.cql,measured,native_rag,0,88.077041,4949,TRUE,
paper-15620-topk-1-depth-0,rag_retrieve.cql,measured,native_rag,0,1.073791,1,TRUE,
paper-15620-topk-1-depth-1,rag_retrieve.cql,measured,native_rag,0,1.617750,47,TRUE,
paper-15620-topk-1-depth-2,rag_retrieve.cql,measured,native_rag,0,10.301167,579,TRUE,
paper-15620-topk-3-depth-0,rag_retrieve.cql,measured,native_rag,0,1.110750,3,TRUE,
paper-15620-topk-3-depth-1,rag_retrieve.cql,measured,native_rag,0,1.530708,31,TRUE,
paper-15620-topk-3-depth-2,rag_retrieve.cql,measured,native_rag,0,26.782416,1551,TRUE,
paper-15620-topk-5-depth-0,rag_retrieve.cql,measured,native_rag,0,1.458542,5,TRUE,
paper-15620-topk-5-depth-1,rag_retrieve.cql,measured,native_rag,0,2.260708,54,TRUE,
paper-15620-topk-5-depth-2,rag_retrieve.cql,measured,native_rag,0,259.926541,15108,TRUE,
paper-15620-topk-10-depth-0,rag_retrieve.cql,measured,native_rag,0,3.837500,10,TRUE,
paper-15620-topk-10-depth-1,rag_retrieve.cql,measured,native_rag,0,5.176250,74,TRUE,
paper-15620-topk-10-depth-2,rag_retrieve.cql,measured,native_rag,0,264.238834,15285,TRUE,
paper-71369-topk-1-depth-0,rag_retrieve.cql,measured,native_rag,0,1.139042,1,TRUE,
paper-71369-topk-1-depth-1,rag_retrieve.cql,measured,native_rag,0,1.980458,26,TRUE,
paper-71369-topk-1-depth-2,rag_retrieve.cql,measured,native_rag,0,13.291500,700,TRUE,
paper-71369-topk-3-depth-0,rag_retrieve.cql,measured,native_rag,0,1.440875,3,TRUE,
paper-71369-topk-3-depth-1,rag_retrieve.cql,measured,native_rag,0,1.607500,12,TRUE,
paper-71369-topk-3-depth-2,rag_retrieve.cql,measured,native_rag,0,4.984875,199,TRUE,
paper-71369-topk-5-depth-0,rag_retrieve.cql,measured,native_rag,0,1.909750,5,TRUE,
paper-71369-topk-5-depth-1,rag_retrieve.cql,measured,native_rag,0,2.370875,33,TRUE,
paper-71369-topk-5-depth-2,rag_retrieve.cql,measured,native_rag,0,9.424125,405,TRUE,
paper-71369-topk-10-depth-0,rag_retrieve.cql,measured,native_rag,0,4.048875,10,TRUE,
paper-71369-topk-10-depth-1,rag_retrieve.cql,measured,native_rag,0,5.040500,89,TRUE,
paper-71369-topk-10-depth-2,rag_retrieve.cql,measured,native_rag,0,34.668292,1756,TRUE,
paper-12327-topk-1-depth-0,rag_retrieve.cql,measured,native_rag,0,1.150167,1,TRUE,
paper-12327-topk-1-depth-1,rag_retrieve.cql,measured,native_rag,0,1.071667,6,TRUE,
paper-12327-topk-1-depth-2,rag_retrieve.cql,measured,native_rag,0,3.196875,126,TRUE,
paper-12327-topk-3-depth-0,rag_retrieve.cql,measured,native_rag,0,1.357000,3,TRUE,
paper-12327-topk-3-depth-1,rag_retrieve.cql,measured,native_rag,0,1.458416,15,TRUE,
paper-12327-topk-3-depth-2,rag_retrieve.cql,measured,native_rag,0,5.476125,230,TRUE,
paper-12327-topk-5-depth-0,rag_retrieve.cql,measured,native_rag,0,1.454500,5,TRUE,
paper-12327-topk-5-depth-1,rag_retrieve.cql,measured,native_rag,0,1.965833,35,TRUE,
paper-12327-topk-5-depth-2,rag_retrieve.cql,measured,native_rag,0,289.316208,16491,TRUE,
paper-12327-topk-10-depth-0,rag_retrieve.cql,measured,native_rag,0,3.424459,10,TRUE,
paper-12327-topk-10-depth-1,rag_retrieve.cql,measured,native_rag,0,4.042916,46,TRUE,
paper-12327-topk-10-depth-2,rag_retrieve.cql,measured,native_rag,0,77.087708,4231,TRUE,
paper-155956-topk-1-depth-0,rag_retrieve.cql,measured,native_rag,0,1.569458,1,TRUE,
paper-155956-topk-1-depth-1,rag_retrieve.cql,measured,native_rag,0,1.078792,5,TRUE,
paper-155956-topk-1-depth-2,rag_retrieve.cql,measured,native_rag,0,1.880250,46,TRUE,
paper-155956-topk-3-depth-0,rag_retrieve.cql,measured,native_rag,0,1.606000,3,TRUE,
paper-155956-topk-3-depth-1,rag_retrieve.cql,measured,native_rag,0,1.821625,22,TRUE,
paper-155956-topk-3-depth-2,rag_retrieve.cql,measured,native_rag,0,4.072209,153,TRUE,
paper-155956-topk-5-depth-0,rag_retrieve.cql,measured,native_rag,0,1.725667,5,TRUE,
paper-155956-topk-5-depth-1,rag_retrieve.cql,measured,native_rag,0,2.129875,28,TRUE,
paper-155956-topk-5-depth-2,rag_retrieve.cql,measured,native_rag,0,5.301583,179,TRUE,
paper-155956-topk-10-depth-0,rag_retrieve.cql,measured,native_rag,0,4.092916,10,TRUE,
paper-155956-topk-10-depth-1,rag_retrieve.cql,measured,native_rag,0,5.543916,89,TRUE,
paper-155956-topk-10-depth-2,rag_retrieve.cql,measured,native_rag,0,137.244042,7365,TRUE,
paper-96061-topk-1-depth-0,rag_retrieve.cql,measured,native_rag,0,2.065417,1,TRUE,
paper-96061-topk-1-depth-1,rag_retrieve.cql,measured,native_rag,0,1.134083,5,TRUE,
paper-96061-topk-1-depth-2,rag_retrieve.cql,measured,native_rag,0,28.050375,1487,TRUE,
paper-96061-topk-3-depth-0,rag_retrieve.cql,measured,native_rag,0,1.680458,3,TRUE,
paper-96061-topk-3-depth-1,rag_retrieve.cql,measured,native_rag,0,3.980750,129,TRUE,
paper-96061-topk-3-depth-2,rag_retrieve.cql,measured,native_rag,0,296.412792,16983,TRUE,
paper-96061-topk-5-depth-0,rag_retrieve.cql,measured,native_rag,0,2.363166,5,TRUE,
paper-96061-topk-5-depth-1,rag_retrieve.cql,measured,native_rag,0,4.353084,137,TRUE,
paper-96061-topk-5-depth-2,rag_retrieve.cql,measured,native_rag,0,350.563375,20307,TRUE,
paper-96061-topk-10-depth-0,rag_retrieve.cql,measured,native_rag,0,6.684709,10,TRUE,
paper-96061-topk-10-depth-1,rag_retrieve.cql,measured,native_rag,0,9.485125,193,TRUE,
paper-96061-topk-10-depth-2,rag_retrieve.cql,measured,native_rag,0,675.523708,38169,TRUE,
paper-84534-topk-1-depth-0,rag_retrieve.cql,measured,native_rag,0,1.012959,1,TRUE,
paper-84534-topk-1-depth-1,rag_retrieve.cql,measured,native_rag,0,1.593292,37,TRUE,
paper-84534-topk-1-depth-2,rag_retrieve.cql,measured,native_rag,0,174.070167,9910,TRUE,
paper-84534-topk-3-depth-0,rag_retrieve.cql,measured,native_rag,0,1.899250,3,TRUE,
paper-84534-topk-3-depth-1,rag_retrieve.cql,measured,native_rag,0,2.668750,59,TRUE,
paper-84534-topk-3-depth-2,rag_retrieve.cql,measured,native_rag,0,226.000667,13077,TRUE,
paper-84534-topk-5-depth-0,rag_retrieve.cql,measured,native_rag,0,2.455167,5,TRUE,
paper-84534-topk-5-depth-1,rag_retrieve.cql,measured,native_rag,0,3.529791,68,TRUE,
paper-84534-topk-5-depth-2,rag_retrieve.cql,measured,native_rag,0,231.631250,13217,TRUE,
paper-84534-topk-10-depth-0,rag_retrieve.cql,measured,native_rag,0,6.448541,10,TRUE,
paper-84534-topk-10-depth-1,rag_retrieve.cql,measured,native_rag,0,8.126583,117,TRUE,
paper-84534-topk-10-depth-2,rag_retrieve.cql,measured,native_rag,0,533.171500,28890,TRUE,
paper-146375-topk-1-depth-0,rag_retrieve.cql,measured,native_rag,0,1.342125,1,TRUE,
paper-146375-topk-1-depth-1,rag_retrieve.cql,measured,native_rag,0,1.224125,6,TRUE,
paper-146375-topk-1-depth-2,rag_retrieve.cql,measured,native_rag,0,257.014958,14501,TRUE,
paper-146375-topk-3-depth-0,rag_retrieve.cql,measured,native_rag,0,1.845750,3,TRUE,
paper-146375-topk-3-depth-1,rag_retrieve.cql,measured,native_rag,0,1.993292,29,TRUE,
paper-146375-topk-3-depth-2,rag_retrieve.cql,measured,native_rag,0,335.221791,19217,TRUE,
paper-146375-topk-5-depth-0,rag_retrieve.cql,measured,native_rag,0,2.355292,5,TRUE,
paper-146375-topk-5-depth-1,rag_retrieve.cql,measured,native_rag,0,4.120292,92,TRUE,
paper-146375-topk-5-depth-2,rag_retrieve.cql,measured,native_rag,0,496.748416,25042,TRUE,
paper-146375-topk-10-depth-0,rag_retrieve.cql,measured,native_rag,0,7.456375,10,TRUE,
paper-146375-topk-10-depth-1,rag_retrieve.cql,measured,native_rag,0,11.871417,191,TRUE,
paper-146375-topk-10-depth-2,rag_retrieve.cql,measured,native_rag,0,674.201792,36672,TRUE,
paper-55780-topk-1-depth-0,rag_retrieve.cql,measured,native_rag,0,1.066542,1,TRUE,
paper-55780-topk-1-depth-1,rag_retrieve.cql,measured,native_rag,0,1.682542,41,TRUE,
paper-55780-topk-1-depth-2,rag_retrieve.cql,measured,native_rag,0,284.359000,15871,TRUE,
paper-55780-topk-3-depth-0,rag_retrieve.cql,measured,native_rag,0,1.629833,3,TRUE,
paper-55780-topk-3-depth-1,rag_retrieve.cql,measured,native_rag,0,2.637666,64,TRUE,
paper-55780-topk-3-depth-2,rag_retrieve.cql,measured,native_rag,0,376.311333,20921,TRUE,
paper-55780-topk-5-depth-0,rag_retrieve.cql,measured,native_rag,0,2.290834,5,TRUE,
paper-55780-topk-5-depth-1,rag_retrieve.cql,measured,native_rag,0,3.802375,105,TRUE,
paper-55780-topk-5-depth-2,rag_retrieve.cql,measured,native_rag,0,508.176750,28577,TRUE,
paper-55780-topk-10-depth-0,rag_retrieve.cql,measured,native_rag,0,7.658666,10,TRUE,
paper-55780-topk-10-depth-1,rag_retrieve.cql,measured,native_rag,0,9.010167,142,TRUE,
paper-55780-topk-10-depth-2,rag_retrieve.cql,measured,native_rag,0,641.055792,34670,TRUE,
paper-126514-topk-1-depth-0,rag_retrieve.cql,measured,native_rag,0,1.105834,1,TRUE,
paper-126514-topk-1-depth-1,rag_retrieve.cql,measured,native_rag,0,1.088291,2,TRUE,
paper-126514-topk-1-depth-2,rag_retrieve.cql,measured,native_rag,0,1.012542,3,TRUE,
paper-126514-topk-3-depth-0,rag_retrieve.cql,measured,native_rag,0,1.657916,3,TRUE,
paper-126514-topk-3-depth-1,rag_retrieve.cql,measured,native_rag,0,1.279833,15,TRUE,
paper-126514-topk-3-depth-2,rag_retrieve.cql,measured,native_rag,0,254.827791,14341,TRUE,
paper-126514-topk-5-depth-0,rag_retrieve.cql,measured,native_rag,0,1.929459,5,TRUE,
paper-126514-topk-5-depth-1,rag_retrieve.cql,measured,native_rag,0,2.900583,56,TRUE,
paper-126514-topk-5-depth-2,rag_retrieve.cql,measured,native_rag,0,331.767458,18459,TRUE,
paper-126514-topk-10-depth-0,rag_retrieve.cql,measured,native_rag,0,5.301500,10,TRUE,
paper-126514-topk-10-depth-1,rag_retrieve.cql,measured,native_rag,0,8.429666,194,TRUE,
paper-126514-topk-10-depth-2,rag_retrieve.cql,measured,native_rag,0,492.810792,27164,TRUE,
paper-47630-topk-1-depth-0,rag_retrieve.cql,measured,native_rag,0,1.237375,1,TRUE,
paper-47630-topk-1-depth-1,rag_retrieve.cql,measured,native_rag,0,1.613875,8,TRUE,
paper-47630-topk-1-depth-2,rag_retrieve.cql,measured,native_rag,0,310.541291,17233,TRUE,
paper-47630-topk-3-depth-0,rag_retrieve.cql,measured,native_rag,0,1.588708,3,TRUE,
paper-47630-topk-3-depth-1,rag_retrieve.cql,measured,native_rag,0,2.973625,24,TRUE,
paper-47630-topk-3-depth-2,rag_retrieve.cql,measured,native_rag,0,96.839708,5322,TRUE,
paper-47630-topk-5-depth-0,rag_retrieve.cql,measured,native_rag,0,2.221583,5,TRUE,
paper-47630-topk-5-depth-1,rag_retrieve.cql,measured,native_rag,0,2.554583,31,TRUE,
paper-47630-topk-5-depth-2,rag_retrieve.cql,measured,native_rag,0,95.439208,5341,TRUE,
paper-47630-topk-10-depth-0,rag_retrieve.cql,measured,native_rag,0,3.800041,10,TRUE,
paper-47630-topk-10-depth-1,rag_retrieve.cql,measured,native_rag,0,4.285125,53,TRUE,
paper-47630-topk-10-depth-2,rag_retrieve.cql,measured,native_rag,0,397.417625,21753,TRUE,
paper-143452-topk-1-depth-0,rag_retrieve.cql,measured,native_rag,0,1.287334,1,TRUE,
paper-143452-topk-1-depth-1,rag_retrieve.cql,measured,native_rag,0,1.163250,4,TRUE,
paper-143452-topk-1-depth-2,rag_retrieve.cql,measured,native_rag,0,1.338833,6,TRUE,
paper-143452-topk-3-depth-0,rag_retrieve.cql,measured,native_rag,0,1.889208,3,TRUE,
paper-143452-topk-3-depth-1,rag_retrieve.cql,measured,native_rag,0,1.726916,14,TRUE,
paper-143452-topk-3-depth-2,rag_retrieve.cql,measured,native_rag,0,18.193583,801,TRUE,
paper-143452-topk-5-depth-0,rag_retrieve.cql,measured,native_rag,0,2.313542,5,TRUE,
paper-143452-topk-5-depth-1,rag_retrieve.cql,measured,native_rag,0,5.101291,130,TRUE,
paper-143452-topk-5-depth-2,rag_retrieve.cql,measured,native_rag,0,380.531709,20279,TRUE,
paper-143452-topk-10-depth-0,rag_retrieve.cql,measured,native_rag,0,5.560084,10,TRUE,
paper-143452-topk-10-depth-1,rag_retrieve.cql,measured,native_rag,0,8.595917,181,TRUE,
paper-143452-topk-10-depth-2,rag_retrieve.cql,measured,native_rag,0,397.743041,21028,TRUE,
paper-167945-topk-1-depth-0,rag_retrieve.cql,measured,native_rag,0,1.207458,1,TRUE,
paper-167945-topk-1-depth-1,rag_retrieve.cql,measured,native_rag,0,1.543666,26,TRUE,
paper-167945-topk-1-depth-2,rag_retrieve.cql,measured,native_rag,0,52.640208,2856,TRUE,
paper-167945-topk-3-depth-0,rag_retrieve.cql,measured,native_rag,0,1.708125,3,TRUE,
paper-167945-topk-3-depth-1,rag_retrieve.cql,measured,native_rag,0,3.115791,67,TRUE,
paper-167945-topk-3-depth-2,rag_retrieve.cql,measured,native_rag,0,366.437583,15940,TRUE,
paper-167945-topk-5-depth-0,rag_retrieve.cql,measured,native_rag,0,2.647208,5,TRUE,
paper-167945-topk-5-depth-1,rag_retrieve.cql,measured,native_rag,0,4.467875,122,TRUE,
paper-167945-topk-5-depth-2,rag_retrieve.cql,measured,native_rag,0,545.182167,29985,TRUE,
paper-167945-topk-10-depth-0,rag_retrieve.cql,measured,native_rag,0,5.654916,10,TRUE,
paper-167945-topk-10-depth-1,rag_retrieve.cql,measured,native_rag,0,8.130708,159,TRUE,
paper-167945-topk-10-depth-2,rag_retrieve.cql,measured,native_rag,0,556.576083,31611,TRUE,
paper-158696-topk-1-depth-0,rag_retrieve.cql,measured,native_rag,0,1.199000,1,TRUE,
paper-158696-topk-1-depth-1,rag_retrieve.cql,measured,native_rag,0,1.117000,2,TRUE,
paper-158696-topk-1-depth-2,rag_retrieve.cql,measured,native_rag,0,1.145625,5,TRUE,
paper-158696-topk-3-depth-0,rag_retrieve.cql,measured,native_rag,0,1.463750,3,TRUE,
paper-158696-topk-3-depth-1,rag_retrieve.cql,measured,native_rag,0,1.552167,6,TRUE,
paper-158696-topk-3-depth-2,rag_retrieve.cql,measured,native_rag,0,1.658500,16,TRUE,
paper-158696-topk-5-depth-0,rag_retrieve.cql,measured,native_rag,0,1.919084,5,TRUE,
paper-158696-topk-5-depth-1,rag_retrieve.cql,measured,native_rag,0,4.427083,16,TRUE,
paper-158696-topk-5-depth-2,rag_retrieve.cql,measured,native_rag,0,6.995250,283,TRUE,
paper-158696-topk-10-depth-0,rag_retrieve.cql,measured,native_rag,0,3.668416,10,TRUE,
paper-158696-topk-10-depth-1,rag_retrieve.cql,measured,native_rag,0,4.451708,57,TRUE,
paper-158696-topk-10-depth-2,rag_retrieve.cql,measured,native_rag,0,76.737375,4321,TRUE,
paper-122231-topk-1-depth-0,rag_retrieve.cql,measured,native_rag,0,0.959666,1,TRUE,
paper-122231-topk-1-depth-1,rag_retrieve.cql,measured,native_rag,0,1.666958,50,TRUE,
paper-122231-topk-1-depth-2,rag_retrieve.cql,measured,native_rag,0,80.486708,4852,TRUE,
paper-122231-topk-3-depth-0,rag_retrieve.cql,measured,native_rag,0,1.349500,3,TRUE,
paper-122231-topk-3-depth-1,rag_retrieve.cql,measured,native_rag,0,1.918708,39,TRUE,
paper-122231-topk-3-depth-2,rag_retrieve.cql,measured,native_rag,0,130.993791,7516,TRUE,
paper-122231-topk-5-depth-0,rag_retrieve.cql,measured,native_rag,0,2.281375,5,TRUE,
paper-122231-topk-5-depth-1,rag_retrieve.cql,measured,native_rag,0,3.726667,100,TRUE,
paper-122231-topk-5-depth-2,rag_retrieve.cql,measured,native_rag,0,175.309500,9987,TRUE,
paper-122231-topk-10-depth-0,rag_retrieve.cql,measured,native_rag,0,6.640500,10,TRUE,
paper-122231-topk-10-depth-1,rag_retrieve.cql,measured,native_rag,0,8.300000,127,TRUE,
paper-122231-topk-10-depth-2,rag_retrieve.cql,measured,native_rag,0,577.637583,32376,TRUE,
paper-138710-topk-1-depth-0,rag_retrieve.cql,measured,native_rag,0,1.093167,1,TRUE,
paper-138710-topk-1-depth-1,rag_retrieve.cql,measured,native_rag,0,1.022375,8,TRUE,
paper-138710-topk-1-depth-2,rag_retrieve.cql,measured,native_rag,0,33.933833,1971,TRUE,
paper-138710-topk-3-depth-0,rag_retrieve.cql,measured,native_rag,0,1.409458,3,TRUE,
paper-138710-topk-3-depth-1,rag_retrieve.cql,measured,native_rag,0,2.031084,28,TRUE,
paper-138710-topk-3-depth-2,rag_retrieve.cql,measured,native_rag,0,253.458625,14607,TRUE,
paper-138710-topk-5-depth-0,rag_retrieve.cql,measured,native_rag,0,2.183250,5,TRUE,
paper-138710-topk-5-depth-1,rag_retrieve.cql,measured,native_rag,0,3.080750,66,TRUE,
paper-138710-topk-5-depth-2,rag_retrieve.cql,measured,native_rag,0,409.615167,23461,TRUE,
paper-138710-topk-10-depth-0,rag_retrieve.cql,measured,native_rag,0,5.011333,10,TRUE,
paper-138710-topk-10-depth-1,rag_retrieve.cql,measured,native_rag,0,6.590083,106,TRUE,
paper-138710-topk-10-depth-2,rag_retrieve.cql,measured,native_rag,0,567.535000,32206,TRUE,
paper-74871-topk-1-depth-0,rag_retrieve.cql,measured,native_rag,0,0.894125,1,TRUE,
paper-74871-topk-1-depth-1,rag_retrieve.cql,measured,native_rag,0,0.882666,2,TRUE,
paper-74871-topk-1-depth-2,rag_retrieve.cql,measured,native_rag,0,1.218916,20,TRUE,
paper-74871-topk-3-depth-0,rag_retrieve.cql,measured,native_rag,0,1.160250,3,TRUE,
paper-74871-topk-3-depth-1,rag_retrieve.cql,measured,native_rag,0,1.395958,19,TRUE,
paper-74871-topk-3-depth-2,rag_retrieve.cql,measured,native_rag,0,61.175458,3493,TRUE,
paper-74871-topk-5-depth-0,rag_retrieve.cql,measured,native_rag,0,1.560791,5,TRUE,
paper-74871-topk-5-depth-1,rag_retrieve.cql,measured,native_rag,0,2.624500,69,TRUE,
paper-74871-topk-5-depth-2,rag_retrieve.cql,measured,native_rag,0,70.245291,4017,TRUE,
paper-74871-topk-10-depth-0,rag_retrieve.cql,measured,native_rag,0,3.557292,10,TRUE,
paper-74871-topk-10-depth-1,rag_retrieve.cql,measured,native_rag,0,5.899625,144,TRUE,
paper-74871-topk-10-depth-2,rag_retrieve.cql,measured,native_rag,0,84.835167,4751,TRUE,
paper-67631-topk-1-depth-0,rag_retrieve.cql,measured,native_rag,0,1.088125,1,TRUE,
paper-67631-topk-1-depth-1,rag_retrieve.cql,measured,native_rag,0,0.980500,5,TRUE,
paper-67631-topk-1-depth-2,rag_retrieve.cql,measured,native_rag,0,1.670459,46,TRUE,
paper-67631-topk-3-depth-0,rag_retrieve.cql,measured,native_rag,0,1.296750,3,TRUE,
paper-67631-topk-3-depth-1,rag_retrieve.cql,measured,native_rag,0,2.047459,49,TRUE,
paper-67631-topk-3-depth-2,rag_retrieve.cql,measured,native_rag,0,311.109500,17875,TRUE,
paper-67631-topk-5-depth-0,rag_retrieve.cql,measured,native_rag,0,1.939458,5,TRUE,
paper-67631-topk-5-depth-1,rag_retrieve.cql,measured,native_rag,0,4.116000,73,TRUE,
paper-67631-topk-5-depth-2,rag_retrieve.cql,measured,native_rag,0,138.734792,7932,TRUE,
paper-67631-topk-10-depth-0,rag_retrieve.cql,measured,native_rag,0,4.589291,10,TRUE,
paper-67631-topk-10-depth-1,rag_retrieve.cql,measured,native_rag,0,6.650084,136,TRUE,
paper-67631-topk-10-depth-2,rag_retrieve.cql,measured,native_rag,0,227.559625,11705,TRUE,
paper-78086-topk-1-depth-0,rag_retrieve.cql,measured,native_rag,0,1.021959,1,TRUE,
paper-78086-topk-1-depth-1,rag_retrieve.cql,measured,native_rag,0,0.962875,6,TRUE,
paper-78086-topk-1-depth-2,rag_retrieve.cql,measured,native_rag,0,10.787084,592,TRUE,
paper-78086-topk-3-depth-0,rag_retrieve.cql,measured,native_rag,0,1.247583,3,TRUE,
paper-78086-topk-3-depth-1,rag_retrieve.cql,measured,native_rag,0,1.739709,34,TRUE,
paper-78086-topk-3-depth-2,rag_retrieve.cql,measured,native_rag,0,247.924125,14135,TRUE,
paper-78086-topk-5-depth-0,rag_retrieve.cql,measured,native_rag,0,2.891708,5,TRUE,
paper-78086-topk-5-depth-1,rag_retrieve.cql,measured,native_rag,0,2.336667,44,TRUE,
paper-78086-topk-5-depth-2,rag_retrieve.cql,measured,native_rag,0,253.982250,14229,TRUE,
paper-78086-topk-10-depth-0,rag_retrieve.cql,measured,native_rag,0,3.445625,10,TRUE,
paper-78086-topk-10-depth-1,rag_retrieve.cql,measured,native_rag,0,4.284333,71,TRUE,
paper-78086-topk-10-depth-2,rag_retrieve.cql,measured,native_rag,0,279.730834,14689,TRUE,
paper-86789-topk-1-depth-0,rag_retrieve.cql,measured,native_rag,0,1.492875,1,TRUE,
paper-86789-topk-1-depth-1,rag_retrieve.cql,measured,native_rag,0,1.292000,7,TRUE,
paper-86789-topk-1-depth-2,rag_retrieve.cql,measured,native_rag,0,1.712916,46,TRUE,
paper-86789-topk-3-depth-0,rag_retrieve.cql,measured,native_rag,0,1.491291,3,TRUE,
paper-86789-topk-3-depth-1,rag_retrieve.cql,measured,native_rag,0,1.714959,17,TRUE,
paper-86789-topk-3-depth-2,rag_retrieve.cql,measured,native_rag,0,16.814625,817,TRUE,
paper-86789-topk-5-depth-0,rag_retrieve.cql,measured,native_rag,0,2.312458,5,TRUE,
paper-86789-topk-5-depth-1,rag_retrieve.cql,measured,native_rag,0,13.520916,42,TRUE,
paper-86789-topk-5-depth-2,rag_retrieve.cql,measured,native_rag,0,76.128417,4270,TRUE,
paper-86789-topk-10-depth-0,rag_retrieve.cql,measured,native_rag,0,4.505250,10,TRUE,
paper-86789-topk-10-depth-1,rag_retrieve.cql,measured,native_rag,0,5.043791,68,TRUE,
paper-86789-topk-10-depth-2,rag_retrieve.cql,measured,native_rag,0,91.348542,4733,TRUE,
paper-68901-topk-1-depth-0,rag_retrieve.cql,measured,native_rag,0,1.127000,1,TRUE,
paper-68901-topk-1-depth-1,rag_retrieve.cql,measured,native_rag,0,1.029458,2,TRUE,
paper-68901-topk-1-depth-2,rag_retrieve.cql,measured,native_rag,0,1.049500,3,TRUE,
paper-68901-topk-3-depth-0,rag_retrieve.cql,measured,native_rag,0,1.519833,3,TRUE,
paper-68901-topk-3-depth-1,rag_retrieve.cql,measured,native_rag,0,1.571542,6,TRUE,
paper-68901-topk-3-depth-2,rag_retrieve.cql,measured,native_rag,0,1.939375,30,TRUE,
paper-68901-topk-5-depth-0,rag_retrieve.cql,measured,native_rag,0,2.120500,5,TRUE,
paper-68901-topk-5-depth-1,rag_retrieve.cql,measured,native_rag,0,2.631709,39,TRUE,
paper-68901-topk-5-depth-2,rag_retrieve.cql,measured,native_rag,0,289.654709,16278,TRUE,
paper-68901-topk-10-depth-0,rag_retrieve.cql,measured,native_rag,0,4.419959,10,TRUE,
paper-68901-topk-10-depth-1,rag_retrieve.cql,measured,native_rag,0,4.897625,56,TRUE,
paper-68901-topk-10-depth-2,rag_retrieve.cql,measured,native_rag,0,295.380583,16405,TRUE,
paper-133413-topk-1-depth-0,rag_retrieve.cql,measured,native_rag,0,1.068209,1,TRUE,
paper-133413-topk-1-depth-1,rag_retrieve.cql,measured,native_rag,0,0.983166,2,TRUE,
paper-133413-topk-1-depth-2,rag_retrieve.cql,measured,native_rag,0,1.021041,5,TRUE,
paper-133413-topk-3-depth-0,rag_retrieve.cql,measured,native_rag,0,1.357167,3,TRUE,
paper-133413-topk-3-depth-1,rag_retrieve.cql,measured,native_rag,0,2.633958,73,TRUE,
paper-133413-topk-3-depth-2,rag_retrieve.cql,measured,native_rag,0,6.622958,319,TRUE,
paper-133413-topk-5-depth-0,rag_retrieve.cql,measured,native_rag,0,1.842000,5,TRUE,
paper-133413-topk-5-depth-1,rag_retrieve.cql,measured,native_rag,0,3.100709,78,TRUE,
paper-133413-topk-5-depth-2,rag_retrieve.cql,measured,native_rag,0,7.286292,335,TRUE,
paper-133413-topk-10-depth-0,rag_retrieve.cql,measured,native_rag,0,4.047500,10,TRUE,
paper-133413-topk-10-depth-1,rag_retrieve.cql,measured,native_rag,0,11.904209,126,TRUE,
paper-133413-topk-10-depth-2,rag_retrieve.cql,measured,native_rag,0,13.807958,566,TRUE,
paper-37767-topk-1-depth-0,rag_retrieve.cql,measured,native_rag,0,1.448750,1,TRUE,
paper-37767-topk-1-depth-1,rag_retrieve.cql,measured,native_rag,0,0.902459,3,TRUE,
paper-37767-topk-1-depth-2,rag_retrieve.cql,measured,native_rag,0,1.060417,12,TRUE,
paper-37767-topk-3-depth-0,rag_retrieve.cql,measured,native_rag,0,1.502625,3,TRUE,
paper-37767-topk-3-depth-1,rag_retrieve.cql,measured,native_rag,0,1.772250,18,TRUE,
paper-37767-topk-3-depth-2,rag_retrieve.cql,measured,native_rag,0,5.878708,265,TRUE,
paper-37767-topk-5-depth-0,rag_retrieve.cql,measured,native_rag,0,4.952375,5,TRUE,
paper-37767-topk-5-depth-1,rag_retrieve.cql,measured,native_rag,0,3.733333,94,TRUE,
paper-37767-topk-5-depth-2,rag_retrieve.cql,measured,native_rag,0,373.098667,20423,TRUE,
paper-37767-topk-10-depth-0,rag_retrieve.cql,measured,native_rag,0,6.083167,10,TRUE,
paper-37767-topk-10-depth-1,rag_retrieve.cql,measured,native_rag,0,14.100709,126,TRUE,
paper-37767-topk-10-depth-2,rag_retrieve.cql,measured,native_rag,0,427.921083,23592,TRUE,
paper-13806-topk-1-depth-0,rag_retrieve.cql,measured,native_rag,0,1.099208,1,TRUE,
paper-13806-topk-1-depth-1,rag_retrieve.cql,measured,native_rag,0,1.099041,12,TRUE,
paper-13806-topk-1-depth-2,rag_retrieve.cql,measured,native_rag,0,23.146792,1316,TRUE,
paper-13806-topk-3-depth-0,rag_retrieve.cql,measured,native_rag,0,1.243583,3,TRUE,
paper-13806-topk-3-depth-1,rag_retrieve.cql,measured,native_rag,0,1.918625,40,TRUE,
paper-13806-topk-3-depth-2,rag_retrieve.cql,measured,native_rag,0,101.309833,5780,TRUE,
paper-13806-topk-5-depth-0,rag_retrieve.cql,measured,native_rag,0,1.740208,5,TRUE,
paper-13806-topk-5-depth-1,rag_retrieve.cql,measured,native_rag,0,2.615708,68,TRUE,
paper-13806-topk-5-depth-2,rag_retrieve.cql,measured,native_rag,0,117.383208,6686,TRUE,
paper-13806-topk-10-depth-0,rag_retrieve.cql,measured,native_rag,0,4.293083,10,TRUE,
paper-13806-topk-10-depth-1,rag_retrieve.cql,measured,native_rag,0,5.397000,97,TRUE,
paper-13806-topk-10-depth-2,rag_retrieve.cql,measured,native_rag,0,132.785458,7446,TRUE,
paper-48331-topk-1-depth-0,rag_retrieve.cql,measured,native_rag,0,0.935666,1,TRUE,
paper-48331-topk-1-depth-1,rag_retrieve.cql,measured,native_rag,0,1.074833,13,TRUE,
paper-48331-topk-1-depth-2,rag_retrieve.cql,measured,native_rag,0,4.768625,241,TRUE,
paper-48331-topk-3-depth-0,rag_retrieve.cql,measured,native_rag,0,1.244000,3,TRUE,
paper-48331-topk-3-depth-1,rag_retrieve.cql,measured,native_rag,0,1.483958,25,TRUE,
paper-48331-topk-3-depth-2,rag_retrieve.cql,measured,native_rag,0,7.091125,362,TRUE,
paper-48331-topk-5-depth-0,rag_retrieve.cql,measured,native_rag,0,1.641459,5,TRUE,
paper-48331-topk-5-depth-1,rag_retrieve.cql,measured,native_rag,0,2.379084,55,TRUE,
paper-48331-topk-5-depth-2,rag_retrieve.cql,measured,native_rag,0,9.431125,468,TRUE,
paper-48331-topk-10-depth-0,rag_retrieve.cql,measured,native_rag,0,3.939000,10,TRUE,
paper-48331-topk-10-depth-1,rag_retrieve.cql,measured,native_rag,0,5.938250,124,TRUE,
paper-48331-topk-10-depth-2,rag_retrieve.cql,measured,native_rag,0,16.871125,765,TRUE,
paper-58384-topk-1-depth-0,rag_retrieve.cql,measured,native_rag,0,0.817875,1,TRUE,
paper-58384-topk-1-depth-1,rag_retrieve.cql,measured,native_rag,0,0.843208,6,TRUE,
paper-58384-topk-1-depth-2,rag_retrieve.cql,measured,native_rag,0,80.832125,4642,TRUE,
paper-58384-topk-3-depth-0,rag_retrieve.cql,measured,native_rag,0,1.430791,3,TRUE,
paper-58384-topk-3-depth-1,rag_retrieve.cql,measured,native_rag,0,2.185458,52,TRUE,
paper-58384-topk-3-depth-2,rag_retrieve.cql,measured,native_rag,0,287.621166,16316,TRUE,
paper-58384-topk-5-depth-0,rag_retrieve.cql,measured,native_rag,0,2.044542,5,TRUE,
paper-58384-topk-5-depth-1,rag_retrieve.cql,measured,native_rag,0,4.440166,146,TRUE,
paper-58384-topk-5-depth-2,rag_retrieve.cql,measured,native_rag,0,432.439959,24475,TRUE,
paper-58384-topk-10-depth-0,rag_retrieve.cql,measured,native_rag,0,5.746583,10,TRUE,
paper-58384-topk-10-depth-1,rag_retrieve.cql,measured,native_rag,0,7.921916,140,TRUE,
paper-58384-topk-10-depth-2,rag_retrieve.cql,measured,native_rag,0,315.361292,17773,TRUE,
paper-93358-topk-1-depth-0,rag_retrieve.cql,measured,native_rag,0,1.025542,1,TRUE,
paper-93358-topk-1-depth-1,rag_retrieve.cql,measured,native_rag,0,1.105541,18,TRUE,
paper-93358-topk-1-depth-2,rag_retrieve.cql,measured,native_rag,0,45.246583,2392,TRUE,
paper-93358-topk-3-depth-0,rag_retrieve.cql,measured,native_rag,0,1.900500,3,TRUE,
paper-93358-topk-3-depth-1,rag_retrieve.cql,measured,native_rag,0,1.796708,35,TRUE,
paper-93358-topk-3-depth-2,rag_retrieve.cql,measured,native_rag,0,255.424917,14749,TRUE,
paper-93358-topk-5-depth-0,rag_retrieve.cql,measured,native_rag,0,2.061792,5,TRUE,
paper-93358-topk-5-depth-1,rag_retrieve.cql,measured,native_rag,0,3.043709,82,TRUE,
paper-93358-topk-5-depth-2,rag_retrieve.cql,measured,native_rag,0,527.439000,30011,TRUE,
paper-93358-topk-10-depth-0,rag_retrieve.cql,measured,native_rag,0,5.661750,10,TRUE,
paper-93358-topk-10-depth-1,rag_retrieve.cql,measured,native_rag,0,8.820541,200,TRUE,
paper-93358-topk-10-depth-2,rag_retrieve.cql,measured,native_rag,0,585.517083,33150,TRUE,
paper-56950-topk-1-depth-0,rag_retrieve.cql,measured,native_rag,0,0.971833,1,TRUE,
paper-56950-topk-1-depth-1,rag_retrieve.cql,measured,native_rag,0,1.317750,25,TRUE,
paper-56950-topk-1-depth-2,rag_retrieve.cql,measured,native_rag,0,310.831708,17783,TRUE,
paper-56950-topk-3-depth-0,rag_retrieve.cql,measured,native_rag,0,1.460916,3,TRUE,
paper-56950-topk-3-depth-1,rag_retrieve.cql,measured,native_rag,0,3.136583,108,TRUE,
paper-56950-topk-3-depth-2,rag_retrieve.cql,measured,native_rag,0,437.049292,24695,TRUE,
paper-56950-topk-5-depth-0,rag_retrieve.cql,measured,native_rag,0,2.137792,5,TRUE,
paper-56950-topk-5-depth-1,rag_retrieve.cql,measured,native_rag,0,4.132042,134,TRUE,
paper-56950-topk-5-depth-2,rag_retrieve.cql,measured,native_rag,0,522.659792,29761,TRUE,
paper-56950-topk-10-depth-0,rag_retrieve.cql,measured,native_rag,0,6.235292,10,TRUE,
paper-56950-topk-10-depth-1,rag_retrieve.cql,measured,native_rag,0,9.236917,190,TRUE,
paper-56950-topk-10-depth-2,rag_retrieve.cql,measured,native_rag,0,639.760583,36119,TRUE,
paper-145398-topk-1-depth-0,rag_retrieve.cql,measured,native_rag,0,1.096834,1,TRUE,
paper-145398-topk-1-depth-1,rag_retrieve.cql,measured,native_rag,0,1.338250,24,TRUE,
paper-145398-topk-1-depth-2,rag_retrieve.cql,measured,native_rag,0,144.616125,8405,TRUE,
paper-145398-topk-3-depth-0,rag_retrieve.cql,measured,native_rag,0,1.491542,3,TRUE,
paper-145398-topk-3-depth-1,rag_retrieve.cql,measured,native_rag,0,2.029000,45,TRUE,
paper-145398-topk-3-depth-2,rag_retrieve.cql,measured,native_rag,0,270.078375,15497,TRUE,
paper-145398-topk-5-depth-0,rag_retrieve.cql,measured,native_rag,0,1.951375,5,TRUE,
paper-145398-topk-5-depth-1,rag_retrieve.cql,measured,native_rag,0,2.285417,37,TRUE,
paper-145398-topk-5-depth-2,rag_retrieve.cql,measured,native_rag,0,251.530750,14377,TRUE,
paper-145398-topk-10-depth-0,rag_retrieve.cql,measured,native_rag,0,4.110458,10,TRUE,
paper-145398-topk-10-depth-1,rag_retrieve.cql,measured,native_rag,0,5.393209,89,TRUE,
paper-145398-topk-10-depth-2,rag_retrieve.cql,measured,native_rag,0,329.353542,18691,TRUE,
paper-167285-topk-1-depth-0,rag_retrieve.cql,measured,native_rag,0,0.915542,1,TRUE,
paper-167285-topk-1-depth-1,rag_retrieve.cql,measured,native_rag,0,0.894208,2,TRUE,
paper-167285-topk-1-depth-2,rag_retrieve.cql,measured,native_rag,0,227.288791,13162,TRUE,
paper-167285-topk-3-depth-0,rag_retrieve.cql,measured,native_rag,0,1.304209,3,TRUE,
paper-167285-topk-3-depth-1,rag_retrieve.cql,measured,native_rag,0,1.645750,28,TRUE,
paper-167285-topk-3-depth-2,rag_retrieve.cql,measured,native_rag,0,446.090208,25534,TRUE,
paper-167285-topk-5-depth-0,rag_retrieve.cql,measured,native_rag,0,1.729041,5,TRUE,
paper-167285-topk-5-depth-1,rag_retrieve.cql,measured,native_rag,0,2.292792,49,TRUE,
paper-167285-topk-5-depth-2,rag_retrieve.cql,measured,native_rag,0,477.254666,26921,TRUE,
paper-167285-topk-10-depth-0,rag_retrieve.cql,measured,native_rag,0,3.928083,10,TRUE,
paper-167285-topk-10-depth-1,rag_retrieve.cql,measured,native_rag,0,5.796291,108,TRUE,
paper-167285-topk-10-depth-2,rag_retrieve.cql,measured,native_rag,0,611.461375,34543,TRUE,
paper-13711-topk-1-depth-0,rag_retrieve.cql,measured,native_rag,0,1.499125,1,TRUE,
paper-13711-topk-1-depth-1,rag_retrieve.cql,measured,native_rag,0,1.158875,13,TRUE,
paper-13711-topk-1-depth-2,rag_retrieve.cql,measured,native_rag,0,226.095916,13030,TRUE,
paper-13711-topk-3-depth-0,rag_retrieve.cql,measured,native_rag,0,1.340167,3,TRUE,
paper-13711-topk-3-depth-1,rag_retrieve.cql,measured,native_rag,0,2.021000,44,TRUE,
paper-13711-topk-3-depth-2,rag_retrieve.cql,measured,native_rag,0,385.311000,22052,TRUE,
paper-13711-topk-5-depth-0,rag_retrieve.cql,measured,native_rag,0,2.070375,5,TRUE,
paper-13711-topk-5-depth-1,rag_retrieve.cql,measured,native_rag,0,2.855833,68,TRUE,
paper-13711-topk-5-depth-2,rag_retrieve.cql,measured,native_rag,0,351.577917,20120,TRUE,
paper-13711-topk-10-depth-0,rag_retrieve.cql,measured,native_rag,0,4.770375,10,TRUE,
paper-13711-topk-10-depth-1,rag_retrieve.cql,measured,native_rag,0,6.124375,96,TRUE,
paper-13711-topk-10-depth-2,rag_retrieve.cql,measured,native_rag,0,533.519584,30285,TRUE,
paper-121199-topk-1-depth-0,rag_retrieve.cql,measured,native_rag,0,0.956750,1,TRUE,
paper-121199-topk-1-depth-1,rag_retrieve.cql,measured,native_rag,0,1.208000,20,TRUE,
paper-121199-topk-1-depth-2,rag_retrieve.cql,measured,native_rag,0,5.505000,239,TRUE,
paper-121199-topk-3-depth-0,rag_retrieve.cql,measured,native_rag,0,1.332833,3,TRUE,
paper-121199-topk-3-depth-1,rag_retrieve.cql,measured,native_rag,0,2.161166,45,TRUE,
paper-121199-topk-3-depth-2,rag_retrieve.cql,measured,native_rag,0,266.022791,15342,TRUE,
paper-121199-topk-5-depth-0,rag_retrieve.cql,measured,native_rag,0,1.859583,5,TRUE,
paper-121199-topk-5-depth-1,rag_retrieve.cql,measured,native_rag,0,3.770375,122,TRUE,
paper-121199-topk-5-depth-2,rag_retrieve.cql,measured,native_rag,0,287.329500,16666,TRUE,
paper-121199-topk-10-depth-0,rag_retrieve.cql,measured,native_rag,0,5.617917,10,TRUE,
paper-121199-topk-10-depth-1,rag_retrieve.cql,measured,native_rag,0,10.018209,285,TRUE,
paper-121199-topk-10-depth-2,rag_retrieve.cql,measured,native_rag,0,342.515792,19675,TRUE,
paper-139673-topk-1-depth-0,rag_retrieve.cql,measured,native_rag,0,0.967583,1,TRUE,
paper-139673-topk-1-depth-1,rag_retrieve.cql,measured,native_rag,0,1.207542,18,TRUE,
paper-139673-topk-1-depth-2,rag_retrieve.cql,measured,native_rag,0,92.954375,5509,TRUE,
paper-139673-topk-3-depth-0,rag_retrieve.cql,measured,native_rag,0,1.468625,3,TRUE,
paper-139673-topk-3-depth-1,rag_retrieve.cql,measured,native_rag,0,1.796958,35,TRUE,
paper-139673-topk-3-depth-2,rag_retrieve.cql,measured,native_rag,0,183.788583,10640,TRUE,
paper-139673-topk-5-depth-0,rag_retrieve.cql,measured,native_rag,0,1.840250,5,TRUE,
paper-139673-topk-5-depth-1,rag_retrieve.cql,measured,native_rag,0,2.438584,49,TRUE,
paper-139673-topk-5-depth-2,rag_retrieve.cql,measured,native_rag,0,384.652209,22097,TRUE,
paper-139673-topk-10-depth-0,rag_retrieve.cql,measured,native_rag,0,7.351792,10,TRUE,
paper-139673-topk-10-depth-1,rag_retrieve.cql,measured,native_rag,0,6.276667,93,TRUE,
paper-139673-topk-10-depth-2,rag_retrieve.cql,measured,native_rag,0,403.830209,23132,TRUE,
paper-77739-topk-1-depth-0,rag_retrieve.cql,measured,native_rag,0,1.006666,1,TRUE,
paper-77739-topk-1-depth-1,rag_retrieve.cql,measured,native_rag,0,0.947291,2,TRUE,
paper-77739-topk-1-depth-2,rag_retrieve.cql,measured,native_rag,0,1.190250,17,TRUE,
paper-77739-topk-3-depth-0,rag_retrieve.cql,measured,native_rag,0,1.430916,3,TRUE,
paper-77739-topk-3-depth-1,rag_retrieve.cql,measured,native_rag,0,1.443083,9,TRUE,
paper-77739-topk-3-depth-2,rag_retrieve.cql,measured,native_rag,0,34.197959,1971,TRUE,
paper-77739-topk-5-depth-0,rag_retrieve.cql,measured,native_rag,0,1.873375,5,TRUE,
paper-77739-topk-5-depth-1,rag_retrieve.cql,measured,native_rag,0,2.173708,26,TRUE,
paper-77739-topk-5-depth-2,rag_retrieve.cql,measured,native_rag,0,55.553000,3220,TRUE,
paper-77739-topk-10-depth-0,rag_retrieve.cql,measured,native_rag,0,3.215625,10,TRUE,
paper-77739-topk-10-depth-1,rag_retrieve.cql,measured,native_rag,0,4.433291,80,TRUE,
paper-77739-topk-10-depth-2,rag_retrieve.cql,measured,native_rag,0,314.748292,17941,TRUE,
paper-20961-topk-1-depth-0,rag_retrieve.cql,measured,native_rag,0,1.044875,1,TRUE,
paper-20961-topk-1-depth-1,rag_retrieve.cql,measured,native_rag,0,0.928000,7,TRUE,
paper-20961-topk-1-depth-2,rag_retrieve.cql,measured,native_rag,0,2.355417,89,TRUE,
paper-20961-topk-3-depth-0,rag_retrieve.cql,measured,native_rag,0,0.998541,3,TRUE,
paper-20961-topk-3-depth-1,rag_retrieve.cql,measured,native_rag,0,1.153375,14,TRUE,
paper-20961-topk-3-depth-2,rag_retrieve.cql,measured,native_rag,0,2.739584,108,TRUE,
paper-20961-topk-5-depth-0,rag_retrieve.cql,measured,native_rag,0,1.433333,5,TRUE,
paper-20961-topk-5-depth-1,rag_retrieve.cql,measured,native_rag,0,1.733917,26,TRUE,
paper-20961-topk-5-depth-2,rag_retrieve.cql,measured,native_rag,0,5.425750,247,TRUE,
paper-20961-topk-10-depth-0,rag_retrieve.cql,measured,native_rag,0,4.129792,10,TRUE,
paper-20961-topk-10-depth-1,rag_retrieve.cql,measured,native_rag,0,4.147625,74,TRUE,
paper-20961-topk-10-depth-2,rag_retrieve.cql,measured,native_rag,0,12.895583,610,TRUE,
paper-33706-topk-1-depth-0,rag_retrieve.cql,measured,native_rag,0,0.905500,1,TRUE,
paper-33706-topk-1-depth-1,rag_retrieve.cql,measured,native_rag,0,1.950292,59,TRUE,
paper-33706-topk-1-depth-2,rag_retrieve.cql,measured,native_rag,0,139.976292,8067,TRUE,
paper-33706-topk-3-depth-0,rag_retrieve.cql,measured,native_rag,0,1.366250,3,TRUE,
paper-33706-topk-3-depth-1,rag_retrieve.cql,measured,native_rag,0,2.600292,73,TRUE,
paper-33706-topk-3-depth-2,rag_retrieve.cql,measured,native_rag,0,175.389667,10054,TRUE,
paper-33706-topk-5-depth-0,rag_retrieve.cql,measured,native_rag,0,1.829083,5,TRUE,
paper-33706-topk-5-depth-1,rag_retrieve.cql,measured,native_rag,0,3.355375,100,TRUE,
paper-33706-topk-5-depth-2,rag_retrieve.cql,measured,native_rag,0,537.448375,30683,TRUE,
paper-33706-topk-10-depth-0,rag_retrieve.cql,measured,native_rag,0,3.656709,10,TRUE,
paper-33706-topk-10-depth-1,rag_retrieve.cql,measured,native_rag,0,4.269833,60,TRUE,
paper-33706-topk-10-depth-2,rag_retrieve.cql,measured,native_rag,0,506.939334,28880,TRUE,
paper-147763-topk-1-depth-0,rag_retrieve.cql,measured,native_rag,0,1.055875,1,TRUE,
paper-147763-topk-1-depth-1,rag_retrieve.cql,measured,native_rag,0,1.549084,37,TRUE,
paper-147763-topk-1-depth-2,rag_retrieve.cql,measured,native_rag,0,267.705000,14734,TRUE,
paper-147763-topk-3-depth-0,rag_retrieve.cql,measured,native_rag,0,1.517208,3,TRUE,
paper-147763-topk-3-depth-1,rag_retrieve.cql,measured,native_rag,0,2.434416,66,TRUE,
paper-147763-topk-3-depth-2,rag_retrieve.cql,measured,native_rag,0,444.060500,25536,TRUE,
paper-147763-topk-5-depth-0,rag_retrieve.cql,measured,native_rag,0,2.194625,5,TRUE,
paper-147763-topk-5-depth-1,rag_retrieve.cql,measured,native_rag,0,3.520208,89,TRUE,
paper-147763-topk-5-depth-2,rag_retrieve.cql,measured,native_rag,0,500.134708,28312,TRUE,
paper-147763-topk-10-depth-0,rag_retrieve.cql,measured,native_rag,0,6.182042,10,TRUE,
paper-147763-topk-10-depth-1,rag_retrieve.cql,measured,native_rag,0,10.227000,283,TRUE,
paper-147763-topk-10-depth-2,rag_retrieve.cql,measured,native_rag,0,564.179375,31825,TRUE,
paper-29845-topk-1-depth-0,rag_retrieve.cql,measured,native_rag,0,1.137042,1,TRUE,
paper-29845-topk-1-depth-1,rag_retrieve.cql,measured,native_rag,0,1.105958,11,TRUE,
paper-29845-topk-1-depth-2,rag_retrieve.cql,measured,native_rag,0,19.177459,1079,TRUE,
paper-29845-topk-3-depth-0,rag_retrieve.cql,measured,native_rag,0,1.500542,3,TRUE,
paper-29845-topk-3-depth-1,rag_retrieve.cql,measured,native_rag,0,2.350250,61,TRUE,
paper-29845-topk-3-depth-2,rag_retrieve.cql,measured,native_rag,0,455.457959,26022,TRUE,
paper-29845-topk-5-depth-0,rag_retrieve.cql,measured,native_rag,0,2.184416,5,TRUE,
paper-29845-topk-5-depth-1,rag_retrieve.cql,measured,native_rag,0,3.206625,73,TRUE,
paper-29845-topk-5-depth-2,rag_retrieve.cql,measured,native_rag,0,475.531083,27162,TRUE,
paper-29845-topk-10-depth-0,rag_retrieve.cql,measured,native_rag,0,5.669959,10,TRUE,
paper-29845-topk-10-depth-1,rag_retrieve.cql,measured,native_rag,0,7.484708,120,TRUE,
paper-29845-topk-10-depth-2,rag_retrieve.cql,measured,native_rag,0,517.582917,29084,TRUE,
paper-106573-topk-1-depth-0,rag_retrieve.cql,measured,native_rag,0,1.018584,1,TRUE,
paper-106573-topk-1-depth-1,rag_retrieve.cql,measured,native_rag,0,1.282458,22,TRUE,
paper-106573-topk-1-depth-2,rag_retrieve.cql,measured,native_rag,0,18.452125,1009,TRUE,
paper-106573-topk-3-depth-0,rag_retrieve.cql,measured,native_rag,0,1.401500,3,TRUE,
paper-106573-topk-3-depth-1,rag_retrieve.cql,measured,native_rag,0,1.369958,9,TRUE,
paper-106573-topk-3-depth-2,rag_retrieve.cql,measured,native_rag,0,2.209583,55,TRUE,
paper-106573-topk-5-depth-0,rag_retrieve.cql,measured,native_rag,0,2.017959,5,TRUE,
paper-106573-topk-5-depth-1,rag_retrieve.cql,measured,native_rag,0,3.148875,77,TRUE,
paper-106573-topk-5-depth-2,rag_retrieve.cql,measured,native_rag,0,227.114917,12970,TRUE,
paper-106573-topk-10-depth-0,rag_retrieve.cql,measured,native_rag,0,5.318666,10,TRUE,
paper-106573-topk-10-depth-1,rag_retrieve.cql,measured,native_rag,0,7.536208,130,TRUE,
paper-106573-topk-10-depth-2,rag_retrieve.cql,measured,native_rag,0,270.927792,15328,TRUE,
paper-42951-topk-1-depth-0,rag_retrieve.cql,measured,native_rag,0,0.989958,1,TRUE,
paper-42951-topk-1-depth-1,rag_retrieve.cql,measured,native_rag,0,1.217625,18,TRUE,
paper-42951-topk-1-depth-2,rag_retrieve.cql,measured,native_rag,0,2.765500,108,TRUE,
paper-42951-topk-3-depth-0,rag_retrieve.cql,measured,native_rag,0,1.159583,3,TRUE,
paper-42951-topk-3-depth-1,rag_retrieve.cql,measured,native_rag,0,1.568459,26,TRUE,
paper-42951-topk-3-depth-2,rag_retrieve.cql,measured,native_rag,0,3.900167,158,TRUE,
paper-42951-topk-5-depth-0,rag_retrieve.cql,measured,native_rag,0,1.699417,5,TRUE,
paper-42951-topk-5-depth-1,rag_retrieve.cql,measured,native_rag,0,2.324084,42,TRUE,
paper-42951-topk-5-depth-2,rag_retrieve.cql,measured,native_rag,0,5.454458,234,TRUE,
paper-42951-topk-10-depth-0,rag_retrieve.cql,measured,native_rag,0,4.036583,10,TRUE,
paper-42951-topk-10-depth-1,rag_retrieve.cql,measured,native_rag,0,3.951333,64,TRUE,
paper-42951-topk-10-depth-2,rag_retrieve.cql,measured,native_rag,0,11.780166,496,TRUE,
paper-60267-topk-1-depth-0,rag_retrieve.cql,measured,native_rag,0,0.972416,1,TRUE,
paper-60267-topk-1-depth-1,rag_retrieve.cql,measured,native_rag,0,1.136041,4,TRUE,
paper-60267-topk-1-depth-2,rag_retrieve.cql,measured,native_rag,0,1.521542,25,TRUE,
paper-60267-topk-3-depth-0,rag_retrieve.cql,measured,native_rag,0,1.366417,3,TRUE,
paper-60267-topk-3-depth-1,rag_retrieve.cql,measured,native_rag,0,1.798916,35,TRUE,
paper-60267-topk-3-depth-2,rag_retrieve.cql,measured,native_rag,0,3.741583,138,TRUE,
paper-60267-topk-5-depth-0,rag_retrieve.cql,measured,native_rag,0,1.613250,5,TRUE,
paper-60267-topk-5-depth-1,rag_retrieve.cql,measured,native_rag,0,2.580792,46,TRUE,
paper-60267-topk-5-depth-2,rag_retrieve.cql,measured,native_rag,0,8.512833,356,TRUE,
paper-60267-topk-10-depth-0,rag_retrieve.cql,measured,native_rag,0,3.117000,10,TRUE,
paper-60267-topk-10-depth-1,rag_retrieve.cql,measured,native_rag,0,4.340208,74,TRUE,
paper-60267-topk-10-depth-2,rag_retrieve.cql,measured,native_rag,0,17.078583,905,TRUE,