query_id,query_file,phase,method,run_index,latency_ms,row_count,result_node_ids_match,seed_ids_match
paper-93434-topk-1-depth-0,baseline_vector_search.cql + baseline_traversal.cql,measured,two_call_baseline,0,8.324333,1,TRUE,TRUE
paper-93434-topk-1-depth-1,baseline_vector_search.cql + baseline_traversal.cql,measured,two_call_baseline,0,8.935583,31,TRUE,TRUE
paper-93434-topk-1-depth-2,baseline_vector_search.cql + baseline_traversal.cql,measured,two_call_baseline,0,22.149541,747,TRUE,TRUE
paper-93434-topk-3-depth-0,baseline_vector_search.cql + baseline_traversal.cql,measured,two_call_baseline,0,5.794000,3,TRUE,TRUE
paper-93434-topk-3-depth-1,baseline_vector_search.cql + baseline_traversal.cql,measured,two_call_baseline,0,6.701291,44,TRUE,TRUE
paper-93434-topk-3-depth-2,baseline_vector_search.cql + baseline_traversal.cql,measured,two_call_baseline,0,23.403792,913,TRUE,TRUE
paper-93434-topk-5-depth-0,baseline_vector_search.cql + baseline_traversal.cql,measured,two_call_baseline,0,4.257333,5,TRUE,TRUE
paper-93434-topk-5-depth-1,baseline_vector_search.cql + baseline_traversal.cql,measured,two_call_baseline,0,8.040916,139,TRUE,TRUE
paper-93434-topk-5-depth-2,baseline_vector_search.cql + baseline_traversal.cql,measured,two_call_baseline,0,45.953708,2200,TRUE,TRUE
paper-93434-topk-10-depth-0,baseline_vector_search.cql + baseline_traversal.cql,measured,two_call_baseline,0,5.390084,10,TRUE,TRUE
paper-93434-topk-10-depth-1,baseline_vector_search.cql + baseline_traversal.cql,measured,two_call_baseline,0,9.710917,252,TRUE,TRUE
paper-93434-topk-10-depth-2,baseline_vector_search.cql + baseline_traversal.cql,measured,two_call_baseline,0,73.785458,4010,TRUE,TRUE
paper-66941-topk-1-depth-0,baseline_vector_search.cql + baseline_traversal.cql,measured,two_call_baseline,0,3.453750,1,TRUE,TRUE
paper-66941-topk-1-depth-1,baseline_vector_search.cql + baseline_traversal.cql,measured,two_call_baseline,0,3.642334,6,TRUE,TRUE
paper-66941-topk-1-depth-2,baseline_vector_search.cql + baseline_traversal.cql,measured,two_call_baseline,0,21.518666,1069,TRUE,TRUE
paper-66941-topk-3-depth-0,baseline_vector_search.cql + baseline_traversal.cql,measured,two_call_baseline,0,3.312292,3,TRUE,TRUE
paper-66941-topk-3-depth-1,baseline_vector_search.cql + baseline_traversal.cql,measured,two_call_baseline,0,3.472083,20,TRUE,TRUE
paper-66941-topk-3-depth-2,baseline_vector_search.cql + baseline_traversal.cql,measured,two_call_baseline,0,398.204625,24425,TRUE,TRUE
paper-66941-topk-5-depth-0,baseline_vector_search.cql + baseline_traversal.cql,measured,two_call_baseline,0,3.294958,5,TRUE,TRUE
paper-66941-topk-5-depth-1,baseline_vector_search.cql + baseline_traversal.cql,measured,two_call_baseline,0,3.993958,43,TRUE,TRUE
paper-66941-topk-5-depth-2,baseline_vector_search.cql + baseline_traversal.cql,measured,two_call_baseline,0,447.900083,27657,TRUE,TRUE
paper-66941-topk-10-depth-0,baseline_vector_search.cql + baseline_traversal.cql,measured,two_call_baseline,0,4.016750,10,TRUE,TRUE
paper-66941-topk-10-depth-1,baseline_vector_search.cql + baseline_traversal.cql,measured,two_call_baseline,0,6.260042,127,TRUE,TRUE
paper-66941-topk-10-depth-2,baseline_vector_search.cql + baseline_traversal.cql,measured,two_call_baseline,0,566.450375,33383,TRUE,TRUE
paper-109568-topk-1-depth-0,baseline_vector_search.cql + baseline_traversal.cql,measured,two_call_baseline,0,3.001125,1,TRUE,TRUE
paper-109568-topk-1-depth-1,baseline_vector_search.cql + baseline_traversal.cql,measured,two_call_baseline,0,2.705959,13,TRUE,TRUE
paper-109568-topk-1-depth-2,baseline_vector_search.cql + baseline_traversal.cql,measured,two_call_baseline,0,42.195875,2487,TRUE,TRUE
paper-109568-topk-3-depth-0,baseline_vector_search.cql + baseline_traversal.cql,measured,two_call_baseline,0,2.646167,3,TRUE,TRUE
paper-109568-topk-3-depth-1,baseline_vector_search.cql + baseline_traversal.cql,measured,two_call_baseline,0,3.570833,55,TRUE,TRUE
paper-109568-topk-3-depth-2,baseline_vector_search.cql + baseline_traversal.cql,measured,two_call_baseline,0,363.540208,22417,TRUE,TRUE
paper-109568-topk-5-depth-0,baseline_vector_search.cql + baseline_traversal.cql,measured,two_call_baseline,0,2.944875,5,TRUE,TRUE
paper-109568-topk-5-depth-1,baseline_vector_search.cql + baseline_traversal.cql,measured,two_call_baseline,0,6.369541,161,TRUE,TRUE
paper-109568-topk-5-depth-2,baseline_vector_search.cql + baseline_traversal.cql,measured,two_call_baseline,0,497.379333,30397,TRUE,TRUE
paper-109568-topk-10-depth-0,baseline_vector_search.cql + baseline_traversal.cql,measured,two_call_baseline,0,3.123250,10,TRUE,TRUE
paper-109568-topk-10-depth-1,baseline_vector_search.cql + baseline_traversal.cql,measured,two_call_baseline,0,7.813166,280,TRUE,TRUE
paper-109568-topk-10-depth-2,baseline_vector_search.cql + baseline_traversal.cql,measured,two_call_baseline,0,609.700625,36089,TRUE,TRUE
paper-167843-topk-1-depth-0,baseline_vector_search.cql + baseline_traversal.cql,measured,two_call_baseline,0,2.475000,1,TRUE,TRUE
paper-167843-topk-1-depth-1,baseline_vector_search.cql + baseline_traversal.cql,measured,two_call_baseline,0,2.802292,4,TRUE,TRUE
paper-167843-topk-1-depth-2,baseline_vector_search.cql + baseline_traversal.cql,measured,two_call_baseline,0,2.529250,10,TRUE,TRUE
paper-167843-topk-3-depth-0,baseline_vector_search.cql + baseline_traversal.cql,measured,two_call_baseline,0,2.547875,3,TRUE,TRUE
paper-167843-topk-3-depth-1,baseline_vector_search.cql + baseline_traversal.cql,measured,two_call_baseline,0,2.872292,17,TRUE,TRUE
paper-167843-topk-3-depth-2,baseline_vector_search.cql + baseline_traversal.cql,measured,two_call_baseline,0,5.032042,129,TRUE,TRUE
paper-167843-topk-5-depth-0,baseline_vector_search.cql + baseline_traversal.cql,measured,two_call_baseline,0,2.930875,5,TRUE,TRUE
paper-167843-topk-5-depth-1,baseline_vector_search.cql + baseline_traversal.cql,measured,two_call_baseline,0,3.921958,68,TRUE,TRUE
paper-167843-topk-5-depth-2,baseline_vector_search.cql + baseline_traversal.cql,measured,two_call_baseline,0,10.298541,475,TRUE,TRUE
paper-167843-topk-10-depth-0,baseline_vector_search.cql + baseline_traversal.cql,measured,two_call_baseline,0,2.830000,10,TRUE,TRUE
paper-167843-topk-10-depth-1,baseline_vector_search.cql + baseline_traversal.cql,measured,two_call_baseline,0,4.396208,90,TRUE,TRUE
paper-167843-topk-10-depth-2,baseline_vector_search.cql + baseline_traversal.cql,measured,two_call_baseline,0,13.686000,683,TRUE,TRUE
paper-138092-topk-1-depth-0,baseline_vector_search.cql + baseline_traversal.cql,measured,two_call_baseline,0,2.275959,1,TRUE,TRUE
paper-138092-topk-1-depth-1,baseline_vector_search.cql + baseline_traversal.cql,measured,two_call_baseline,0,2.206458,5,TRUE,TRUE
paper-138092-topk-1-depth-2,baseline_vector_search.cql + baseline_traversal.cql,measured,two_call_baseline,0,12.303917,662,TRUE,TRUE
paper-138092-topk-3-depth-0,baseline_vector_search.cql + baseline_traversal.cql,measured,two_call_baseline,0,2.458458,3,TRUE,TRUE
paper-138092-topk-3-depth-1,baseline_vector_search.cql + baseline_traversal.cql,measured,two_call_baseline,0,3.175625,44,TRUE,TRUE
paper-138092-topk-3-depth-2,baseline_vector_search.cql + baseline_traversal.cql,measured,two_call_baseline,0,419.121000,26080,TRUE,TRUE
paper-138092-topk-5-depth-0,baseline_vector_search.cql + baseline_traversal.cql,measured,two_call_baseline,0,2.620875,5,TRUE,TRUE
paper-138092-topk-5-depth-1,baseline_vector_search.cql + baseline_traversal.cql,measured,two_call_baseline,0,3.717500,64,TRUE,TRUE
paper-138092-topk-5-depth-2,baseline_vector_search.cql + baseline_traversal.cql,measured,two_call_baseline,0,487.671167,29693,TRUE,TRUE
paper-138092-topk-10-depth-0,baseline_vector_search.cql + baseline_traversal.cql,measured,two_call_baseline,0,3.257792,10,TRUE,TRUE
paper-138092-topk-10-depth-1,baseline_vector_search.cql + baseline_traversal.cql,measured,two_call_baseline,0,5.603625,163,TRUE,TRUE
paper-138092-topk-10-depth-2,baseline_vector_search.cql + baseline_traversal.cql,measured,two_call_baseline,0,543.577166,32807,TRUE,TRUE
paper-23583-topk-1-depth-0,baseline_vector_search.cql + baseline_traversal.cql,measured,two_call_baseline,0,2.828208,1,TRUE,TRUE
paper-23583-topk-1-depth-1,baseline_vector_search.cql + baseline_traversal.cql,measured,two_call_baseline,0,2.484541,3,TRUE,TRUE
paper-23583-topk-1-depth-2,baseline_vector_search.cql + baseline_traversal.cql,measured,two_call_baseline,0,17.601542,970,TRUE,TRUE
paper-23583-topk-3-depth-0,baseline_vector_search.cql + baseline_traversal.cql,measured,two_call_baseline,0,2.970500,3,TRUE,TRUE
paper-23583-topk-3-depth-1,baseline_vector_search.cql + baseline_traversal.cql,measured,two_call_baseline,0,2.805667,32,TRUE,TRUE
paper-23583-topk-3-depth-2,baseline_vector_search.cql + baseline_traversal.cql,measured,two_call_baseline,0,19.690167,1116,TRUE,TRUE
paper-23583-topk-5-depth-0,baseline_vector_search.cql + baseline_traversal.cql,measured,two_call_baseline,0,2.767083,5,TRUE,TRUE
paper-23583-topk-5-depth-1,baseline_vector_search.cql + baseline_traversal.cql,measured,two_call_baseline,0,3.602000,73,TRUE,TRUE
paper-23583-topk-5-depth-2,baseline_vector_search.cql + baseline_traversal.cql,measured,two_call_baseline,0,26.354667,1538,TRUE,TRUE
paper-23583-topk-10-depth-0,baseline_vector_search.cql + baseline_traversal.cql,measured,two_call_baseline,0,2.906791,10,TRUE,TRUE
paper-23583-topk-10-depth-1,baseline_vector_search.cql + baseline_traversal.cql,measured,two_call_baseline,0,4.813375,113,TRUE,TRUE
paper-23583-topk-10-depth-2,baseline_vector_search.cql + baseline_traversal.cql,measured,two_call_baseline,0,30.362834,1762,TRUE,TRUE
paper-62108-topk-1-depth-0,baseline_vector_search.cql + baseline_traversal.cql,measured,two_call_baseline,0,2.153042,1,TRUE,TRUE
paper-62108-topk-1-depth-1,baseline_vector_search.cql + baseline_traversal.cql,measured,two_call_baseline,0,2.737583,43,TRUE,TRUE
paper-62108-topk-1-depth-2,baseline_vector_search.cql + baseline_traversal.cql,measured,two_call_baseline,0,236.201000,14801,TRUE,TRUE
paper-62108-topk-3-depth-0,baseline_vector_search.cql + baseline_traversal.cql,measured,two_call_baseline,0,2.501375,3,TRUE,TRUE
paper-62108-topk-3-depth-1,baseline_vector_search.cql + baseline_traversal.cql,measured,two_call_baseline,0,3.300500,73,TRUE,TRUE
paper-62108-topk-3-depth-2,baseline_vector_search.cql + baseline_traversal.cql,measured,two_call_baseline,0,433.241875,26947,TRUE,TRUE
paper-62108-topk-5-depth-0,baseline_vector_search.cql + baseline_traversal.cql,measured,two_call_baseline,0,2.594959,5,TRUE,TRUE
paper-62108-topk-5-depth-1,baseline_vector_search.cql + baseline_traversal.cql,measured,two_call_baseline,0,3.656333,88,TRUE,TRUE
paper-62108-topk-5-depth-2,baseline_vector_search.cql + baseline_traversal.cql,measured,two_call_baseline,0,464.442000,28609,TRUE,TRUE
paper-62108-topk-10-depth-0,baseline_vector_search.cql + baseline_traversal.cql,measured,two_call_baseline,0,3.800083,10,TRUE,TRUE
paper-62108-topk-10-depth-1,baseline_vector_search.cql + baseline_traversal.cql,measured,two_call_baseline,0,5.551834,143,TRUE,TRUE
paper-62108-topk-10-depth-2,baseline_vector_search.cql + baseline_traversal.cql,measured,two_call_baseline,0,527.285708,31778,TRUE,TRUE
paper-156019-topk-1-depth-0,baseline_vector_search.cql + baseline_traversal.cql,measured,two_call_baseline,0,2.259333,1,TRUE,TRUE
paper-156019-topk-1-depth-1,baseline_vector_search.cql + baseline_traversal.cql,measured,two_call_baseline,0,2.453542,15,TRUE,TRUE
paper-156019-topk-1-depth-2,baseline_vector_search.cql + baseline_traversal.cql,measured,two_call_baseline,0,43.945417,2707,TRUE,TRUE
paper-156019-topk-3-depth-0,baseline_vector_search.cql + baseline_traversal.cql,measured,two_call_baseline,0,2.213958,3,TRUE,TRUE
paper-156019-topk-3-depth-1,baseline_vector_search.cql + baseline_traversal.cql,measured,two_call_baseline,0,2.635875,24,TRUE,TRUE
paper-156019-topk-3-depth-2,baseline_vector_search.cql + baseline_traversal.cql,measured,two_call_baseline,0,84.865125,5145,TRUE,TRUE
paper-156019-topk-5-depth-0,baseline_vector_search.cql + baseline_traversal.cql,measured,two_call_baseline,0,2.697125,5,TRUE,TRUE
paper-156019-topk-5-depth-1,baseline_vector_search.cql + baseline_traversal.cql,measured,two_call_baseline,0,3.055000,33,TRUE,TRUE
paper-156019-topk-5-depth-2,baseline_vector_search.cql + baseline_traversal.cql,measured,two_call_baseline,0,85.595916,5279,TRUE,TRUE
paper-156019-topk-10-depth-0,baseline_vector_search.cql + baseline_traversal.cql,measured,two_call_baseline,0,3.364959,10,TRUE,TRUE
paper-156019-topk-10-depth-1,baseline_vector_search.cql + baseline_traversal.cql,measured,two_call_baseline,0,3.958666,71,TRUE,TRUE
paper-156019-topk-10-depth-2,baseline_vector_search.cql + baseline_traversal.cql,measured,two_call_baseline,0,297.597209,18465,TRUE,TRUE
paper-52341-topk-1-depth-0,baseline_vector_search.cql + baseline_traversal.cql,measured,two_call_baseline,0,2.214041,1,TRUE,TRUE
paper-52341-topk-1-depth-1,baseline_vector_search.cql + baseline_traversal.cql,measured,two_call_baseline,0,2.082125,5,TRUE,TRUE
paper-52341-topk-1-depth-2,baseline_vector_search.cql + baseline_traversal.cql,measured,two_call_baseline,0,2.423792,27,TRUE,TRUE
paper-52341-topk-3-depth-0,baseline_vector_search.cql + baseline_traversal.cql,measured,two_call_baseline,0,2.133667,3,TRUE,TRUE
paper-52341-topk-3-depth-1,baseline_vector_search.cql + baseline_traversal.cql,measured,two_call_baseline,0,2.299708,11,TRUE,TRUE
paper-52341-topk-3-depth-2,baseline_vector_search.cql + baseline_traversal.cql,measured,two_call_baseline,0,4.670459,124,TRUE,TRUE
paper-52341-topk-5-depth-0,baseline_vector_search.cql + baseline_traversal.cql,measured,two_call_baseline,0,2.691292,5,TRUE,TRUE
paper-52341-topk-5-depth-1,baseline_vector_search.cql + baseline_traversal.cql,measured,two_call_baseline,0,2.933375,33,TRUE,TRUE
paper-52341-topk-5-depth-2,baseline_vector_search.cql + baseline_traversal.cql,measured,two_call_baseline,0,124.055834,7664,TRUE,TRUE
paper-52341-topk-10-depth-0,baseline_vector_search.cql + baseline_traversal.cql,measured,two_call_baseline,0,3.050625,10,TRUE,TRUE
paper-52341-topk-10-depth-1,baseline_vector_search.cql + baseline_traversal.cql,measured,two_call_baseline,0,4.080916,84,TRUE,TRUE
paper-52341-topk-10-depth-2,baseline_vector_search.cql + baseline_traversal.cql,measured,two_call_baseline,0,137.984292,8537,TRUE,TRUE
paper-136171-topk-1-depth-0,baseline_vector_search.cql + baseline_traversal.cql,measured,two_call_baseline,0,1.979042,1,TRUE,TRUE
paper-136171-topk-1-depth-1,baseline_vector_search.cql + baseline_traversal.cql,measured,two_call_baseline,0,2.099417,13,TRUE,TRUE
paper-136171-topk-1-depth-2,baseline_vector_search.cql + baseline_traversal.cql,measured,two_call_baseline,0,50.802209,3115,TRUE,TRUE
paper-136171-topk-3-depth-0,baseline_vector_search.cql + baseline_traversal.cql,measured,two_call_baseline,0,2.286250,3,TRUE,TRUE
paper-136171-topk-3-depth-1,baseline_vector_search.cql + baseline_traversal.cql,measured,two_call_baseline,0,2.487125,17,TRUE,TRUE
paper-136171-topk-3-depth-2,baseline_vector_search.cql + baseline_traversal.cql,measured,two_call_baseline,0,51.916209,3138,TRUE,TRUE
paper-136171-topk-5-depth-0,baseline_vector_search.cql + baseline_traversal.cql,measured,two_call_baseline,0,2.188416,5,TRUE,TRUE
paper-136171-topk-5-depth-1,baseline_vector_search.cql + baseline_traversal.cql,measured,two_call_baseline,0,2.849250,40,TRUE,TRUE
paper-136171-topk-5-depth-2,baseline_vector_search.cql + baseline_traversal.cql,measured,two_call_baseline,0,281.534166,17442,TRUE,TRUE
paper-136171-topk-10-depth-0,baseline_vector_search.cql + baseline_traversal.cql,measured,two_call_baseline,0,2.877917,10,TRUE,TRUE
paper-136171-topk-10-depth-1,baseline_vector_search.cql + baseline_traversal.cql,measured,two_call_baseline,0,4.438417,116,TRUE,TRUE
paper-136171-topk-10-depth-2,baseline_vector_search.cql + baseline_traversal.cql,measured,two_call_baseline,0,522.579333,32309,TRUE,TRUE
paper-107857-topk-1-depth-0,baseline_vector_search.cql + baseline_traversal.cql,measured,two_call_baseline,0,2.321084,1,TRUE,TRUE
paper-107857-topk-1-depth-1,baseline_vector_search.cql + baseline_traversal.cql,measured,two_call_baseline,0,2.393500,27,TRUE,TRUE
paper-107857-topk-1-depth-2,baseline_vector_search.cql + baseline_traversal.cql,measured,two_call_baseline,0,9.120875,451,TRUE,TRUE
paper-107857-topk-3-depth-0,baseline_vector_search.cql + baseline_traversal.cql,measured,two_call_baseline,0,1.983167,3,TRUE,TRUE
paper-107857-topk-3-depth-1,baseline_vector_search.cql + baseline_traversal.cql,measured,two_call_baseline,0,3.114167,54,TRUE,TRUE
paper-107857-topk-3-depth-2,baseline_vector_search.cql + baseline_traversal.cql,measured,two_call_baseline,0,145.702750,9005,TRUE,TRUE
paper-107857-topk-5-depth-0,baseline_vector_search.cql + baseline_traversal.cql,measured,two_call_baseline,0,2.361917,5,TRUE,TRUE
paper-107857-topk-5-depth-1,baseline_vector_search.cql + baseline_traversal.cql,measured,two_call_baseline,0,4.521250,60,TRUE,TRUE
paper-107857-topk-5-depth-2,baseline_vector_search.cql + baseline_traversal.cql,measured,two_call_baseline,0,148.649167,9249,TRUE,TRUE
paper-107857-topk-10-depth-0,baseline_vector_search.cql + baseline_traversal.cql,measured,two_call_baseline,0,2.689292,10,TRUE,TRUE
paper-107857-topk-10-depth-1,baseline_vector_search.cql + baseline_traversal.cql,measured,two_call_baseline,0,3.808208,82,TRUE,TRUE
paper-107857-topk-10-depth-2,baseline_vector_search.cql + baseline_traversal.cql,measured,two_call_baseline,0,152.862125,9439,TRUE,TRUE
paper-130806-topk-1-depth-0,baseline_vector_search.cql + baseline_traversal.cql,measured,two_call_baseline,0,1.900375,1,TRUE,TRUE
paper-130806-topk-1-depth-1,baseline_vector_search.cql + baseline_traversal.cql,measured,two_call_baseline,0,2.232708,8,TRUE,TRUE
paper-130806-topk-1-depth-2,baseline_vector_search.cql + baseline_traversal.cql,measured,two_call_baseline,0,2.748250,56,TRUE,TRUE
paper-130806-topk-3-depth-0,baseline_vector_search.cql + baseline_traversal.cql,measured,two_call_baseline,0,1.905958,3,TRUE,TRUE
paper-130806-topk-3-depth-1,baseline_vector_search.cql + baseline_traversal.cql,measured,two_call_baseline,0,2.269583,26,TRUE,TRUE
paper-130806-topk-3-depth-2,baseline_vector_search.cql + baseline_traversal.cql,measured,two_call_baseline,0,12.370833,669,TRUE,TRUE
paper-130806-topk-5-depth-0,baseline_vector_search.cql + baseline_traversal.cql,measured,two_call_baseline,0,2.086250,5,TRUE,TRUE
paper-130806-topk-5-depth-1,baseline_vector_search.cql + baseline_traversal.cql,measured,two_call_baseline,0,2.427958,31,TRUE,TRUE
paper-130806-topk-5-depth-2,baseline_vector_search.cql + baseline_traversal.cql,measured,two_call_baseline,0,13.184208,707,TRUE,TRUE
paper-130806-topk-10-depth-0,baseline_vector_search.cql + baseline_traversal.cql,measured,two_call_baseline,0,2.663125,10,TRUE,TRUE
paper-130806-topk-10-depth-1,baseline_vector_search.cql + baseline_traversal.cql,measured,two_call_baseline,0,4.855792,146,TRUE,TRUE
paper-130806-topk-10-depth-2,baseline_vector_search.cql + baseline_traversal.cql,measured,two_call_baseline,0,50.745583,3054,TRUE,TRUE
paper-68953-topk-1-depth-0,baseline_vector_search.cql + baseline_traversal.cql,measured,two_call_baseline,0,1.780666,1,TRUE,TRUE
paper-68953-topk-1-depth-1,baseline_vector_search.cql + baseline_traversal.cql,measured,two_call_baseline,0,2.046500,2,TRUE,TRUE
paper-68953-topk-1-depth-2,baseline_vector_search.cql + baseline_traversal.cql,measured,two_call_baseline,0,1.883000,6,TRUE,TRUE
paper-68953-topk-3-depth-0,baseline_vector_search.cql + baseline_traversal.cql,measured,two_call_baseline,0,1.959166,3,TRUE,TRUE
paper-68953-topk-3-depth-1,baseline_vector_search.cql + baseline_traversal.cql,measured,two_call_baseline,0,2.220791,16,TRUE,TRUE
paper-68953-topk-3-depth-2,baseline_vector_search.cql + baseline_traversal.cql,measured,two_call_baseline,0,5.610375,228,TRUE,TRUE
paper-68953-topk-5-depth-0,baseline_vector_search.cql + baseline_traversal.cql,measured,two_call_baseline,0,2.001750,5,TRUE,TRUE
paper-68953-topk-5-depth-1,baseline_vector_search.cql + baseline_traversal.cql,measured,two_call_baseline,0,2.765667,40,TRUE,TRUE
paper-68953-topk-5-depth-2,baseline_vector_search.cql + baseline_traversal.cql,measured,two_call_baseline,0,23.015166,1358,TRUE,TRUE
paper-68953-topk-10-depth-0,baseline_vector_search.cql + baseline_traversal.cql,measured,two_call_baseline,0,2.349583,10,TRUE,TRUE
paper-68953-topk-10-depth-1,baseline_vector_search.cql + baseline_traversal.cql,measured,two_call_baseline,0,3.680500,93,TRUE,TRUE
paper-68953-topk-10-depth-2,baseline_vector_search.cql + baseline_traversal.cql,measured,two_call_baseline,0,35.491834,2146,TRUE,TRUE
paper-38214-topk-1-depth-0,baseline_vector_search.cql + baseline_traversal.cql,measured,two_call_baseline,0,1.786209,1,TRUE,TRUE
paper-38214-topk-1-depth-1,baseline_vector_search.cql + baseline_traversal.cql,measured,two_call_baseline,0,2.823292,47,TRUE,TRUE
paper-38214-topk-1-depth-2,baseline_vector_search.cql + baseline_traversal.cql,measured,two_call_baseline,0,364.644667,22640,TRUE,TRUE
paper-38214-topk-3-depth-0,baseline_vector_search.cql + baseline_traversal.cql,measured,two_call_baseline,0,2.286500,3,TRUE,TRUE
paper-38214-topk-3-depth-1,baseline_vector_search.cql + baseline_traversal.cql,measured,two_call_baseline,0,3.222833,76,TRUE,TRUE
paper-38214-topk-3-depth-2,baseline_vector_search.cql + baseline_traversal.cql,measured,two_call_baseline,0,557.974750,34507,TRUE,TRUE
paper-38214-topk-5-depth-0,baseline_vector_search.cql + baseline_traversal.cql,measured,two_call_baseline,0,2.248792,5,TRUE,TRUE
paper-38214-topk-5-depth-1,baseline_vector_search.cql + baseline_traversal.cql,measured,two_call_baseline,0,3.620166,100,TRUE,TRUE
paper-38214-topk-5-depth-2,baseline_vector_search.cql + baseline_traversal.cql,measured,two_call_baseline,0,582.890666,35033,TRUE,TRUE
paper-38214-topk-10-depth-0,baseline_vector_search.cql + baseline_traversal.cql,measured,two_call_baseline,0,2.698042,10,TRUE,TRUE
paper-38214-topk-10-depth-1,baseline_vector_search.cql + baseline_traversal.cql,measured,two_call_baseline,0,4.473291,126,TRUE,TRUE
paper-38214-topk-10-depth-2,baseline_vector_search.cql + baseline_traversal.cql,measured,two_call_baseline,0,609.210500,35910,TRUE,TRUE
paper-42286-topk-1-depth-0,baseline_vector_search.cql + baseline_traversal.cql,measured,two_call_baseline,0,1.993500,1,TRUE,TRUE
paper-42286-topk-1-depth-1,baseline_vector_search.cql + baseline_traversal.cql,measured,two_call_baseline,0,1.691708,2,TRUE,TRUE
paper-42286-topk-1-depth-2,baseline_vector_search.cql + baseline_traversal.cql,measured,two_call_baseline,0,1.876417,8,TRUE,TRUE
paper-42286-topk-3-depth-0,baseline_vector_search.cql + baseline_traversal.cql,measured,two_call_baseline,0,1.777542,3,TRUE,TRUE
paper-42286-topk-3-depth-1,baseline_vector_search.cql + baseline_traversal.cql,measured,two_call_baseline,0,1.909125,9,TRUE,TRUE
paper-42286-topk-3-depth-2,baseline_vector_search.cql + baseline_traversal.cql,measured,two_call_baseline,0,2.125125,26,TRUE,TRUE
paper-42286-topk-5-depth-0,baseline_vector_search.cql + baseline_traversal.cql,measured,two_call_baseline,0,1.790166,5,TRUE,TRUE
paper-42286-topk-5-depth-1,baseline_vector_search.cql + baseline_traversal.cql,measured,two_call_baseline,0,2.283292,30,TRUE,TRUE
paper-42286-topk-5-depth-2,baseline_vector_search.cql + baseline_traversal.cql,measured,two_call_baseline,0,4.391334,121,TRUE,TRUE
paper-42286-topk-10-depth-0,baseline_vector_search.cql + baseline_traversal.cql,measured,two_call_baseline,0,2.366667,10,TRUE,TRUE
paper-42286-topk-10-depth-1,baseline_vector_search.cql + baseline_traversal.cql,measured,two_call_baseline,0,3.093250,48,TRUE,TRUE
paper-42286-topk-10-depth-2,baseline_vector_search.cql + baseline_traversal.cql,measured,two_call_baseline,0,8.010042,362,TRUE,TRUE
paper-43210-topk-1-depth-0,baseline_vector_search.cql + baseline_traversal.cql,measured,two_call_baseline,0,1.655208,1,TRUE,TRUE
paper-43210-topk-1-depth-1,baseline_vector_search.cql + baseline_traversal.cql,measured,two_call_baseline,0,1.862250,2,TRUE,TRUE
paper-43210-topk-1-depth-2,baseline_vector_search.cql + baseline_traversal.cql,measured,two_call_baseline,0,2.432875,47,TRUE,TRUE
paper-43210-topk-3-depth-0,baseline_vector_search.cql + baseline_traversal.cql,measured,two_call_baseline,0,1.925041,3,TRUE,TRUE
paper-43210-topk-3-depth-1,baseline_vector_search.cql + baseline_traversal.cql,measured,two_call_baseline,0,2.304375,16,TRUE,TRUE
paper-43210-topk-3-depth-2,baseline_vector_search.cql + baseline_traversal.cql,measured,two_call_baseline,0,72.914583,4461,TRUE,TRUE
paper-43210-topk-5-depth-0,baseline_vector_search.cql + baseline_traversal.cql,measured,two_call_baseline,0,2.234667,5,TRUE,TRUE
paper-43210-topk-5-depth-1,baseline_vector_search.cql + baseline_traversal.cql,measured,two_call_baseline,0,2.267042,20,TRUE,TRUE
paper-43210-topk-5-depth-2,baseline_vector_search.cql + baseline_traversal.cql,measured,two_call_baseline,0,73.404292,4523,TRUE,TRUE
paper-43210-topk-10-depth-0,baseline_vector_search.cql + baseline_traversal.cql,measured,two_call_baseline,0,2.663125,10,TRUE,TRUE
paper-43210-topk-10-depth-1,baseline_vector_search.cql + baseline_traversal.cql,measured,two_call_baseline,0,3.576000,74,TRUE,TRUE
paper-43210-topk-10-depth-2,baseline_vector_search.cql + baseline_traversal.cql,measured,two_call_baseline,0,369.604917,22819,TRUE,TRUE
paper-83873-topk-1-depth-0,baseline_vector_search.cql + baseline_traversal.cql,measured,two_call_baseline,0,1.872750,1,TRUE,TRUE
paper-83873-topk-1-depth-1,baseline_vector_search.cql + baseline_traversal.cql,measured,two_call_baseline,0,1.731958,2,TRUE,TRUE
paper-83873-topk-1-depth-2,baseline_vector_search.cql + baseline_traversal.cql,measured,two_call_baseline,0,1.664292,4,TRUE,TRUE
paper-83873-topk-3-depth-0,baseline_vector_search.cql + baseline_traversal.cql,measured,two_call_baseline,0,1.763917,3,TRUE,TRUE
paper-83873-topk-3-depth-1,baseline_vector_search.cql + baseline_traversal.cql,measured,two_call_baseline,0,1.860083,15,TRUE,TRUE
paper-83873-topk-3-depth-2,baseline_vector_search.cql + baseline_traversal.cql,measured,two_call_baseline,0,6.160500,282,TRUE,TRUE
paper-83873-topk-5-depth-0,baseline_vector_search.cql + baseline_traversal.cql,measured,two_call_baseline,0,1.830416,5,TRUE,TRUE
paper-83873-topk-5-depth-1,baseline_vector_search.cql + baseline_traversal.cql,measured,two_call_baseline,0,2.202792,23,TRUE,TRUE
paper-83873-topk-5-depth-2,baseline_vector_search.cql + baseline_traversal.cql,measured,two_call_baseline,0,9.503000,497,TRUE,TRUE
paper-83873-topk-10-depth-0,baseline_vector_search.cql + baseline_traversal.cql,measured,two_call_baseline,0,2.289916,10,TRUE,TRUE
paper-83873-topk-10-depth-1,baseline_vector_search.cql + baseline_traversal.cql,measured,two_call_baseline,0,3.160125,64,TRUE,TRUE
paper-83873-topk-10-depth-2,baseline_vector_search.cql + baseline_traversal.cql,measured,two_call_baseline,0,492.080125,30355,TRUE,TRUE
paper-13672-topk-1-depth-0,baseline_vector_search.cql + baseline_traversal.cql,measured,two_call_baseline,0,4.382667,1,TRUE,TRUE
paper-13672-topk-1-depth-1,baseline_vector_search.cql + baseline_traversal.cql,measured,two_call_baseline,0,1.806958,6,TRUE,TRUE
paper-13672-topk-1-depth-2,baseline_vector_search.cql + baseline_traversal.cql,measured,two_call_baseline,0,1.962375,18,TRUE,TRUE
paper-13672-topk-3-depth-0,baseline_vector_search.cql + baseline_traversal.cql,measured,two_call_baseline,0,1.842041,3,TRUE,TRUE
paper-13672-topk-3-depth-1,baseline_vector_search.cql + baseline_traversal.cql,measured,two_call_baseline,0,1.860416,13,TRUE,TRUE
paper-13672-topk-3-depth-2,baseline_vector_search.cql + baseline_traversal.cql,measured,two_call_baseline,0,3.176542,92,TRUE,TRUE
paper-13672-topk-5-depth-0,baseline_vector_search.cql + baseline_traversal.cql,measured,two_call_baseline,0,2.109375,5,TRUE,TRUE
paper-13672-topk-5-depth-1,baseline_vector_search.cql + baseline_traversal.cql,measured,two_call_baseline,0,2.363291,27,TRUE,TRUE
paper-13672-topk-5-depth-2,baseline_vector_search.cql + baseline_traversal.cql,measured,two_call_baseline,0,4.576709,165,TRUE,TRUE
paper-13672-topk-10-depth-0,baseline_vector_search.cql + baseline_traversal.cql,measured,two_call_baseline,0,2.282875,10,TRUE,TRUE
paper-13672-topk-10-depth-1,baseline_vector_search.cql + baseline_traversal.cql,measured,two_call_baseline,0,3.074833,56,TRUE,TRUE
paper-13672-topk-10-depth-2,baseline_vector_search.cql + baseline_traversal.cql,measured,two_call_baseline,0,24.462750,1438,TRUE,TRUE
paper-23305-topk-1-depth-0,baseline_vector_search.cql + baseline_traversal.cql,measured,two_call_baseline,0,1.572833,1,TRUE,TRUE
paper-23305-topk-1-depth-1,baseline_vector_search.cql + baseline_traversal.cql,measured,two_call_baseline,0,1.694042,4,TRUE,TRUE
paper-23305-topk-1-depth-2,baseline_vector_search.cql + baseline_traversal.cql,measured,two_call_baseline,0,7.674834,397,TRUE,TRUE
paper-23305-topk-3-depth-0,baseline_vector_search.cql + baseline_traversal.cql,measured,two_call_baseline,0,1.697208,3,TRUE,TRUE
paper-23305-topk-3-depth-1,baseline_vector_search.cql + baseline_traversal.cql,measured,two_call_baseline,0,1.948125,16,TRUE,TRUE
paper-23305-topk-3-depth-2,baseline_vector_search.cql + baseline_traversal.cql,measured,two_call_baseline,0,124.577583,7775,TRUE,TRUE
paper-23305-topk-5-depth-0,baseline_vector_search.cql + baseline_traversal.cql,measured,two_call_baseline,0,2.064667,5,TRUE,TRUE
paper-23305-topk-5-depth-1,baseline_vector_search.cql + baseline_traversal.cql,measured,two_call_baseline,0,2.484917,23,TRUE,TRUE
paper-23305-topk-5-depth-2,baseline_vector_search.cql + baseline_traversal.cql,measured,two_call_baseline,0,124.476292,7818,TRUE,TRUE
paper-23305-topk-10-depth-0,baseline_vector_search.cql + baseline_traversal.cql,measured,two_call_baseline,0,2.394458,10,TRUE,TRUE
paper-23305-topk-10-depth-1,baseline_vector_search.cql + baseline_traversal.cql,measured,two_call_baseline,0,3.231125,64,TRUE,TRUE
paper-23305-topk-10-depth-2,baseline_vector_search.cql + baseline_traversal.cql,measured,two_call_baseline,0,129.177667,8061,TRUE,TRUE
paper-12790-topk-1-depth-0,baseline_vector_search.cql + baseline_traversal.cql,measured,two_call_baseline,0,1.607334,1,TRUE,TRUE
paper-12790-topk-1-depth-1,baseline_vector_search.cql + baseline_traversal.cql,measured,two_call_baseline,0,1.491542,3,TRUE,TRUE
paper-12790-topk-1-depth-2,baseline_vector_search.cql + baseline_traversal.cql,measured,two_call_baseline,0,1.731417,10,TRUE,TRUE
paper-12790-topk-3-depth-0,baseline_vector_search.cql + baseline_traversal.cql,measured,two_call_baseline,0,1.803166,3,TRUE,TRUE
paper-12790-topk-3-depth-1,baseline_vector_search.cql + baseline_traversal.cql,measured,two_call_baseline,0,1.866625,11,TRUE,TRUE
paper-12790-topk-3-depth-2,baseline_vector_search.cql + baseline_traversal.cql,measured,two_call_baseline,0,5.958750,268,TRUE,TRUE
paper-12790-topk-5-depth-0,baseline_vector_search.cql + baseline_traversal.cql,measured,two_call_baseline,0,1.911833,5,TRUE,TRUE
paper-12790-topk-5-depth-1,baseline_vector_search.cql + baseline_traversal.cql,measured,two_call_baseline,0,2.229333,20,TRUE,TRUE
paper-12790-topk-5-depth-2,baseline_vector_search.cql + baseline_traversal.cql,measured,two_call_baseline,0,6.762042,310,TRUE,TRUE
paper-12790-topk-10-depth-0,baseline_vector_search.cql + baseline_traversal.cql,measured,two_call_baseline,0,2.658584,10,TRUE,TRUE
paper-12790-topk-10-depth-1,baseline_vector_search.cql + baseline_traversal.cql,measured,two_call_baseline,0,3.053209,49,TRUE,TRUE
paper-12790-topk-10-depth-2,baseline_vector_search.cql + baseline_traversal.cql,measured,two_call_baseline,0,27.478958,1624,TRUE,TRUE
paper-169312-topk-1-depth-0,baseline_vector_search.cql + baseline_traversal.cql,measured,two_call_baseline,0,1.648042,1,TRUE,TRUE
paper-169312-topk-1-depth-1,baseline_vector_search.cql + baseline_traversal.cql,measured,two_call_baseline,0,2.284583,30,TRUE,TRUE
paper-169312-topk-1-depth-2,baseline_vector_search.cql + baseline_traversal.cql,measured,two_call_baseline,0,464.006958,28947,TRUE,TRUE
paper-169312-topk-3-depth-0,baseline_vector_search.cql + baseline_traversal.cql,measured,two_call_baseline,0,2.051292,3,TRUE,TRUE
paper-169312-topk-3-depth-1,baseline_vector_search.cql + baseline_traversal.cql,measured,two_call_baseline,0,2.721250,60,TRUE,TRUE
paper-169312-topk-3-depth-2,baseline_vector_search.cql + baseline_traversal.cql,measured,two_call_baseline,0,501.344875,31114,TRUE,TRUE
paper-169312-topk-5-depth-0,baseline_vector_search.cql + baseline_traversal.cql,measured,two_call_baseline,0,2.066750,5,TRUE,TRUE
paper-169312-topk-5-depth-1,baseline_vector_search.cql + baseline_traversal.cql,measured,two_call_baseline,0,3.323333,79,TRUE,TRUE
paper-169312-topk-5-depth-2,baseline_vector_search.cql + baseline_traversal.cql,measured,two_call_baseline,0,531.306458,31447,TRUE,TRUE
paper-169312-topk-10-depth-0,baseline_vector_search.cql + baseline_traversal.cql,measured,two_call_baseline,0,2.437792,10,TRUE,TRUE
paper-169312-topk-10-depth-1,baseline_vector_search.cql + baseline_traversal.cql,measured,two_call_baseline,0,4.701250,156,TRUE,TRUE
paper-169312-topk-10-depth-2,baseline_vector_search.cql + baseline_traversal.cql,measured,two_call_baseline,0,540.934958,32797,TRUE,TRUE
paper-99217-topk-1-depth-0,baseline_vector_search.cql + baseline_traversal.cql,measured,two_call_baseline,0,1.766917,1,TRUE,TRUE
paper-99217-topk-1-depth-1,baseline_vector_search.cql + baseline_traversal.cql,measured,two_call_baseline,0,1.985083,9,TRUE,TRUE
paper-99217-topk-1-depth-2,baseline_vector_search.cql + baseline_traversal.cql,measured,two_call_baseline,0,50.243875,2755,TRUE,TRUE
paper-99217-topk-3-depth-0,baseline_vector_search.cql + baseline_traversal.cql,measured,two_call_baseline,0,2.726791,3,TRUE,TRUE
paper-99217-topk-3-depth-1,baseline_vector_search.cql + baseline_traversal.cql,measured,two_call_baseline,0,2.691417,43,TRUE,TRUE
paper-99217-topk-3-depth-2,baseline_vector_search.cql + baseline_traversal.cql,measured,two_call_baseline,0,112.279250,6939,TRUE,TRUE
paper-99217-topk-5-depth-0,baseline_vector_search.cql + baseline_traversal.cql,measured,two_call_baseline,0,1.995125,5,TRUE,TRUE
paper-99217-topk-5-depth-1,baseline_vector_search.cql + baseline_traversal.cql,measured,two_call_baseline,0,2.518083,44,TRUE,TRUE
paper-99217-topk-5-depth-2,baseline_vector_search.cql + baseline_traversal.cql,measured,two_call_baseline,0,70.006375,4213,TRUE,TRUE
paper-99217-topk-10-depth-0,baseline_vector_search.cql + baseline_traversal.cql,measured,two_call_baseline,0,2.743000,10,TRUE,TRUE
paper-99217-topk-10-depth-1,baseline_vector_search.cql + baseline_traversal.cql,measured,two_call_baseline,0,4.197500,86,TRUE,TRUE
paper-99217-topk-10-depth-2,baseline_vector_search.cql + baseline_traversal.cql,measured,two_call_baseline,0,125.768875,7634,TRUE,TRUE
paper-51178-topk-1-depth-0,baseline_vector_search.cql + baseline_traversal.cql,measured,two_call_baseline,0,1.726959,1,TRUE,TRUE
paper-51178-topk-1-depth-1,baseline_vector_search.cql + baseline_traversal.cql,measured,two_call_baseline,0,1.855542,9,TRUE,TRUE
paper-51178-topk-1-depth-2,baseline_vector_search.cql + baseline_traversal.cql,measured,two_call_baseline,0,8.565167,444,TRUE,TRUE
paper-51178-topk-3-depth-0,baseline_vector_search.cql + baseline_traversal.cql,measured,two_call_baseline,0,1.675666,3,TRUE,TRUE
paper-51178-topk-3-depth-1,baseline_vector_search.cql + baseline_traversal.cql,measured,two_call_baseline,0,1.980166,24,TRUE,TRUE
paper-51178-topk-3-depth-2,baseline_vector_search.cql + baseline_traversal.cql,measured,two_call_baseline,0,14.607584,860,TRUE,TRUE
paper-51178-topk-5-depth-0,baseline_vector_search.cql + baseline_traversal.cql,measured,two_call_baseline,0,1.950167,5,TRUE,TRUE
paper-51178-topk-5-depth-1,baseline_vector_search.cql + baseline_traversal.cql,measured,two_call_baseline,0,2.440709,34,TRUE,TRUE
paper-51178-topk-5-depth-2,baseline_vector_search.cql + baseline_traversal.cql,measured,two_call_baseline,0,16.856583,985,TRUE,TRUE
paper-51178-topk-10-depth-0,baseline_vector_search.cql + baseline_traversal.cql,measured,two_call_baseline,0,2.559375,10,TRUE,TRUE
paper-51178-topk-10-depth-1,baseline_vector_search.cql + baseline_traversal.cql,measured,two_call_baseline,0,3.506167,72,TRUE,TRUE
paper-51178-topk-10-depth-2,baseline_vector_search.cql + baseline_traversal.cql,measured,two_call_baseline,0,24.683750,1467,TRUE,TRUE
paper-111819-topk-1-depth-0,baseline_vector_search.cql + baseline_traversal.cql,measured,two_call_baseline,0,1.523042,1,TRUE,TRUE
paper-111819-topk-1-depth-1,baseline_vector_search.cql + baseline_traversal.cql,measured,two_call_baseline,0,1.550959,3,TRUE,TRUE
paper-111819-topk-1-depth-2,baseline_vector_search.cql + baseline_traversal.cql,measured,two_call_baseline,0,66.347667,4118,TRUE,TRUE
paper-111819-topk-3-depth-0,baseline_vector_search.cql + baseline_traversal.cql,measured,two_call_baseline,0,1.692292,3,TRUE,TRUE
paper-111819-topk-3-depth-1,baseline_vector_search.cql + baseline_traversal.cql,measured,two_call_baseline,0,2.173375,36,TRUE,TRUE
paper-111819-topk-3-depth-2,baseline_vector_search.cql + baseline_traversal.cql,measured,two_call_baseline,0,227.950917,14282,TRUE,TRUE
paper-111819-topk-5-depth-0,baseline_vector_search.cql + baseline_traversal.cql,measured,two_call_baseline,0,2.095208,5,TRUE,TRUE
paper-111819-topk-5-depth-1,baseline_vector_search.cql + baseline_traversal.cql,measured,two_call_baseline,0,2.692959,55,TRUE,TRUE
paper-111819-topk-5-depth-2,baseline_vector_search.cql + baseline_traversal.cql,measured,two_call_baseline,0,247.955084,15550,TRUE,TRUE
paper-111819-topk-10-depth-0,baseline_vector_search.cql + baseline_traversal.cql,measured,two_call_baseline,0,2.321833,10,TRUE,TRUE
paper-111819-topk-10-depth-1,baseline_vector_search.cql + baseline_traversal.cql,measured,two_call_baseline,0,4.350625,131,TRUE,TRUE
paper-111819-topk-10-depth-2,baseline_vector_search.cql + baseline_traversal.cql,measured,two_call_baseline,0,596.783166,36364,TRUE,TRUE
paper-123676-topk-1-depth-0,baseline_vector_search.cql + baseline_traversal.cql,measured,two_call_baseline,0,1.680209,1,TRUE,TRUE
paper-123676-topk-1-depth-1,baseline_vector_search.cql + baseline_traversal.cql,measured,two_call_baseline,0,1.831500,22,TRUE,TRUE
paper-123676-topk-1-depth-2,baseline_vector_search.cql + baseline_traversal.cql,measured,two_call_baseline,0,25.448291,1548,TRUE,TRUE
paper-123676-topk-3-depth-0,baseline_vector_search.cql + baseline_traversal.cql,measured,two_call_baseline,0,1.602333,3,TRUE,TRUE
paper-123676-topk-3-depth-1,baseline_vector_search.cql + baseline_traversal.cql,measured,two_call_baseline,0,2.797542,77,TRUE,TRUE
paper-123676-topk-3-depth-2,baseline_vector_search.cql + baseline_traversal.cql,measured,two_call_baseline,0,34.403458,2082,TRUE,TRUE
paper-123676-topk-5-depth-0,baseline_vector_search.cql + baseline_traversal.cql,measured,two_call_baseline,0,1.861292,5,TRUE,TRUE
paper-123676-topk-5-depth-1,baseline_vector_search.cql + baseline_traversal.cql,measured,two_call_baseline,0,4.283542,160,TRUE,TRUE
paper-123676-topk-5-depth-2,baseline_vector_search.cql + baseline_traversal.cql,measured,two_call_baseline,0,259.420458,16161,TRUE,TRUE
paper-123676-topk-10-depth-0,baseline_vector_search.cql + baseline_traversal.cql,measured,two_call_baseline,0,2.357250,10,TRUE,TRUE
paper-123676-topk-10-depth-1,baseline_vector_search.cql + baseline_traversal.cql,measured,two_call_baseline,0,5.940208,249,TRUE,TRUE
paper-123676-topk-10-depth-2,baseline_vector_search.cql + baseline_traversal.cql,measured,two_call_baseline,0,297.999333,18268,TRUE,TRUE
paper-155556-topk-1-depth-0,baseline_vector_search.cql + baseline_traversal.cql,measured,two_call_baseline,0,1.763000,1,TRUE,TRUE
paper-155556-topk-1-depth-1,baseline_vector_search.cql + baseline_traversal.cql,measured,two_call_baseline,0,1.569833,2,TRUE,TRUE
paper-155556-topk-1-depth-2,baseline_vector_search.cql + baseline_traversal.cql,measured,two_call_baseline,0,1.699708,12,TRUE,TRUE
paper-155556-topk-3-depth-0,baseline_vector_search.cql + baseline_traversal.cql,measured,two_call_baseline,0,1.737375,3,TRUE,TRUE
paper-155556-topk-3-depth-1,baseline_vector_search.cql + baseline_traversal.cql,measured,two_call_baseline,0,4.617250,186,TRUE,TRUE
paper-155556-topk-3-depth-2,baseline_vector_search.cql + baseline_traversal.cql,measured,two_call_baseline,0,99.316625,5916,TRUE,TRUE
paper-155556-topk-5-depth-0,baseline_vector_search.cql + baseline_traversal.cql,measured,two_call_baseline,0,3.083250,5,TRUE,TRUE
paper-155556-topk-5-depth-1,baseline_vector_search.cql + baseline_traversal.cql,measured,two_call_baseline,0,6.464459,200,TRUE,TRUE
paper-155556-topk-5-depth-2,baseline_vector_search.cql + baseline_traversal.cql,measured,two_call_baseline,0,99.295833,5943,TRUE,TRUE
paper-155556-topk-10-depth-0,baseline_vector_search.cql + baseline_traversal.cql,measured,two_call_baseline,0,2.617667,10,TRUE,TRUE
paper-155556-topk-10-depth-1,baseline_vector_search.cql + baseline_traversal.cql,measured,two_call_baseline,0,6.538750,276,TRUE,TRUE
paper-155556-topk-10-depth-2,baseline_vector_search.cql + baseline_traversal.cql,measured,two_call_baseline,0,337.447375,20804,TRUE,TRUE
paper-75618-topk-1-depth-0,baseline_vector_search.cql + baseline_traversal.cql,measured,two_call_baseline,0,1.793333,1,TRUE,TRUE
paper-75618-topk-1-depth-1,baseline_vector_search.cql + baseline_traversal.cql,measured,two_call_baseline,0,1.635083,8,TRUE,TRUE
paper-75618-topk-1-depth-2,baseline_vector_search.cql + baseline_traversal.cql,measured,two_call_baseline,0,13.508959,787,TRUE,TRUE
paper-75618-topk-3-depth-0,baseline_vector_search.cql + baseline_traversal.cql,measured,two_call_baseline,0,1.674709,3,TRUE,TRUE
paper-75618-topk-3-depth-1,baseline_vector_search.cql + baseline_traversal.cql,measured,two_call_baseline,0,1.915667,19,TRUE,TRUE
paper-75618-topk-3-depth-2,baseline_vector_search.cql + baseline_traversal.cql,measured,two_call_baseline,0,17.633459,1039,TRUE,TRUE
paper-75618-topk-5-depth-0,baseline_vector_search.cql + baseline_traversal.cql,measured,two_call_baseline,0,1.907458,5,TRUE,TRUE
paper-75618-topk-5-depth-1,baseline_vector_search.cql + baseline_traversal.cql,measured,two_call_baseline,0,2.667709,32,TRUE,TRUE
paper-75618-topk-5-depth-2,baseline_vector_search.cql + baseline_traversal.cql,measured,two_call_baseline,0,179.643625,11161,TRUE,TRUE
paper-75618-topk-10-depth-0,baseline_vector_search.cql + baseline_traversal.cql,measured,two_call_baseline,0,2.594709,10,TRUE,TRUE
paper-75618-topk-10-depth-1,baseline_vector_search.cql + baseline_traversal.cql,measured,two_call_baseline,0,4.493666,141,TRUE,TRUE
paper-75618-topk-10-depth-2,baseline_vector_search.cql + baseline_traversal.cql,measured,two_call_baseline,0,433.304125,26770,TRUE,TRUE
paper-78149-topk-1-depth-0,baseline_vector_search.cql + baseline_traversal.cql,measured,two_call_baseline,0,1.642417,1,TRUE,TRUE
paper-78149-topk-1-depth-1,baseline_vector_search.cql + baseline_traversal.cql,measured,two_call_baseline,0,1.700833,13,TRUE,TRUE
paper-78149-topk-1-depth-2,baseline_vector_search.cql + baseline_traversal.cql,measured,two_call_baseline,0,5.549583,262,TRUE,TRUE
paper-78149-topk-3-depth-0,baseline_vector_search.cql + baseline_traversal.cql,measured,two_call_baseline,0,1.695541,3,TRUE,TRUE
paper-78149-topk-3-depth-1,baseline_vector_search.cql + baseline_traversal.cql,measured,two_call_baseline,0,2.222667,26,TRUE,TRUE
paper-78149-topk-3-depth-2,baseline_vector_search.cql + baseline_traversal.cql,measured,two_call_baseline,0,31.583000,1915,TRUE,TRUE
paper-78149-topk-5-depth-0,baseline_vector_search.cql + baseline_traversal.cql,measured,two_call_baseline,0,1.856083,5,TRUE,TRUE
paper-78149-topk-5-depth-1,baseline_vector_search.cql + baseline_traversal.cql,measured,two_call_baseline,0,2.417250,43,TRUE,TRUE
paper-78149-topk-5-depth-2,baseline_vector_search.cql + baseline_traversal.cql,measured,two_call_baseline,0,40.879333,2519,TRUE,TRUE
paper-78149-topk-10-depth-0,baseline_vector_search.cql + baseline_traversal.cql,measured,two_call_baseline,0,2.244125,10,TRUE,TRUE
paper-78149-topk-10-depth-1,baseline_vector_search.cql + baseline_traversal.cql,measured,two_call_baseline,0,3.029625,67,TRUE,TRUE
paper-78149-topk-10-depth-2,baseline_vector_search.cql + baseline_traversal.cql,measured,two_call_baseline,0,45.409417,2790,TRUE,TRUE
paper-111707-topk-1-depth-0,baseline_vector_search.cql + baseline_traversal.cql,measured,two_call_baseline,0,1.420334,1,TRUE,TRUE
paper-111707-topk-1-depth-1,baseline_vector_search.cql + baseline_traversal.cql,measured,two_call_baseline,0,1.450958,5,TRUE,TRUE
paper-111707-topk-1-depth-2,baseline_vector_search.cql + baseline_traversal.cql,measured,two_call_baseline,0,1.729916,25,TRUE,TRUE
paper-111707-topk-3-depth-0,baseline_vector_search.cql + baseline_traversal.cql,measured,two_call_baseline,0,1.546125,3,TRUE,TRUE
paper-111707-topk-3-depth-1,baseline_vector_search.cql + baseline_traversal.cql,measured,two_call_baseline,0,1.756083,16,TRUE,TRUE
paper-111707-topk-3-depth-2,baseline_vector_search.cql + baseline_traversal.cql,measured,two_call_baseline,0,154.471666,9537,TRUE,TRUE
paper-111707-topk-5-depth-0,baseline_vector_search.cql + baseline_traversal.cql,measured,two_call_baseline,0,1.954625,5,TRUE,TRUE
paper-111707-topk-5-depth-1,baseline_vector_search.cql + baseline_traversal.cql,measured,two_call_baseline,0,2.420125,39,TRUE,TRUE
paper-111707-topk-5-depth-2,baseline_vector_search.cql + baseline_traversal.cql,measured,two_call_baseline,0,436.330292,25811,TRUE,TRUE
paper-111707-topk-10-depth-0,baseline_vector_search.cql + baseline_traversal.cql,measured,two_call_baseline,0,2.233208,10,TRUE,TRUE
paper-111707-topk-10-depth-1,baseline_vector_search.cql + baseline_traversal.cql,measured,two_call_baseline,0,3.387958,64,TRUE,TRUE
paper-111707-topk-10-depth-2,baseline_vector_search.cql + baseline_traversal.cql,measured,two_call_baseline,0,423.872917,25910,TRUE,TRUE
paper-165264-topk-1-depth-0,baseline_vector_search.cql + baseline_traversal.cql,measured,two_call_baseline,0,1.819750,1,TRUE,TRUE
paper-165264-topk-1-depth-1,baseline_vector_search.cql + baseline_traversal.cql,measured,two_call_baseline,0,1.808667,15,TRUE,TRUE
paper-165264-topk-1-depth-2,baseline_vector_search.cql + baseline_traversal.cql,measured,two_call_baseline,0,221.960625,13405,TRUE,TRUE
paper-165264-topk-3-depth-0,baseline_vector_search.cql + baseline_traversal.cql,measured,two_call_baseline,0,4.360083,3,TRUE,TRUE
paper-165264-topk-3-depth-1,baseline_vector_search.cql + baseline_traversal.cql,measured,two_call_baseline,0,3.109667,25,TRUE,TRUE
paper-165264-topk-3-depth-2,baseline_vector_search.cql + baseline_traversal.cql,measured,two_call_baseline,0,270.933834,15340,TRUE,TRUE
paper-165264-topk-5-depth-0,baseline_vector_search.cql + baseline_traversal.cql,measured,two_call_baseline,0,2.440875,5,TRUE,TRUE
paper-165264-topk-5-depth-1,baseline_vector_search.cql + baseline_traversal.cql,measured,two_call_baseline,0,2.605792,30,TRUE,TRUE
paper-165264-topk-5-depth-2,baseline_vector_search.cql + baseline_traversal.cql,measured,two_call_baseline,0,248.460042,15349,TRUE,TRUE
paper-165264-topk-10-depth-0,baseline_vector_search.cql + baseline_traversal.cql,measured,two_call_baseline,0,2.658541,10,TRUE,TRUE
paper-165264-topk-10-depth-1,baseline_vector_search.cql + baseline_traversal.cql,measured,two_call_baseline,0,3.236625,51,TRUE,TRUE
paper-165264-topk-10-depth-2,baseline_vector_search.cql + baseline_traversal.cql,measured,two_call_baseline,0,277.472416,16875,TRUE,TRUE
paper-166270-topk-1-depth-0,baseline_vector_search.cql + baseline_traversal.cql,measured,two_call_baseline,0,1.952084,1,TRUE,TRUE
paper-166270-topk-1-depth-1,baseline_vector_search.cql + baseline_traversal.cql,measured,two_call_baseline,0,1.691250,4,TRUE,TRUE
paper-166270-topk-1-depth-2,baseline_vector_search.cql + baseline_traversal.cql,measured,two_call_baseline,0,1.882417,24,TRUE,TRUE
paper-166270-topk-3-depth-0,baseline_vector_search.cql + baseline_traversal.cql,measured,two_call_baseline,0,1.678875,3,TRUE,TRUE
paper-166270-topk-3-depth-1,baseline_vector_search.cql + baseline_traversal.cql,measured,two_call_baseline,0,1.861333,10,TRUE,TRUE
paper-166270-topk-3-depth-2,baseline_vector_search.cql + baseline_traversal.cql,measured,two_call_baseline,0,2.305625,44,TRUE,TRUE
paper-166270-topk-5-depth-0,baseline_vector_search.cql + baseline_traversal.cql,measured,two_call_baseline,0,1.846125,5,TRUE,TRUE
paper-166270-topk-5-depth-1,baseline_vector_search.cql + baseline_traversal.cql,measured,two_call_baseline,0,2.021959,23,TRUE,TRUE
paper-166270-topk-5-depth-2,baseline_vector_search.cql + baseline_traversal.cql,measured,two_call_baseline,0,7.662708,293,TRUE,TRUE
paper-166270-topk-10-depth-0,baseline_vector_search.cql + baseline_traversal.cql,measured,two_call_baseline,0,2.688459,10,TRUE,TRUE
paper-166270-topk-10-depth-1,baseline_vector_search.cql + baseline_traversal.cql,measured,two_call_baseline,0,3.243084,53,TRUE,TRUE
paper-166270-topk-10-depth-2,baseline_vector_search.cql + baseline_traversal.cql,measured,two_call_baseline,0,10.195167,457,TRUE,TRUE
paper-104952-topk-1-depth-0,baseline_vector_search.cql + baseline_traversal.cql,measured,two_call_baseline,0,1.853500,1,TRUE,TRUE
paper-104952-topk-1-depth-1,baseline_vector_search.cql + baseline_traversal.cql,measured,two_call_baseline,0,1.597125,8,TRUE,TRUE
paper-104952-topk-1-depth-2,baseline_vector_search.cql + baseline_traversal.cql,measured,two_call_baseline,0,2.557458,67,TRUE,TRUE
paper-104952-topk-3-depth-0,baseline_vector_search.cql + baseline_traversal.cql,measured,two_call_baseline,0,1.635541,3,TRUE,TRUE
paper-104952-topk-3-depth-1,baseline_vector_search.cql + baseline_traversal.cql,measured,two_call_baseline,0,1.980125,16,TRUE,TRUE
paper-104952-topk-3-depth-2,baseline_vector_search.cql + baseline_traversal.cql,measured,two_call_baseline,0,5.345625,177,TRUE,TRUE
paper-104952-topk-5-depth-0,baseline_vector_search.cql + baseline_traversal.cql,measured,two_call_baseline,0,1.985125,5,TRUE,TRUE
paper-104952-topk-5-depth-1,baseline_vector_search.cql + baseline_traversal.cql,measured,two_call_baseline,0,2.926834,69,TRUE,TRUE
paper-104952-topk-5-depth-2,baseline_vector_search.cql + baseline_traversal.cql,measured,two_call_baseline,0,403.394250,24775,TRUE,TRUE
paper-104952-topk-10-depth-0,baseline_vector_search.cql + baseline_traversal.cql,measured,two_call_baseline,0,2.349917,10,TRUE,TRUE
paper-104952-topk-10-depth-1,baseline_vector_search.cql + baseline_traversal.cql,measured,two_call_baseline,0,3.659084,98,TRUE,TRUE
paper-104952-topk-10-depth-2,baseline_vector_search.cql + baseline_traversal.cql,measured,two_call_baseline,0,421.892417,26256,TRUE,TRUE
paper-118903-topk-1-depth-0,baseline_vector_search.cql + baseline_traversal.cql,measured,two_call_baseline,0,1.715958,1,TRUE,TRUE
paper-118903-topk-1-depth-1,baseline_vector_search.cql + baseline_traversal.cql,measured,two_call_baseline,0,1.592417,9,TRUE,TRUE
paper-118903-topk-1-depth-2,baseline_vector_search.cql + baseline_traversal.cql,measured,two_call_baseline,0,6.653416,334,TRUE,TRUE
paper-118903-topk-3-depth-0,baseline_vector_search.cql + baseline_traversal.cql,measured,two_call_baseline,0,1.701125,3,TRUE,TRUE
paper-118903-topk-3-depth-1,baseline_vector_search.cql + baseline_traversal.cql,measured,two_call_baseline,0,1.838458,14,TRUE,TRUE
paper-118903-topk-3-depth-2,baseline_vector_search.cql + baseline_traversal.cql,measured,two_call_baseline,0,7.233917,354,TRUE,TRUE
paper-118903-topk-5-depth-0,baseline_vector_search.cql + baseline_traversal.cql,measured,two_call_baseline,0,1.866584,5,TRUE,TRUE
paper-118903-topk-5-depth-1,baseline_vector_search.cql + baseline_traversal.cql,measured,two_call_baseline,0,2.201625,29,TRUE,TRUE
paper-118903-topk-5-depth-2,baseline_vector_search.cql + baseline_traversal.cql,measured,two_call_baseline,0,12.732083,723,TRUE,TRUE
paper-118903-topk-10-depth-0,baseline_vector_search.cql + baseline_traversal.cql,measured,two_call_baseline,0,2.090208,10,TRUE,TRUE
paper-118903-topk-10-depth-1,baseline_vector_search.cql + baseline_traversal.cql,measured,two_call_baseline,0,2.816416,57,TRUE,TRUE
paper-118903-topk-10-depth-2,baseline_vector_search.cql + baseline_traversal.cql,measured,two_call_baseline,0,20.492208,1186,TRUE,TRUE
paper-77502-topk-1-depth-0,baseline_vector_search.cql + baseline_traversal.cql,measured,two_call_baseline,0,1.438958,1,TRUE,TRUE
paper-77502-topk-1-depth-1,baseline_vector_search.cql + baseline_traversal.cql,measured,two_call_baseline,0,1.454834,3,TRUE,TRUE
paper-77502-topk-1-depth-2,baseline_vector_search.cql + baseline_traversal.cql,measured,two_call_baseline,0,5.689208,281,TRUE,TRUE
paper-77502-topk-3-depth-0,baseline_vector_search.cql + baseline_traversal.cql,measured,two_call_baseline,0,1.616125,3,TRUE,TRUE
paper-77502-topk-3-depth-1,baseline_vector_search.cql + baseline_traversal.cql,measured,two_call_baseline,0,1.592459,13,TRUE,TRUE
paper-77502-topk-3-depth-2,baseline_vector_search.cql + baseline_traversal.cql,measured,two_call_baseline,0,22.357875,1279,TRUE,TRUE
paper-77502-topk-5-depth-0,baseline_vector_search.cql + baseline_traversal.cql,measured,two_call_baseline,0,1.842083,5,TRUE,TRUE
paper-77502-topk-5-depth-1,baseline_vector_search.cql + baseline_traversal.cql,measured,two_call_baseline,0,2.615250,43,TRUE,TRUE
paper-77502-topk-5-depth-2,baseline_vector_search.cql + baseline_traversal.cql,measured,two_call_baseline,0,252.727333,15669,TRUE,TRUE
paper-77502-topk-10-depth-0,baseline_vector_search.cql + baseline_traversal.cql,measured,two_call_baseline,0,2.316667,10,TRUE,TRUE
paper-77502-topk-10-depth-1,baseline_vector_search.cql + baseline_traversal.cql,measured,two_call_baseline,0,3.717792,97,TRUE,TRUE
paper-77502-topk-10-depth-2,baseline_vector_search.cql + baseline_traversal.cql,measured,two_call_baseline,0,264.329583,16047,TRUE,TRUE
paper-118396-topk-1-depth-0,baseline_vector_search.cql + baseline_traversal.cql,measured,two_call_baseline,0,1.675292,1,TRUE,TRUE
paper-118396-topk-1-depth-1,baseline_vector_search.cql + baseline_traversal.cql,measured,two_call_baseline,0,1.549292,5,TRUE,TRUE
paper-118396-topk-1-depth-2,baseline_vector_search.cql + baseline_traversal.cql,measured,two_call_baseline,0,1.752542,21,TRUE,TRUE
paper-118396-topk-3-depth-0,baseline_vector_search.cql + baseline_traversal.cql,measured,two_call_baseline,0,1.515667,3,TRUE,TRUE
paper-118396-topk-3-depth-1,baseline_vector_search.cql + baseline_traversal.cql,measured,two_call_baseline,0,1.617042,10,TRUE,TRUE
paper-118396-topk-3-depth-2,baseline_vector_search.cql + baseline_traversal.cql,measured,two_call_baseline,0,2.178666,43,TRUE,TRUE
paper-118396-topk-5-depth-0,baseline_vector_search.cql + baseline_traversal.cql,measured,two_call_baseline,0,1.599500,5,TRUE,TRUE
paper-118396-topk-5-depth-1,baseline_vector_search.cql + baseline_traversal.cql,measured,two_call_baseline,0,1.964291,19,TRUE,TRUE
paper-118396-topk-5-depth-2,baseline_vector_search.cql + baseline_traversal.cql,measured,two_call_baseline,0,3.352625,103,TRUE,TRUE
paper-118396-topk-10-depth-0,baseline_vector_search.cql + baseline_traversal.cql,measured,two_call_baseline,0,1.874875,10,TRUE,TRUE
paper-118396-topk-10-depth-1,baseline_vector_search.cql + baseline_traversal.cql,measured,two_call_baseline,0,2.414208,45,TRUE,TRUE
paper-118396-topk-10-depth-2,baseline_vector_search.cql + baseline_traversal.cql,measured,two_call_baseline,0,5.453959,226,TRUE,TRUE
paper-164770-topk-1-depth-0,baseline_vector_search.cql + baseline_traversal.cql,measured,two_call_baseline,0,1.369167,1,TRUE,TRUE
paper-164770-topk-1-depth-1,baseline_vector_search.cql + baseline_traversal.cql,measured,two_call_baseline,0,1.524375,13,TRUE,TRUE
paper-164770-topk-1-depth-2,baseline_vector_search.cql + baseline_traversal.cql,measured,two_call_baseline,0,11.251583,637,TRUE,TRUE
paper-164770-topk-3-depth-0,baseline_vector_search.cql + baseline_traversal.cql,measured,two_call_baseline,0,1.655041,3,TRUE,TRUE
paper-164770-topk-3-depth-1,baseline_vector_search.cql + baseline_traversal.cql,measured,two_call_baseline,0,1.929292,25,TRUE,TRUE
paper-164770-topk-3-depth-2,baseline_vector_search.cql + baseline_traversal.cql,measured,two_call_baseline,0,73.238333,4540,TRUE,TRUE
paper-164770-topk-5-depth-0,baseline_vector_search.cql + baseline_traversal.cql,measured,two_call_baseline,0,1.934791,5,TRUE,TRUE
paper-164770-topk-5-depth-1,baseline_vector_search.cql + baseline_traversal.cql,measured,two_call_baseline,0,3.004625,71,TRUE,TRUE
paper-164770-topk-5-depth-2,baseline_vector_search.cql + baseline_traversal.cql,measured,two_call_baseline,0,257.709375,15738,TRUE,TRUE
paper-164770-topk-10-depth-0,baseline_vector_search.cql + baseline_traversal.cql,measured,two_call_baseline,0,2.352500,10,TRUE,TRUE
paper-164770-topk-10-depth-1,baseline_vector_search.cql + baseline_traversal.cql,measured,two_call_baseline,0,3.731667,104,TRUE,TRUE
paper-164770-topk-10-depth-2,baseline_vector_search.cql + baseline_traversal.cql,measured,two_call_baseline,0,512.046125,30640,TRUE,TRUE
paper-155393-topk-1-depth-0,baseline_vector_search.cql + baseline_traversal.cql,measured,two_call_baseline,0,1.592792,1,TRUE,TRUE
paper-155393-topk-1-depth-1,baseline_vector_search.cql + baseline_traversal.cql,measured,two_call_baseline,0,1.483875,6,TRUE,TRUE
paper-155393-topk-1-depth-2,baseline_vector_search.cql + baseline_traversal.cql,measured,two_call_baseline,0,1.802000,25,TRUE,TRUE
paper-155393-topk-3-depth-0,baseline_vector_search.cql + baseline_traversal.cql,measured,two_call_baseline,0,1.598834,3,TRUE,TRUE
paper-155393-topk-3-depth-1,baseline_vector_search.cql + baseline_traversal.cql,measured,two_call_baseline,0,1.861000,17,TRUE,TRUE
paper-155393-topk-3-depth-2,baseline_vector_search.cql + baseline_traversal.cql,measured,two_call_baseline,0,236.289667,14799,TRUE,TRUE
paper-155393-topk-5-depth-0,baseline_vector_search.cql + baseline_traversal.cql,measured,two_call_baseline,0,1.969625,5,TRUE,TRUE
paper-155393-topk-5-depth-1,baseline_vector_search.cql + baseline_traversal.cql,measured,two_call_baseline,0,2.053541,24,TRUE,TRUE
paper-155393-topk-5-depth-2,baseline_vector_search.cql + baseline_traversal.cql,measured,two_call_baseline,0,236.781083,14887,TRUE,TRUE
paper-155393-topk-10-depth-0,baseline_vector_search.cql + baseline_traversal.cql,measured,two_call_baseline,0,2.618750,10,TRUE,TRUE
paper-155393-topk-10-depth-1,baseline_vector_search.cql + baseline_traversal.cql,measured,two_call_baseline,0,3.216041,70,TRUE,TRUE
paper-155393-topk-10-depth-2,baseline_vector_search.cql + baseline_traversal.cql,measured,two_call_baseline,0,255.782500,15971,TRUE,TRUE
paper-130256-topk-1-depth-0,baseline_vector_search.cql + baseline_traversal.cql,measured,two_call_baseline,0,1.611750,1,TRUE,TRUE
paper-130256-topk-1-depth-1,baseline_vector_search.cql + baseline_traversal.cql,measured,two_call_baseline,0,1.854292,25,TRUE,TRUE
paper-130256-topk-1-depth-2,baseline_vector_search.cql + baseline_traversal.cql,measured,two_call_baseline,0,295.380458,18378,TRUE,TRUE
paper-130256-topk-3-depth-0,baseline_vector_search.cql + baseline_traversal.cql,measured,two_call_baseline,0,3.702667,3,TRUE,TRUE
paper-130256-topk-3-depth-1,baseline_vector_search.cql + baseline_traversal.cql,measured,two_call_baseline,0,2.360542,37,TRUE,TRUE
paper-130256-topk-3-depth-2,baseline_vector_search.cql + baseline_traversal.cql,measured,two_call_baseline,0,325.277292,20014,TRUE,TRUE
paper-130256-topk-5-depth-0,baseline_vector_search.cql + baseline_traversal.cql,measured,two_call_baseline,0,1.933125,5,TRUE,TRUE
paper-130256-topk-5-depth-1,baseline_vector_search.cql + baseline_traversal.cql,measured,two_call_baseline,0,2.453833,52,TRUE,TRUE
paper-130256-topk-5-depth-2,baseline_vector_search.cql + baseline_traversal.cql,measured,two_call_baseline,0,327.909875,20190,TRUE,TRUE
paper-130256-topk-10-depth-0,baseline_vector_search.cql + baseline_traversal.cql,measured,two_call_baseline,0,2.446041,10,TRUE,TRUE
paper-130256-topk-10-depth-1,baseline_vector_search.cql + baseline_traversal.cql,measured,two_call_baseline,0,3.696875,70,TRUE,TRUE
paper-130256-topk-10-depth-2,baseline_vector_search.cql + baseline_traversal.cql,measured,two_call_baseline,0,354.905583,21661,TRUE,TRUE
paper-133058-topk-1-depth-0,baseline_vector_search.cql + baseline_traversal.cql,measured,two_call_baseline,0,1.695916,1,TRUE,TRUE
paper-133058-topk-1-depth-1,baseline_vector_search.cql + baseline_traversal.cql,measured,two_call_baseline,0,1.600417,5,TRUE,TRUE
paper-133058-topk-1-depth-2,baseline_vector_search.cql + baseline_traversal.cql,measured,two_call_baseline,0,2.945166,88,TRUE,TRUE
paper-133058-topk-3-depth-0,baseline_vector_search.cql + baseline_traversal.cql,measured,two_call_baseline,0,1.563458,3,TRUE,TRUE
paper-133058-topk-3-depth-1,baseline_vector_search.cql + baseline_traversal.cql,measured,two_call_baseline,0,2.128541,39,TRUE,TRUE
paper-133058-topk-3-depth-2,baseline_vector_search.cql + baseline_traversal.cql,measured,two_call_baseline,0,18.682750,1112,TRUE,TRUE
paper-133058-topk-5-depth-0,baseline_vector_search.cql + baseline_traversal.cql,measured,two_call_baseline,0,1.729125,5,TRUE,TRUE
paper-133058-topk-5-depth-1,baseline_vector_search.cql + baseline_traversal.cql,measured,two_call_baseline,0,2.315458,46,TRUE,TRUE
paper-133058-topk-5-depth-2,baseline_vector_search.cql + baseline_traversal.cql,measured,two_call_baseline,0,19.978166,1184,TRUE,TRUE
paper-133058-topk-10-depth-0,baseline_vector_search.cql + baseline_traversal.cql,measured,two_call_baseline,0,2.314792,10,TRUE,TRUE
paper-133058-topk-10-depth-1,baseline_vector_search.cql + baseline_traversal.cql,measured,two_call_baseline,0,3.157417,74,TRUE,TRUE
paper-133058-topk-10-depth-2,baseline_vector_search.cql + baseline_traversal.cql,measured,two_call_baseline,0,43.507750,2679,TRUE,TRUE
paper-102555-topk-1-depth-0,baseline_vector_search.cql + baseline_traversal.cql,measured,two_call_baseline,0,1.529334,1,TRUE,TRUE
paper-102555-topk-1-depth-1,baseline_vector_search.cql + baseline_traversal.cql,measured,two_call_baseline,0,1.649333,19,TRUE,TRUE
paper-102555-topk-1-depth-2,baseline_vector_search.cql + baseline_traversal.cql,measured,two_call_baseline,0,27.185083,1682,TRUE,TRUE
paper-102555-topk-3-depth-0,baseline_vector_search.cql + baseline_traversal.cql,measured,two_call_baseline,0,1.622250,3,TRUE,TRUE
paper-102555-topk-3-depth-1,baseline_vector_search.cql + baseline_traversal.cql,measured,two_call_baseline,0,2.039958,31,TRUE,TRUE
paper-102555-topk-3-depth-2,baseline_vector_search.cql + baseline_traversal.cql,measured,two_call_baseline,0,36.042334,2209,TRUE,TRUE
paper-102555-topk-5-depth-0,baseline_vector_search.cql + baseline_traversal.cql,measured,two_call_baseline,0,1.814416,5,TRUE,TRUE
paper-102555-topk-5-depth-1,baseline_vector_search.cql + baseline_traversal.cql,measured,two_call_baseline,0,2.199709,34,TRUE,TRUE
paper-102555-topk-5-depth-2,baseline_vector_search.cql + baseline_traversal.cql,measured,two_call_baseline,0,35.873708,2221,TRUE,TRUE
paper-102555-topk-10-depth-0,baseline_vector_search.cql + baseline_traversal.cql,measured,two_call_baseline,0,2.245333,10,TRUE,TRUE
paper-102555-topk-10-depth-1,baseline_vector_search.cql + baseline_traversal.cql,measured,two_call_baseline,0,3.277292,80,TRUE,TRUE
paper-102555-topk-10-depth-2,baseline_vector_search.cql + baseline_traversal.cql,measured,two_call_baseline,0,61.118250,3699,TRUE,TRUE
paper-3710-topk-1-depth-0,baseline_vector_search.cql + baseline_traversal.cql,measured,two_call_baseline,0,1.544375,1,TRUE,TRUE
paper-3710-topk-1-depth-1,baseline_vector_search.cql + baseline_traversal.cql,measured,two_call_baseline,0,1.661583,19,TRUE,TRUE
paper-3710-topk-1-depth-2,baseline_vector_search.cql + baseline_traversal.cql,measured,two_call_baseline,0,150.633916,9451,TRUE,TRUE
paper-3710-topk-3-depth-0,baseline_vector_search.cql + baseline_traversal.cql,measured,two_call_baseline,0,1.622292,3,TRUE,TRUE
paper-3710-topk-3-depth-1,baseline_vector_search.cql + baseline_traversal.cql,measured,two_call_baseline,0,3.636583,132,TRUE,TRUE
paper-3710-topk-3-depth-2,baseline_vector_search.cql + baseline_traversal.cql,measured,two_call_baseline,0,239.634375,14855,TRUE,TRUE
paper-3710-topk-5-depth-0,baseline_vector_search.cql + baseline_traversal.cql,measured,two_call_baseline,0,2.023417,5,TRUE,TRUE
paper-3710-topk-5-depth-1,baseline_vector_search.cql + baseline_traversal.cql,measured,two_call_baseline,0,4.789750,198,TRUE,TRUE
paper-3710-topk-5-depth-2,baseline_vector_search.cql + baseline_traversal.cql,measured,two_call_baseline,0,302.629625,18728,TRUE,TRUE
paper-3710-topk-10-depth-0,baseline_vector_search.cql + baseline_traversal.cql,measured,two_call_baseline,0,2.489208,10,TRUE,TRUE
paper-3710-topk-10-depth-1,baseline_vector_search.cql + baseline_traversal.cql,measured,two_call_baseline,0,7.982916,360,TRUE,TRUE
paper-3710-topk-10-depth-2,baseline_vector_search.cql + baseline_traversal.cql,measured,two_call_baseline,0,603.768583,36847,TRUE,TRUE
paper-81589-topk-1-depth-0,baseline_vector_search.cql + baseline_traversal.cql,measured,two_call_baseline,0,1.563375,1,TRUE,TRUE
paper-81589-topk-1-depth-1,baseline_vector_search.cql + baseline_traversal.cql,measured,two_call_baseline,0,1.549875,7,TRUE,TRUE
paper-81589-topk-1-depth-2,baseline_vector_search.cql + baseline_traversal.cql,measured,two_call_baseline,0,237.577584,14969,TRUE,TRUE
paper-81589-topk-3-depth-0,baseline_vector_search.cql + baseline_traversal.cql,measured,two_call_baseline,0,1.815875,3,TRUE,TRUE
paper-81589-topk-3-depth-1,baseline_vector_search.cql + baseline_traversal.cql,measured,two_call_baseline,0,1.937875,22,TRUE,TRUE
paper-81589-topk-3-depth-2,baseline_vector_search.cql + baseline_traversal.cql,measured,two_call_baseline,0,308.273584,19068,TRUE,TRUE
paper-81589-topk-5-depth-0,baseline_vector_search.cql + baseline_traversal.cql,measured,two_call_baseline,0,1.924458,5,TRUE,TRUE
paper-81589-topk-5-depth-1,baseline_vector_search.cql + baseline_traversal.cql,measured,two_call_baseline,0,2.127458,30,TRUE,TRUE
paper-81589-topk-5-depth-2,baseline_vector_search.cql + baseline_traversal.cql,measured,two_call_baseline,0,320.044333,19265,TRUE,TRUE
paper-81589-topk-10-depth-0,baseline_vector_search.cql + baseline_traversal.cql,measured,two_call_baseline,0,2.332791,10,TRUE,TRUE
paper-81589-topk-10-depth-1,baseline_vector_search.cql + baseline_traversal.cql,measured,two_call_baseline,0,3.280125,79,TRUE,TRUE
paper-81589-topk-10-depth-2,baseline_vector_search.cql + baseline_traversal.cql,measured,two_call_baseline,0,577.151250,34472,TRUE,TRUE
paper-85244-topk-1-depth-0,baseline_vector_search.cql + baseline_traversal.cql,measured,two_call_baseline,0,1.520500,1,TRUE,TRUE
paper-85244-topk-1-depth-1,baseline_vector_search.cql + baseline_traversal.cql,measured,two_call_baseline,0,1.388875,2,TRUE,TRUE
paper-85244-topk-1-depth-2,baseline_vector_search.cql + baseline_traversal.cql,measured,two_call_baseline,0,3.637542,135,TRUE,TRUE
paper-85244-topk-3-depth-0,baseline_vector_search.cql + baseline_traversal.cql,measured,two_call_baseline,0,1.621583,3,TRUE,TRUE
paper-85244-topk-3-depth-1,baseline_vector_search.cql + baseline_traversal.cql,measured,two_call_baseline,0,1.581917,10,TRUE,TRUE
paper-85244-topk-3-depth-2,baseline_vector_search.cql + baseline_traversal.cql,measured,two_call_baseline,0,16.446417,975,TRUE,TRUE
paper-85244-topk-5-depth-0,baseline_vector_search.cql + baseline_traversal.cql,measured,two_call_baseline,0,1.721875,5,TRUE,TRUE
paper-85244-topk-5-depth-1,baseline_vector_search.cql + baseline_traversal.cql,measured,two_call_baseline,0,2.263083,22,TRUE,TRUE
paper-85244-topk-5-depth-2,baseline_vector_search.cql + baseline_traversal.cql,measured,two_call_baseline,0,52.281084,3229,TRUE,TRUE
paper-85244-topk-10-depth-0,baseline_vector_search.cql + baseline_traversal.cql,measured,two_call_baseline,0,2.014250,10,TRUE,TRUE
paper-85244-topk-10-depth-1,baseline_vector_search.cql + baseline_traversal.cql,measured,two_call_baseline,0,2.614166,44,TRUE,TRUE
paper-85244-topk-10-depth-2,baseline_vector_search.cql + baseline_traversal.cql,measured,two_call_baseline,0,57.272417,3561,TRUE,TRUE
paper-151451-topk-1-depth-0,baseline_vector_search.cql + baseline_traversal.cql,measured,two_call_baseline,0,1.399084,1,TRUE,TRUE
paper-151451-topk-1-depth-1,baseline_vector_search.cql + baseline_traversal.cql,measured,two_call_baseline,0,1.332541,2,TRUE,TRUE
paper-151451-topk-1-depth-2,baseline_vector_search.cql + baseline_traversal.cql,measured,two_call_baseline,0,1.559750,12,TRUE,TRUE
paper-151451-topk-3-depth-0,baseline_vector_search.cql + baseline_traversal.cql,measured,two_call_baseline,0,1.446500,3,TRUE,TRUE
paper-151451-topk-3-depth-1,baseline_vector_search.cql + baseline_traversal.cql,measured,two_call_baseline,0,1.983125,36,TRUE,TRUE
paper-151451-topk-3-depth-2,baseline_vector_search.cql + baseline_traversal.cql,measured,two_call_baseline,0,241.812750,15088,TRUE,TRUE
paper-151451-topk-5-depth-0,baseline_vector_search.cql + baseline_traversal.cql,measured,two_call_baseline,0,1.848375,5,TRUE,TRUE
paper-151451-topk-5-depth-1,baseline_vector_search.cql + baseline_traversal.cql,measured,two_call_baseline,0,2.854042,73,TRUE,TRUE
paper-151451-topk-5-depth-2,baseline_vector_search.cql + baseline_traversal.cql,measured,two_call_baseline,0,446.653292,27585,TRUE,TRUE
paper-151451-topk-10-depth-0,baseline_vector_search.cql + baseline_traversal.cql,measured,two_call_baseline,0,2.263584,10,TRUE,TRUE
paper-151451-topk-10-depth-1,baseline_vector_search.cql + baseline_traversal.cql,measured,two_call_baseline,0,3.864125,126,TRUE,TRUE
paper-151451-topk-10-depth-2,baseline_vector_search.cql + baseline_traversal.cql,measured,two_call_baseline,0,516.923583,31968,TRUE,TRUE
paper-132246-topk-1-depth-0,baseline_vector_search.cql + baseline_traversal.cql,measured,two_call_baseline,0,1.593958,1,TRUE,TRUE
paper-132246-topk-1-depth-1,baseline_vector_search.cql + baseline_traversal.cql,measured,two_call_baseline,0,1.877833,34,TRUE,TRUE
paper-132246-topk-1-depth-2,baseline_vector_search.cql + baseline_traversal.cql,measured,two_call_baseline,0,492.832708,30233,TRUE,TRUE
paper-132246-topk-3-depth-0,baseline_vector_search.cql + baseline_traversal.cql,measured,two_call_baseline,0,2.335667,3,TRUE,TRUE
paper-132246-topk-3-depth-1,baseline_vector_search.cql + baseline_traversal.cql,measured,two_call_baseline,0,2.799709,84,TRUE,TRUE
paper-132246-topk-3-depth-2,baseline_vector_search.cql + baseline_traversal.cql,measured,two_call_baseline,0,540.078292,32616,TRUE,TRUE
paper-132246-topk-5-depth-0,baseline_vector_search.cql + baseline_traversal.cql,measured,two_call_baseline,0,1.786459,5,TRUE,TRUE
paper-132246-topk-5-depth-1,baseline_vector_search.cql + baseline_traversal.cql,measured,two_call_baseline,0,3.823084,140,TRUE,TRUE
paper-132246-topk-5-depth-2,baseline_vector_search.cql + baseline_traversal.cql,measured,two_call_baseline,0,575.266959,33479,TRUE,TRUE
paper-132246-topk-10-depth-0,baseline_vector_search.cql + baseline_traversal.cql,measured,two_call_baseline,0,2.077125,10,TRUE,TRUE
paper-132246-topk-10-depth-1,baseline_vector_search.cql + baseline_traversal.cql,measured,two_call_baseline,0,5.907375,235,TRUE,TRUE
paper-132246-topk-10-depth-2,baseline_vector_search.cql + baseline_traversal.cql,measured,two_call_baseline,0,697.511708,39566,TRUE,TRUE
paper-93320-topk-1-depth-0,baseline_vector_search.cql + baseline_traversal.cql,measured,two_call_baseline,0,1.724959,1,TRUE,TRUE
paper-93320-topk-1-depth-1,baseline_vector_search.cql + baseline_traversal.cql,measured,two_call_baseline,0,1.539833,5,TRUE,TRUE
paper-93320-topk-1-depth-2,baseline_vector_search.cql + baseline_traversal.cql,measured,two_call_baseline,0,1.968750,36,TRUE,TRUE
paper-93320-topk-3-depth-0,baseline_vector_search.cql + baseline_traversal.cql,measured,two_call_baseline,0,1.595542,3,TRUE,TRUE
paper-93320-topk-3-depth-1,baseline_vector_search.cql + baseline_traversal.cql,measured,two_call_baseline,0,2.222333,15,TRUE,TRUE
paper-93320-topk-3-depth-2,baseline_vector_search.cql + baseline_traversal.cql,measured,two_call_baseline,0,4.674542,190,TRUE,TRUE
paper-93320-topk-5-depth-0,baseline_vector_search.cql + baseline_traversal.cql,measured,two_call_baseline,0,1.692458,5,TRUE,TRUE
paper-93320-topk-5-depth-1,baseline_vector_search.cql + baseline_traversal.cql,measured,two_call_baseline,0,2.034208,21,TRUE,TRUE
paper-93320-topk-5-depth-2,baseline_vector_search.cql + baseline_traversal.cql,measured,two_call_baseline,0,4.870041,207,TRUE,TRUE
paper-93320-topk-10-depth-0,baseline_vector_search.cql + baseline_traversal.cql,measured,two_call_baseline,0,2.018291,10,TRUE,TRUE
paper-93320-topk-10-depth-1,baseline_vector_search.cql + baseline_traversal.cql,measured,two_call_baseline,0,3.223458,90,TRUE,TRUE
paper-93320-topk-10-depth-2,baseline_vector_search.cql + baseline_traversal.cql,measured,two_call_baseline,0,21.014292,1230,TRUE,TRUE
paper-80291-topk-1-depth-0,baseline_vector_search.cql + baseline_traversal.cql,measured,two_call_baseline,0,1.406166,1,TRUE,TRUE
paper-80291-topk-1-depth-1,baseline_vector_search.cql + baseline_traversal.cql,measured,two_call_baseline,0,3.105541,2,TRUE,TRUE
paper-80291-topk-1-depth-2,baseline_vector_search.cql + baseline_traversal.cql,measured,two_call_baseline,0,1.513541,9,TRUE,TRUE
paper-80291-topk-3-depth-0,baseline_vector_search.cql + baseline_traversal.cql,measured,two_call_baseline,0,1.461750,3,TRUE,TRUE
paper-80291-topk-3-depth-1,baseline_vector_search.cql + baseline_traversal.cql,measured,two_call_baseline,0,1.721750,18,TRUE,TRUE
paper-80291-topk-3-depth-2,baseline_vector_search.cql + baseline_traversal.cql,measured,two_call_baseline,0,46.831000,2937,TRUE,TRUE
paper-80291-topk-5-depth-0,baseline_vector_search.cql + baseline_traversal.cql,measured,two_call_baseline,0,1.618666,5,TRUE,TRUE
paper-80291-topk-5-depth-1,baseline_vector_search.cql + baseline_traversal.cql,measured,two_call_baseline,0,1.944000,25,TRUE,TRUE
paper-80291-topk-5-depth-2,baseline_vector_search.cql + baseline_traversal.cql,measured,two_call_baseline,0,47.381083,2969,TRUE,TRUE
paper-80291-topk-10-depth-0,baseline_vector_search.cql + baseline_traversal.cql,measured,two_call_baseline,0,1.836208,10,TRUE,TRUE
paper-80291-topk-10-depth-1,baseline_vector_search.cql + baseline_traversal.cql,measured,two_call_baseline,0,2.784167,71,TRUE,TRUE
paper-80291-topk-10-depth-2,baseline_vector_search.cql + baseline_traversal.cql,measured,two_call_baseline,0,106.767042,6733,TRUE,TRUE
paper-140012-topk-1-depth-0,baseline_vector_search.cql + baseline_traversal.cql,measured,two_call_baseline,0,1.392667,1,TRUE,TRUE
paper-140012-topk-1-depth-1,baseline_vector_search.cql + baseline_traversal.cql,measured,two_call_baseline,0,1.438084,3,TRUE,TRUE
paper-140012-topk-1-depth-2,baseline_vector_search.cql + baseline_traversal.cql,measured,two_call_baseline,0,40.968833,2551,TRUE,TRUE
paper-140012-topk-3-depth-0,baseline_vector_search.cql + baseline_traversal.cql,measured,two_call_baseline,0,1.399375,3,TRUE,TRUE
paper-140012-topk-3-depth-1,baseline_vector_search.cql + baseline_traversal.cql,measured,two_call_baseline,0,1.846791,26,TRUE,TRUE
paper-140012-topk-3-depth-2,baseline_vector_search.cql + baseline_traversal.cql,measured,two_call_baseline,0,53.188042,3209,TRUE,TRUE
paper-140012-topk-5-depth-0,baseline_vector_search.cql + baseline_traversal.cql,measured,two_call_baseline,0,1.692959,5,TRUE,TRUE
paper-140012-topk-5-depth-1,baseline_vector_search.cql + baseline_traversal.cql,measured,two_call_baseline,0,2.199708,41,TRUE,TRUE
paper-140012-topk-5-depth-2,baseline_vector_search.cql + baseline_traversal.cql,measured,two_call_baseline,0,145.883292,9035,TRUE,TRUE
paper-140012-topk-10-depth-0,baseline_vector_search.cql + baseline_traversal.cql,measured,two_call_baseline,0,2.023208,10,TRUE,TRUE
paper-140012-topk-10-depth-1,baseline_vector_search.cql + baseline_traversal.cql,measured,two_call_baseline,0,4.282792,155,TRUE,TRUE
paper-140012-topk-10-depth-2,baseline_vector_search.cql + baseline_traversal.cql,measured,two_call_baseline,0,437.723834,26978,TRUE,TRUE
paper-55196-topk-1-depth-0,baseline_vector_search.cql + baseline_traversal.cql,measured,two_call_baseline,0,1.444416,1,TRUE,TRUE
paper-55196-topk-1-depth-1,baseline_vector_search.cql + baseline_traversal.cql,measured,two_call_baseline,0,1.705042,27,TRUE,TRUE
paper-55196-topk-1-depth-2,baseline_vector_search.cql + baseline_traversal.cql,measured,two_call_baseline,0,70.171375,4346,TRUE,TRUE
paper-55196-topk-3-depth-0,baseline_vector_search.cql + baseline_traversal.cql,measured,two_call_baseline,0,1.583875,3,TRUE,TRUE
paper-55196-topk-3-depth-1,baseline_vector_search.cql + baseline_traversal.cql,measured,two_call_baseline,0,2.592583,69,TRUE,TRUE
paper-55196-topk-3-depth-2,baseline_vector_search.cql + baseline_traversal.cql,measured,two_call_baseline,0,167.787209,10363,TRUE,TRUE
paper-55196-topk-5-depth-0,baseline_vector_search.cql + baseline_traversal.cql,measured,two_call_baseline,0,1.784875,5,TRUE,TRUE
paper-55196-topk-5-depth-1,baseline_vector_search.cql + baseline_traversal.cql,measured,two_call_baseline,0,3.121375,92,TRUE,TRUE
paper-55196-topk-5-depth-2,baseline_vector_search.cql + baseline_traversal.cql,measured,two_call_baseline,0,179.566042,11110,TRUE,TRUE
paper-55196-topk-10-depth-0,baseline_vector_search.cql + baseline_traversal.cql,measured,two_call_baseline,0,2.226791,10,TRUE,TRUE
paper-55196-topk-10-depth-1,baseline_vector_search.cql + baseline_traversal.cql,measured,two_call_baseline,0,5.522500,200,TRUE,TRUE
paper-55196-topk-10-depth-2,baseline_vector_search.cql + baseline_traversal.cql,measured,two_call_baseline,0,383.019833,23656,TRUE,TRUE
paper-127466-topk-1-depth-0,baseline_vector_search.cql + baseline_traversal.cql,measured,two_call_baseline,0,1.404000,1,TRUE,TRUE
paper-127466-topk-1-depth-1,baseline_vector_search.cql + baseline_traversal.cql,measured,two_call_baseline,0,2.026917,44,TRUE,TRUE
paper-127466-topk-1-depth-2,baseline_vector_search.cql + baseline_traversal.cql,measured,two_call_baseline,0,265.598166,16620,TRUE,TRUE
paper-127466-topk-3-depth-0,baseline_vector_search.cql + baseline_traversal.cql,measured,two_call_baseline,0,1.693334,3,TRUE,TRUE
paper-127466-topk-3-depth-1,baseline_vector_search.cql + baseline_traversal.cql,measured,two_call_baseline,0,2.317875,53,TRUE,TRUE
paper-127466-topk-3-depth-2,baseline_vector_search.cql + baseline_traversal.cql,measured,two_call_baseline,0,319.316708,19725,TRUE,TRUE
paper-127466-topk-5-depth-0,baseline_vector_search.cql + baseline_traversal.cql,measured,two_call_baseline,0,1.809292,5,TRUE,TRUE
paper-127466-topk-5-depth-1,baseline_vector_search.cql + baseline_traversal.cql,measured,two_call_baseline,0,2.750333,74,TRUE,TRUE
paper-127466-topk-5-depth-2,baseline_vector_search.cql + baseline_traversal.cql,measured,two_call_baseline,0,514.134959,30821,TRUE,TRUE
paper-127466-topk-10-depth-0,baseline_vector_search.cql + baseline_traversal.cql,measured,two_call_baseline,0,2.162458,10,TRUE,TRUE
paper-127466-topk-10-depth-1,baseline_vector_search.cql + baseline_traversal.cql,measured,two_call_baseline,0,3.807917,115,TRUE,TRUE
paper-127466-topk-10-depth-2,baseline_vector_search.cql + baseline_traversal.cql,measured,two_call_baseline,0,565.579375,32424,TRUE,TRUE
paper-5819-topk-1-depth-0,baseline_vector_search.cql + baseline_traversal.cql,measured,two_call_baseline,0,1.488208,1,TRUE,TRUE
paper-5819-topk-1-depth-1,baseline_vector_search.cql + baseline_traversal.cql,measured,two_call_baseline,0,1.366458,10,TRUE,TRUE
paper-5819-topk-1-depth-2,baseline_vector_search.cql + baseline_traversal.cql,measured,two_call_baseline,0,12.802500,763,TRUE,TRUE
paper-5819-topk-3-depth-0,baseline_vector_search.cql + baseline_traversal.cql,measured,two_call_baseline,0,1.333916,3,TRUE,TRUE
paper-5819-topk-3-depth-1,baseline_vector_search.cql + baseline_traversal.cql,measured,two_call_baseline,0,1.833958,34,TRUE,TRUE
paper-5819-topk-3-depth-2,baseline_vector_search.cql + baseline_traversal.cql,measured,two_call_baseline,0,27.277375,1428,TRUE,TRUE
paper-5819-topk-5-depth-0,baseline_vector_search.cql + baseline_traversal.cql,measured,two_call_baseline,0,1.862917,5,TRUE,TRUE
paper-5819-topk-5-depth-1,baseline_vector_search.cql + baseline_traversal.cql,measured,two_call_baseline,0,2.961917,59,TRUE,TRUE
paper-5819-topk-5-depth-2,baseline_vector_search.cql + baseline_traversal.cql,measured,two_call_baseline,0,29.067625,1616,TRUE,TRUE
paper-5819-topk-10-depth-0,baseline_vector_search.cql + baseline_traversal.cql,measured,two_call_baseline,0,1.947375,10,TRUE,TRUE
paper-5819-topk-10-depth-1,baseline_vector_search.cql + baseline_traversal.cql,measured,two_call_baseline,0,3.641667,104,TRUE,TRUE
paper-5819-topk-10-depth-2,baseline_vector_search.cql + baseline_traversal.cql,measured,two_call_baseline,0,35.193916,2069,TRUE,TRUE
paper-46356-topk-1-depth-0,baseline_vector_search.cql + baseline_traversal.cql,measured,two_call_baseline,0,1.220208,1,TRUE,TRUE
paper-46356-topk-1-depth-1,baseline_vector_search.cql + baseline_traversal.cql,measured,two_call_baseline,0,1.325416,9,TRUE,TRUE
paper-46356-topk-1-depth-2,baseline_vector_search.cql + baseline_traversal.cql,measured,two_call_baseline,0,40.497333,2540,TRUE,TRUE
paper-46356-topk-3-depth-0,baseline_vector_search.cql + baseline_traversal.cql,measured,two_call_baseline,0,1.393875,3,TRUE,TRUE
paper-46356-topk-3-depth-1,baseline_vector_search.cql + baseline_traversal.cql,measured,two_call_baseline,0,2.039542,42,TRUE,TRUE
paper-46356-topk-3-depth-2,baseline_vector_search.cql + baseline_traversal.cql,measured,two_call_baseline,0,295.092334,18362,TRUE,TRUE
paper-46356-topk-5-depth-0,baseline_vector_search.cql + baseline_traversal.cql,measured,two_call_baseline,0,1.774542,5,TRUE,TRUE
paper-46356-topk-5-depth-1,baseline_vector_search.cql + baseline_traversal.cql,measured,two_call_baseline,0,2.854083,88,TRUE,TRUE
paper-46356-topk-5-depth-2,baseline_vector_search.cql + baseline_traversal.cql,measured,two_call_baseline,0,358.065125,22357,TRUE,TRUE
paper-46356-topk-10-depth-0,baseline_vector_search.cql + baseline_traversal.cql,measured,two_call_baseline,0,2.074792,10,TRUE,TRUE
paper-46356-topk-10-depth-1,baseline_vector_search.cql + baseline_traversal.cql,measured,two_call_baseline,0,6.368667,294,TRUE,TRUE
paper-46356-topk-10-depth-2,baseline_vector_search.cql + baseline_traversal.cql,measured,two_call_baseline,0,587.198958,34935,TRUE,TRUE
paper-16665-topk-1-depth-0,baseline_vector_search.cql + baseline_traversal.cql,measured,two_call_baseline,0,1.414958,1,TRUE,TRUE
paper-16665-topk-1-depth-1,baseline_vector_search.cql + baseline_traversal.cql,measured,two_call_baseline,0,1.563792,12,TRUE,TRUE
paper-16665-topk-1-depth-2,baseline_vector_search.cql + baseline_traversal.cql,measured,two_call_baseline,0,272.974750,17221,TRUE,TRUE
paper-16665-topk-3-depth-0,baseline_vector_search.cql + baseline_traversal.cql,measured,two_call_baseline,0,1.478584,3,TRUE,TRUE
paper-16665-topk-3-depth-1,baseline_vector_search.cql + baseline_traversal.cql,measured,two_call_baseline,0,2.311167,49,TRUE,TRUE
paper-16665-topk-3-depth-2,baseline_vector_search.cql + baseline_traversal.cql,measured,two_call_baseline,0,542.720125,33333,TRUE,TRUE
paper-16665-topk-5-depth-0,baseline_vector_search.cql + baseline_traversal.cql,measured,two_call_baseline,0,1.660917,5,TRUE,TRUE
paper-16665-topk-5-depth-1,baseline_vector_search.cql + baseline_traversal.cql,measured,two_call_baseline,0,2.790792,81,TRUE,TRUE
paper-16665-topk-5-depth-2,baseline_vector_search.cql + baseline_traversal.cql,measured,two_call_baseline,0,582.054625,35283,TRUE,TRUE
paper-16665-topk-10-depth-0,baseline_vector_search.cql + baseline_traversal.cql,measured,two_call_baseline,0,2.053708,10,TRUE,TRUE
paper-16665-topk-10-depth-1,baseline_vector_search.cql + baseline_traversal.cql,measured,two_call_baseline,0,4.312084,150,TRUE,TRUE
paper-16665-topk-10-depth-2,baseline_vector_search.cql + baseline_traversal.cql,measured,two_call_baseline,0,640.190750,37901,TRUE,TRUE
paper-62917-topk-1-depth-0,baseline_vector_search.cql + baseline_traversal.cql,measured,two_call_baseline,0,1.780791,1,TRUE,TRUE
paper-62917-topk-1-depth-1,baseline_vector_search.cql + baseline_traversal.cql,measured,two_call_baseline,0,1.340583,2,TRUE,TRUE
paper-62917-topk-1-depth-2,baseline_vector_search.cql + baseline_traversal.cql,measured,two_call_baseline,0,1.442750,6,TRUE,TRUE
paper-62917-topk-3-depth-0,baseline_vector_search.cql + baseline_traversal.cql,measured,two_call_baseline,0,1.738875,3,TRUE,TRUE
paper-62917-topk-3-depth-1,baseline_vector_search.cql + baseline_traversal.cql,measured,two_call_baseline,0,1.534166,9,TRUE,TRUE
paper-62917-topk-3-depth-2,baseline_vector_search.cql + baseline_traversal.cql,measured,two_call_baseline,0,1.927500,33,TRUE,TRUE
paper-62917-topk-5-depth-0,baseline_vector_search.cql + baseline_traversal.cql,measured,two_call_baseline,0,1.547583,5,TRUE,TRUE
paper-62917-topk-5-depth-1,baseline_vector_search.cql + baseline_traversal.cql,measured,two_call_baseline,0,1.749625,16,TRUE,TRUE
paper-62917-topk-5-depth-2,baseline_vector_search.cql + baseline_traversal.cql,measured,two_call_baseline,0,2.859708,84,TRUE,TRUE
paper-62917-topk-10-depth-0,baseline_vector_search.cql + baseline_traversal.cql,measured,two_call_baseline,0,1.830875,10,TRUE,TRUE
paper-62917-topk-10-depth-1,baseline_vector_search.cql + baseline_traversal.cql,measured,two_call_baseline,0,2.556500,53,TRUE,TRUE
paper-62917-topk-10-depth-2,baseline_vector_search.cql + baseline_traversal.cql,measured,two_call_baseline,0,8.525792,445,TRUE,TRUE
paper-167301-topk-1-depth-0,baseline_vector_search.cql + baseline_traversal.cql,measured,two_call_baseline,0,1.288625,1,TRUE,TRUE
paper-167301-topk-1-depth-1,baseline_vector_search.cql + baseline_traversal.cql,measured,two_call_baseline,0,1.246916,2,TRUE,TRUE
paper-167301-topk-1-depth-2,baseline_vector_search.cql + baseline_traversal.cql,measured,two_call_baseline,0,1.242042,4,TRUE,TRUE
paper-167301-topk-3-depth-0,baseline_vector_search.cql + baseline_traversal.cql,measured,two_call_baseline,0,1.344834,3,TRUE,TRUE
paper-167301-topk-3-depth-1,baseline_vector_search.cql + baseline_traversal.cql,measured,two_call_baseline,0,1.636417,16,TRUE,TRUE
paper-167301-topk-3-depth-2,baseline_vector_search.cql + baseline_traversal.cql,measured,two_call_baseline,0,2.617584,79,TRUE,TRUE
paper-167301-topk-5-depth-0,baseline_vector_search.cql + baseline_traversal.cql,measured,two_call_baseline,0,1.513666,5,TRUE,TRUE
paper-167301-topk-5-depth-1,baseline_vector_search.cql + baseline_traversal.cql,measured,two_call_baseline,0,1.877708,28,TRUE,TRUE
paper-167301-topk-5-depth-2,baseline_vector_search.cql + baseline_traversal.cql,measured,two_call_baseline,0,11.262875,655,TRUE,TRUE
paper-167301-topk-10-depth-0,baseline_vector_search.cql + baseline_traversal.cql,measured,two_call_baseline,0,1.853125,10,TRUE,TRUE
paper-167301-topk-10-depth-1,baseline_vector_search.cql + baseline_traversal.cql,measured,two_call_baseline,0,2.661292,65,TRUE,TRUE
paper-167301-topk-10-depth-2,baseline_vector_search.cql + baseline_traversal.cql,measured,two_call_baseline,0,14.787542,863,TRUE,TRUE
paper-113663-topk-1-depth-0,baseline_vector_search.cql + baseline_traversal.cql,measured,two_call_baseline,0,1.316000,1,TRUE,TRUE
paper-113663-topk-1-depth-1,baseline_vector_search.cql + baseline_traversal.cql,measured,two_call_baseline,0,1.392458,12,TRUE,TRUE
paper-113663-topk-1-depth-2,baseline_vector_search.cql + baseline_traversal.cql,measured,two_call_baseline,0,369.530542,23273,TRUE,TRUE
paper-113663-topk-3-depth-0,baseline_vector_search.cql + baseline_traversal.cql,measured,two_call_baseline,0,1.578709,3,TRUE,TRUE
paper-113663-topk-3-depth-1,baseline_vector_search.cql + baseline_traversal.cql,measured,two_call_baseline,0,2.364500,57,TRUE,TRUE
paper-113663-topk-3-depth-2,baseline_vector_search.cql + baseline_traversal.cql,measured,two_call_baseline,0,490.897291,30627,TRUE,TRUE
paper-113663-topk-5-depth-0,baseline_vector_search.cql + baseline_traversal.cql,measured,two_call_baseline,0,1.824750,5,TRUE,TRUE
paper-113663-topk-5-depth-1,baseline_vector_search.cql + baseline_traversal.cql,measured,two_call_baseline,0,2.764125,75,TRUE,TRUE
paper-113663-topk-5-depth-2,baseline_vector_search.cql + baseline_traversal.cql,measured,two_call_baseline,0,515.025959,31670,TRUE,TRUE
paper-113663-topk-10-depth-0,baseline_vector_search.cql + baseline_traversal.cql,measured,two_call_baseline,0,2.315792,10,TRUE,TRUE
paper-113663-topk-10-depth-1,baseline_vector_search.cql + baseline_traversal.cql,measured,two_call_baseline,0,4.458959,149,TRUE,TRUE
paper-113663-topk-10-depth-2,baseline_vector_search.cql + baseline_traversal.cql,measured,two_call_baseline,0,618.456916,36442,TRUE,TRUE
paper-117708-topk-1-depth-0,baseline_vector_search.cql + baseline_traversal.cql,measured,two_call_baseline,0,1.388958,1,TRUE,TRUE
paper-117708-topk-1-depth-1,baseline_vector_search.cql + baseline_traversal.cql,measured,two_call_baseline,0,1.539084,4,TRUE,TRUE
paper-117708-topk-1-depth-2,baseline_vector_search.cql + baseline_traversal.cql,measured,two_call_baseline,0,2.702500,88,TRUE,TRUE
paper-117708-topk-3-depth-0,baseline_vector_search.cql + baseline_traversal.cql,measured,two_call_baseline,0,1.619167,3,TRUE,TRUE
paper-117708-topk-3-depth-1,baseline_vector_search.cql + baseline_traversal.cql,measured,two_call_baseline,0,1.940750,30,TRUE,TRUE
paper-117708-topk-3-depth-2,baseline_vector_search.cql + baseline_traversal.cql,measured,two_call_baseline,0,6.275958,304,TRUE,TRUE
paper-117708-topk-5-depth-0,baseline_vector_search.cql + baseline_traversal.cql,measured,two_call_baseline,0,1.646292,5,TRUE,TRUE
paper-117708-topk-5-depth-1,baseline_vector_search.cql + baseline_traversal.cql,measured,two_call_baseline,0,2.134584,33,TRUE,TRUE
paper-117708-topk-5-depth-2,baseline_vector_search.cql + baseline_traversal.cql,measured,two_call_baseline,0,6.313583,310,TRUE,TRUE
paper-117708-topk-10-depth-0,baseline_vector_search.cql + baseline_traversal.cql,measured,two_call_baseline,0,1.944792,10,TRUE,TRUE
paper-117708-topk-10-depth-1,baseline_vector_search.cql + baseline_traversal.cql,measured,two_call_baseline,0,2.756458,63,TRUE,TRUE
paper-117708-topk-10-depth-2,baseline_vector_search.cql + baseline_traversal.cql,measured,two_call_baseline,0,11.883042,636,TRUE,TRUE
paper-55694-topk-1-depth-0,baseline_vector_search.cql + baseline_traversal.cql,measured,two_call_baseline,0,1.376667,1,TRUE,TRUE
paper-55694-topk-1-depth-1,baseline_vector_search.cql + baseline_traversal.cql,measured,two_call_baseline,0,1.408458,6,TRUE,TRUE
paper-55694-topk-1-depth-2,baseline_vector_search.cql + baseline_traversal.cql,measured,two_call_baseline,0,3.134958,107,TRUE,TRUE
paper-55694-topk-3-depth-0,baseline_vector_search.cql + baseline_traversal.cql,measured,two_call_baseline,0,1.573125,3,TRUE,TRUE
paper-55694-topk-3-depth-1,baseline_vector_search.cql + baseline_traversal.cql,measured,two_call_baseline,0,1.692042,11,TRUE,TRUE
paper-55694-topk-3-depth-2,baseline_vector_search.cql + baseline_traversal.cql,measured,two_call_baseline,0,7.166875,358,TRUE,TRUE
paper-55694-topk-5-depth-0,baseline_vector_search.cql + baseline_traversal.cql,measured,two_call_baseline,0,1.627042,5,TRUE,TRUE
paper-55694-topk-5-depth-1,baseline_vector_search.cql + baseline_traversal.cql,measured,two_call_baseline,0,1.860083,23,TRUE,TRUE
paper-55694-topk-5-depth-2,baseline_vector_search.cql + baseline_traversal.cql,measured,two_call_baseline,0,11.182875,619,TRUE,TRUE
paper-55694-topk-10-depth-0,baseline_vector_search.cql + baseline_traversal.cql,measured,two_call_baseline,0,1.879625,10,TRUE,TRUE
paper-55694-topk-10-depth-1,baseline_vector_search.cql + baseline_traversal.cql,measured,two_call_baseline,0,3.503708,85,TRUE,TRUE
paper-55694-topk-10-depth-2,baseline_vector_search.cql + baseline_traversal.cql,measured,two_call_baseline,0,62.657709,3848,TRUE,TRUE
paper-7581-topk-1-depth-0,baseline_vector_search.cql + baseline_traversal.cql,measured,two_call_baseline,0,1.404208,1,TRUE,TRUE
paper-7581-topk-1-depth-1,baseline_vector_search.cql + baseline_traversal.cql,measured,two_call_baseline,0,1.445583,7,TRUE,TRUE
paper-7581-topk-1-depth-2,baseline_vector_search.cql + baseline_traversal.cql,measured,two_call_baseline,0,13.712333,807,TRUE,TRUE
paper-7581-topk-3-depth-0,baseline_vector_search.cql + baseline_traversal.cql,measured,two_call_baseline,0,1.560416,3,TRUE,TRUE
paper-7581-topk-3-depth-1,baseline_vector_search.cql + baseline_traversal.cql,measured,two_call_baseline,0,1.788375,18,TRUE,TRUE
paper-7581-topk-3-depth-2,baseline_vector_search.cql + baseline_traversal.cql,measured,two_call_baseline,0,16.865208,1012,TRUE,TRUE
paper-7581-topk-5-depth-0,baseline_vector_search.cql + baseline_traversal.cql,measured,two_call_baseline,0,1.577000,5,TRUE,TRUE
paper-7581-topk-5-depth-1,baseline_vector_search.cql + baseline_traversal.cql,measured,two_call_baseline,0,2.016667,26,TRUE,TRUE
paper-7581-topk-5-depth-2,baseline_vector_search.cql + baseline_traversal.cql,measured,two_call_baseline,0,20.644500,1139,TRUE,TRUE
paper-7581-topk-10-depth-0,baseline_vector_search.cql + baseline_traversal.cql,measured,two_call_baseline,0,2.139125,10,TRUE,TRUE
paper-7581-topk-10-depth-1,baseline_vector_search.cql + baseline_traversal.cql,measured,two_call_baseline,0,3.006500,85,TRUE,TRUE
paper-7581-topk-10-depth-2,baseline_vector_search.cql + baseline_traversal.cql,measured,two_call_baseline,0,28.943583,1759,TRUE,TRUE
paper-63500-topk-1-depth-0,baseline_vector_search.cql + baseline_traversal.cql,measured,two_call_baseline,0,1.241167,1,TRUE,TRUE
paper-63500-topk-1-depth-1,baseline_vector_search.cql + baseline_traversal.cql,measured,two_call_baseline,0,1.358250,11,TRUE,TRUE
paper-63500-topk-1-depth-2,baseline_vector_search.cql + baseline_traversal.cql,measured,two_call_baseline,0,228.287792,14312,TRUE,TRUE
paper-63500-topk-3-depth-0,baseline_vector_search.cql + baseline_traversal.cql,measured,two_call_baseline,0,1.504125,3,TRUE,TRUE
paper-63500-topk-3-depth-1,baseline_vector_search.cql + baseline_traversal.cql,measured,two_call_baseline,0,3.203791,114,TRUE,TRUE
paper-63500-topk-3-depth-2,baseline_vector_search.cql + baseline_traversal.cql,measured,two_call_baseline,0,494.053208,30408,TRUE,TRUE
paper-63500-topk-5-depth-0,baseline_vector_search.cql + baseline_traversal.cql,measured,two_call_baseline,0,1.602417,5,TRUE,TRUE
paper-63500-topk-5-depth-1,baseline_vector_search.cql + baseline_traversal.cql,measured,two_call_baseline,0,4.002458,165,TRUE,TRUE
paper-63500-topk-5-depth-2,baseline_vector_search.cql + baseline_traversal.cql,measured,two_call_baseline,0,606.305459,36598,TRUE,TRUE
paper-63500-topk-10-depth-0,baseline_vector_search.cql + baseline_traversal.cql,measured,two_call_baseline,0,1.975958,10,TRUE,TRUE
paper-63500-topk-10-depth-1,baseline_vector_search.cql + baseline_traversal.cql,measured,two_call_baseline,0,5.082958,216,TRUE,TRUE
paper-63500-topk-10-depth-2,baseline_vector_search.cql + baseline_traversal.cql,measured,two_call_baseline,0,652.418750,38414,TRUE,TRUE
paper-105040-topk-1-depth-0,baseline_vector_search.cql + baseline_traversal.cql,measured,two_call_baseline,0,1.326750,1,TRUE,TRUE
paper-105040-topk-1-depth-1,baseline_vector_search.cql + baseline_traversal.cql,measured,two_call_baseline,0,1.766083,30,TRUE,TRUE
paper-105040-topk-1-depth-2,baseline_vector_search.cql + baseline_traversal.cql,measured,two_call_baseline,0,361.812041,22149,TRUE,TRUE
paper-105040-topk-3-depth-0,baseline_vector_search.cql + baseline_traversal.cql,measured,two_call_baseline,0,1.728833,3,TRUE,TRUE
paper-105040-topk-3-depth-1,baseline_vector_search.cql + baseline_traversal.cql,measured,two_call_baseline,0,2.590750,67,TRUE,TRUE
paper-105040-topk-3-depth-2,baseline_vector_search.cql + baseline_traversal.cql,measured,two_call_baseline,0,499.153292,30948,TRUE,TRUE
paper-105040-topk-5-depth-0,baseline_vector_search.cql + baseline_traversal.cql,measured,two_call_baseline,0,1.662667,5,TRUE,TRUE
paper-105040-topk-5-depth-1,baseline_vector_search.cql + baseline_traversal.cql,measured,two_call_baseline,0,3.432042,120,TRUE,TRUE
paper-105040-topk-5-depth-2,baseline_vector_search.cql + baseline_traversal.cql,measured,two_call_baseline,0,547.426541,32928,TRUE,TRUE
paper-105040-topk-10-depth-0,baseline_vector_search.cql + baseline_traversal.cql,measured,two_call_baseline,0,2.219875,10,TRUE,TRUE
paper-105040-topk-10-depth-1,baseline_vector_search.cql + baseline_traversal.cql,measured,two_call_baseline,0,6.059291,269,TRUE,TRUE
paper-105040-topk-10-depth-2,baseline_vector_search.cql + baseline_traversal.cql,measured,two_call_baseline,0,629.400792,37170,TRUE,TRUE
paper-121550-topk-1-depth-0,baseline_vector_search.cql + baseline_traversal.cql,measured,two_call_baseline,0,1.391416,1,TRUE,TRUE
paper-121550-topk-1-depth-1,baseline_vector_search.cql + baseline_traversal.cql,measured,two_call_baseline,0,1.388208,6,TRUE,TRUE
paper-121550-topk-1-depth-2,baseline_vector_search.cql + baseline_traversal.cql,measured,two_call_baseline,0,2.101625,49,TRUE,TRUE
paper-121550-topk-3-depth-0,baseline_vector_search.cql + baseline_traversal.cql,measured,two_call_baseline,0,1.343500,3,TRUE,TRUE
paper-121550-topk-3-depth-1,baseline_vector_search.cql + baseline_traversal.cql,measured,two_call_baseline,0,1.671875,23,TRUE,TRUE
paper-121550-topk-3-depth-2,baseline_vector_search.cql + baseline_traversal.cql,measured,two_call_baseline,0,380.635375,24027,TRUE,TRUE
paper-121550-topk-5-depth-0,baseline_vector_search.cql + baseline_traversal.cql,measured,two_call_baseline,0,1.598833,5,TRUE,TRUE
paper-121550-topk-5-depth-1,baseline_vector_search.cql + baseline_traversal.cql,measured,two_call_baseline,0,2.321917,54,TRUE,TRUE
paper-121550-topk-5-depth-2,baseline_vector_search.cql + baseline_traversal.cql,measured,two_call_baseline,0,388.450625,24375,TRUE,TRUE
paper-121550-topk-10-depth-0,baseline_vector_search.cql + baseline_traversal.cql,measured,two_call_baseline,0,2.127000,10,TRUE,TRUE
paper-121550-topk-10-depth-1,baseline_vector_search.cql + baseline_traversal.cql,measured,two_call_baseline,0,3.461959,88,TRUE,TRUE
paper-121550-topk-10-depth-2,baseline_vector_search.cql + baseline_traversal.cql,measured,two_call_baseline,0,389.154834,24514,TRUE,TRUE
paper-143658-topk-1-depth-0,baseline_vector_search.cql + baseline_traversal.cql,measured,two_call_baseline,0,1.378792,1,TRUE,TRUE
paper-143658-topk-1-depth-1,baseline_vector_search.cql + baseline_traversal.cql,measured,two_call_baseline,0,1.503500,14,TRUE,TRUE
paper-143658-topk-1-depth-2,baseline_vector_search.cql + baseline_traversal.cql,measured,two_call_baseline,0,10.043708,569,TRUE,TRUE
paper-143658-topk-3-depth-0,baseline_vector_search.cql + baseline_traversal.cql,measured,two_call_baseline,0,1.474375,3,TRUE,TRUE
paper-143658-topk-3-depth-1,baseline_vector_search.cql + baseline_traversal.cql,measured,two_call_baseline,0,1.898875,25,TRUE,TRUE
paper-143658-topk-3-depth-2,baseline_vector_search.cql + baseline_traversal.cql,measured,two_call_baseline,0,8.629375,463,TRUE,TRUE
paper-143658-topk-5-depth-0,baseline_vector_search.cql + baseline_traversal.cql,measured,two_call_baseline,0,1.530666,5,TRUE,TRUE
paper-143658-topk-5-depth-1,baseline_vector_search.cql + baseline_traversal.cql,measured,two_call_baseline,0,2.065875,40,TRUE,TRUE
paper-143658-topk-5-depth-2,baseline_vector_search.cql + baseline_traversal.cql,measured,two_call_baseline,0,11.476375,661,TRUE,TRUE
paper-143658-topk-10-depth-0,baseline_vector_search.cql + baseline_traversal.cql,measured,two_call_baseline,0,1.905333,10,TRUE,TRUE
paper-143658-topk-10-depth-1,baseline_vector_search.cql + baseline_traversal.cql,measured,two_call_baseline,0,3.032166,77,TRUE,TRUE
paper-143658-topk-10-depth-2,baseline_vector_search.cql + baseline_traversal.cql,measured,two_call_baseline,0,27.357542,1654,TRUE,TRUE
paper-38425-topk-1-depth-0,baseline_vector_search.cql + baseline_traversal.cql,measured,two_call_baseline,0,1.218958,1,TRUE,TRUE
paper-38425-topk-1-depth-1,baseline_vector_search.cql + baseline_traversal.cql,measured,two_call_baseline,0,1.237208,4,TRUE,TRUE
paper-38425-topk-1-depth-2,baseline_vector_search.cql + baseline_traversal.cql,measured,two_call_baseline,0,53.444792,3405,TRUE,TRUE
paper-38425-topk-3-depth-0,baseline_vector_search.cql + baseline_traversal.cql,measured,two_call_baseline,0,1.373000,3,TRUE,TRUE
paper-38425-topk-3-depth-1,baseline_vector_search.cql + baseline_traversal.cql,measured,two_call_baseline,0,1.500292,15,TRUE,TRUE
paper-38425-topk-3-depth-2,baseline_vector_search.cql + baseline_traversal.cql,measured,two_call_baseline,0,194.982084,12234,TRUE,TRUE
paper-38425-topk-5-depth-0,baseline_vector_search.cql + baseline_traversal.cql,measured,two_call_baseline,0,1.641833,5,TRUE,TRUE
paper-38425-topk-5-depth-1,baseline_vector_search.cql + baseline_traversal.cql,measured,two_call_baseline,0,2.113083,46,TRUE,TRUE
paper-38425-topk-5-depth-2,baseline_vector_search.cql + baseline_traversal.cql,measured,two_call_baseline,0,267.453208,16558,TRUE,TRUE
paper-38425-topk-10-depth-0,baseline_vector_search.cql + baseline_traversal.cql,measured,two_call_baseline,0,2.071334,10,TRUE,TRUE
paper-38425-topk-10-depth-1,baseline_vector_search.cql + baseline_traversal.cql,measured,two_call_baseline,0,3.631667,101,TRUE,TRUE
paper-38425-topk-10-depth-2,baseline_vector_search.cql + baseline_traversal.cql,measured,two_call_baseline,0,365.692791,22135,TRUE,TRUE
paper-152028-topk-1-depth-0,baseline_vector_search.cql + baseline_traversal.cql,measured,two_call_baseline,0,1.447666,1,TRUE,TRUE
paper-152028-topk-1-depth-1,baseline_vector_search.cql + baseline_traversal.cql,measured,two_call_baseline,0,1.852916,30,TRUE,TRUE
paper-152028-topk-1-depth-2,baseline_vector_search.cql + baseline_traversal.cql,measured,two_call_baseline,0,275.850208,17085,TRUE,TRUE
paper-152028-topk-3-depth-0,baseline_vector_search.cql + baseline_traversal.cql,measured,two_call_baseline,0,1.632416,3,TRUE,TRUE
paper-152028-topk-3-depth-1,baseline_vector_search.cql + baseline_traversal.cql,measured,two_call_baseline,0,2.154791,46,TRUE,TRUE
paper-152028-topk-3-depth-2,baseline_vector_search.cql + baseline_traversal.cql,measured,two_call_baseline,0,325.929125,20119,TRUE,TRUE
paper-152028-topk-5-depth-0,baseline_vector_search.cql + baseline_traversal.cql,measured,two_call_baseline,0,1.671292,5,TRUE,TRUE
paper-152028-topk-5-depth-1,baseline_vector_search.cql + baseline_traversal.cql,measured,two_call_baseline,0,2.656917,74,TRUE,TRUE
paper-152028-topk-5-depth-2,baseline_vector_search.cql + baseline_traversal.cql,measured,two_call_baseline,0,561.839375,34133,TRUE,TRUE
paper-152028-topk-10-depth-0,baseline_vector_search.cql + baseline_traversal.cql,measured,two_call_baseline,0,2.243666,10,TRUE,TRUE
paper-152028-topk-10-depth-1,baseline_vector_search.cql + baseline_traversal.cql,measured,two_call_baseline,0,4.137917,153,TRUE,TRUE
paper-152028-topk-10-depth-2,baseline_vector_search.cql + baseline_traversal.cql,measured,two_call_baseline,0,636.287458,37455,TRUE,TRUE
paper-147351-topk-1-depth-0,baseline_vector_search.cql + baseline_traversal.cql,measured,two_call_baseline,0,1.324666,1,TRUE,TRUE
paper-147351-topk-1-depth-1,baseline_vector_search.cql + baseline_traversal.cql,measured,two_call_baseline,0,1.345042,6,TRUE,TRUE
paper-147351-topk-1-depth-2,baseline_vector_search.cql + baseline_traversal.cql,measured,two_call_baseline,0,1.731500,32,TRUE,TRUE
paper-147351-topk-3-depth-0,baseline_vector_search.cql + baseline_traversal.cql,measured,two_call_baseline,0,1.499625,3,TRUE,TRUE
paper-147351-topk-3-depth-1,baseline_vector_search.cql + baseline_traversal.cql,measured,two_call_baseline,0,2.136875,42,TRUE,TRUE
paper-147351-topk-3-depth-2,baseline_vector_search.cql + baseline_traversal.cql,measured,two_call_baseline,0,17.916000,1073,TRUE,TRUE
paper-147351-topk-5-depth-0,baseline_vector_search.cql + baseline_traversal.cql,measured,two_call_baseline,0,1.592500,5,TRUE,TRUE
paper-147351-topk-5-depth-1,baseline_vector_search.cql + baseline_traversal.cql,measured,two_call_baseline,0,2.228750,45,TRUE,TRUE
paper-147351-topk-5-depth-2,baseline_vector_search.cql + baseline_traversal.cql,measured,two_call_baseline,0,14.292208,854,TRUE,TRUE
paper-147351-topk-10-depth-0,baseline_vector_search.cql + baseline_traversal.cql,measured,two_call_baseline,0,1.970667,10,TRUE,TRUE
paper-147351-topk-10-depth-1,baseline_vector_search.cql + baseline_traversal.cql,measured,two_call_baseline,0,2.841083,72,TRUE,TRUE
paper-147351-topk-10-depth-2,baseline_vector_search.cql + baseline_traversal.cql,measured,two_call_baseline,0,23.477042,1406,TRUE,TRUE
paper-141447-topk-1-depth-0,baseline_vector_search.cql + baseline_traversal.cql,measured,two_call_baseline,0,1.295583,1,TRUE,TRUE
paper-141447-topk-1-depth-1,baseline_vector_search.cql + baseline_traversal.cql,measured,two_call_baseline,0,1.358042,9,TRUE,TRUE
paper-141447-topk-1-depth-2,baseline_vector_search.cql + baseline_traversal.cql,measured,two_call_baseline,0,2.910416,110,TRUE,TRUE
paper-141447-topk-3-depth-0,baseline_vector_search.cql + baseline_traversal.cql,measured,two_call_baseline,0,1.357542,3,TRUE,TRUE
paper-141447-topk-3-depth-1,baseline_vector_search.cql + baseline_traversal.cql,measured,two_call_baseline,0,1.540834,14,TRUE,TRUE
paper-141447-topk-3-depth-2,baseline_vector_search.cql + baseline_traversal.cql,measured,two_call_baseline,0,3.221209,120,TRUE,TRUE
paper-141447-topk-5-depth-0,baseline_vector_search.cql + baseline_traversal.cql,measured,two_call_baseline,0,1.592959,5,TRUE,TRUE
paper-141447-topk-5-depth-1,baseline_vector_search.cql + baseline_traversal.cql,measured,two_call_baseline,0,1.960084,32,TRUE,TRUE
paper-141447-topk-5-depth-2,baseline_vector_search.cql + baseline_traversal.cql,measured,two_call_baseline,0,6.388791,318,TRUE,TRUE
paper-141447-topk-10-depth-0,baseline_vector_search.cql + baseline_traversal.cql,measured,two_call_baseline,0,1.839750,10,TRUE,TRUE
paper-141447-topk-10-depth-1,baseline_vector_search.cql + baseline_traversal.cql,measured,two_call_baseline,0,2.595416,61,TRUE,TRUE
paper-141447-topk-10-depth-2,baseline_vector_search.cql + baseline_traversal.cql,measured,two_call_baseline,0,15.711916,911,TRUE,TRUE
paper-98308-topk-1-depth-0,baseline_vector_search.cql + baseline_traversal.cql,measured,two_call_baseline,0,1.261750,1,TRUE,TRUE
paper-98308-topk-1-depth-1,baseline_vector_search.cql + baseline_traversal.cql,measured,two_call_baseline,0,1.518791,18,TRUE,TRUE
paper-98308-topk-1-depth-2,baseline_vector_search.cql + baseline_traversal.cql,measured,two_call_baseline,0,9.331958,536,TRUE,TRUE
paper-98308-topk-3-depth-0,baseline_vector_search.cql + baseline_traversal.cql,measured,two_call_baseline,0,1.717709,3,TRUE,TRUE
paper-98308-topk-3-depth-1,baseline_vector_search.cql + baseline_traversal.cql,measured,two_call_baseline,0,1.938375,43,TRUE,TRUE
paper-98308-topk-3-depth-2,baseline_vector_search.cql + baseline_traversal.cql,measured,two_call_baseline,0,27.832000,1687,TRUE,TRUE
paper-98308-topk-5-depth-0,baseline_vector_search.cql + baseline_traversal.cql,measured,two_call_baseline,0,1.562500,5,TRUE,TRUE
paper-98308-topk-5-depth-1,baseline_vector_search.cql + baseline_traversal.cql,measured,two_call_baseline,0,3.051417,53,TRUE,TRUE
paper-98308-topk-5-depth-2,baseline_vector_search.cql + baseline_traversal.cql,measured,two_call_baseline,0,40.683125,2494,TRUE,TRUE
paper-98308-topk-10-depth-0,baseline_vector_search.cql + baseline_traversal.cql,measured,two_call_baseline,0,1.886458,10,TRUE,TRUE
paper-98308-topk-10-depth-1,baseline_vector_search.cql + baseline_traversal.cql,measured,two_call_baseline,0,3.230750,97,TRUE,TRUE
paper-98308-topk-10-depth-2,baseline_vector_search.cql + baseline_traversal.cql,measured,two_call_baseline,0,52.766500,3083,TRUE,TRUE
paper-41606-topk-1-depth-0,baseline_vector_search.cql + baseline_traversal.cql,measured,two_call_baseline,0,1.212916,1,TRUE,TRUE
paper-41606-topk-1-depth-1,baseline_vector_search.cql + baseline_traversal.cql,measured,two_call_baseline,0,1.245583,5,TRUE,TRUE
paper-41606-topk-1-depth-2,baseline_vector_search.cql + baseline_traversal.cql,measured,two_call_baseline,0,282.887792,17762,TRUE,TRUE
paper-41606-topk-3-depth-0,baseline_vector_search.cql + baseline_traversal.cql,measured,two_call_baseline,0,1.437667,3,TRUE,TRUE
paper-41606-topk-3-depth-1,baseline_vector_search.cql + baseline_traversal.cql,measured,two_call_baseline,0,1.433875,14,TRUE,TRUE
paper-41606-topk-3-depth-2,baseline_vector_search.cql + baseline_traversal.cql,measured,two_call_baseline,0,297.771083,17915,TRUE,TRUE
paper-41606-topk-5-depth-0,baseline_vector_search.cql + baseline_traversal.cql,measured,two_call_baseline,0,1.863584,5,TRUE,TRUE
paper-41606-topk-5-depth-1,baseline_vector_search.cql + baseline_traversal.cql,measured,two_call_baseline,0,2.316792,57,TRUE,TRUE
paper-41606-topk-5-depth-2,baseline_vector_search.cql + baseline_traversal.cql,measured,two_call_baseline,0,301.286834,18707,TRUE,TRUE
paper-41606-topk-10-depth-0,baseline_vector_search.cql + baseline_traversal.cql,measured,two_call_baseline,0,1.780583,10,TRUE,TRUE
paper-41606-topk-10-depth-1,baseline_vector_search.cql + baseline_traversal.cql,measured,two_call_baseline,0,3.011750,89,TRUE,TRUE
paper-41606-topk-10-depth-2,baseline_vector_search.cql + baseline_traversal.cql,measured,two_call_baseline,0,382.607250,23763,TRUE,TRUE
paper-81438-topk-1-depth-0,baseline_vector_search.cql + baseline_traversal.cql,measured,two_call_baseline,0,1.363917,1,TRUE,TRUE
paper-81438-topk-1-depth-1,baseline_vector_search.cql + baseline_traversal.cql,measured,two_call_baseline,0,1.365083,7,TRUE,TRUE
paper-81438-topk-1-depth-2,baseline_vector_search.cql + baseline_traversal.cql,measured,two_call_baseline,0,11.976416,711,TRUE,TRUE
paper-81438-topk-3-depth-0,baseline_vector_search.cql + baseline_traversal.cql,measured,two_call_baseline,0,1.502417,3,TRUE,TRUE
paper-81438-topk-3-depth-1,baseline_vector_search.cql + baseline_traversal.cql,measured,two_call_baseline,0,2.254083,53,TRUE,TRUE
paper-81438-topk-3-depth-2,baseline_vector_search.cql + baseline_traversal.cql,measured,two_call_baseline,0,32.161500,1971,TRUE,TRUE
paper-81438-topk-5-depth-0,baseline_vector_search.cql + baseline_traversal.cql,measured,two_call_baseline,0,1.475208,5,TRUE,TRUE
paper-81438-topk-5-depth-1,baseline_vector_search.cql + baseline_traversal.cql,measured,two_call_baseline,0,2.618167,76,TRUE,TRUE
paper-81438-topk-5-depth-2,baseline_vector_search.cql + baseline_traversal.cql,measured,two_call_baseline,0,32.968042,2016,TRUE,TRUE
paper-81438-topk-10-depth-0,baseline_vector_search.cql + baseline_traversal.cql,measured,two_call_baseline,0,1.899000,10,TRUE,TRUE
paper-81438-topk-10-depth-1,baseline_vector_search.cql + baseline_traversal.cql,measured,two_call_baseline,0,4.231041,167,TRUE,TRUE
paper-81438-topk-10-depth-2,baseline_vector_search.cql + baseline_traversal.cql,measured,two_call_baseline,0,45.417875,2768,TRUE,TRUE
paper-40932-topk-1-depth-0,baseline_vector_search.cql + baseline_traversal.cql,measured,two_call_baseline,0,1.334542,1,TRUE,TRUE
paper-40932-topk-1-depth-1,baseline_vector_search.cql + baseline_traversal.cql,measured,two_call_baseline,0,1.321708,2,TRUE,TRUE
paper-40932-topk-1-depth-2,baseline_vector_search.cql + baseline_traversal.cql,measured,two_call_baseline,0,1.391625,7,TRUE,TRUE
paper-40932-topk-3-depth-0,baseline_vector_search.cql + baseline_traversal.cql,measured,two_call_baseline,0,1.495542,3,TRUE,TRUE
paper-40932-topk-3-depth-1,baseline_vector_search.cql + baseline_traversal.cql,measured,two_call_baseline,0,1.792666,26,TRUE,TRUE
paper-40932-topk-3-depth-2,baseline_vector_search.cql + baseline_traversal.cql,measured,two_call_baseline,0,5.657375,270,TRUE,TRUE
paper-40932-topk-5-depth-0,baseline_vector_search.cql + baseline_traversal.cql,measured,two_call_baseline,0,1.564500,5,TRUE,TRUE
paper-40932-topk-5-depth-1,baseline_vector_search.cql + baseline_traversal.cql,measured,two_call_baseline,0,2.061167,38,TRUE,TRUE
paper-40932-topk-5-depth-2,baseline_vector_search.cql + baseline_traversal.cql,measured,two_call_baseline,0,8.015583,433,TRUE,TRUE
paper-40932-topk-10-depth-0,baseline_vector_search.cql + baseline_traversal.cql,measured,two_call_baseline,0,1.770083,10,TRUE,TRUE
paper-40932-topk-10-depth-1,baseline_vector_search.cql + baseline_traversal.cql,measured,two_call_baseline,0,3.744375,128,TRUE,TRUE
paper-40932-topk-10-depth-2,baseline_vector_search.cql + baseline_traversal.cql,measured,two_call_baseline,0,411.947959,25892,TRUE,TRUE
paper-98794-topk-1-depth-0,baseline_vector_search.cql + baseline_traversal.cql,measured,two_call_baseline,0,1.329167,1,TRUE,TRUE
paper-98794-topk-1-depth-1,baseline_vector_search.cql + baseline_traversal.cql,measured,two_call_baseline,0,1.370750,7,TRUE,TRUE
paper-98794-topk-1-depth-2,baseline_vector_search.cql + baseline_traversal.cql,measured,two_call_baseline,0,2.489750,83,TRUE,TRUE
paper-98794-topk-3-depth-0,baseline_vector_search.cql + baseline_traversal.cql,measured,two_call_baseline,0,1.362333,3,TRUE,TRUE
paper-98794-topk-3-depth-1,baseline_vector_search.cql + baseline_traversal.cql,measured,two_call_baseline,0,1.724584,26,TRUE,TRUE
paper-98794-topk-3-depth-2,baseline_vector_search.cql + baseline_traversal.cql,measured,two_call_baseline,0,121.888334,7709,TRUE,TRUE
paper-98794-topk-5-depth-0,baseline_vector_search.cql + baseline_traversal.cql,measured,two_call_baseline,0,1.611083,5,TRUE,TRUE
paper-98794-topk-5-depth-1,baseline_vector_search.cql + baseline_traversal.cql,measured,two_call_baseline,0,2.143125,39,TRUE,TRUE
paper-98794-topk-5-depth-2,baseline_vector_search.cql + baseline_traversal.cql,measured,two_call_baseline,0,145.294917,9188,TRUE,TRUE
paper-98794-topk-10-depth-0,baseline_vector_search.cql + baseline_traversal.cql,measured,two_call_baseline,0,1.952875,10,TRUE,TRUE
paper-98794-topk-10-depth-1,baseline_vector_search.cql + baseline_traversal.cql,measured,two_call_baseline,0,2.917000,77,TRUE,TRUE
paper-98794-topk-10-depth-2,baseline_vector_search.cql + baseline_traversal.cql,measured,two_call_baseline,0,319.820416,19963,TRUE,TRUE
paper-156069-topk-1-depth-0,baseline_vector_search.cql + baseline_traversal.cql,measured,two_call_baseline,0,1.293292,1,TRUE,TRUE
paper-156069-topk-1-depth-1,baseline_vector_search.cql + baseline_traversal.cql,measured,two_call_baseline,0,1.681333,31,TRUE,TRUE
paper-156069-topk-1-depth-2,baseline_vector_search.cql + baseline_traversal.cql,measured,two_call_baseline,0,239.701166,14981,TRUE,TRUE
paper-156069-topk-3-depth-0,baseline_vector_search.cql + baseline_traversal.cql,measured,two_call_baseline,0,1.513375,3,TRUE,TRUE
paper-156069-topk-3-depth-1,baseline_vector_search.cql + baseline_traversal.cql,measured,two_call_baseline,0,2.422750,72,TRUE,TRUE
paper-156069-topk-3-depth-2,baseline_vector_search.cql + baseline_traversal.cql,measured,two_call_baseline,0,306.837750,19304,TRUE,TRUE
paper-156069-topk-5-depth-0,baseline_vector_search.cql + baseline_traversal.cql,measured,two_call_baseline,0,1.860875,5,TRUE,TRUE
paper-156069-topk-5-depth-1,baseline_vector_search.cql + baseline_traversal.cql,measured,two_call_baseline,0,2.907792,78,TRUE,TRUE
paper-156069-topk-5-depth-2,baseline_vector_search.cql + baseline_traversal.cql,measured,two_call_baseline,0,307.258500,19342,TRUE,TRUE
paper-156069-topk-10-depth-0,baseline_vector_search.cql + baseline_traversal.cql,measured,two_call_baseline,0,2.066667,10,TRUE,TRUE
paper-156069-topk-10-depth-1,baseline_vector_search.cql + baseline_traversal.cql,measured,two_call_baseline,0,3.388084,97,TRUE,TRUE
paper-156069-topk-10-depth-2,baseline_vector_search.cql + baseline_traversal.cql,measured,two_call_baseline,0,318.351209,19952,TRUE,TRUE
paper-88108-topk-1-depth-0,baseline_vector_search.cql + baseline_traversal.cql,measured,two_call_baseline,0,1.385125,1,TRUE,TRUE
paper-88108-topk-1-depth-1,baseline_vector_search.cql + baseline_traversal.cql,measured,two_call_baseline,0,1.883875,40,TRUE,TRUE
paper-88108-topk-1-depth-2,baseline_vector_search.cql + baseline_traversal.cql,measured,two_call_baseline,0,43.349292,2729,TRUE,TRUE
paper-88108-topk-3-depth-0,baseline_vector_search.cql + baseline_traversal.cql,measured,two_call_baseline,0,1.433708,3,TRUE,TRUE
paper-88108-topk-3-depth-1,baseline_vector_search.cql + baseline_traversal.cql,measured,two_call_baseline,0,2.436875,65,TRUE,TRUE
paper-88108-topk-3-depth-2,baseline_vector_search.cql + baseline_traversal.cql,measured,two_call_baseline,0,71.442625,4493,TRUE,TRUE
paper-88108-topk-5-depth-0,baseline_vector_search.cql + baseline_traversal.cql,measured,two_call_baseline,0,1.536416,5,TRUE,TRUE
paper-88108-topk-5-depth-1,baseline_vector_search.cql + baseline_traversal.cql,measured,two_call_baseline,0,3.385000,125,TRUE,TRUE
paper-88108-topk-5-depth-2,baseline_vector_search.cql + baseline_traversal.cql,measured,two_call_baseline,0,163.480125,10253,TRUE,TRUE
paper-88108-topk-10-depth-0,baseline_vector_search.cql + baseline_traversal.cql,measured,two_call_baseline,0,1.944167,10,TRUE,TRUE
paper-88108-topk-10-depth-1,baseline_vector_search.cql + baseline_traversal.cql,measured,two_call_baseline,0,5.891250,269,TRUE,TRUE
paper-88108-topk-10-depth-2,baseline_vector_search.cql + baseline_traversal.cql,measured,two_call_baseline,0,416.369917,25478,TRUE,TRUE
paper-34050-topk-1-depth-0,baseline_vector_search.cql + baseline_traversal.cql,measured,two_call_baseline,0,1.280916,1,TRUE,TRUE
paper-34050-topk-1-depth-1,baseline_vector_search.cql + baseline_traversal.cql,measured,two_call_baseline,0,1.472958,15,TRUE,TRUE
paper-34050-topk-1-depth-2,baseline_vector_search.cql + baseline_traversal.cql,measured,two_call_baseline,0,197.793916,12662,TRUE,TRUE
paper-34050-topk-3-depth-0,baseline_vector_search.cql + baseline_traversal.cql,measured,two_call_baseline,0,1.573583,3,TRUE,TRUE
paper-34050-topk-3-depth-1,baseline_vector_search.cql + baseline_traversal.cql,measured,two_call_baseline,0,2.240791,53,TRUE,TRUE
paper-34050-topk-3-depth-2,baseline_vector_search.cql + baseline_traversal.cql,measured,two_call_baseline,0,296.319667,18579,TRUE,TRUE
paper-34050-topk-5-depth-0,baseline_vector_search.cql + baseline_traversal.cql,measured,two_call_baseline,0,1.824334,5,TRUE,TRUE
paper-34050-topk-5-depth-1,baseline_vector_search.cql + baseline_traversal.cql,measured,two_call_baseline,0,4.422917,161,TRUE,TRUE
paper-34050-topk-5-depth-2,baseline_vector_search.cql + baseline_traversal.cql,measured,two_call_baseline,0,496.110791,30790,TRUE,TRUE
paper-34050-topk-10-depth-0,baseline_vector_search.cql + baseline_traversal.cql,measured,two_call_baseline,0,1.927291,10,TRUE,TRUE
paper-34050-topk-10-depth-1,baseline_vector_search.cql + baseline_traversal.cql,measured,two_call_baseline,0,5.330833,230,TRUE,TRUE
paper-34050-topk-10-depth-2,baseline_vector_search.cql + baseline_traversal.cql,measured,two_call_baseline,0,514.545625,31792,TRUE,TRUE
paper-167409-topk-1-depth-0,baseline_vector_search.cql + baseline_traversal.cql,measured,two_call_baseline,0,1.357625,1,TRUE,TRUE
paper-167409-topk-1-depth-1,baseline_vector_search.cql + baseline_traversal.cql,measured,two_call_baseline,0,1.253333,3,TRUE,TRUE
paper-167409-topk-1-depth-2,baseline_vector_search.cql + baseline_traversal.cql,measured,two_call_baseline,0,1.580542,14,TRUE,TRUE
paper-167409-topk-3-depth-0,baseline_vector_search.cql + baseline_traversal.cql,measured,two_call_baseline,0,1.655500,3,TRUE,TRUE
paper-167409-topk-3-depth-1,baseline_vector_search.cql + baseline_traversal.cql,measured,two_call_baseline,0,2.392750,9,TRUE,TRUE
paper-167409-topk-3-depth-2,baseline_vector_search.cql + baseline_traversal.cql,measured,two_call_baseline,0,2.623583,36,TRUE,TRUE
paper-167409-topk-5-depth-0,baseline_vector_search.cql + baseline_traversal.cql,measured,two_call_baseline,0,1.925166,5,TRUE,TRUE
paper-167409-topk-5-depth-1,baseline_vector_search.cql + baseline_traversal.cql,measured,two_call_baseline,0,2.979750,53,TRUE,TRUE
paper-167409-topk-5-depth-2,baseline_vector_search.cql + baseline_traversal.cql,measured,two_call_baseline,0,122.888041,7646,TRUE,TRUE
paper-167409-topk-10-depth-0,baseline_vector_search.cql + baseline_traversal.cql,measured,two_call_baseline,0,1.888958,10,TRUE,TRUE
paper-167409-topk-10-depth-1,baseline_vector_search.cql + baseline_traversal.cql,measured,two_call_baseline,0,3.253625,96,TRUE,TRUE
paper-167409-topk-10-depth-2,baseline_vector_search.cql + baseline_traversal.cql,measured,two_call_baseline,0,430.705041,26576,TRUE,TRUE
paper-74144-topk-1-depth-0,baseline_vector_search.cql + baseline_traversal.cql,measured,two_call_baseline,0,1.349500,1,TRUE,TRUE
paper-74144-topk-1-depth-1,baseline_vector_search.cql + baseline_traversal.cql,measured,two_call_baseline,0,1.699209,31,TRUE,TRUE
paper-74144-topk-1-depth-2,baseline_vector_search.cql + baseline_traversal.cql,measured,two_call_baseline,0,9.461292,528,TRUE,TRUE
paper-74144-topk-3-depth-0,baseline_vector_search.cql + baseline_traversal.cql,measured,two_call_baseline,0,1.386833,3,TRUE,TRUE
paper-74144-topk-3-depth-1,baseline_vector_search.cql + baseline_traversal.cql,measured,two_call_baseline,0,2.100875,39,TRUE,TRUE
paper-74144-topk-3-depth-2,baseline_vector_search.cql + baseline_traversal.cql,measured,two_call_baseline,0,13.404083,774,TRUE,TRUE
paper-74144-topk-5-depth-0,baseline_vector_search.cql + baseline_traversal.cql,measured,two_call_baseline,0,1.528417,5,TRUE,TRUE
paper-74144-topk-5-depth-1,baseline_vector_search.cql + baseline_traversal.cql,measured,two_call_baseline,0,2.443084,58,TRUE,TRUE
paper-74144-topk-5-depth-2,baseline_vector_search.cql + baseline_traversal.cql,measured,two_call_baseline,0,59.059583,1310,TRUE,TRUE
paper-74144-topk-10-depth-0,baseline_vector_search.cql + baseline_traversal.cql,measured,two_call_baseline,0,2.975625,10,TRUE,TRUE
paper-74144-topk-10-depth-1,baseline_vector_search.cql + baseline_traversal.cql,measured,two_call_baseline,0,13.188875,197,TRUE,TRUE
paper-74144-topk-10-depth-2,baseline_vector_search.cql + baseline_traversal.cql,measured,two_call_baseline,0,67.139708,3509,TRUE,TRUE
paper-140721-topk-1-depth-0,baseline_vector_search.cql + baseline_traversal.cql,measured,two_call_baseline,0,1.559833,1,TRUE,TRUE
paper-140721-topk-1-depth-1,baseline_vector_search.cql + baseline_traversal.cql,measured,two_call_baseline,0,1.602958,4,TRUE,TRUE
paper-140721-topk-1-depth-2,baseline_vector_search.cql + baseline_traversal.cql,measured,two_call_baseline,0,6.020583,243,TRUE,TRUE
paper-140721-topk-3-depth-0,baseline_vector_search.cql + baseline_traversal.cql,measured,two_call_baseline,0,1.686709,3,TRUE,TRUE
paper-140721-topk-3-depth-1,baseline_vector_search.cql + baseline_traversal.cql,measured,two_call_baseline,0,1.904542,33,TRUE,TRUE
paper-140721-topk-3-depth-2,baseline_vector_search.cql + baseline_traversal.cql,measured,two_call_baseline,0,26.950875,1597,TRUE,TRUE
paper-140721-topk-5-depth-0,baseline_vector_search.cql + baseline_traversal.cql,measured,two_call_baseline,0,1.632375,5,TRUE,TRUE
paper-140721-topk-5-depth-1,baseline_vector_search.cql + baseline_traversal.cql,measured,two_call_baseline,0,2.449917,60,TRUE,TRUE
paper-140721-topk-5-depth-2,baseline_vector_search.cql + baseline_traversal.cql,measured,two_call_baseline,0,29.092042,1711,TRUE,TRUE
paper-140721-topk-10-depth-0,baseline_vector_search.cql + baseline_traversal.cql,measured,two_call_baseline,0,1.852125,10,TRUE,TRUE
paper-140721-topk-10-depth-1,baseline_vector_search.cql + baseline_traversal.cql,measured,two_call_baseline,0,3.636375,117,TRUE,TRUE
paper-140721-topk-10-depth-2,baseline_vector_search.cql + baseline_traversal.cql,measured,two_call_baseline,0,42.973125,2483,TRUE,TRUE
paper-15797-topk-1-depth-0,baseline_vector_search.cql + baseline_traversal.cql,measured,two_call_baseline,0,1.385750,1,TRUE,TRUE
paper-15797-topk-1-depth-1,baseline_vector_search.cql + baseline_traversal.cql,measured,two_call_baseline,0,1.533125,11,TRUE,TRUE
paper-15797-topk-1-depth-2,baseline_vector_search.cql + baseline_traversal.cql,measured,two_call_baseline,0,9.959541,561,TRUE,TRUE
paper-15797-topk-3-depth-0,baseline_vector_search.cql + baseline_traversal.cql,measured,two_call_baseline,0,1.400875,3,TRUE,TRUE
paper-15797-topk-3-depth-1,baseline_vector_search.cql + baseline_traversal.cql,measured,two_call_baseline,0,1.953250,39,TRUE,TRUE
paper-15797-topk-3-depth-2,baseline_vector_search.cql + baseline_traversal.cql,measured,two_call_baseline,0,27.789917,1668,TRUE,TRUE
paper-15797-topk-5-depth-0,baseline_vector_search.cql + baseline_traversal.cql,measured,two_call_baseline,0,1.889250,5,TRUE,TRUE
paper-15797-topk-5-depth-1,baseline_vector_search.cql + baseline_traversal.cql,measured,two_call_baseline,0,2.506000,49,TRUE,TRUE
paper-15797-topk-5-depth-2,baseline_vector_search.cql + baseline_traversal.cql,measured,two_call_baseline,0,38.282708,2315,TRUE,TRUE
paper-15797-topk-10-depth-0,baseline_vector_search.cql + baseline_traversal.cql,measured,two_call_baseline,0,2.144709,10,TRUE,TRUE
paper-15797-topk-10-depth-1,baseline_vector_search.cql + baseline_traversal.cql,measured,two_call_baseline,0,3.971375,130,TRUE,TRUE
paper-15797-topk-10-depth-2,baseline_vector_search.cql + baseline_traversal.cql,measured,two_call_baseline,0,49.356792,2880,TRUE,TRUE
paper-3391-topk-1-depth-0,baseline_vector_search.cql + baseline_traversal.cql,measured,two_call_baseline,0,1.358625,1,TRUE,TRUE
paper-3391-topk-1-depth-1,baseline_vector_search.cql + baseline_traversal.cql,measured,two_call_baseline,0,1.329041,3,TRUE,TRUE
paper-3391-topk-1-depth-2,baseline_vector_search.cql + baseline_traversal.cql,measured,two_call_baseline,0,1.888375,36,TRUE,TRUE
paper-3391-topk-3-depth-0,baseline_vector_search.cql + baseline_traversal.cql,measured,two_call_baseline,0,1.412167,3,TRUE,TRUE
paper-3391-topk-3-depth-1,baseline_vector_search.cql + baseline_traversal.cql,measured,two_call_baseline,0,2.106917,43,TRUE,TRUE
paper-3391-topk-3-depth-2,baseline_vector_search.cql + baseline_traversal.cql,measured,two_call_baseline,0,13.718583,813,TRUE,TRUE
paper-3391-topk-5-depth-0,baseline_vector_search.cql + baseline_traversal.cql,measured,two_call_baseline,0,1.557500,5,TRUE,TRUE
paper-3391-topk-5-depth-1,baseline_vector_search.cql + baseline_traversal.cql,measured,two_call_baseline,0,2.290708,53,TRUE,TRUE
paper-3391-topk-5-depth-2,baseline_vector_search.cql + baseline_traversal.cql,measured,two_call_baseline,0,14.765125,865,TRUE,TRUE
paper-3391-topk-10-depth-0,baseline_vector_search.cql + baseline_traversal.cql,measured,two_call_baseline,0,1.972792,10,TRUE,TRUE
paper-3391-topk-10-depth-1,baseline_vector_search.cql + baseline_traversal.cql,measured,two_call_baseline,0,3.259500,91,TRUE,TRUE
paper-3391-topk-10-depth-2,baseline_vector_search.cql + baseline_traversal.cql,measured,two_call_baseline,0,381.356834,23736,TRUE,TRUE
paper-15962-topk-1-depth-0,baseline_vector_search.cql + baseline_traversal.cql,measured,two_call_baseline,0,1.454166,1,TRUE,TRUE
paper-15962-topk-1-depth-1,baseline_vector_search.cql + baseline_traversal.cql,measured,two_call_baseline,0,2.089542,50,TRUE,TRUE
paper-15962-topk-1-depth-2,baseline_vector_search.cql + baseline_traversal.cql,measured,two_call_baseline,0,292.889000,18258,TRUE,TRUE
paper-15962-topk-3-depth-0,baseline_vector_search.cql + baseline_traversal.cql,measured,two_call_baseline,0,1.566292,3,TRUE,TRUE
paper-15962-topk-3-depth-1,baseline_vector_search.cql + baseline_traversal.cql,measured,two_call_baseline,0,2.014000,38,TRUE,TRUE
paper-15962-topk-3-depth-2,baseline_vector_search.cql + baseline_traversal.cql,measured,two_call_baseline,0,353.105958,21675,TRUE,TRUE
paper-15962-topk-5-depth-0,baseline_vector_search.cql + baseline_traversal.cql,measured,two_call_baseline,0,1.574125,5,TRUE,TRUE
paper-15962-topk-5-depth-1,baseline_vector_search.cql + baseline_traversal.cql,measured,two_call_baseline,0,2.185750,52,TRUE,TRUE
paper-15962-topk-5-depth-2,baseline_vector_search.cql + baseline_traversal.cql,measured,two_call_baseline,0,379.671584,23382,TRUE,TRUE
paper-15962-topk-10-depth-0,baseline_vector_search.cql + baseline_traversal.cql,measured,two_call_baseline,0,1.865959,10,TRUE,TRUE
paper-15962-topk-10-depth-1,baseline_vector_search.cql + baseline_traversal.cql,measured,two_call_baseline,0,3.694125,129,TRUE,TRUE
paper-15962-topk-10-depth-2,baseline_vector_search.cql + baseline_traversal.cql,measured,two_call_baseline,0,551.798333,33456,TRUE,TRUE
paper-63126-topk-1-depth-0,baseline_vector_search.cql + baseline_traversal.cql,measured,two_call_baseline,0,1.357583,1,TRUE,TRUE
paper-63126-topk-1-depth-1,baseline_vector_search.cql + baseline_traversal.cql,measured,two_call_baseline,0,1.379000,8,TRUE,TRUE
paper-63126-topk-1-depth-2,baseline_vector_search.cql + baseline_traversal.cql,measured,two_call_baseline,0,232.834959,14778,TRUE,TRUE
paper-63126-topk-3-depth-0,baseline_vector_search.cql + baseline_traversal.cql,measured,two_call_baseline,0,1.485292,3,TRUE,TRUE
paper-63126-topk-3-depth-1,baseline_vector_search.cql + baseline_traversal.cql,measured,two_call_baseline,0,1.883542,35,TRUE,TRUE
paper-63126-topk-3-depth-2,baseline_vector_search.cql + baseline_traversal.cql,measured,two_call_baseline,0,313.060625,19765,TRUE,TRUE
paper-63126-topk-5-depth-0,baseline_vector_search.cql + baseline_traversal.cql,measured,two_call_baseline,0,1.614000,5,TRUE,TRUE
paper-63126-topk-5-depth-1,baseline_vector_search.cql + baseline_traversal.cql,measured,two_call_baseline,0,2.961833,94,TRUE,TRUE
paper-63126-topk-5-depth-2,baseline_vector_search.cql + baseline_traversal.cql,measured,two_call_baseline,0,496.841209,30770,TRUE,TRUE
paper-63126-topk-10-depth-0,baseline_vector_search.cql + baseline_traversal.cql,measured,two_call_baseline,0,1.980417,10,TRUE,TRUE
paper-63126-topk-10-depth-1,baseline_vector_search.cql + baseline_traversal.cql,measured,two_call_baseline,0,4.180708,156,TRUE,TRUE
paper-63126-topk-10-depth-2,baseline_vector_search.cql + baseline_traversal.cql,measured,two_call_baseline,0,543.049792,32051,TRUE,TRUE
paper-48229-topk-1-depth-0,baseline_vector_search.cql + baseline_traversal.cql,measured,two_call_baseline,0,1.378375,1,TRUE,TRUE
paper-48229-topk-1-depth-1,baseline_vector_search.cql + baseline_traversal.cql,measured,two_call_baseline,0,1.638375,14,TRUE,TRUE
paper-48229-topk-1-depth-2,baseline_vector_search.cql + baseline_traversal.cql,measured,two_call_baseline,0,6.202709,316,TRUE,TRUE
paper-48229-topk-3-depth-0,baseline_vector_search.cql + baseline_traversal.cql,measured,two_call_baseline,0,1.541500,3,TRUE,TRUE
paper-48229-topk-3-depth-1,baseline_vector_search.cql + baseline_traversal.cql,measured,two_call_baseline,0,1.698459,20,TRUE,TRUE
paper-48229-topk-3-depth-2,baseline_vector_search.cql + baseline_traversal.cql,measured,two_call_baseline,0,6.751500,342,TRUE,TRUE
paper-48229-topk-5-depth-0,baseline_vector_search.cql + baseline_traversal.cql,measured,two_call_baseline,0,1.569917,5,TRUE,TRUE
paper-48229-topk-5-depth-1,baseline_vector_search.cql + baseline_traversal.cql,measured,two_call_baseline,0,2.535292,68,TRUE,TRUE
paper-48229-topk-5-depth-2,baseline_vector_search.cql + baseline_traversal.cql,measured,two_call_baseline,0,116.128542,7285,TRUE,TRUE
paper-48229-topk-10-depth-0,baseline_vector_search.cql + baseline_traversal.cql,measured,two_call_baseline,0,1.976583,10,TRUE,TRUE
paper-48229-topk-10-depth-1,baseline_vector_search.cql + baseline_traversal.cql,measured,two_call_baseline,0,4.013000,134,TRUE,TRUE
paper-48229-topk-10-depth-2,baseline_vector_search.cql + baseline_traversal.cql,measured,two_call_baseline,0,531.557583,32738,TRUE,TRUE
paper-83983-topk-1-depth-0,baseline_vector_search.cql + baseline_traversal.cql,measured,two_call_baseline,0,1.364916,1,TRUE,TRUE
paper-83983-topk-1-depth-1,baseline_vector_search.cql + baseline_traversal.cql,measured,two_call_baseline,0,1.358792,6,TRUE,TRUE
paper-83983-topk-1-depth-2,baseline_vector_search.cql + baseline_traversal.cql,measured,two_call_baseline,0,3.285375,126,TRUE,TRUE
paper-83983-topk-3-depth-0,baseline_vector_search.cql + baseline_traversal.cql,measured,two_call_baseline,0,1.374291,3,TRUE,TRUE
paper-83983-topk-3-depth-1,baseline_vector_search.cql + baseline_traversal.cql,measured,two_call_baseline,0,2.629667,85,TRUE,TRUE
paper-83983-topk-3-depth-2,baseline_vector_search.cql + baseline_traversal.cql,measured,two_call_baseline,0,21.718625,1313,TRUE,TRUE
paper-83983-topk-5-depth-0,baseline_vector_search.cql + baseline_traversal.cql,measured,two_call_baseline,0,1.655750,5,TRUE,TRUE
paper-83983-topk-5-depth-1,baseline_vector_search.cql + baseline_traversal.cql,measured,two_call_baseline,0,3.047959,101,TRUE,TRUE
paper-83983-topk-5-depth-2,baseline_vector_search.cql + baseline_traversal.cql,measured,two_call_baseline,0,35.654959,2187,TRUE,TRUE
paper-83983-topk-10-depth-0,baseline_vector_search.cql + baseline_traversal.cql,measured,two_call_baseline,0,1.684708,10,TRUE,TRUE
paper-83983-topk-10-depth-1,baseline_vector_search.cql + baseline_traversal.cql,measured,two_call_baseline,0,4.216000,164,TRUE,TRUE
paper-83983-topk-10-depth-2,baseline_vector_search.cql + baseline_traversal.cql,measured,two_call_baseline,0,48.655625,3009,TRUE,TRUE
paper-31649-topk-1-depth-0,baseline_vector_search.cql + baseline_traversal.cql,measured,two_call_baseline,0,1.309833,1,TRUE,TRUE
paper-31649-topk-1-depth-1,baseline_vector_search.cql + baseline_traversal.cql,measured,two_call_baseline,0,1.308250,4,TRUE,TRUE
paper-31649-topk-1-depth-2,baseline_vector_search.cql + baseline_traversal.cql,measured,two_call_baseline,0,1.591167,24,TRUE,TRUE
paper-31649-topk-3-depth-0,baseline_vector_search.cql + baseline_traversal.cql,measured,two_call_baseline,0,1.414709,3,TRUE,TRUE
paper-31649-topk-3-depth-1,baseline_vector_search.cql + baseline_traversal.cql,measured,two_call_baseline,0,1.726083,26,TRUE,TRUE
paper-31649-topk-3-depth-2,baseline_vector_search.cql + baseline_traversal.cql,measured,two_call_baseline,0,13.780542,816,TRUE,TRUE
paper-31649-topk-5-depth-0,baseline_vector_search.cql + baseline_traversal.cql,measured,two_call_baseline,0,1.559333,5,TRUE,TRUE
paper-31649-topk-5-depth-1,baseline_vector_search.cql + baseline_traversal.cql,measured,two_call_baseline,0,2.176250,44,TRUE,TRUE
paper-31649-topk-5-depth-2,baseline_vector_search.cql + baseline_traversal.cql,measured,two_call_baseline,0,15.741875,946,TRUE,TRUE
paper-31649-topk-10-depth-0,baseline_vector_search.cql + baseline_traversal.cql,measured,two_call_baseline,0,2.028375,10,TRUE,TRUE
paper-31649-topk-10-depth-1,baseline_vector_search.cql + baseline_traversal.cql,measured,two_call_baseline,0,3.473459,98,TRUE,TRUE
paper-31649-topk-10-depth-2,baseline_vector_search.cql + baseline_traversal.cql,measured,two_call_baseline,0,28.044500,1690,TRUE,TRUE
paper-119585-topk-1-depth-0,baseline_vector_search.cql + baseline_traversal.cql,measured,two_call_baseline,0,1.242209,1,TRUE,TRUE
paper-119585-topk-1-depth-1,baseline_vector_search.cql + baseline_traversal.cql,measured,two_call_baseline,0,1.357166,9,TRUE,TRUE
paper-119585-topk-1-depth-2,baseline_vector_search.cql + baseline_traversal.cql,measured,two_call_baseline,0,38.571625,2396,TRUE,TRUE
paper-119585-topk-3-depth-0,baseline_vector_search.cql + baseline_traversal.cql,measured,two_call_baseline,0,1.400917,3,TRUE,TRUE
paper-119585-topk-3-depth-1,baseline_vector_search.cql + baseline_traversal.cql,measured,two_call_baseline,0,1.943542,38,TRUE,TRUE
paper-119585-topk-3-depth-2,baseline_vector_search.cql + baseline_traversal.cql,measured,two_call_baseline,0,459.376791,28678,TRUE,TRUE
paper-119585-topk-5-depth-0,baseline_vector_search.cql + baseline_traversal.cql,measured,two_call_baseline,0,1.643083,5,TRUE,TRUE
paper-119585-topk-5-depth-1,baseline_vector_search.cql + baseline_traversal.cql,measured,two_call_baseline,0,2.464625,63,TRUE,TRUE
paper-119585-topk-5-depth-2,baseline_vector_search.cql + baseline_traversal.cql,measured,two_call_baseline,0,496.451125,30534,TRUE,TRUE
paper-119585-topk-10-depth-0,baseline_vector_search.cql + baseline_traversal.cql,measured,two_call_baseline,0,2.334416,10,TRUE,TRUE
paper-119585-topk-10-depth-1,baseline_vector_search.cql + baseline_traversal.cql,measured,two_call_baseline,0,4.574625,128,TRUE,TRUE
paper-119585-topk-10-depth-2,baseline_vector_search.cql + baseline_traversal.cql,measured,two_call_baseline,0,534.892583,32602,TRUE,TRUE
paper-120024-topk-1-depth-0,baseline_vector_search.cql + baseline_traversal.cql,measured,two_call_baseline,0,1.299833,1,TRUE,TRUE
paper-120024-topk-1-depth-1,baseline_vector_search.cql + baseline_traversal.cql,measured,two_call_baseline,0,1.311708,8,TRUE,TRUE
paper-120024-topk-1-depth-2,baseline_vector_search.cql + baseline_traversal.cql,measured,two_call_baseline,0,2.226917,69,TRUE,TRUE
paper-120024-topk-3-depth-0,baseline_vector_search.cql + baseline_traversal.cql,measured,two_call_baseline,0,1.280750,3,TRUE,TRUE
paper-120024-topk-3-depth-1,baseline_vector_search.cql + baseline_traversal.cql,measured,two_call_baseline,0,1.647958,28,TRUE,TRUE
paper-120024-topk-3-depth-2,baseline_vector_search.cql + baseline_traversal.cql,measured,two_call_baseline,0,76.094750,4876,TRUE,TRUE
paper-120024-topk-5-depth-0,baseline_vector_search.cql + baseline_traversal.cql,measured,two_call_baseline,0,1.563250,5,TRUE,TRUE
paper-120024-topk-5-depth-1,baseline_vector_search.cql + baseline_traversal.cql,measured,two_call_baseline,0,2.042292,43,TRUE,TRUE
paper-120024-topk-5-depth-2,baseline_vector_search.cql + baseline_traversal.cql,measured,two_call_baseline,0,78.297291,5001,TRUE,TRUE
paper-120024-topk-10-depth-0,baseline_vector_search.cql + baseline_traversal.cql,measured,two_call_baseline,0,1.615542,10,TRUE,TRUE
paper-120024-topk-10-depth-1,baseline_vector_search.cql + baseline_traversal.cql,measured,two_call_baseline,0,2.596291,74,TRUE,TRUE
paper-120024-topk-10-depth-2,baseline_vector_search.cql + baseline_traversal.cql,measured,two_call_baseline,0,179.916417,11458,TRUE,TRUE
paper-159937-topk-1-depth-0,baseline_vector_search.cql + baseline_traversal.cql,measured,two_call_baseline,0,1.297625,1,TRUE,TRUE
paper-159937-topk-1-depth-1,baseline_vector_search.cql + baseline_traversal.cql,measured,two_call_baseline,0,2.108750,60,TRUE,TRUE
paper-159937-topk-1-depth-2,baseline_vector_search.cql + baseline_traversal.cql,measured,two_call_baseline,0,286.993625,17961,TRUE,TRUE
paper-159937-topk-3-depth-0,baseline_vector_search.cql + baseline_traversal.cql,measured,two_call_baseline,0,2.084833,3,TRUE,TRUE
paper-159937-topk-3-depth-1,baseline_vector_search.cql + baseline_traversal.cql,measured,two_call_baseline,0,3.001208,92,TRUE,TRUE
paper-159937-topk-3-depth-2,baseline_vector_search.cql + baseline_traversal.cql,measured,two_call_baseline,0,322.482917,19770,TRUE,TRUE
paper-159937-topk-5-depth-0,baseline_vector_search.cql + baseline_traversal.cql,measured,two_call_baseline,0,1.634083,5,TRUE,TRUE
paper-159937-topk-5-depth-1,baseline_vector_search.cql + baseline_traversal.cql,measured,two_call_baseline,0,4.109167,168,TRUE,TRUE
paper-159937-topk-5-depth-2,baseline_vector_search.cql + baseline_traversal.cql,measured,two_call_baseline,0,455.150125,28237,TRUE,TRUE
paper-159937-topk-10-depth-0,baseline_vector_search.cql + baseline_traversal.cql,measured,two_call_baseline,0,1.996834,10,TRUE,TRUE
paper-159937-topk-10-depth-1,baseline_vector_search.cql + baseline_traversal.cql,measured,two_call_baseline,0,5.282042,230,TRUE,TRUE
paper-159937-topk-10-depth-2,baseline_vector_search.cql + baseline_traversal.cql,measured,two_call_baseline,0,548.841875,33214,TRUE,TRUE
paper-132190-topk-1-depth-0,baseline_vector_search.cql + baseline_traversal.cql,measured,two_call_baseline,0,1.452667,1,TRUE,TRUE
paper-132190-topk-1-depth-1,baseline_vector_search.cql + baseline_traversal.cql,measured,two_call_baseline,0,1.653500,29,TRUE,TRUE
paper-132190-topk-1-depth-2,baseline_vector_search.cql + baseline_traversal.cql,measured,two_call_baseline,0,353.255542,22149,TRUE,TRUE
paper-132190-topk-3-depth-0,baseline_vector_search.cql + baseline_traversal.cql,measured,two_call_baseline,0,1.490959,3,TRUE,TRUE
paper-132190-topk-3-depth-1,baseline_vector_search.cql + baseline_traversal.cql,measured,two_call_baseline,0,2.597500,81,TRUE,TRUE
paper-132190-topk-3-depth-2,baseline_vector_search.cql + baseline_traversal.cql,measured,two_call_baseline,0,430.254792,25978,TRUE,TRUE
paper-132190-topk-5-depth-0,baseline_vector_search.cql + baseline_traversal.cql,measured,two_call_baseline,0,1.592167,5,TRUE,TRUE
paper-132190-topk-5-depth-1,baseline_vector_search.cql + baseline_traversal.cql,measured,two_call_baseline,0,2.793500,89,TRUE,TRUE
paper-132190-topk-5-depth-2,baseline_vector_search.cql + baseline_traversal.cql,measured,two_call_baseline,0,425.217416,26042,TRUE,TRUE
paper-132190-topk-10-depth-0,baseline_vector_search.cql + baseline_traversal.cql,measured,two_call_baseline,0,1.837750,10,TRUE,TRUE
paper-132190-topk-10-depth-1,baseline_vector_search.cql + baseline_traversal.cql,measured,two_call_baseline,0,4.238375,161,TRUE,TRUE
paper-132190-topk-10-depth-2,baseline_vector_search.cql + baseline_traversal.cql,measured,two_call_baseline,0,618.502000,36992,TRUE,TRUE
paper-93330-topk-1-depth-0,baseline_vector_search.cql + baseline_traversal.cql,measured,two_call_baseline,0,1.375083,1,TRUE,TRUE
paper-93330-topk-1-depth-1,baseline_vector_search.cql + baseline_traversal.cql,measured,two_call_baseline,0,1.323167,3,TRUE,TRUE
paper-93330-topk-1-depth-2,baseline_vector_search.cql + baseline_traversal.cql,measured,two_call_baseline,0,2.010291,34,TRUE,TRUE
paper-93330-topk-3-depth-0,baseline_vector_search.cql + baseline_traversal.cql,measured,two_call_baseline,0,1.373500,3,TRUE,TRUE
paper-93330-topk-3-depth-1,baseline_vector_search.cql + baseline_traversal.cql,measured,two_call_baseline,0,1.678375,26,TRUE,TRUE
paper-93330-topk-3-depth-2,baseline_vector_search.cql + baseline_traversal.cql,measured,two_call_baseline,0,8.656958,487,TRUE,TRUE
paper-93330-topk-5-depth-0,baseline_vector_search.cql + baseline_traversal.cql,measured,two_call_baseline,0,1.458291,5,TRUE,TRUE
paper-93330-topk-5-depth-1,baseline_vector_search.cql + baseline_traversal.cql,measured,two_call_baseline,0,2.222417,40,TRUE,TRUE
paper-93330-topk-5-depth-2,baseline_vector_search.cql + baseline_traversal.cql,measured,two_call_baseline,0,9.920042,562,TRUE,TRUE
paper-93330-topk-10-depth-0,baseline_vector_search.cql + baseline_traversal.cql,measured,two_call_baseline,0,1.892667,10,TRUE,TRUE
paper-93330-topk-10-depth-1,baseline_vector_search.cql + baseline_traversal.cql,measured,two_call_baseline,0,2.768792,66,TRUE,TRUE
paper-93330-topk-10-depth-2,baseline_vector_search.cql + baseline_traversal.cql,measured,two_call_baseline,0,20.063917,1190,TRUE,TRUE
paper-13708-topk-1-depth-0,baseline_vector_search.cql + baseline_traversal.cql,measured,two_call_baseline,0,1.249125,1,TRUE,TRUE
paper-13708-topk-1-depth-1,baseline_vector_search.cql + baseline_traversal.cql,measured,two_call_baseline,0,1.265750,5,TRUE,TRUE
paper-13708-topk-1-depth-2,baseline_vector_search.cql + baseline_traversal.cql,measured,two_call_baseline,0,14.305625,843,TRUE,TRUE
paper-13708-topk-3-depth-0,baseline_vector_search.cql + baseline_traversal.cql,measured,two_call_baseline,0,1.341208,3,TRUE,TRUE
paper-13708-topk-3-depth-1,baseline_vector_search.cql + baseline_traversal.cql,measured,two_call_baseline,0,1.506416,13,TRUE,TRUE
paper-13708-topk-3-depth-2,baseline_vector_search.cql + baseline_traversal.cql,measured,two_call_baseline,0,15.446875,912,TRUE,TRUE
paper-13708-topk-5-depth-0,baseline_vector_search.cql + baseline_traversal.cql,measured,two_call_baseline,0,1.451500,5,TRUE,TRUE
paper-13708-topk-5-depth-1,baseline_vector_search.cql + baseline_traversal.cql,measured,two_call_baseline,0,1.683625,14,TRUE,TRUE
paper-13708-topk-5-depth-2,baseline_vector_search.cql + baseline_traversal.cql,measured,two_call_baseline,0,15.089792,891,TRUE,TRUE
paper-13708-topk-10-depth-0,baseline_vector_search.cql + baseline_traversal.cql,measured,two_call_baseline,0,1.762333,10,TRUE,TRUE
paper-13708-topk-10-depth-1,baseline_vector_search.cql + baseline_traversal.cql,measured,two_call_baseline,0,2.148042,38,TRUE,TRUE
paper-13708-topk-10-depth-2,baseline_vector_search.cql + baseline_traversal.cql,measured,two_call_baseline,0,21.389958,1277,TRUE,TRUE
paper-150745-topk-1-depth-0,baseline_vector_search.cql + baseline_traversal.cql,measured,two_call_baseline,0,1.285750,1,TRUE,TRUE
paper-150745-topk-1-depth-1,baseline_vector_search.cql + baseline_traversal.cql,measured,two_call_baseline,0,1.396625,15,TRUE,TRUE
paper-150745-topk-1-depth-2,baseline_vector_search.cql + baseline_traversal.cql,measured,two_call_baseline,0,81.666125,5181,TRUE,TRUE
paper-150745-topk-3-depth-0,baseline_vector_search.cql + baseline_traversal.cql,measured,two_call_baseline,0,1.396583,3,TRUE,TRUE
paper-150745-topk-3-depth-1,baseline_vector_search.cql + baseline_traversal.cql,measured,two_call_baseline,0,3.117041,114,TRUE,TRUE
paper-150745-topk-3-depth-2,baseline_vector_search.cql + baseline_traversal.cql,measured,two_call_baseline,0,467.104209,29170,TRUE,TRUE
paper-150745-topk-5-depth-0,baseline_vector_search.cql + baseline_traversal.cql,measured,two_call_baseline,0,1.597208,5,TRUE,TRUE
paper-150745-topk-5-depth-1,baseline_vector_search.cql + baseline_traversal.cql,measured,two_call_baseline,0,3.875416,144,TRUE,TRUE
paper-150745-topk-5-depth-2,baseline_vector_search.cql + baseline_traversal.cql,measured,two_call_baseline,0,618.712250,36925,TRUE,TRUE
paper-150745-topk-10-depth-0,baseline_vector_search.cql + baseline_traversal.cql,measured,two_call_baseline,0,2.005625,10,TRUE,TRUE
paper-150745-topk-10-depth-1,baseline_vector_search.cql + baseline_traversal.cql,measured,two_call_baseline,0,4.991125,209,TRUE,TRUE
paper-150745-topk-10-depth-2,baseline_vector_search.cql + baseline_traversal.cql,measured,two_call_baseline,0,661.338584,39595,TRUE,TRUE
paper-69522-topk-1-depth-0,baseline_vector_search.cql + baseline_traversal.cql,measured,two_call_baseline,0,1.368000,1,TRUE,TRUE
paper-69522-topk-1-depth-1,baseline_vector_search.cql + baseline_traversal.cql,measured,two_call_baseline,0,1.294209,4,TRUE,TRUE
paper-69522-topk-1-depth-2,baseline_vector_search.cql + baseline_traversal.cql,measured,two_call_baseline,0,1.775334,34,TRUE,TRUE
paper-69522-topk-3-depth-0,baseline_vector_search.cql + baseline_traversal.cql,measured,two_call_baseline,0,1.371875,3,TRUE,TRUE
paper-69522-topk-3-depth-1,baseline_vector_search.cql + baseline_traversal.cql,measured,two_call_baseline,0,1.513584,14,TRUE,TRUE
paper-69522-topk-3-depth-2,baseline_vector_search.cql + baseline_traversal.cql,measured,two_call_baseline,0,3.698250,146,TRUE,TRUE
paper-69522-topk-5-depth-0,baseline_vector_search.cql + baseline_traversal.cql,measured,two_call_baseline,0,1.506167,5,TRUE,TRUE
paper-69522-topk-5-depth-1,baseline_vector_search.cql + baseline_traversal.cql,measured,two_call_baseline,0,1.851625,28,TRUE,TRUE
paper-69522-topk-5-depth-2,baseline_vector_search.cql + baseline_traversal.cql,measured,two_call_baseline,0,9.284417,515,TRUE,TRUE
paper-69522-topk-10-depth-0,baseline_vector_search.cql + baseline_traversal.cql,measured,two_call_baseline,0,1.883584,10,TRUE,TRUE
paper-69522-topk-10-depth-1,baseline_vector_search.cql + baseline_traversal.cql,measured,two_call_baseline,0,2.926750,70,TRUE,TRUE
paper-69522-topk-10-depth-2,baseline_vector_search.cql + baseline_traversal.cql,measured,two_call_baseline,0,38.331709,2361,TRUE,TRUE
paper-148938-topk-1-depth-0,baseline_vector_search.cql + baseline_traversal.cql,measured,two_call_baseline,0,1.236416,1,TRUE,TRUE
paper-148938-topk-1-depth-1,baseline_vector_search.cql + baseline_traversal.cql,measured,two_call_baseline,0,1.700292,32,TRUE,TRUE
paper-148938-topk-1-depth-2,baseline_vector_search.cql + baseline_traversal.cql,measured,two_call_baseline,0,74.117542,4678,TRUE,TRUE
paper-148938-topk-3-depth-0,baseline_vector_search.cql + baseline_traversal.cql,measured,two_call_baseline,0,1.437542,3,TRUE,TRUE
paper-148938-topk-3-depth-1,baseline_vector_search.cql + baseline_traversal.cql,measured,two_call_baseline,0,1.987375,41,TRUE,TRUE
paper-148938-topk-3-depth-2,baseline_vector_search.cql + baseline_traversal.cql,measured,two_call_baseline,0,110.972250,6987,TRUE,TRUE
paper-148938-topk-5-depth-0,baseline_vector_search.cql + baseline_traversal.cql,measured,two_call_baseline,0,1.561875,5,TRUE,TRUE
paper-148938-topk-5-depth-1,baseline_vector_search.cql + baseline_traversal.cql,measured,two_call_baseline,0,2.199583,47,TRUE,TRUE
paper-148938-topk-5-depth-2,baseline_vector_search.cql + baseline_traversal.cql,measured,two_call_baseline,0,112.066166,7031,TRUE,TRUE
paper-148938-topk-10-depth-0,baseline_vector_search.cql + baseline_traversal.cql,measured,two_call_baseline,0,1.960291,10,TRUE,TRUE
paper-148938-topk-10-depth-1,baseline_vector_search.cql + baseline_traversal.cql,measured,two_call_baseline,0,3.365250,114,TRUE,TRUE
paper-148938-topk-10-depth-2,baseline_vector_search.cql + baseline_traversal.cql,measured,two_call_baseline,0,321.178709,20044,TRUE,TRUE
paper-150348-topk-1-depth-0,baseline_vector_search.cql + baseline_traversal.cql,measured,two_call_baseline,0,1.302417,1,TRUE,TRUE
paper-150348-topk-1-depth-1,baseline_vector_search.cql + baseline_traversal.cql,measured,two_call_baseline,0,1.400500,6,TRUE,TRUE
paper-150348-topk-1-depth-2,baseline_vector_search.cql + baseline_traversal.cql,measured,two_call_baseline,0,46.855333,2951,TRUE,TRUE
paper-150348-topk-3-depth-0,baseline_vector_search.cql + baseline_traversal.cql,measured,two_call_baseline,0,1.409833,3,TRUE,TRUE
paper-150348-topk-3-depth-1,baseline_vector_search.cql + baseline_traversal.cql,measured,two_call_baseline,0,1.800333,30,TRUE,TRUE
paper-150348-topk-3-depth-2,baseline_vector_search.cql + baseline_traversal.cql,measured,two_call_baseline,0,485.262333,29987,TRUE,TRUE
paper-150348-topk-5-depth-0,baseline_vector_search.cql + baseline_traversal.cql,measured,two_call_baseline,0,1.610083,5,TRUE,TRUE
paper-150348-topk-5-depth-1,baseline_vector_search.cql + baseline_traversal.cql,measured,two_call_baseline,0,2.247666,50,TRUE,TRUE
paper-150348-topk-5-depth-2,baseline_vector_search.cql + baseline_traversal.cql,measured,two_call_baseline,0,509.017958,31071,TRUE,TRUE
paper-150348-topk-10-depth-0,baseline_vector_search.cql + baseline_traversal.cql,measured,two_call_baseline,0,2.110916,10,TRUE,TRUE
paper-150348-topk-10-depth-1,baseline_vector_search.cql + baseline_traversal.cql,measured,two_call_baseline,0,3.502666,107,TRUE,TRUE
paper-150348-topk-10-depth-2,baseline_vector_search.cql + baseline_traversal.cql,measured,two_call_baseline,0,604.234208,31643,TRUE,TRUE
paper-28911-topk-1-depth-0,baseline_vector_search.cql + baseline_traversal.cql,measured,two_call_baseline,0,1.418625,1,TRUE,TRUE
paper-28911-topk-1-depth-1,baseline_vector_search.cql + baseline_traversal.cql,measured,two_call_baseline,0,1.316833,4,TRUE,TRUE
paper-28911-topk-1-depth-2,baseline_vector_search.cql + baseline_traversal.cql,measured,two_call_baseline,0,1.443667,13,TRUE,TRUE
paper-28911-topk-3-depth-0,baseline_vector_search.cql + baseline_traversal.cql,measured,two_call_baseline,0,1.470083,3,TRUE,TRUE
paper-28911-topk-3-depth-1,baseline_vector_search.cql + baseline_traversal.cql,measured,two_call_baseline,0,1.574208,14,TRUE,TRUE
paper-28911-topk-3-depth-2,baseline_vector_search.cql + baseline_traversal.cql,measured,two_call_baseline,0,2.822333,84,TRUE,TRUE
paper-28911-topk-5-depth-0,baseline_vector_search.cql + baseline_traversal.cql,measured,two_call_baseline,0,1.517208,5,TRUE,TRUE
paper-28911-topk-5-depth-1,baseline_vector_search.cql + baseline_traversal.cql,measured,two_call_baseline,0,1.797792,23,TRUE,TRUE
paper-28911-topk-5-depth-2,baseline_vector_search.cql + baseline_traversal.cql,measured,two_call_baseline,0,3.185125,106,TRUE,TRUE
paper-28911-topk-10-depth-0,baseline_vector_search.cql + baseline_traversal.cql,measured,two_call_baseline,0,1.719625,10,TRUE,TRUE
paper-28911-topk-10-depth-1,baseline_vector_search.cql + baseline_traversal.cql,measured,two_call_baseline,0,2.885459,83,TRUE,TRUE
paper-28911-topk-10-depth-2,baseline_vector_search.cql + baseline_traversal.cql,measured,two_call_baseline,0,99.571791,6205,TRUE,TRUE
paper-76182-topk-1-depth-0,baseline_vector_search.cql + baseline_traversal.cql,measured,two_call_baseline,0,1.348833,1,TRUE,TRUE
paper-76182-topk-1-depth-1,baseline_vector_search.cql + baseline_traversal.cql,measured,two_call_baseline,0,1.659875,19,TRUE,TRUE
paper-76182-topk-1-depth-2,baseline_vector_search.cql + baseline_traversal.cql,measured,two_call_baseline,0,233.096750,14784,TRUE,TRUE
paper-76182-topk-3-depth-0,baseline_vector_search.cql + baseline_traversal.cql,measured,two_call_baseline,0,1.454750,3,TRUE,TRUE
paper-76182-topk-3-depth-1,baseline_vector_search.cql + baseline_traversal.cql,measured,two_call_baseline,0,1.920042,37,TRUE,TRUE
paper-76182-topk-3-depth-2,baseline_vector_search.cql + baseline_traversal.cql,measured,two_call_baseline,0,239.070041,14973,TRUE,TRUE
paper-76182-topk-5-depth-0,baseline_vector_search.cql + baseline_traversal.cql,measured,two_call_baseline,0,1.653625,5,TRUE,TRUE
paper-76182-topk-5-depth-1,baseline_vector_search.cql + baseline_traversal.cql,measured,two_call_baseline,0,7.512958,399,TRUE,TRUE
paper-76182-topk-5-depth-2,baseline_vector_search.cql + baseline_traversal.cql,measured,two_call_baseline,0,465.973625,28658,TRUE,TRUE
paper-76182-topk-10-depth-0,baseline_vector_search.cql + baseline_traversal.cql,measured,two_call_baseline,0,1.854834,10,TRUE,TRUE
paper-76182-topk-10-depth-1,baseline_vector_search.cql + baseline_traversal.cql,measured,two_call_baseline,0,8.512625,451,TRUE,TRUE
paper-76182-topk-10-depth-2,baseline_vector_search.cql + baseline_traversal.cql,measured,two_call_baseline,0,530.841083,32411,TRUE,TRUE
paper-134824-topk-1-depth-0,baseline_vector_search.cql + baseline_traversal.cql,measured,two_call_baseline,0,1.351250,1,TRUE,TRUE
paper-134824-topk-1-depth-1,baseline_vector_search.cql + baseline_traversal.cql,measured,two_call_baseline,0,1.896916,45,TRUE,TRUE
paper-134824-topk-1-depth-2,baseline_vector_search.cql + baseline_traversal.cql,measured,two_call_baseline,0,269.919167,16862,TRUE,TRUE
paper-134824-topk-3-depth-0,baseline_vector_search.cql + baseline_traversal.cql,measured,two_call_baseline,0,1.474375,3,TRUE,TRUE
paper-134824-topk-3-depth-1,baseline_vector_search.cql + baseline_traversal.cql,measured,two_call_baseline,0,2.519791,74,TRUE,TRUE
paper-134824-topk-3-depth-2,baseline_vector_search.cql + baseline_traversal.cql,measured,two_call_baseline,0,324.804875,19993,TRUE,TRUE
paper-134824-topk-5-depth-0,baseline_vector_search.cql + baseline_traversal.cql,measured,two_call_baseline,0,1.612208,5,TRUE,TRUE
paper-134824-topk-5-depth-1,baseline_vector_search.cql + baseline_traversal.cql,measured,two_call_baseline,0,2.764541,85,TRUE,TRUE
paper-134824-topk-5-depth-2,baseline_vector_search.cql + baseline_traversal.cql,measured,two_call_baseline,0,413.412583,24965,TRUE,TRUE
paper-134824-topk-10-depth-0,baseline_vector_search.cql + baseline_traversal.cql,measured,two_call_baseline,0,1.983875,10,TRUE,TRUE
paper-134824-topk-10-depth-1,baseline_vector_search.cql + baseline_traversal.cql,measured,two_call_baseline,0,4.092959,154,TRUE,TRUE
paper-134824-topk-10-depth-2,baseline_vector_search.cql + baseline_traversal.cql,measured,two_call_baseline,0,503.755292,30533,TRUE,TRUE
paper-134189-topk-1-depth-0,baseline_vector_search.cql + baseline_traversal.cql,measured,two_call_baseline,0,1.381917,1,TRUE,TRUE
paper-134189-topk-1-depth-1,baseline_vector_search.cql + baseline_traversal.cql,measured,two_call_baseline,0,1.270209,2,TRUE,TRUE
paper-134189-topk-1-depth-2,baseline_vector_search.cql + baseline_traversal.cql,measured,two_call_baseline,0,1.395625,6,TRUE,TRUE
paper-134189-topk-3-depth-0,baseline_vector_search.cql + baseline_traversal.cql,measured,two_call_baseline,0,1.384958,3,TRUE,TRUE
paper-134189-topk-3-depth-1,baseline_vector_search.cql + baseline_traversal.cql,measured,two_call_baseline,0,1.577000,15,TRUE,TRUE
paper-134189-topk-3-depth-2,baseline_vector_search.cql + baseline_traversal.cql,measured,two_call_baseline,0,2.681167,83,TRUE,TRUE
paper-134189-topk-5-depth-0,baseline_vector_search.cql + baseline_traversal.cql,measured,two_call_baseline,0,1.495375,5,TRUE,TRUE
paper-134189-topk-5-depth-1,baseline_vector_search.cql + baseline_traversal.cql,measured,two_call_baseline,0,1.799709,25,TRUE,TRUE
paper-134189-topk-5-depth-2,baseline_vector_search.cql + baseline_traversal.cql,measured,two_call_baseline,0,6.563416,334,TRUE,TRUE
paper-134189-topk-10-depth-0,baseline_vector_search.cql + baseline_traversal.cql,measured,two_call_baseline,0,1.984458,10,TRUE,TRUE
paper-134189-topk-10-depth-1,baseline_vector_search.cql + baseline_traversal.cql,measured,two_call_baseline,0,2.853250,77,TRUE,TRUE
paper-134189-topk-10-depth-2,baseline_vector_search.cql + baseline_traversal.cql,measured,two_call_baseline,0,40.992917,2554,TRUE,TRUE
paper-37080-topk-1-depth-0,baseline_vector_search.cql + baseline_traversal.cql,measured,two_call_baseline,0,1.168334,1,TRUE,TRUE
paper-37080-topk-1-depth-1,baseline_vector_search.cql + baseline_traversal.cql,measured,two_call_baseline,0,1.146208,3,TRUE,TRUE
paper-37080-topk-1-depth-2,baseline_vector_search.cql + baseline_traversal.cql,measured,two_call_baseline,0,1.291875,9,TRUE,TRUE
paper-37080-topk-3-depth-0,baseline_vector_search.cql + baseline_traversal.cql,measured,two_call_baseline,0,1.317250,3,TRUE,TRUE
paper-37080-topk-3-depth-1,baseline_vector_search.cql + baseline_traversal.cql,measured,two_call_baseline,0,1.438125,14,TRUE,TRUE
paper-37080-topk-3-depth-2,baseline_vector_search.cql + baseline_traversal.cql,measured,two_call_baseline,0,4.648042,216,TRUE,TRUE
paper-37080-topk-5-depth-0,baseline_vector_search.cql + baseline_traversal.cql,measured,two_call_baseline,0,1.395334,5,TRUE,TRUE
paper-37080-topk-5-depth-1,baseline_vector_search.cql + baseline_traversal.cql,measured,two_call_baseline,0,1.577917,21,TRUE,TRUE
paper-37080-topk-5-depth-2,baseline_vector_search.cql + baseline_traversal.cql,measured,two_call_baseline,0,5.444208,271,TRUE,TRUE
paper-37080-topk-10-depth-0,baseline_vector_search.cql + baseline_traversal.cql,measured,two_call_baseline,0,1.541125,10,TRUE,TRUE
paper-37080-topk-10-depth-1,baseline_vector_search.cql + baseline_traversal.cql,measured,two_call_baseline,0,4.432125,182,TRUE,TRUE
paper-37080-topk-10-depth-2,baseline_vector_search.cql + baseline_traversal.cql,measured,two_call_baseline,0,272.126959,16989,TRUE,TRUE
paper-29958-topk-1-depth-0,baseline_vector_search.cql + baseline_traversal.cql,measured,two_call_baseline,0,1.447959,1,TRUE,TRUE
paper-29958-topk-1-depth-1,baseline_vector_search.cql + baseline_traversal.cql,measured,two_call_baseline,0,1.335166,10,TRUE,TRUE
paper-29958-topk-1-depth-2,baseline_vector_search.cql + baseline_traversal.cql,measured,two_call_baseline,0,19.267292,1183,TRUE,TRUE
paper-29958-topk-3-depth-0,baseline_vector_search.cql + baseline_traversal.cql,measured,two_call_baseline,0,1.434416,3,TRUE,TRUE
paper-29958-topk-3-depth-1,baseline_vector_search.cql + baseline_traversal.cql,measured,two_call_baseline,0,1.839292,24,TRUE,TRUE
paper-29958-topk-3-depth-2,baseline_vector_search.cql + baseline_traversal.cql,measured,two_call_baseline,0,33.227958,2032,TRUE,TRUE
paper-29958-topk-5-depth-0,baseline_vector_search.cql + baseline_traversal.cql,measured,two_call_baseline,0,1.562958,5,TRUE,TRUE
paper-29958-topk-5-depth-1,baseline_vector_search.cql + baseline_traversal.cql,measured,two_call_baseline,0,2.257458,47,TRUE,TRUE
paper-29958-topk-5-depth-2,baseline_vector_search.cql + baseline_traversal.cql,measured,two_call_baseline,0,40.681500,2533,TRUE,TRUE
paper-29958-topk-10-depth-0,baseline_vector_search.cql + baseline_traversal.cql,measured,two_call_baseline,0,1.869958,10,TRUE,TRUE
paper-29958-topk-10-depth-1,baseline_vector_search.cql + baseline_traversal.cql,measured,two_call_baseline,0,3.403292,101,TRUE,TRUE
paper-29958-topk-10-depth-2,baseline_vector_search.cql + baseline_traversal.cql,measured,two_call_baseline,0,211.000750,13121,TRUE,TRUE
paper-48551-topk-1-depth-0,baseline_vector_search.cql + baseline_traversal.cql,measured,two_call_baseline,0,1.290250,1,TRUE,TRUE
paper-48551-topk-1-depth-1,baseline_vector_search.cql + baseline_traversal.cql,measured,two_call_baseline,0,1.295750,6,TRUE,TRUE
paper-48551-topk-1-depth-2,baseline_vector_search.cql + baseline_traversal.cql,measured,two_call_baseline,0,29.931125,1829,TRUE,TRUE
paper-48551-topk-3-depth-0,baseline_vector_search.cql + baseline_traversal.cql,measured,two_call_baseline,0,1.429417,3,TRUE,TRUE
paper-48551-topk-3-depth-1,baseline_vector_search.cql + baseline_traversal.cql,measured,two_call_baseline,0,1.669959,22,TRUE,TRUE
paper-48551-topk-3-depth-2,baseline_vector_search.cql + baseline_traversal.cql,measured,two_call_baseline,0,239.353959,14863,TRUE,TRUE
paper-48551-topk-5-depth-0,baseline_vector_search.cql + baseline_traversal.cql,measured,two_call_baseline,0,1.537458,5,TRUE,TRUE
paper-48551-topk-5-depth-1,baseline_vector_search.cql + baseline_traversal.cql,measured,two_call_baseline,0,2.049541,32,TRUE,TRUE
paper-48551-topk-5-depth-2,baseline_vector_search.cql + baseline_traversal.cql,measured,two_call_baseline,0,292.670291,18085,TRUE,TRUE
paper-48551-topk-10-depth-0,baseline_vector_search.cql + baseline_traversal.cql,measured,two_call_baseline,0,1.869583,10,TRUE,TRUE
paper-48551-topk-10-depth-1,baseline_vector_search.cql + baseline_traversal.cql,measured,two_call_baseline,0,3.638916,130,TRUE,TRUE
paper-48551-topk-10-depth-2,baseline_vector_search.cql + baseline_traversal.cql,measured,two_call_baseline,0,516.528000,31066,TRUE,TRUE
paper-42940-topk-1-depth-0,baseline_vector_search.cql + baseline_traversal.cql,measured,two_call_baseline,0,1.309458,1,TRUE,TRUE
paper-42940-topk-1-depth-1,baseline_vector_search.cql + baseline_traversal.cql,measured,two_call_baseline,0,1.276792,7,TRUE,TRUE
paper-42940-topk-1-depth-2,baseline_vector_search.cql + baseline_traversal.cql,measured,two_call_baseline,0,1.974375,48,TRUE,TRUE
paper-42940-topk-3-depth-0,baseline_vector_search.cql + baseline_traversal.cql,measured,two_call_baseline,0,1.348750,3,TRUE,TRUE
paper-42940-topk-3-depth-1,baseline_vector_search.cql + baseline_traversal.cql,measured,two_call_baseline,0,1.673250,24,TRUE,TRUE
paper-42940-topk-3-depth-2,baseline_vector_search.cql + baseline_traversal.cql,measured,two_call_baseline,0,4.118125,168,TRUE,TRUE
paper-42940-topk-5-depth-0,baseline_vector_search.cql + baseline_traversal.cql,measured,two_call_baseline,0,1.460041,5,TRUE,TRUE
paper-42940-topk-5-depth-1,baseline_vector_search.cql + baseline_traversal.cql,measured,two_call_baseline,0,3.014333,60,TRUE,TRUE
paper-42940-topk-5-depth-2,baseline_vector_search.cql + baseline_traversal.cql,measured,two_call_baseline,0,11.259000,639,TRUE,TRUE
paper-42940-topk-10-depth-0,baseline_vector_search.cql + baseline_traversal.cql,measured,two_call_baseline,0,1.823875,10,TRUE,TRUE
paper-42940-topk-10-depth-1,baseline_vector_search.cql + baseline_traversal.cql,measured,two_call_baseline,0,3.271000,100,TRUE,TRUE
paper-42940-topk-10-depth-2,baseline_vector_search.cql + baseline_traversal.cql,measured,two_call_baseline,0,15.094333,874,TRUE,TRUE
paper-25732-topk-1-depth-0,baseline_vector_search.cql + baseline_traversal.cql,measured,two_call_baseline,0,1.232750,1,TRUE,TRUE
paper-25732-topk-1-depth-1,baseline_vector_search.cql + baseline_traversal.cql,measured,two_call_baseline,0,1.349458,7,TRUE,TRUE
paper-25732-topk-1-depth-2,baseline_vector_search.cql + baseline_traversal.cql,measured,two_call_baseline,0,3.745417,162,TRUE,TRUE
paper-25732-topk-3-depth-0,baseline_vector_search.cql + baseline_traversal.cql,measured,two_call_baseline,0,1.359333,3,TRUE,TRUE
paper-25732-topk-3-depth-1,baseline_vector_search.cql + baseline_traversal.cql,measured,two_call_baseline,0,1.715000,26,TRUE,TRUE
paper-25732-topk-3-depth-2,baseline_vector_search.cql + baseline_traversal.cql,measured,two_call_baseline,0,14.523209,847,TRUE,TRUE
paper-25732-topk-5-depth-0,baseline_vector_search.cql + baseline_traversal.cql,measured,two_call_baseline,0,2.987875,5,TRUE,TRUE
paper-25732-topk-5-depth-1,baseline_vector_search.cql + baseline_traversal.cql,measured,two_call_baseline,0,2.152875,51,TRUE,TRUE
paper-25732-topk-5-depth-2,baseline_vector_search.cql + baseline_traversal.cql,measured,two_call_baseline,0,30.925959,1901,TRUE,TRUE
paper-25732-topk-10-depth-0,baseline_vector_search.cql + baseline_traversal.cql,measured,two_call_baseline,0,1.955917,10,TRUE,TRUE
paper-25732-topk-10-depth-1,baseline_vector_search.cql + baseline_traversal.cql,measured,two_call_baseline,0,3.407250,105,TRUE,TRUE
paper-25732-topk-10-depth-2,baseline_vector_search.cql + baseline_traversal.cql,measured,two_call_baseline,0,57.531834,3552,TRUE,TRUE
paper-132276-topk-1-depth-0,baseline_vector_search.cql + baseline_traversal.cql,measured,two_call_baseline,0,1.281000,1,TRUE,TRUE
paper-132276-topk-1-depth-1,baseline_vector_search.cql + baseline_traversal.cql,measured,two_call_baseline,0,1.276709,6,TRUE,TRUE
paper-132276-topk-1-depth-2,baseline_vector_search.cql + baseline_traversal.cql,measured,two_call_baseline,0,1.599625,23,TRUE,TRUE
paper-132276-topk-3-depth-0,baseline_vector_search.cql + baseline_traversal.cql,measured,two_call_baseline,0,1.277125,3,TRUE,TRUE
paper-132276-topk-3-depth-1,baseline_vector_search.cql + baseline_traversal.cql,measured,two_call_baseline,0,1.532125,14,TRUE,TRUE
paper-132276-topk-3-depth-2,baseline_vector_search.cql + baseline_traversal.cql,measured,two_call_baseline,0,2.287958,64,TRUE,TRUE
paper-132276-topk-5-depth-0,baseline_vector_search.cql + baseline_traversal.cql,measured,two_call_baseline,0,1.401083,5,TRUE,TRUE
paper-132276-topk-5-depth-1,baseline_vector_search.cql + baseline_traversal.cql,measured,two_call_baseline,0,2.100250,45,TRUE,TRUE
paper-132276-topk-5-depth-2,baseline_vector_search.cql + baseline_traversal.cql,measured,two_call_baseline,0,7.661833,411,TRUE,TRUE
paper-132276-topk-10-depth-0,baseline_vector_search.cql + baseline_traversal.cql,measured,two_call_baseline,0,1.652666,10,TRUE,TRUE
paper-132276-topk-10-depth-1,baseline_vector_search.cql + baseline_traversal.cql,measured,two_call_baseline,0,2.667000,65,TRUE,TRUE
paper-132276-topk-10-depth-2,baseline_vector_search.cql + baseline_traversal.cql,measured,two_call_baseline,0,9.713833,535,TRUE,TRUE
paper-142059-topk-1-depth-0,baseline_vector_search.cql + baseline_traversal.cql,measured,two_call_baseline,0,1.238959,1,TRUE,TRUE
paper-142059-topk-1-depth-1,baseline_vector_search.cql + baseline_traversal.cql,measured,two_call_baseline,0,1.361625,8,TRUE,TRUE
paper-142059-topk-1-depth-2,baseline_vector_search.cql + baseline_traversal.cql,measured,two_call_baseline,0,7.243084,395,TRUE,TRUE
paper-142059-topk-3-depth-0,baseline_vector_search.cql + baseline_traversal.cql,measured,two_call_baseline,0,1.390959,3,TRUE,TRUE
paper-142059-topk-3-depth-1,baseline_vector_search.cql + baseline_traversal.cql,measured,two_call_baseline,0,1.587333,19,TRUE,TRUE
paper-142059-topk-3-depth-2,baseline_vector_search.cql + baseline_traversal.cql,measured,two_call_baseline,0,17.007417,1013,TRUE,TRUE
paper-142059-topk-5-depth-0,baseline_vector_search.cql + baseline_traversal.cql,measured,two_call_baseline,0,1.504042,5,TRUE,TRUE
paper-142059-topk-5-depth-1,baseline_vector_search.cql + baseline_traversal.cql,measured,two_call_baseline,0,1.943917,24,TRUE,TRUE
paper-142059-topk-5-depth-2,baseline_vector_search.cql + baseline_traversal.cql,measured,two_call_baseline,0,17.518042,1044,TRUE,TRUE
paper-142059-topk-10-depth-0,baseline_vector_search.cql + baseline_traversal.cql,measured,two_call_baseline,0,1.756666,10,TRUE,TRUE
paper-142059-topk-10-depth-1,baseline_vector_search.cql + baseline_traversal.cql,measured,two_call_baseline,0,7.329792,375,TRUE,TRUE
paper-142059-topk-10-depth-2,baseline_vector_search.cql + baseline_traversal.cql,measured,two_call_baseline,0,354.807750,22102,TRUE,TRUE
paper-108332-topk-1-depth-0,baseline_vector_search.cql + baseline_traversal.cql,measured,two_call_baseline,0,1.392875,1,TRUE,TRUE
paper-108332-topk-1-depth-1,baseline_vector_search.cql + baseline_traversal.cql,measured,two_call_baseline,0,1.456958,8,TRUE,TRUE
paper-108332-topk-1-depth-2,baseline_vector_search.cql + baseline_traversal.cql,measured,two_call_baseline,0,54.779250,3462,TRUE,TRUE
paper-108332-topk-3-depth-0,baseline_vector_search.cql + baseline_traversal.cql,measured,two_call_baseline,0,1.357417,3,TRUE,TRUE
paper-108332-topk-3-depth-1,baseline_vector_search.cql + baseline_traversal.cql,measured,two_call_baseline,0,1.544375,15,TRUE,TRUE
paper-108332-topk-3-depth-2,baseline_vector_search.cql + baseline_traversal.cql,measured,two_call_baseline,0,69.350500,4348,TRUE,TRUE
paper-108332-topk-5-depth-0,baseline_vector_search.cql + baseline_traversal.cql,measured,two_call_baseline,0,1.520666,5,TRUE,TRUE
paper-108332-topk-5-depth-1,baseline_vector_search.cql + baseline_traversal.cql,measured,two_call_baseline,0,2.762416,64,TRUE,TRUE
paper-108332-topk-5-depth-2,baseline_vector_search.cql + baseline_traversal.cql,measured,two_call_baseline,0,355.212500,22217,TRUE,TRUE
paper-108332-topk-10-depth-0,baseline_vector_search.cql + baseline_traversal.cql,measured,two_call_baseline,0,2.023458,10,TRUE,TRUE
paper-108332-topk-10-depth-1,baseline_vector_search.cql + baseline_traversal.cql,measured,two_call_baseline,0,3.333041,93,TRUE,TRUE
paper-108332-topk-10-depth-2,baseline_vector_search.cql + baseline_traversal.cql,measured,two_call_baseline,0,538.873583,29781,TRUE,TRUE
paper-67049-topk-1-depth-0,baseline_vector_search.cql + baseline_traversal.cql,measured,two_call_baseline,0,1.415667,1,TRUE,TRUE
paper-67049-topk-1-depth-1,baseline_vector_search.cql + baseline_traversal.cql,measured,two_call_baseline,0,1.473209,8,TRUE,TRUE
paper-67049-topk-1-depth-2,baseline_vector_search.cql + baseline_traversal.cql,measured,two_call_baseline,0,2.378625,73,TRUE,TRUE
paper-67049-topk-3-depth-0,baseline_vector_search.cql + baseline_traversal.cql,measured,two_call_baseline,0,1.363125,3,TRUE,TRUE
paper-67049-topk-3-depth-1,baseline_vector_search.cql + baseline_traversal.cql,measured,two_call_baseline,0,1.489375,14,TRUE,TRUE
paper-67049-topk-3-depth-2,baseline_vector_search.cql + baseline_traversal.cql,measured,two_call_baseline,0,2.874459,97,TRUE,TRUE
paper-67049-topk-5-depth-0,baseline_vector_search.cql + baseline_traversal.cql,measured,two_call_baseline,0,1.408208,5,TRUE,TRUE
paper-67049-topk-5-depth-1,baseline_vector_search.cql + baseline_traversal.cql,measured,two_call_baseline,0,1.712375,25,TRUE,TRUE
paper-67049-topk-5-depth-2,baseline_vector_search.cql + baseline_traversal.cql,measured,two_call_baseline,0,4.026917,153,TRUE,TRUE
paper-67049-topk-10-depth-0,baseline_vector_search.cql + baseline_traversal.cql,measured,two_call_baseline,0,2.153542,10,TRUE,TRUE
paper-67049-topk-10-depth-1,baseline_vector_search.cql + baseline_traversal.cql,measured,two_call_baseline,0,2.600541,51,TRUE,TRUE
paper-67049-topk-10-depth-2,baseline_vector_search.cql + baseline_traversal.cql,measured,two_call_baseline,0,8.639333,437,TRUE,TRUE
paper-25048-topk-1-depth-0,baseline_vector_search.cql + baseline_traversal.cql,measured,two_call_baseline,0,1.271583,1,TRUE,TRUE
paper-25048-topk-1-depth-1,baseline_vector_search.cql + baseline_traversal.cql,measured,two_call_baseline,0,1.320709,3,TRUE,TRUE
paper-25048-topk-1-depth-2,baseline_vector_search.cql + baseline_traversal.cql,measured,two_call_baseline,0,1.373584,7,TRUE,TRUE
paper-25048-topk-3-depth-0,baseline_vector_search.cql + baseline_traversal.cql,measured,two_call_baseline,0,1.413292,3,TRUE,TRUE
paper-25048-topk-3-depth-1,baseline_vector_search.cql + baseline_traversal.cql,measured,two_call_baseline,0,1.690875,20,TRUE,TRUE
paper-25048-topk-3-depth-2,baseline_vector_search.cql + baseline_traversal.cql,measured,two_call_baseline,0,3.343958,114,TRUE,TRUE
paper-25048-topk-5-depth-0,baseline_vector_search.cql + baseline_traversal.cql,measured,two_call_baseline,0,1.526042,5,TRUE,TRUE
paper-25048-topk-5-depth-1,baseline_vector_search.cql + baseline_traversal.cql,measured,two_call_baseline,0,1.902625,26,TRUE,TRUE
paper-25048-topk-5-depth-2,baseline_vector_search.cql + baseline_traversal.cql,measured,two_call_baseline,0,4.418667,186,TRUE,TRUE
paper-25048-topk-10-depth-0,baseline_vector_search.cql + baseline_traversal.cql,measured,two_call_baseline,0,1.893208,10,TRUE,TRUE
paper-25048-topk-10-depth-1,baseline_vector_search.cql + baseline_traversal.cql,measured,two_call_baseline,0,2.643916,60,TRUE,TRUE
paper-25048-topk-10-depth-2,baseline_vector_search.cql + baseline_traversal.cql,measured,two_call_baseline,0,12.795833,732,TRUE,TRUE
paper-42197-topk-1-depth-0,baseline_vector_search.cql + baseline_traversal.cql,measured,two_call_baseline,0,1.195667,1,TRUE,TRUE
paper-42197-topk-1-depth-1,baseline_vector_search.cql + baseline_traversal.cql,measured,two_call_baseline,0,1.415250,16,TRUE,TRUE
paper-42197-topk-1-depth-2,baseline_vector_search.cql + baseline_traversal.cql,measured,two_call_baseline,0,215.890000,13737,TRUE,TRUE
paper-42197-topk-3-depth-0,baseline_vector_search.cql + baseline_traversal.cql,measured,two_call_baseline,0,1.498542,3,TRUE,TRUE
paper-42197-topk-3-depth-1,baseline_vector_search.cql + baseline_traversal.cql,measured,two_call_baseline,0,1.795375,32,TRUE,TRUE
paper-42197-topk-3-depth-2,baseline_vector_search.cql + baseline_traversal.cql,measured,two_call_baseline,0,253.679875,15884,TRUE,TRUE
paper-42197-topk-5-depth-0,baseline_vector_search.cql + baseline_traversal.cql,measured,two_call_baseline,0,1.618958,5,TRUE,TRUE
paper-42197-topk-5-depth-1,baseline_vector_search.cql + baseline_traversal.cql,measured,two_call_baseline,0,2.265333,44,TRUE,TRUE
paper-42197-topk-5-depth-2,baseline_vector_search.cql + baseline_traversal.cql,measured,two_call_baseline,0,435.456708,26888,TRUE,TRUE
paper-42197-topk-10-depth-0,baseline_vector_search.cql + baseline_traversal.cql,measured,two_call_baseline,0,2.425125,10,TRUE,TRUE
paper-42197-topk-10-depth-1,baseline_vector_search.cql + baseline_traversal.cql,measured,two_call_baseline,0,4.002625,131,TRUE,TRUE
paper-42197-topk-10-depth-2,baseline_vector_search.cql + baseline_traversal.cql,measured,two_call_baseline,0,604.363125,36286,TRUE,TRUE
paper-166587-topk-1-depth-0,baseline_vector_search.cql + baseline_traversal.cql,measured,two_call_baseline,0,1.370166,1,TRUE,TRUE
paper-166587-topk-1-depth-1,baseline_vector_search.cql + baseline_traversal.cql,measured,two_call_baseline,0,1.485917,12,TRUE,TRUE
paper-166587-topk-1-depth-2,baseline_vector_search.cql + baseline_traversal.cql,measured,two_call_baseline,0,12.871708,770,TRUE,TRUE
paper-166587-topk-3-depth-0,baseline_vector_search.cql + baseline_traversal.cql,measured,two_call_baseline,0,1.371917,3,TRUE,TRUE
paper-166587-topk-3-depth-1,baseline_vector_search.cql + baseline_traversal.cql,measured,two_call_baseline,0,1.621542,22,TRUE,TRUE
paper-166587-topk-3-depth-2,baseline_vector_search.cql + baseline_traversal.cql,measured,two_call_baseline,0,20.539666,1239,TRUE,TRUE
paper-166587-topk-5-depth-0,baseline_vector_search.cql + baseline_traversal.cql,measured,two_call_baseline,0,1.413500,5,TRUE,TRUE
paper-166587-topk-5-depth-1,baseline_vector_search.cql + baseline_traversal.cql,measured,two_call_baseline,0,2.061667,44,TRUE,TRUE
paper-166587-topk-5-depth-2,baseline_vector_search.cql + baseline_traversal.cql,measured,two_call_baseline,0,23.553791,1432,TRUE,TRUE
paper-166587-topk-10-depth-0,baseline_vector_search.cql + baseline_traversal.cql,measured,two_call_baseline,0,1.654083,10,TRUE,TRUE
paper-166587-topk-10-depth-1,baseline_vector_search.cql + baseline_traversal.cql,measured,two_call_baseline,0,2.889291,84,TRUE,TRUE
paper-166587-topk-10-depth-2,baseline_vector_search.cql + baseline_traversal.cql,measured,two_call_baseline,0,397.551791,24906,TRUE,TRUE
paper-30905-topk-1-depth-0,baseline_vector_search.cql + baseline_traversal.cql,measured,two_call_baseline,0,1.371291,1,TRUE,TRUE
paper-30905-topk-1-depth-1,baseline_vector_search.cql + baseline_traversal.cql,measured,two_call_baseline,0,1.294458,5,TRUE,TRUE
paper-30905-topk-1-depth-2,baseline_vector_search.cql + baseline_traversal.cql,measured,two_call_baseline,0,9.769750,558,TRUE,TRUE
paper-30905-topk-3-depth-0,baseline_vector_search.cql + baseline_traversal.cql,measured,two_call_baseline,0,1.275500,3,TRUE,TRUE
paper-30905-topk-3-depth-1,baseline_vector_search.cql + baseline_traversal.cql,measured,two_call_baseline,0,1.776625,33,TRUE,TRUE
paper-30905-topk-3-depth-2,baseline_vector_search.cql + baseline_traversal.cql,measured,two_call_baseline,0,26.112375,1598,TRUE,TRUE
paper-30905-topk-5-depth-0,baseline_vector_search.cql + baseline_traversal.cql,measured,two_call_baseline,0,1.507583,5,TRUE,TRUE
paper-30905-topk-5-depth-1,baseline_vector_search.cql + baseline_traversal.cql,measured,two_call_baseline,0,1.996625,37,TRUE,TRUE
paper-30905-topk-5-depth-2,baseline_vector_search.cql + baseline_traversal.cql,measured,two_call_baseline,0,26.649125,1606,TRUE,TRUE
paper-30905-topk-10-depth-0,baseline_vector_search.cql + baseline_traversal.cql,measured,two_call_baseline,0,1.701792,10,TRUE,TRUE
paper-30905-topk-10-depth-1,baseline_vector_search.cql + baseline_traversal.cql,measured,two_call_baseline,0,2.744959,72,TRUE,TRUE
paper-30905-topk-10-depth-2,baseline_vector_search.cql + baseline_traversal.cql,measured,two_call_baseline,0,44.426792,2631,TRUE,TRUE
paper-130934-topk-1-depth-0,baseline_vector_search.cql + baseline_traversal.cql,measured,two_call_baseline,0,1.248708,1,TRUE,TRUE
paper-130934-topk-1-depth-1,baseline_vector_search.cql + baseline_traversal.cql,measured,two_call_baseline,0,1.514625,21,TRUE,TRUE
paper-130934-topk-1-depth-2,baseline_vector_search.cql + baseline_traversal.cql,measured,two_call_baseline,0,49.693417,3056,TRUE,TRUE
paper-130934-topk-3-depth-0,baseline_vector_search.cql + baseline_traversal.cql,measured,two_call_baseline,0,1.431833,3,TRUE,TRUE
paper-130934-topk-3-depth-1,baseline_vector_search.cql + baseline_traversal.cql,measured,two_call_baseline,0,2.544750,80,TRUE,TRUE
paper-130934-topk-3-depth-2,baseline_vector_search.cql + baseline_traversal.cql,measured,two_call_baseline,0,400.170208,24852,TRUE,TRUE
paper-130934-topk-5-depth-0,baseline_vector_search.cql + baseline_traversal.cql,measured,two_call_baseline,0,1.377500,5,TRUE,TRUE
paper-130934-topk-5-depth-1,baseline_vector_search.cql + baseline_traversal.cql,measured,two_call_baseline,0,3.134667,113,TRUE,TRUE
paper-130934-topk-5-depth-2,baseline_vector_search.cql + baseline_traversal.cql,measured,two_call_baseline,0,485.769542,28856,TRUE,TRUE
paper-130934-topk-10-depth-0,baseline_vector_search.cql + baseline_traversal.cql,measured,two_call_baseline,0,1.705667,10,TRUE,TRUE
paper-130934-topk-10-depth-1,baseline_vector_search.cql + baseline_traversal.cql,measured,two_call_baseline,0,4.338709,176,TRUE,TRUE
paper-130934-topk-10-depth-2,baseline_vector_search.cql + baseline_traversal.cql,measured,two_call_baseline,0,567.308667,34233,TRUE,TRUE
paper-157362-topk-1-depth-0,baseline_vector_search.cql + baseline_traversal.cql,measured,two_call_baseline,0,1.436458,1,TRUE,TRUE
paper-157362-topk-1-depth-1,baseline_vector_search.cql + baseline_traversal.cql,measured,two_call_baseline,0,1.379125,7,TRUE,TRUE
paper-157362-topk-1-depth-2,baseline_vector_search.cql + baseline_traversal.cql,measured,two_call_baseline,0,3.350917,130,TRUE,TRUE
paper-157362-topk-3-depth-0,baseline_vector_search.cql + baseline_traversal.cql,measured,two_call_baseline,0,1.319709,3,TRUE,TRUE
paper-157362-topk-3-depth-1,baseline_vector_search.cql + baseline_traversal.cql,measured,two_call_baseline,0,1.459250,12,TRUE,TRUE
paper-157362-topk-3-depth-2,baseline_vector_search.cql + baseline_traversal.cql,measured,two_call_baseline,0,4.974375,232,TRUE,TRUE
paper-157362-topk-5-depth-0,baseline_vector_search.cql + baseline_traversal.cql,measured,two_call_baseline,0,1.503333,5,TRUE,TRUE
paper-157362-topk-5-depth-1,baseline_vector_search.cql + baseline_traversal.cql,measured,two_call_baseline,0,1.690541,17,TRUE,TRUE
paper-157362-topk-5-depth-2,baseline_vector_search.cql + baseline_traversal.cql,measured,two_call_baseline,0,8.086500,427,TRUE,TRUE
paper-157362-topk-10-depth-0,baseline_vector_search.cql + baseline_traversal.cql,measured,two_call_baseline,0,1.826584,10,TRUE,TRUE
paper-157362-topk-10-depth-1,baseline_vector_search.cql + baseline_traversal.cql,measured,two_call_baseline,0,2.331750,39,TRUE,TRUE
paper-157362-topk-10-depth-2,baseline_vector_search.cql + baseline_traversal.cql,measured,two_call_baseline,0,25.991041,1575,TRUE,TRUE
paper-93869-topk-1-depth-0,baseline_vector_search.cql + baseline_traversal.cql,measured,two_call_baseline,0,1.205250,1,TRUE,TRUE
paper-93869-topk-1-depth-1,baseline_vector_search.cql + baseline_traversal.cql,measured,two_call_baseline,0,1.300125,9,TRUE,TRUE
paper-93869-topk-1-depth-2,baseline_vector_search.cql + baseline_traversal.cql,measured,two_call_baseline,0,7.024375,376,TRUE,TRUE
paper-93869-topk-3-depth-0,baseline_vector_search.cql + baseline_traversal.cql,measured,two_call_baseline,0,1.322834,3,TRUE,TRUE
paper-93869-topk-3-depth-1,baseline_vector_search.cql + baseline_traversal.cql,measured,two_call_baseline,0,4.127959,167,TRUE,TRUE
paper-93869-topk-3-depth-2,baseline_vector_search.cql + baseline_traversal.cql,measured,two_call_baseline,0,425.518208,26572,TRUE,TRUE
paper-93869-topk-5-depth-0,baseline_vector_search.cql + baseline_traversal.cql,measured,two_call_baseline,0,1.701000,5,TRUE,TRUE
paper-93869-topk-5-depth-1,baseline_vector_search.cql + baseline_traversal.cql,measured,two_call_baseline,0,4.982167,214,TRUE,TRUE
paper-93869-topk-5-depth-2,baseline_vector_search.cql + baseline_traversal.cql,measured,two_call_baseline,0,574.151500,33334,TRUE,TRUE
paper-93869-topk-10-depth-0,baseline_vector_search.cql + baseline_traversal.cql,measured,two_call_baseline,0,3.006292,10,TRUE,TRUE
paper-93869-topk-10-depth-1,baseline_vector_search.cql + baseline_traversal.cql,measured,two_call_baseline,0,10.202500,475,TRUE,TRUE
paper-93869-topk-10-depth-2,baseline_vector_search.cql + baseline_traversal.cql,measured,two_call_baseline,0,779.145083,45918,TRUE,TRUE
paper-12310-topk-1-depth-0,baseline_vector_search.cql + baseline_traversal.cql,measured,two_call_baseline,0,1.340417,1,TRUE,TRUE
paper-12310-topk-1-depth-1,baseline_vector_search.cql + baseline_traversal.cql,measured,two_call_baseline,0,1.502625,13,TRUE,TRUE
paper-12310-topk-1-depth-2,baseline_vector_search.cql + baseline_traversal.cql,measured,two_call_baseline,0,19.785250,1184,TRUE,TRUE
paper-12310-topk-3-depth-0,baseline_vector_search.cql + baseline_traversal.cql,measured,two_call_baseline,0,1.414166,3,TRUE,TRUE
paper-12310-topk-3-depth-1,baseline_vector_search.cql + baseline_traversal.cql,measured,two_call_baseline,0,1.868958,31,TRUE,TRUE
paper-12310-topk-3-depth-2,baseline_vector_search.cql + baseline_traversal.cql,measured,two_call_baseline,0,237.269250,15040,TRUE,TRUE
paper-12310-topk-5-depth-0,baseline_vector_search.cql + baseline_traversal.cql,measured,two_call_baseline,0,1.632708,5,TRUE,TRUE
paper-12310-topk-5-depth-1,baseline_vector_search.cql + baseline_traversal.cql,measured,two_call_baseline,0,2.602833,72,TRUE,TRUE
paper-12310-topk-5-depth-2,baseline_vector_search.cql + baseline_traversal.cql,measured,two_call_baseline,0,484.202792,29844,TRUE,TRUE
paper-12310-topk-10-depth-0,baseline_vector_search.cql + baseline_traversal.cql,measured,two_call_baseline,0,1.993375,10,TRUE,TRUE
paper-12310-topk-10-depth-1,baseline_vector_search.cql + baseline_traversal.cql,measured,two_call_baseline,0,5.634708,251,TRUE,TRUE
paper-12310-topk-10-depth-2,baseline_vector_search.cql + baseline_traversal.cql,measured,two_call_baseline,0,623.265750,36736,TRUE,TRUE
paper-63444-topk-1-depth-0,baseline_vector_search.cql + baseline_traversal.cql,measured,two_call_baseline,0,1.315417,1,TRUE,TRUE
paper-63444-topk-1-depth-1,baseline_vector_search.cql + baseline_traversal.cql,measured,two_call_baseline,0,1.373208,13,TRUE,TRUE
paper-63444-topk-1-depth-2,baseline_vector_search.cql + baseline_traversal.cql,measured,two_call_baseline,0,214.738166,13348,TRUE,TRUE
paper-63444-topk-3-depth-0,baseline_vector_search.cql + baseline_traversal.cql,measured,two_call_baseline,0,1.473584,3,TRUE,TRUE
paper-63444-topk-3-depth-1,baseline_vector_search.cql + baseline_traversal.cql,measured,two_call_baseline,0,1.925000,38,TRUE,TRUE
paper-63444-topk-3-depth-2,baseline_vector_search.cql + baseline_traversal.cql,measured,two_call_baseline,0,263.418041,16506,TRUE,TRUE
paper-63444-topk-5-depth-0,baseline_vector_search.cql + baseline_traversal.cql,measured,two_call_baseline,0,1.560917,5,TRUE,TRUE
paper-63444-topk-5-depth-1,baseline_vector_search.cql + baseline_traversal.cql,measured,two_call_baseline,0,2.454417,67,TRUE,TRUE
paper-63444-topk-5-depth-2,baseline_vector_search.cql + baseline_traversal.cql,measured,two_call_baseline,0,500.657916,30621,TRUE,TRUE
paper-63444-topk-10-depth-0,baseline_vector_search.cql + baseline_traversal.cql,measured,two_call_baseline,0,1.850209,10,TRUE,TRUE
paper-63444-topk-10-depth-1,baseline_vector_search.cql + baseline_traversal.cql,measured,two_call_baseline,0,3.341166,115,TRUE,TRUE
paper-63444-topk-10-depth-2,baseline_vector_search.cql + baseline_traversal.cql,measured,two_call_baseline,0,564.247208,34209,TRUE,TRUE
paper-134908-topk-1-depth-0,baseline_vector_search.cql + baseline_traversal.cql,measured,two_call_baseline,0,1.323208,1,TRUE,TRUE
paper-134908-topk-1-depth-1,baseline_vector_search.cql + baseline_traversal.cql,measured,two_call_baseline,0,1.645583,27,TRUE,TRUE
paper-134908-topk-1-depth-2,baseline_vector_search.cql + baseline_traversal.cql,measured,two_call_baseline,0,289.793208,18139,TRUE,TRUE
paper-134908-topk-3-depth-0,baseline_vector_search.cql + baseline_traversal.cql,measured,two_call_baseline,0,1.695166,3,TRUE,TRUE
paper-134908-topk-3-depth-1,baseline_vector_search.cql + baseline_traversal.cql,measured,two_call_baseline,0,5.168208,247,TRUE,TRUE
paper-134908-topk-3-depth-2,baseline_vector_search.cql + baseline_traversal.cql,measured,two_call_baseline,0,436.675625,27023,TRUE,TRUE
paper-134908-topk-5-depth-0,baseline_vector_search.cql + baseline_traversal.cql,measured,two_call_baseline,0,1.975417,5,TRUE,TRUE
paper-134908-topk-5-depth-1,baseline_vector_search.cql + baseline_traversal.cql,measured,two_call_baseline,0,5.787250,281,TRUE,TRUE
paper-134908-topk-5-depth-2,baseline_vector_search.cql + baseline_traversal.cql,measured,two_call_baseline,0,480.448583,28876,TRUE,TRUE
paper-134908-topk-10-depth-0,baseline_vector_search.cql + baseline_traversal.cql,measured,two_call_baseline,0,2.003791,10,TRUE,TRUE
paper-134908-topk-10-depth-1,baseline_vector_search.cql + baseline_traversal.cql,measured,two_call_baseline,0,9.366459,484,TRUE,TRUE
paper-134908-topk-10-depth-2,baseline_vector_search.cql + baseline_traversal.cql,measured,two_call_baseline,0,622.727042,36378,TRUE,TRUE
paper-50323-topk-1-depth-0,baseline_vector_search.cql + baseline_traversal.cql,measured,two_call_baseline,0,1.401708,1,TRUE,TRUE
paper-50323-topk-1-depth-1,baseline_vector_search.cql + baseline_traversal.cql,measured,two_call_baseline,0,1.409500,10,TRUE,TRUE
paper-50323-topk-1-depth-2,baseline_vector_search.cql + baseline_traversal.cql,measured,two_call_baseline,0,3.052000,124,TRUE,TRUE
paper-50323-topk-3-depth-0,baseline_vector_search.cql + baseline_traversal.cql,measured,two_call_baseline,0,1.385417,3,TRUE,TRUE
paper-50323-topk-3-depth-1,baseline_vector_search.cql + baseline_traversal.cql,measured,two_call_baseline,0,1.740667,28,TRUE,TRUE
paper-50323-topk-3-depth-2,baseline_vector_search.cql + baseline_traversal.cql,measured,two_call_baseline,0,4.507416,190,TRUE,TRUE
paper-50323-topk-5-depth-0,baseline_vector_search.cql + baseline_traversal.cql,measured,two_call_baseline,0,1.477042,5,TRUE,TRUE
paper-50323-topk-5-depth-1,baseline_vector_search.cql + baseline_traversal.cql,measured,two_call_baseline,0,2.063292,39,TRUE,TRUE
paper-50323-topk-5-depth-2,baseline_vector_search.cql + baseline_traversal.cql,measured,two_call_baseline,0,4.830792,213,TRUE,TRUE
paper-50323-topk-10-depth-0,baseline_vector_search.cql + baseline_traversal.cql,measured,two_call_baseline,0,1.831667,10,TRUE,TRUE
paper-50323-topk-10-depth-1,baseline_vector_search.cql + baseline_traversal.cql,measured,two_call_baseline,0,2.745041,73,TRUE,TRUE
paper-50323-topk-10-depth-2,baseline_vector_search.cql + baseline_traversal.cql,measured,two_call_baseline,0,14.255542,820,TRUE,TRUE
paper-138339-topk-1-depth-0,baseline_vector_search.cql + baseline_traversal.cql,measured,two_call_baseline,0,1.204292,1,TRUE,TRUE
paper-138339-topk-1-depth-1,baseline_vector_search.cql + baseline_traversal.cql,measured,two_call_baseline,0,1.576500,23,TRUE,TRUE
paper-138339-topk-1-depth-2,baseline_vector_search.cql + baseline_traversal.cql,measured,two_call_baseline,0,234.693916,14701,TRUE,TRUE
paper-138339-topk-3-depth-0,baseline_vector_search.cql + baseline_traversal.cql,measured,two_call_baseline,0,1.558584,3,TRUE,TRUE
paper-138339-topk-3-depth-1,baseline_vector_search.cql + baseline_traversal.cql,measured,two_call_baseline,0,1.954041,47,TRUE,TRUE
paper-138339-topk-3-depth-2,baseline_vector_search.cql + baseline_traversal.cql,measured,two_call_baseline,0,428.942416,26605,TRUE,TRUE
paper-138339-topk-5-depth-0,baseline_vector_search.cql + baseline_traversal.cql,measured,two_call_baseline,0,1.618584,5,TRUE,TRUE
paper-138339-topk-5-depth-1,baseline_vector_search.cql + baseline_traversal.cql,measured,two_call_baseline,0,2.791083,85,TRUE,TRUE
paper-138339-topk-5-depth-2,baseline_vector_search.cql + baseline_traversal.cql,measured,two_call_baseline,0,513.436375,31624,TRUE,TRUE
paper-138339-topk-10-depth-0,baseline_vector_search.cql + baseline_traversal.cql,measured,two_call_baseline,0,1.795209,10,TRUE,TRUE
paper-138339-topk-10-depth-1,baseline_vector_search.cql + baseline_traversal.cql,measured,two_call_baseline,0,9.526834,517,TRUE,TRUE
paper-138339-topk-10-depth-2,baseline_vector_search.cql + baseline_traversal.cql,measured,two_call_baseline,0,636.946000,37308,TRUE,TRUE
paper-126391-topk-1-depth-0,baseline_vector_search.cql + baseline_traversal.cql,measured,two_call_baseline,0,1.660833,1,TRUE,TRUE
paper-126391-topk-1-depth-1,baseline_vector_search.cql + baseline_traversal.cql,measured,two_call_baseline,0,1.378875,9,TRUE,TRUE
paper-126391-topk-1-depth-2,baseline_vector_search.cql + baseline_traversal.cql,measured,two_call_baseline,0,3.146459,112,TRUE,TRUE
paper-126391-topk-3-depth-0,baseline_vector_search.cql + baseline_traversal.cql,measured,two_call_baseline,0,1.337291,3,TRUE,TRUE
paper-126391-topk-3-depth-1,baseline_vector_search.cql + baseline_traversal.cql,measured,two_call_baseline,0,1.679125,18,TRUE,TRUE
paper-126391-topk-3-depth-2,baseline_vector_search.cql + baseline_traversal.cql,measured,two_call_baseline,0,3.752500,153,TRUE,TRUE
paper-126391-topk-5-depth-0,baseline_vector_search.cql + baseline_traversal.cql,measured,two_call_baseline,0,1.471333,5,TRUE,TRUE
paper-126391-topk-5-depth-1,baseline_vector_search.cql + baseline_traversal.cql,measured,two_call_baseline,0,2.169959,31,TRUE,TRUE
paper-126391-topk-5-depth-2,baseline_vector_search.cql + baseline_traversal.cql,measured,two_call_baseline,0,11.672292,576,TRUE,TRUE
paper-126391-topk-10-depth-0,baseline_vector_search.cql + baseline_traversal.cql,measured,two_call_baseline,0,2.619667,10,TRUE,TRUE
paper-126391-topk-10-depth-1,baseline_vector_search.cql + baseline_traversal.cql,measured,two_call_baseline,0,3.845666,107,TRUE,TRUE
paper-126391-topk-10-depth-2,baseline_vector_search.cql + baseline_traversal.cql,measured,two_call_baseline,0,138.572875,6108,TRUE,TRUE
paper-84495-topk-1-depth-0,baseline_vector_search.cql + baseline_traversal.cql,measured,two_call_baseline,0,2.170500,1,TRUE,TRUE
paper-84495-topk-1-depth-1,baseline_vector_search.cql + baseline_traversal.cql,measured,two_call_baseline,0,1.867125,7,TRUE,TRUE
paper-84495-topk-1-depth-2,baseline_vector_search.cql + baseline_traversal.cql,measured,two_call_baseline,0,6.228000,183,TRUE,TRUE
paper-84495-topk-3-depth-0,baseline_vector_search.cql + baseline_traversal.cql,measured,two_call_baseline,0,1.961459,3,TRUE,TRUE
paper-84495-topk-3-depth-1,baseline_vector_search.cql + baseline_traversal.cql,measured,two_call_baseline,0,7.620875,14,TRUE,TRUE
paper-84495-topk-3-depth-2,baseline_vector_search.cql + baseline_traversal.cql,measured,two_call_baseline,0,5.767958,204,TRUE,TRUE
paper-84495-topk-5-depth-0,baseline_vector_search.cql + baseline_traversal.cql,measured,two_call_baseline,0,2.141625,5,TRUE,TRUE
paper-84495-topk-5-depth-1,baseline_vector_search.cql + baseline_traversal.cql,measured,two_call_baseline,0,2.716625,20,TRUE,TRUE
paper-84495-topk-5-depth-2,baseline_vector_search.cql + baseline_traversal.cql,measured,two_call_baseline,0,8.305833,359,TRUE,TRUE
paper-84495-topk-10-depth-0,baseline_vector_search.cql + baseline_traversal.cql,measured,two_call_baseline,0,2.238250,10,TRUE,TRUE
paper-84495-topk-10-depth-1,baseline_vector_search.cql + baseline_traversal.cql,measured,two_call_baseline,0,4.545208,77,TRUE,TRUE
paper-84495-topk-10-depth-2,baseline_vector_search.cql + baseline_traversal.cql,measured,two_call_baseline,0,389.922541,23281,TRUE,TRUE
paper-83319-topk-1-depth-0,baseline_vector_search.cql + baseline_traversal.cql,measured,two_call_baseline,0,1.414292,1,TRUE,TRUE
paper-83319-topk-1-depth-1,baseline_vector_search.cql + baseline_traversal.cql,measured,two_call_baseline,0,1.566792,28,TRUE,TRUE
paper-83319-topk-1-depth-2,baseline_vector_search.cql + baseline_traversal.cql,measured,two_call_baseline,0,263.857250,16452,TRUE,TRUE
paper-83319-topk-3-depth-0,baseline_vector_search.cql + baseline_traversal.cql,measured,two_call_baseline,0,1.434000,3,TRUE,TRUE
paper-83319-topk-3-depth-1,baseline_vector_search.cql + baseline_traversal.cql,measured,two_call_baseline,0,2.434375,72,TRUE,TRUE
paper-83319-topk-3-depth-2,baseline_vector_search.cql + baseline_traversal.cql,measured,two_call_baseline,0,328.638167,20295,TRUE,TRUE
paper-83319-topk-5-depth-0,baseline_vector_search.cql + baseline_traversal.cql,measured,two_call_baseline,0,1.543959,5,TRUE,TRUE
paper-83319-topk-5-depth-1,baseline_vector_search.cql + baseline_traversal.cql,measured,two_call_baseline,0,2.890500,89,TRUE,TRUE
paper-83319-topk-5-depth-2,baseline_vector_search.cql + baseline_traversal.cql,measured,two_call_baseline,0,481.540209,29466,TRUE,TRUE
paper-83319-topk-10-depth-0,baseline_vector_search.cql + baseline_traversal.cql,measured,two_call_baseline,0,1.841375,10,TRUE,TRUE
paper-83319-topk-10-depth-1,baseline_vector_search.cql + baseline_traversal.cql,measured,two_call_baseline,0,4.398459,175,TRUE,TRUE
paper-83319-topk-10-depth-2,baseline_vector_search.cql + baseline_traversal.cql,measured,two_call_baseline,0,583.005875,34092,TRUE,TRUE
paper-107790-topk-1-depth-0,baseline_vector_search.cql + baseline_traversal.cql,measured,two_call_baseline,0,1.265583,1,TRUE,TRUE
paper-107790-topk-1-depth-1,baseline_vector_search.cql + baseline_traversal.cql,measured,two_call_baseline,0,1.282291,4,TRUE,TRUE
paper-107790-topk-1-depth-2,baseline_vector_search.cql + baseline_traversal.cql,measured,two_call_baseline,0,5.850584,300,TRUE,TRUE
paper-107790-topk-3-depth-0,baseline_vector_search.cql + baseline_traversal.cql,measured,two_call_baseline,0,1.309000,3,TRUE,TRUE
paper-107790-topk-3-depth-1,baseline_vector_search.cql + baseline_traversal.cql,measured,two_call_baseline,0,1.509542,16,TRUE,TRUE
paper-107790-topk-3-depth-2,baseline_vector_search.cql + baseline_traversal.cql,measured,two_call_baseline,0,11.104209,632,TRUE,TRUE
paper-107790-topk-5-depth-0,baseline_vector_search.cql + baseline_traversal.cql,measured,two_call_baseline,0,1.456583,5,TRUE,TRUE
paper-107790-topk-5-depth-1,baseline_vector_search.cql + baseline_traversal.cql,measured,two_call_baseline,0,1.792833,25,TRUE,TRUE
paper-107790-topk-5-depth-2,baseline_vector_search.cql + baseline_traversal.cql,measured,two_call_baseline,0,14.312667,834,TRUE,TRUE
paper-107790-topk-10-depth-0,baseline_vector_search.cql + baseline_traversal.cql,measured,two_call_baseline,0,1.857000,10,TRUE,TRUE
paper-107790-topk-10-depth-1,baseline_vector_search.cql + baseline_traversal.cql,measured,two_call_baseline,0,4.159375,161,TRUE,TRUE
paper-107790-topk-10-depth-2,baseline_vector_search.cql + baseline_traversal.cql,measured,two_call_baseline,0,38.750500,2341,TRUE,TRUE
paper-48524-topk-1-depth-0,baseline_vector_search.cql + baseline_traversal.cql,measured,two_call_baseline,0,1.216166,1,TRUE,TRUE
paper-48524-topk-1-depth-1,baseline_vector_search.cql + baseline_traversal.cql,measured,two_call_baseline,0,1.219917,3,TRUE,TRUE
paper-48524-topk-1-depth-2,baseline_vector_search.cql + baseline_traversal.cql,measured,two_call_baseline,0,1.813750,37,TRUE,TRUE
paper-48524-topk-3-depth-0,baseline_vector_search.cql + baseline_traversal.cql,measured,two_call_baseline,0,1.354583,3,TRUE,TRUE
paper-48524-topk-3-depth-1,baseline_vector_search.cql + baseline_traversal.cql,measured,two_call_baseline,0,1.620916,21,TRUE,TRUE
paper-48524-topk-3-depth-2,baseline_vector_search.cql + baseline_traversal.cql,measured,two_call_baseline,0,47.851750,3015,TRUE,TRUE
paper-48524-topk-5-depth-0,baseline_vector_search.cql + baseline_traversal.cql,measured,two_call_baseline,0,1.470750,5,TRUE,TRUE
paper-48524-topk-5-depth-1,baseline_vector_search.cql + baseline_traversal.cql,measured,two_call_baseline,0,2.521500,68,TRUE,TRUE
paper-48524-topk-5-depth-2,baseline_vector_search.cql + baseline_traversal.cql,measured,two_call_baseline,0,57.555709,3621,TRUE,TRUE
paper-48524-topk-10-depth-0,baseline_vector_search.cql + baseline_traversal.cql,measured,two_call_baseline,0,1.843542,10,TRUE,TRUE
paper-48524-topk-10-depth-1,baseline_vector_search.cql + baseline_traversal.cql,measured,two_call_baseline,0,3.132292,94,TRUE,TRUE
paper-48524-topk-10-depth-2,baseline_vector_search.cql + baseline_traversal.cql,measured,two_call_baseline,0,60.634958,3730,TRUE,TRUE
paper-52420-topk-1-depth-0,baseline_vector_search.cql + baseline_traversal.cql,measured,two_call_baseline,0,1.191708,1,TRUE,TRUE
paper-52420-topk-1-depth-1,baseline_vector_search.cql + baseline_traversal.cql,measured,two_call_baseline,0,1.212084,7,TRUE,TRUE
paper-52420-topk-1-depth-2,baseline_vector_search.cql + baseline_traversal.cql,measured,two_call_baseline,0,9.301333,483,TRUE,TRUE
paper-52420-topk-3-depth-0,baseline_vector_search.cql + baseline_traversal.cql,measured,two_call_baseline,0,1.301875,3,TRUE,TRUE
paper-52420-topk-3-depth-1,baseline_vector_search.cql + baseline_traversal.cql,measured,two_call_baseline,0,1.922292,27,TRUE,TRUE
paper-52420-topk-3-depth-2,baseline_vector_search.cql + baseline_traversal.cql,measured,two_call_baseline,0,354.899000,21856,TRUE,TRUE
paper-52420-topk-5-depth-0,baseline_vector_search.cql + baseline_traversal.cql,measured,two_call_baseline,0,1.626292,5,TRUE,TRUE
paper-52420-topk-5-depth-1,baseline_vector_search.cql + baseline_traversal.cql,measured,two_call_baseline,0,2.013875,42,TRUE,TRUE
paper-52420-topk-5-depth-2,baseline_vector_search.cql + baseline_traversal.cql,measured,two_call_baseline,0,404.802958,24783,TRUE,TRUE
paper-52420-topk-10-depth-0,baseline_vector_search.cql + baseline_traversal.cql,measured,two_call_baseline,0,1.879000,10,TRUE,TRUE
paper-52420-topk-10-depth-1,baseline_vector_search.cql + baseline_traversal.cql,measured,two_call_baseline,0,2.940750,70,TRUE,TRUE
paper-52420-topk-10-depth-2,baseline_vector_search.cql + baseline_traversal.cql,measured,two_call_baseline,0,596.646875,35689,TRUE,TRUE
paper-123737-topk-1-depth-0,baseline_vector_search.cql + baseline_traversal.cql,measured,two_call_baseline,0,1.341792,1,TRUE,TRUE
paper-123737-topk-1-depth-1,baseline_vector_search.cql + baseline_traversal.cql,measured,two_call_baseline,0,1.443209,12,TRUE,TRUE
paper-123737-topk-1-depth-2,baseline_vector_search.cql + baseline_traversal.cql,measured,two_call_baseline,0,177.549334,11182,TRUE,TRUE
paper-123737-topk-3-depth-0,baseline_vector_search.cql + baseline_traversal.cql,measured,two_call_baseline,0,1.419916,3,TRUE,TRUE
paper-123737-topk-3-depth-1,baseline_vector_search.cql + baseline_traversal.cql,measured,two_call_baseline,0,1.726250,27,TRUE,TRUE
paper-123737-topk-3-depth-2,baseline_vector_search.cql + baseline_traversal.cql,measured,two_call_baseline,0,186.934708,11794,TRUE,TRUE
paper-123737-topk-5-depth-0,baseline_vector_search.cql + baseline_traversal.cql,measured,two_call_baseline,0,1.575917,5,TRUE,TRUE
paper-123737-topk-5-depth-1,baseline_vector_search.cql + baseline_traversal.cql,measured,two_call_baseline,0,2.520542,74,TRUE,TRUE
paper-123737-topk-5-depth-2,baseline_vector_search.cql + baseline_traversal.cql,measured,two_call_baseline,0,241.103791,15131,TRUE,TRUE
paper-123737-topk-10-depth-0,baseline_vector_search.cql + baseline_traversal.cql,measured,two_call_baseline,0,1.746333,10,TRUE,TRUE
paper-123737-topk-10-depth-1,baseline_vector_search.cql + baseline_traversal.cql,measured,two_call_baseline,0,6.336875,309,TRUE,TRUE
paper-123737-topk-10-depth-2,baseline_vector_search.cql + baseline_traversal.cql,measured,two_call_baseline,0,492.390333,30400,TRUE,TRUE
paper-77530-topk-1-depth-0,baseline_vector_search.cql + baseline_traversal.cql,measured,two_call_baseline,0,1.312208,1,TRUE,TRUE
paper-77530-topk-1-depth-1,baseline_vector_search.cql + baseline_traversal.cql,measured,two_call_baseline,0,1.481375,23,TRUE,TRUE
paper-77530-topk-1-depth-2,baseline_vector_search.cql + baseline_traversal.cql,measured,two_call_baseline,0,41.064542,2592,TRUE,TRUE
paper-77530-topk-3-depth-0,baseline_vector_search.cql + baseline_traversal.cql,measured,two_call_baseline,0,1.340208,3,TRUE,TRUE
paper-77530-topk-3-depth-1,baseline_vector_search.cql + baseline_traversal.cql,measured,two_call_baseline,0,2.275041,58,TRUE,TRUE
paper-77530-topk-3-depth-2,baseline_vector_search.cql + baseline_traversal.cql,measured,two_call_baseline,0,493.815083,30684,TRUE,TRUE
paper-77530-topk-5-depth-0,baseline_vector_search.cql + baseline_traversal.cql,measured,two_call_baseline,0,1.645917,5,TRUE,TRUE
paper-77530-topk-5-depth-1,baseline_vector_search.cql + baseline_traversal.cql,measured,two_call_baseline,0,3.650917,142,TRUE,TRUE
paper-77530-topk-5-depth-2,baseline_vector_search.cql + baseline_traversal.cql,measured,two_call_baseline,0,577.084667,35097,TRUE,TRUE
paper-77530-topk-10-depth-0,baseline_vector_search.cql + baseline_traversal.cql,measured,two_call_baseline,0,1.986125,10,TRUE,TRUE
paper-77530-topk-10-depth-1,baseline_vector_search.cql + baseline_traversal.cql,measured,two_call_baseline,0,6.673292,322,TRUE,TRUE
paper-77530-topk-10-depth-2,baseline_vector_search.cql + baseline_traversal.cql,measured,two_call_baseline,0,686.171584,40875,TRUE,TRUE
paper-97204-topk-1-depth-0,baseline_vector_search.cql + baseline_traversal.cql,measured,two_call_baseline,0,1.305250,1,TRUE,TRUE
paper-97204-topk-1-depth-1,baseline_vector_search.cql + baseline_traversal.cql,measured,two_call_baseline,0,1.365625,12,TRUE,TRUE
paper-97204-topk-1-depth-2,baseline_vector_search.cql + baseline_traversal.cql,measured,two_call_baseline,0,6.656583,324,TRUE,TRUE
paper-97204-topk-3-depth-0,baseline_vector_search.cql + baseline_traversal.cql,measured,two_call_baseline,0,1.313500,3,TRUE,TRUE
paper-97204-topk-3-depth-1,baseline_vector_search.cql + baseline_traversal.cql,measured,two_call_baseline,0,3.741583,157,TRUE,TRUE
paper-97204-topk-3-depth-2,baseline_vector_search.cql + baseline_traversal.cql,measured,two_call_baseline,0,15.758250,922,TRUE,TRUE
paper-97204-topk-5-depth-0,baseline_vector_search.cql + baseline_traversal.cql,measured,two_call_baseline,0,1.393833,5,TRUE,TRUE
paper-97204-topk-5-depth-1,baseline_vector_search.cql + baseline_traversal.cql,measured,two_call_baseline,0,3.936250,167,TRUE,TRUE
paper-97204-topk-5-depth-2,baseline_vector_search.cql + baseline_traversal.cql,measured,two_call_baseline,0,23.922125,1446,TRUE,TRUE
paper-97204-topk-10-depth-0,baseline_vector_search.cql + baseline_traversal.cql,measured,two_call_baseline,0,1.739125,10,TRUE,TRUE
paper-97204-topk-10-depth-1,baseline_vector_search.cql + baseline_traversal.cql,measured,two_call_baseline,0,5.136083,206,TRUE,TRUE
paper-97204-topk-10-depth-2,baseline_vector_search.cql + baseline_traversal.cql,measured,two_call_baseline,0,28.724708,1709,TRUE,TRUE
paper-102775-topk-1-depth-0,baseline_vector_search.cql + baseline_traversal.cql,measured,two_call_baseline,0,1.276792,1,TRUE,TRUE
paper-102775-topk-1-depth-1,baseline_vector_search.cql + baseline_traversal.cql,measured,two_call_baseline,0,1.384583,7,TRUE,TRUE
paper-102775-topk-1-depth-2,baseline_vector_search.cql + baseline_traversal.cql,measured,two_call_baseline,0,40.646458,2551,TRUE,TRUE
paper-102775-topk-3-depth-0,baseline_vector_search.cql + baseline_traversal.cql,measured,two_call_baseline,0,1.416500,3,TRUE,TRUE
paper-102775-topk-3-depth-1,baseline_vector_search.cql + baseline_traversal.cql,measured,two_call_baseline,0,1.683208,23,TRUE,TRUE
paper-102775-topk-3-depth-2,baseline_vector_search.cql + baseline_traversal.cql,measured,two_call_baseline,0,159.937625,10043,TRUE,TRUE
paper-102775-topk-5-depth-0,baseline_vector_search.cql + baseline_traversal.cql,measured,two_call_baseline,0,1.532125,5,TRUE,TRUE
paper-102775-topk-5-depth-1,baseline_vector_search.cql + baseline_traversal.cql,measured,two_call_baseline,0,2.125875,49,TRUE,TRUE
paper-102775-topk-5-depth-2,baseline_vector_search.cql + baseline_traversal.cql,measured,two_call_baseline,0,344.188333,21346,TRUE,TRUE
paper-102775-topk-10-depth-0,baseline_vector_search.cql + baseline_traversal.cql,measured,two_call_baseline,0,1.903000,10,TRUE,TRUE
paper-102775-topk-10-depth-1,baseline_vector_search.cql + baseline_traversal.cql,measured,two_call_baseline,0,3.020834,85,TRUE,TRUE
paper-102775-topk-10-depth-2,baseline_vector_search.cql + baseline_traversal.cql,measured,two_call_baseline,0,451.513083,27590,TRUE,TRUE
paper-26071-topk-1-depth-0,baseline_vector_search.cql + baseline_traversal.cql,measured,two_call_baseline,0,1.449291,1,TRUE,TRUE
paper-26071-topk-1-depth-1,baseline_vector_search.cql + baseline_traversal.cql,measured,two_call_baseline,0,1.404875,10,TRUE,TRUE
paper-26071-topk-1-depth-2,baseline_vector_search.cql + baseline_traversal.cql,measured,two_call_baseline,0,20.658959,1248,TRUE,TRUE
paper-26071-topk-3-depth-0,baseline_vector_search.cql + baseline_traversal.cql,measured,two_call_baseline,0,1.438459,3,TRUE,TRUE
paper-26071-topk-3-depth-1,baseline_vector_search.cql + baseline_traversal.cql,measured,two_call_baseline,0,2.128208,52,TRUE,TRUE
paper-26071-topk-3-depth-2,baseline_vector_search.cql + baseline_traversal.cql,measured,two_call_baseline,0,496.783333,30853,TRUE,TRUE
paper-26071-topk-5-depth-0,baseline_vector_search.cql + baseline_traversal.cql,measured,two_call_baseline,0,1.674667,5,TRUE,TRUE
paper-26071-topk-5-depth-1,baseline_vector_search.cql + baseline_traversal.cql,measured,two_call_baseline,0,2.635459,72,TRUE,TRUE
paper-26071-topk-5-depth-2,baseline_vector_search.cql + baseline_traversal.cql,measured,two_call_baseline,0,537.525875,32829,TRUE,TRUE
paper-26071-topk-10-depth-0,baseline_vector_search.cql + baseline_traversal.cql,measured,two_call_baseline,0,1.901292,10,TRUE,TRUE
paper-26071-topk-10-depth-1,baseline_vector_search.cql + baseline_traversal.cql,measured,two_call_baseline,0,3.754916,129,TRUE,TRUE
paper-26071-topk-10-depth-2,baseline_vector_search.cql + baseline_traversal.cql,measured,two_call_baseline,0,555.800875,33591,TRUE,TRUE
paper-32824-topk-1-depth-0,baseline_vector_search.cql + baseline_traversal.cql,measured,two_call_baseline,0,1.641458,1,TRUE,TRUE
paper-32824-topk-1-depth-1,baseline_vector_search.cql + baseline_traversal.cql,measured,two_call_baseline,0,1.425750,10,TRUE,TRUE
paper-32824-topk-1-depth-2,baseline_vector_search.cql + baseline_traversal.cql,measured,two_call_baseline,0,99.368792,6245,TRUE,TRUE
paper-32824-topk-3-depth-0,baseline_vector_search.cql + baseline_traversal.cql,measured,two_call_baseline,0,1.447583,3,TRUE,TRUE
paper-32824-topk-3-depth-1,baseline_vector_search.cql + baseline_traversal.cql,measured,two_call_baseline,0,2.316667,67,TRUE,TRUE
paper-32824-topk-3-depth-2,baseline_vector_search.cql + baseline_traversal.cql,measured,two_call_baseline,0,306.759875,18903,TRUE,TRUE
paper-32824-topk-5-depth-0,baseline_vector_search.cql + baseline_traversal.cql,measured,two_call_baseline,0,1.543416,5,TRUE,TRUE
paper-32824-topk-5-depth-1,baseline_vector_search.cql + baseline_traversal.cql,measured,two_call_baseline,0,2.713291,84,TRUE,TRUE
paper-32824-topk-5-depth-2,baseline_vector_search.cql + baseline_traversal.cql,measured,two_call_baseline,0,363.149666,22357,TRUE,TRUE
paper-32824-topk-10-depth-0,baseline_vector_search.cql + baseline_traversal.cql,measured,two_call_baseline,0,1.954584,10,TRUE,TRUE
paper-32824-topk-10-depth-1,baseline_vector_search.cql + baseline_traversal.cql,measured,two_call_baseline,0,4.008917,148,TRUE,TRUE
paper-32824-topk-10-depth-2,baseline_vector_search.cql + baseline_traversal.cql,measured,two_call_baseline,0,549.036959,31366,TRUE,TRUE
paper-77694-topk-1-depth-0,baseline_vector_search.cql + baseline_traversal.cql,measured,two_call_baseline,0,1.340833,1,TRUE,TRUE
paper-77694-topk-1-depth-1,baseline_vector_search.cql + baseline_traversal.cql,measured,two_call_baseline,0,1.370542,3,TRUE,TRUE
paper-77694-topk-1-depth-2,baseline_vector_search.cql + baseline_traversal.cql,measured,two_call_baseline,0,59.664042,3748,TRUE,TRUE
paper-77694-topk-3-depth-0,baseline_vector_search.cql + baseline_traversal.cql,measured,two_call_baseline,0,1.430542,3,TRUE,TRUE
paper-77694-topk-3-depth-1,baseline_vector_search.cql + baseline_traversal.cql,measured,two_call_baseline,0,1.739125,20,TRUE,TRUE
paper-77694-topk-3-depth-2,baseline_vector_search.cql + baseline_traversal.cql,measured,two_call_baseline,0,103.354459,6012,TRUE,TRUE
paper-77694-topk-5-depth-0,baseline_vector_search.cql + baseline_traversal.cql,measured,two_call_baseline,0,1.691208,5,TRUE,TRUE
paper-77694-topk-5-depth-1,baseline_vector_search.cql + baseline_traversal.cql,measured,two_call_baseline,0,2.268875,50,TRUE,TRUE
paper-77694-topk-5-depth-2,baseline_vector_search.cql + baseline_traversal.cql,measured,two_call_baseline,0,121.046792,7351,TRUE,TRUE
paper-77694-topk-10-depth-0,baseline_vector_search.cql + baseline_traversal.cql,measured,two_call_baseline,0,2.147834,10,TRUE,TRUE
paper-77694-topk-10-depth-1,baseline_vector_search.cql + baseline_traversal.cql,measured,two_call_baseline,0,2.978333,85,TRUE,TRUE
paper-77694-topk-10-depth-2,baseline_vector_search.cql + baseline_traversal.cql,measured,two_call_baseline,0,490.249875,29538,TRUE,TRUE
paper-2041-topk-1-depth-0,baseline_vector_search.cql + baseline_traversal.cql,measured,two_call_baseline,0,1.506000,1,TRUE,TRUE
paper-2041-topk-1-depth-1,baseline_vector_search.cql + baseline_traversal.cql,measured,two_call_baseline,0,1.700875,21,TRUE,TRUE
paper-2041-topk-1-depth-2,baseline_vector_search.cql + baseline_traversal.cql,measured,two_call_baseline,0,226.030666,13982,TRUE,TRUE
paper-2041-topk-3-depth-0,baseline_vector_search.cql + baseline_traversal.cql,measured,two_call_baseline,0,1.701792,3,TRUE,TRUE
paper-2041-topk-3-depth-1,baseline_vector_search.cql + baseline_traversal.cql,measured,two_call_baseline,0,2.016084,35,TRUE,TRUE
paper-2041-topk-3-depth-2,baseline_vector_search.cql + baseline_traversal.cql,measured,two_call_baseline,0,238.819458,14272,TRUE,TRUE
paper-2041-topk-5-depth-0,baseline_vector_search.cql + baseline_traversal.cql,measured,two_call_baseline,0,1.621542,5,TRUE,TRUE
paper-2041-topk-5-depth-1,baseline_vector_search.cql + baseline_traversal.cql,measured,two_call_baseline,0,2.913541,82,TRUE,TRUE
paper-2041-topk-5-depth-2,baseline_vector_search.cql + baseline_traversal.cql,measured,two_call_baseline,0,486.181250,29810,TRUE,TRUE
paper-2041-topk-10-depth-0,baseline_vector_search.cql + baseline_traversal.cql,measured,two_call_baseline,0,1.971583,10,TRUE,TRUE
paper-2041-topk-10-depth-1,baseline_vector_search.cql + baseline_traversal.cql,measured,two_call_baseline,0,3.499875,108,TRUE,TRUE
paper-2041-topk-10-depth-2,baseline_vector_search.cql + baseline_traversal.cql,measured,two_call_baseline,0,532.120500,31931,TRUE,TRUE
paper-157302-topk-1-depth-0,baseline_vector_search.cql + baseline_traversal.cql,measured,two_call_baseline,0,1.377250,1,TRUE,TRUE
paper-157302-topk-1-depth-1,baseline_vector_search.cql + baseline_traversal.cql,measured,two_call_baseline,0,1.560708,21,TRUE,TRUE
paper-157302-topk-1-depth-2,baseline_vector_search.cql + baseline_traversal.cql,measured,two_call_baseline,0,215.191834,13646,TRUE,TRUE
paper-157302-topk-3-depth-0,baseline_vector_search.cql + baseline_traversal.cql,measured,two_call_baseline,0,1.455250,3,TRUE,TRUE
paper-157302-topk-3-depth-1,baseline_vector_search.cql + baseline_traversal.cql,measured,two_call_baseline,0,2.651250,84,TRUE,TRUE
paper-157302-topk-3-depth-2,baseline_vector_search.cql + baseline_traversal.cql,measured,two_call_baseline,0,507.332625,31164,TRUE,TRUE
paper-157302-topk-5-depth-0,baseline_vector_search.cql + baseline_traversal.cql,measured,two_call_baseline,0,1.588667,5,TRUE,TRUE
paper-157302-topk-5-depth-1,baseline_vector_search.cql + baseline_traversal.cql,measured,two_call_baseline,0,3.272125,115,TRUE,TRUE
paper-157302-topk-5-depth-2,baseline_vector_search.cql + baseline_traversal.cql,measured,two_call_baseline,0,522.255584,31743,TRUE,TRUE
paper-157302-topk-10-depth-0,baseline_vector_search.cql + baseline_traversal.cql,measured,two_call_baseline,0,2.186708,10,TRUE,TRUE
paper-157302-topk-10-depth-1,baseline_vector_search.cql + baseline_traversal.cql,measured,two_call_baseline,0,4.829084,196,TRUE,TRUE
paper-157302-topk-10-depth-2,baseline_vector_search.cql + baseline_traversal.cql,measured,two_call_baseline,0,617.509500,36974,TRUE,TRUE
paper-40746-topk-1-depth-0,baseline_vector_search.cql + baseline_traversal.cql,measured,two_call_baseline,0,1.268208,1,TRUE,TRUE
paper-40746-topk-1-depth-1,baseline_vector_search.cql + baseline_traversal.cql,measured,two_call_baseline,0,1.225875,6,TRUE,TRUE
paper-40746-topk-1-depth-2,baseline_vector_search.cql + baseline_traversal.cql,measured,two_call_baseline,0,2.024250,52,TRUE,TRUE
paper-40746-topk-3-depth-0,baseline_vector_search.cql + baseline_traversal.cql,measured,two_call_baseline,0,2.508625,3,TRUE,TRUE
paper-40746-topk-3-depth-1,baseline_vector_search.cql + baseline_traversal.cql,measured,two_call_baseline,0,2.805042,71,TRUE,TRUE
paper-40746-topk-3-depth-2,baseline_vector_search.cql + baseline_traversal.cql,measured,two_call_baseline,0,38.941917,2417,TRUE,TRUE
paper-40746-topk-5-depth-0,baseline_vector_search.cql + baseline_traversal.cql,measured,two_call_baseline,0,1.451083,5,TRUE,TRUE
paper-40746-topk-5-depth-1,baseline_vector_search.cql + baseline_traversal.cql,measured,two_call_baseline,0,2.706709,84,TRUE,TRUE
paper-40746-topk-5-depth-2,baseline_vector_search.cql + baseline_traversal.cql,measured,two_call_baseline,0,51.481417,3228,TRUE,TRUE
paper-40746-topk-10-depth-0,baseline_vector_search.cql + baseline_traversal.cql,measured,two_call_baseline,0,1.870917,10,TRUE,TRUE
paper-40746-topk-10-depth-1,baseline_vector_search.cql + baseline_traversal.cql,measured,two_call_baseline,0,3.991833,134,TRUE,TRUE
paper-40746-topk-10-depth-2,baseline_vector_search.cql + baseline_traversal.cql,measured,two_call_baseline,0,82.482125,5045,TRUE,TRUE
paper-48369-topk-1-depth-0,baseline_vector_search.cql + baseline_traversal.cql,measured,two_call_baseline,0,1.308959,1,TRUE,TRUE
paper-48369-topk-1-depth-1,baseline_vector_search.cql + baseline_traversal.cql,measured,two_call_baseline,0,1.396625,9,TRUE,TRUE
paper-48369-topk-1-depth-2,baseline_vector_search.cql + baseline_traversal.cql,measured,two_call_baseline,0,108.659583,6836,TRUE,TRUE
paper-48369-topk-3-depth-0,baseline_vector_search.cql + baseline_traversal.cql,measured,two_call_baseline,0,1.392833,3,TRUE,TRUE
paper-48369-topk-3-depth-1,baseline_vector_search.cql + baseline_traversal.cql,measured,two_call_baseline,0,2.198375,50,TRUE,TRUE
paper-48369-topk-3-depth-2,baseline_vector_search.cql + baseline_traversal.cql,measured,two_call_baseline,0,325.115792,20007,TRUE,TRUE
paper-48369-topk-5-depth-0,baseline_vector_search.cql + baseline_traversal.cql,measured,two_call_baseline,0,1.651125,5,TRUE,TRUE
paper-48369-topk-5-depth-1,baseline_vector_search.cql + baseline_traversal.cql,measured,two_call_baseline,0,4.292917,173,TRUE,TRUE
paper-48369-topk-5-depth-2,baseline_vector_search.cql + baseline_traversal.cql,measured,two_call_baseline,0,538.255459,32733,TRUE,TRUE
paper-48369-topk-10-depth-0,baseline_vector_search.cql + baseline_traversal.cql,measured,two_call_baseline,0,1.993417,10,TRUE,TRUE
paper-48369-topk-10-depth-1,baseline_vector_search.cql + baseline_traversal.cql,measured,two_call_baseline,0,5.457959,228,TRUE,TRUE
paper-48369-topk-10-depth-2,baseline_vector_search.cql + baseline_traversal.cql,measured,two_call_baseline,0,647.544500,37147,TRUE,TRUE
paper-14461-topk-1-depth-0,baseline_vector_search.cql + baseline_traversal.cql,measured,two_call_baseline,0,1.414333,1,TRUE,TRUE
paper-14461-topk-1-depth-1,baseline_vector_search.cql + baseline_traversal.cql,measured,two_call_baseline,0,1.472292,9,TRUE,TRUE
paper-14461-topk-1-depth-2,baseline_vector_search.cql + baseline_traversal.cql,measured,two_call_baseline,0,135.067500,8557,TRUE,TRUE
paper-14461-topk-3-depth-0,baseline_vector_search.cql + baseline_traversal.cql,measured,two_call_baseline,0,1.417583,3,TRUE,TRUE
paper-14461-topk-3-depth-1,baseline_vector_search.cql + baseline_traversal.cql,measured,two_call_baseline,0,1.938917,41,TRUE,TRUE
paper-14461-topk-3-depth-2,baseline_vector_search.cql + baseline_traversal.cql,measured,two_call_baseline,0,162.173458,10149,TRUE,TRUE
paper-14461-topk-5-depth-0,baseline_vector_search.cql + baseline_traversal.cql,measured,two_call_baseline,0,1.638500,5,TRUE,TRUE
paper-14461-topk-5-depth-1,baseline_vector_search.cql + baseline_traversal.cql,measured,two_call_baseline,0,17.631625,1030,TRUE,TRUE
paper-14461-topk-5-depth-2,baseline_vector_search.cql + baseline_traversal.cql,measured,two_call_baseline,0,333.962416,20772,TRUE,TRUE
paper-14461-topk-10-depth-0,baseline_vector_search.cql + baseline_traversal.cql,measured,two_call_baseline,0,1.887292,10,TRUE,TRUE
paper-14461-topk-10-depth-1,baseline_vector_search.cql + baseline_traversal.cql,measured,two_call_baseline,0,18.487542,1095,TRUE,TRUE
paper-14461-topk-10-depth-2,baseline_vector_search.cql + baseline_traversal.cql,measured,two_call_baseline,0,673.046666,40476,TRUE,TRUE
paper-118932-topk-1-depth-0,baseline_vector_search.cql + baseline_traversal.cql,measured,two_call_baseline,0,1.261417,1,TRUE,TRUE
paper-118932-topk-1-depth-1,baseline_vector_search.cql + baseline_traversal.cql,measured,two_call_baseline,0,1.363834,16,TRUE,TRUE
paper-118932-topk-1-depth-2,baseline_vector_search.cql + baseline_traversal.cql,measured,two_call_baseline,0,2.038958,55,TRUE,TRUE
paper-118932-topk-3-depth-0,baseline_vector_search.cql + baseline_traversal.cql,measured,two_call_baseline,0,1.252709,3,TRUE,TRUE
paper-118932-topk-3-depth-1,baseline_vector_search.cql + baseline_traversal.cql,measured,two_call_baseline,0,1.411792,14,TRUE,TRUE
paper-118932-topk-3-depth-2,baseline_vector_search.cql + baseline_traversal.cql,measured,two_call_baseline,0,4.077375,164,TRUE,TRUE
paper-118932-topk-5-depth-0,baseline_vector_search.cql + baseline_traversal.cql,measured,two_call_baseline,0,1.551083,5,TRUE,TRUE
paper-118932-topk-5-depth-1,baseline_vector_search.cql + baseline_traversal.cql,measured,two_call_baseline,0,1.930000,26,TRUE,TRUE
paper-118932-topk-5-depth-2,baseline_vector_search.cql + baseline_traversal.cql,measured,two_call_baseline,0,4.896458,223,TRUE,TRUE
paper-118932-topk-10-depth-0,baseline_vector_search.cql + baseline_traversal.cql,measured,two_call_baseline,0,1.505416,10,TRUE,TRUE
paper-118932-topk-10-depth-1,baseline_vector_search.cql + baseline_traversal.cql,measured,two_call_baseline,0,2.508000,76,TRUE,TRUE
paper-118932-topk-10-depth-2,baseline_vector_search.cql + baseline_traversal.cql,measured,two_call_baseline,0,15.915000,967,TRUE,TRUE
paper-100485-topk-1-depth-0,baseline_vector_search.cql + baseline_traversal.cql,measured,two_call_baseline,0,1.118084,1,TRUE,TRUE
paper-100485-topk-1-depth-1,baseline_vector_search.cql + baseline_traversal.cql,measured,two_call_baseline,0,1.247125,11,TRUE,TRUE
paper-100485-topk-1-depth-2,baseline_vector_search.cql + baseline_traversal.cql,measured,two_call_baseline,0,3.082209,126,TRUE,TRUE
paper-100485-topk-3-depth-0,baseline_vector_search.cql + baseline_traversal.cql,measured,two_call_baseline,0,1.230000,3,TRUE,TRUE
paper-100485-topk-3-depth-1,baseline_vector_search.cql + baseline_traversal.cql,measured,two_call_baseline,0,1.663292,30,TRUE,TRUE
paper-100485-topk-3-depth-2,baseline_vector_search.cql + baseline_traversal.cql,measured,two_call_baseline,0,9.550583,542,TRUE,TRUE
paper-100485-topk-5-depth-0,baseline_vector_search.cql + baseline_traversal.cql,measured,two_call_baseline,0,1.576250,5,TRUE,TRUE
paper-100485-topk-5-depth-1,baseline_vector_search.cql + baseline_traversal.cql,measured,two_call_baseline,0,2.118125,42,TRUE,TRUE
paper-100485-topk-5-depth-2,baseline_vector_search.cql + baseline_traversal.cql,measured,two_call_baseline,0,11.192833,621,TRUE,TRUE
paper-100485-topk-10-depth-0,baseline_vector_search.cql + baseline_traversal.cql,measured,two_call_baseline,0,1.720083,10,TRUE,TRUE
paper-100485-topk-10-depth-1,baseline_vector_search.cql + baseline_traversal.cql,measured,two_call_baseline,0,3.578625,131,TRUE,TRUE
paper-100485-topk-10-depth-2,baseline_vector_search.cql + baseline_traversal.cql,measured,two_call_baseline,0,25.875875,1598,TRUE,TRUE
paper-140001-topk-1-depth-0,baseline_vector_search.cql + baseline_traversal.cql,measured,two_call_baseline,0,1.213584,1,TRUE,TRUE
paper-140001-topk-1-depth-1,baseline_vector_search.cql + baseline_traversal.cql,measured,two_call_baseline,0,1.205792,2,TRUE,TRUE
paper-140001-topk-1-depth-2,baseline_vector_search.cql + baseline_traversal.cql,measured,two_call_baseline,0,1.290042,4,TRUE,TRUE
paper-140001-topk-3-depth-0,baseline_vector_search.cql + baseline_traversal.cql,measured,two_call_baseline,0,1.264459,3,TRUE,TRUE
paper-140001-topk-3-depth-1,baseline_vector_search.cql + baseline_traversal.cql,measured,two_call_baseline,0,1.383125,7,TRUE,TRUE
paper-140001-topk-3-depth-2,baseline_vector_search.cql + baseline_traversal.cql,measured,two_call_baseline,0,1.521875,15,TRUE,TRUE
paper-140001-topk-5-depth-0,baseline_vector_search.cql + baseline_traversal.cql,measured,two_call_baseline,0,1.450584,5,TRUE,TRUE
paper-140001-topk-5-depth-1,baseline_vector_search.cql + baseline_traversal.cql,measured,two_call_baseline,0,1.690667,17,TRUE,TRUE
paper-140001-topk-5-depth-2,baseline_vector_search.cql + baseline_traversal.cql,measured,two_call_baseline,0,3.339208,123,TRUE,TRUE
paper-140001-topk-10-depth-0,baseline_vector_search.cql + baseline_traversal.cql,measured,two_call_baseline,0,1.760209,10,TRUE,TRUE
paper-140001-topk-10-depth-1,baseline_vector_search.cql + baseline_traversal.cql,measured,two_call_baseline,0,2.123958,38,TRUE,TRUE
paper-140001-topk-10-depth-2,baseline_vector_search.cql + baseline_traversal.cql,measured,two_call_baseline,0,5.573291,251,TRUE,TRUE
paper-82634-topk-1-depth-0,baseline_vector_search.cql + baseline_traversal.cql,measured,two_call_baseline,0,1.150708,1,TRUE,TRUE
paper-82634-topk-1-depth-1,baseline_vector_search.cql + baseline_traversal.cql,measured,two_call_baseline,0,1.191583,4,TRUE,TRUE
paper-82634-topk-1-depth-2,baseline_vector_search.cql + baseline_traversal.cql,measured,two_call_baseline,0,2.114750,62,TRUE,TRUE
paper-82634-topk-3-depth-0,baseline_vector_search.cql + baseline_traversal.cql,measured,two_call_baseline,0,1.314625,3,TRUE,TRUE
paper-82634-topk-3-depth-1,baseline_vector_search.cql + baseline_traversal.cql,measured,two_call_baseline,0,1.358083,9,TRUE,TRUE
paper-82634-topk-3-depth-2,baseline_vector_search.cql + baseline_traversal.cql,measured,two_call_baseline,0,2.452083,78,TRUE,TRUE
paper-82634-topk-5-depth-0,baseline_vector_search.cql + baseline_traversal.cql,measured,two_call_baseline,0,1.433625,5,TRUE,TRUE
paper-82634-topk-5-depth-1,baseline_vector_search.cql + baseline_traversal.cql,measured,two_call_baseline,0,1.798125,26,TRUE,TRUE
paper-82634-topk-5-depth-2,baseline_vector_search.cql + baseline_traversal.cql,measured,two_call_baseline,0,6.786834,333,TRUE,TRUE
paper-82634-topk-10-depth-0,baseline_vector_search.cql + baseline_traversal.cql,measured,two_call_baseline,0,1.879791,10,TRUE,TRUE
paper-82634-topk-10-depth-1,baseline_vector_search.cql + baseline_traversal.cql,measured,two_call_baseline,0,3.063792,92,TRUE,TRUE
paper-82634-topk-10-depth-2,baseline_vector_search.cql + baseline_traversal.cql,measured,two_call_baseline,0,612.259708,37689,TRUE,TRUE
paper-153486-topk-1-depth-0,baseline_vector_search.cql + baseline_traversal.cql,measured,two_call_baseline,0,1.288084,1,TRUE,TRUE
paper-153486-topk-1-depth-1,baseline_vector_search.cql + baseline_traversal.cql,measured,two_call_baseline,0,1.388791,8,TRUE,TRUE
paper-153486-topk-1-depth-2,baseline_vector_search.cql + baseline_traversal.cql,measured,two_call_baseline,0,11.129000,653,TRUE,TRUE
paper-153486-topk-3-depth-0,baseline_vector_search.cql + baseline_traversal.cql,measured,two_call_baseline,0,1.353000,3,TRUE,TRUE
paper-153486-topk-3-depth-1,baseline_vector_search.cql + baseline_traversal.cql,measured,two_call_baseline,0,1.556084,13,TRUE,TRUE
paper-153486-topk-3-depth-2,baseline_vector_search.cql + baseline_traversal.cql,measured,two_call_baseline,0,11.754541,666,TRUE,TRUE
paper-153486-topk-5-depth-0,baseline_vector_search.cql + baseline_traversal.cql,measured,two_call_baseline,0,1.507667,5,TRUE,TRUE
paper-153486-topk-5-depth-1,baseline_vector_search.cql + baseline_traversal.cql,measured,two_call_baseline,0,1.764709,21,TRUE,TRUE
paper-153486-topk-5-depth-2,baseline_vector_search.cql + baseline_traversal.cql,measured,two_call_baseline,0,12.804000,741,TRUE,TRUE
paper-153486-topk-10-depth-0,baseline_vector_search.cql + baseline_traversal.cql,measured,two_call_baseline,0,1.845000,10,TRUE,TRUE
paper-153486-topk-10-depth-1,baseline_vector_search.cql + baseline_traversal.cql,measured,two_call_baseline,0,2.633625,58,TRUE,TRUE
paper-153486-topk-10-depth-2,baseline_vector_search.cql + baseline_traversal.cql,measured,two_call_baseline,0,344.504833,21674,TRUE,TRUE
paper-118388-topk-1-depth-0,baseline_vector_search.cql + baseline_traversal.cql,measured,two_call_baseline,0,1.361000,1,TRUE,TRUE
paper-118388-topk-1-depth-1,baseline_vector_search.cql + baseline_traversal.cql,measured,two_call_baseline,0,1.320458,5,TRUE,TRUE
paper-118388-topk-1-depth-2,baseline_vector_search.cql + baseline_traversal.cql,measured,two_call_baseline,0,84.201584,5396,TRUE,TRUE
paper-118388-topk-3-depth-0,baseline_vector_search.cql + baseline_traversal.cql,measured,two_call_baseline,0,1.387250,3,TRUE,TRUE
paper-118388-topk-3-depth-1,baseline_vector_search.cql + baseline_traversal.cql,measured,two_call_baseline,0,1.528500,17,TRUE,TRUE
paper-118388-topk-3-depth-2,baseline_vector_search.cql + baseline_traversal.cql,measured,two_call_baseline,0,230.315416,14376,TRUE,TRUE
paper-118388-topk-5-depth-0,baseline_vector_search.cql + baseline_traversal.cql,measured,two_call_baseline,0,1.812000,5,TRUE,TRUE
paper-118388-topk-5-depth-1,baseline_vector_search.cql + baseline_traversal.cql,measured,two_call_baseline,0,1.820791,24,TRUE,TRUE
paper-118388-topk-5-depth-2,baseline_vector_search.cql + baseline_traversal.cql,measured,two_call_baseline,0,245.586834,14788,TRUE,TRUE
paper-118388-topk-10-depth-0,baseline_vector_search.cql + baseline_traversal.cql,measured,two_call_baseline,0,1.853125,10,TRUE,TRUE
paper-118388-topk-10-depth-1,baseline_vector_search.cql + baseline_traversal.cql,measured,two_call_baseline,0,2.601750,64,TRUE,TRUE
paper-118388-topk-10-depth-2,baseline_vector_search.cql + baseline_traversal.cql,measured,two_call_baseline,0,363.522250,22381,TRUE,TRUE
paper-10207-topk-1-depth-0,baseline_vector_search.cql + baseline_traversal.cql,measured,two_call_baseline,0,1.279750,1,TRUE,TRUE
paper-10207-topk-1-depth-1,baseline_vector_search.cql + baseline_traversal.cql,measured,two_call_baseline,0,1.218458,2,TRUE,TRUE
paper-10207-topk-1-depth-2,baseline_vector_search.cql + baseline_traversal.cql,measured,two_call_baseline,0,1.575500,25,TRUE,TRUE
paper-10207-topk-3-depth-0,baseline_vector_search.cql + baseline_traversal.cql,measured,two_call_baseline,0,1.273917,3,TRUE,TRUE
paper-10207-topk-3-depth-1,baseline_vector_search.cql + baseline_traversal.cql,measured,two_call_baseline,0,1.463375,14,TRUE,TRUE
paper-10207-topk-3-depth-2,baseline_vector_search.cql + baseline_traversal.cql,measured,two_call_baseline,0,68.480750,4333,TRUE,TRUE
paper-10207-topk-5-depth-0,baseline_vector_search.cql + baseline_traversal.cql,measured,two_call_baseline,0,1.454375,5,TRUE,TRUE
paper-10207-topk-5-depth-1,baseline_vector_search.cql + baseline_traversal.cql,measured,two_call_baseline,0,1.664917,20,TRUE,TRUE
paper-10207-topk-5-depth-2,baseline_vector_search.cql + baseline_traversal.cql,measured,two_call_baseline,0,69.219417,4369,TRUE,TRUE
paper-10207-topk-10-depth-0,baseline_vector_search.cql + baseline_traversal.cql,measured,two_call_baseline,0,1.733459,10,TRUE,TRUE
paper-10207-topk-10-depth-1,baseline_vector_search.cql + baseline_traversal.cql,measured,two_call_baseline,0,2.303750,49,TRUE,TRUE
paper-10207-topk-10-depth-2,baseline_vector_search.cql + baseline_traversal.cql,measured,two_call_baseline,0,268.901875,16879,TRUE,TRUE
paper-95211-topk-1-depth-0,baseline_vector_search.cql + baseline_traversal.cql,measured,two_call_baseline,0,1.372042,1,TRUE,TRUE
paper-95211-topk-1-depth-1,baseline_vector_search.cql + baseline_traversal.cql,measured,two_call_baseline,0,1.413416,10,TRUE,TRUE
paper-95211-topk-1-depth-2,baseline_vector_search.cql + baseline_traversal.cql,measured,two_call_baseline,0,307.779542,18764,TRUE,TRUE
paper-95211-topk-3-depth-0,baseline_vector_search.cql + baseline_traversal.cql,measured,two_call_baseline,0,1.460333,3,TRUE,TRUE
paper-95211-topk-3-depth-1,baseline_vector_search.cql + baseline_traversal.cql,measured,two_call_baseline,0,2.059625,46,TRUE,TRUE
paper-95211-topk-3-depth-2,baseline_vector_search.cql + baseline_traversal.cql,measured,two_call_baseline,0,375.302167,23042,TRUE,TRUE
paper-95211-topk-5-depth-0,baseline_vector_search.cql + baseline_traversal.cql,measured,two_call_baseline,0,1.561958,5,TRUE,TRUE
paper-95211-topk-5-depth-1,baseline_vector_search.cql + baseline_traversal.cql,measured,two_call_baseline,0,2.584000,67,TRUE,TRUE
paper-95211-topk-5-depth-2,baseline_vector_search.cql + baseline_traversal.cql,measured,two_call_baseline,0,518.058625,31333,TRUE,TRUE
paper-95211-topk-10-depth-0,baseline_vector_search.cql + baseline_traversal.cql,measured,two_call_baseline,0,1.938667,10,TRUE,TRUE
paper-95211-topk-10-depth-1,baseline_vector_search.cql + baseline_traversal.cql,measured,two_call_baseline,0,3.941541,144,TRUE,TRUE
paper-95211-topk-10-depth-2,baseline_vector_search.cql + baseline_traversal.cql,measured,two_call_baseline,0,580.388042,34280,TRUE,TRUE
paper-100348-topk-1-depth-0,baseline_vector_search.cql + baseline_traversal.cql,measured,two_call_baseline,0,1.337750,1,TRUE,TRUE
paper-100348-topk-1-depth-1,baseline_vector_search.cql + baseline_traversal.cql,measured,two_call_baseline,0,1.405958,10,TRUE,TRUE
paper-100348-topk-1-depth-2,baseline_vector_search.cql + baseline_traversal.cql,measured,two_call_baseline,0,327.936167,20631,TRUE,TRUE
paper-100348-topk-3-depth-0,baseline_vector_search.cql + baseline_traversal.cql,measured,two_call_baseline,0,1.544292,3,TRUE,TRUE
paper-100348-topk-3-depth-1,baseline_vector_search.cql + baseline_traversal.cql,measured,two_call_baseline,0,2.677125,81,TRUE,TRUE
paper-100348-topk-3-depth-2,baseline_vector_search.cql + baseline_traversal.cql,measured,two_call_baseline,0,393.980667,24532,TRUE,TRUE
paper-100348-topk-5-depth-0,baseline_vector_search.cql + baseline_traversal.cql,measured,two_call_baseline,0,1.670209,5,TRUE,TRUE
paper-100348-topk-5-depth-1,baseline_vector_search.cql + baseline_traversal.cql,measured,two_call_baseline,0,2.975709,95,TRUE,TRUE
paper-100348-topk-5-depth-2,baseline_vector_search.cql + baseline_traversal.cql,measured,two_call_baseline,0,400.626750,24775,TRUE,TRUE
paper-100348-topk-10-depth-0,baseline_vector_search.cql + baseline_traversal.cql,measured,two_call_baseline,0,1.963416,10,TRUE,TRUE
paper-100348-topk-10-depth-1,baseline_vector_search.cql + baseline_traversal.cql,measured,two_call_baseline,0,4.240458,168,TRUE,TRUE
paper-100348-topk-10-depth-2,baseline_vector_search.cql + baseline_traversal.cql,measured,two_call_baseline,0,495.685875,30045,TRUE,TRUE
paper-101205-topk-1-depth-0,baseline_vector_search.cql + baseline_traversal.cql,measured,two_call_baseline,0,1.459417,1,TRUE,TRUE
paper-101205-topk-1-depth-1,baseline_vector_search.cql + baseline_traversal.cql,measured,two_call_baseline,0,1.257041,2,TRUE,TRUE
paper-101205-topk-1-depth-2,baseline_vector_search.cql + baseline_traversal.cql,measured,two_call_baseline,0,1.429708,16,TRUE,TRUE
paper-101205-topk-3-depth-0,baseline_vector_search.cql + baseline_traversal.cql,measured,two_call_baseline,0,1.326625,3,TRUE,TRUE
paper-101205-topk-3-depth-1,baseline_vector_search.cql + baseline_traversal.cql,measured,two_call_baseline,0,1.557167,19,TRUE,TRUE
paper-101205-topk-3-depth-2,baseline_vector_search.cql + baseline_traversal.cql,measured,two_call_baseline,0,6.202292,326,TRUE,TRUE
paper-101205-topk-5-depth-0,baseline_vector_search.cql + baseline_traversal.cql,measured,two_call_baseline,0,1.594916,5,TRUE,TRUE
paper-101205-topk-5-depth-1,baseline_vector_search.cql + baseline_traversal.cql,measured,two_call_baseline,0,2.340292,54,TRUE,TRUE
paper-101205-topk-5-depth-2,baseline_vector_search.cql + baseline_traversal.cql,measured,two_call_baseline,0,13.708083,791,TRUE,TRUE
paper-101205-topk-10-depth-0,baseline_vector_search.cql + baseline_traversal.cql,measured,two_call_baseline,0,1.898750,10,TRUE,TRUE
paper-101205-topk-10-depth-1,baseline_vector_search.cql + baseline_traversal.cql,measured,two_call_baseline,0,3.700459,122,TRUE,TRUE
paper-101205-topk-10-depth-2,baseline_vector_search.cql + baseline_traversal.cql,measured,two_call_baseline,0,370.725792,23216,TRUE,TRUE
paper-157451-topk-1-depth-0,baseline_vector_search.cql + baseline_traversal.cql,measured,two_call_baseline,0,1.247333,1,TRUE,TRUE
paper-157451-topk-1-depth-1,baseline_vector_search.cql + baseline_traversal.cql,measured,two_call_baseline,0,1.276084,5,TRUE,TRUE
paper-157451-topk-1-depth-2,baseline_vector_search.cql + baseline_traversal.cql,measured,two_call_baseline,0,1.925375,49,TRUE,TRUE
paper-157451-topk-3-depth-0,baseline_vector_search.cql + baseline_traversal.cql,measured,two_call_baseline,0,1.322417,3,TRUE,TRUE
paper-157451-topk-3-depth-1,baseline_vector_search.cql + baseline_traversal.cql,measured,two_call_baseline,0,1.660500,18,TRUE,TRUE
paper-157451-topk-3-depth-2,baseline_vector_search.cql + baseline_traversal.cql,measured,two_call_baseline,0,2.959208,92,TRUE,TRUE
paper-157451-topk-5-depth-0,baseline_vector_search.cql + baseline_traversal.cql,measured,two_call_baseline,0,1.718042,5,TRUE,TRUE
paper-157451-topk-5-depth-1,baseline_vector_search.cql + baseline_traversal.cql,measured,two_call_baseline,0,1.793875,23,TRUE,TRUE
paper-157451-topk-5-depth-2,baseline_vector_search.cql + baseline_traversal.cql,measured,two_call_baseline,0,5.891083,257,TRUE,TRUE
paper-157451-topk-10-depth-0,baseline_vector_search.cql + baseline_traversal.cql,measured,two_call_baseline,0,1.940833,10,TRUE,TRUE
paper-157451-topk-10-depth-1,baseline_vector_search.cql + baseline_traversal.cql,measured,two_call_baseline,0,2.896584,75,TRUE,TRUE
paper-157451-topk-10-depth-2,baseline_vector_search.cql + baseline_traversal.cql,measured,two_call_baseline,0,11.179208,616,TRUE,TRUE
paper-139553-topk-1-depth-0,baseline_vector_search.cql + baseline_traversal.cql,measured,two_call_baseline,0,1.144459,1,TRUE,TRUE
paper-139553-topk-1-depth-1,baseline_vector_search.cql + baseline_traversal.cql,measured,two_call_baseline,0,1.311875,13,TRUE,TRUE
paper-139553-topk-1-depth-2,baseline_vector_search.cql + baseline_traversal.cql,measured,two_call_baseline,0,5.098125,253,TRUE,TRUE
paper-139553-topk-3-depth-0,baseline_vector_search.cql + baseline_traversal.cql,measured,two_call_baseline,0,1.444625,3,TRUE,TRUE
paper-139553-topk-3-depth-1,baseline_vector_search.cql + baseline_traversal.cql,measured,two_call_baseline,0,1.884291,35,TRUE,TRUE
paper-139553-topk-3-depth-2,baseline_vector_search.cql + baseline_traversal.cql,measured,two_call_baseline,0,14.261375,844,TRUE,TRUE
paper-139553-topk-5-depth-0,baseline_vector_search.cql + baseline_traversal.cql,measured,two_call_baseline,0,1.468291,5,TRUE,TRUE
paper-139553-topk-5-depth-1,baseline_vector_search.cql + baseline_traversal.cql,measured,two_call_baseline,0,3.171667,113,TRUE,TRUE
paper-139553-topk-5-depth-2,baseline_vector_search.cql + baseline_traversal.cql,measured,two_call_baseline,0,19.052375,1127,TRUE,TRUE
paper-139553-topk-10-depth-0,baseline_vector_search.cql + baseline_traversal.cql,measured,two_call_baseline,0,1.891375,10,TRUE,TRUE
paper-139553-topk-10-depth-1,baseline_vector_search.cql + baseline_traversal.cql,measured,two_call_baseline,0,3.851167,139,TRUE,TRUE
paper-139553-topk-10-depth-2,baseline_vector_search.cql + baseline_traversal.cql,measured,two_call_baseline,0,22.781583,1327,TRUE,TRUE
paper-136735-topk-1-depth-0,baseline_vector_search.cql + baseline_traversal.cql,measured,two_call_baseline,0,1.176166,1,TRUE,TRUE
paper-136735-topk-1-depth-1,baseline_vector_search.cql + baseline_traversal.cql,measured,two_call_baseline,0,1.390708,17,TRUE,TRUE
paper-136735-topk-1-depth-2,baseline_vector_search.cql + baseline_traversal.cql,measured,two_call_baseline,0,10.990125,636,TRUE,TRUE
paper-136735-topk-3-depth-0,baseline_vector_search.cql + baseline_traversal.cql,measured,two_call_baseline,0,1.415125,3,TRUE,TRUE
paper-136735-topk-3-depth-1,baseline_vector_search.cql + baseline_traversal.cql,measured,two_call_baseline,0,1.852125,37,TRUE,TRUE
paper-136735-topk-3-depth-2,baseline_vector_search.cql + baseline_traversal.cql,measured,two_call_baseline,0,16.085750,960,TRUE,TRUE
paper-136735-topk-5-depth-0,baseline_vector_search.cql + baseline_traversal.cql,measured,two_call_baseline,0,1.328250,5,TRUE,TRUE
paper-136735-topk-5-depth-1,baseline_vector_search.cql + baseline_traversal.cql,measured,two_call_baseline,0,4.767667,211,TRUE,TRUE
paper-136735-topk-5-depth-2,baseline_vector_search.cql + baseline_traversal.cql,measured,two_call_baseline,0,44.259958,2772,TRUE,TRUE
paper-136735-topk-10-depth-0,baseline_vector_search.cql + baseline_traversal.cql,measured,two_call_baseline,0,1.759625,10,TRUE,TRUE
paper-136735-topk-10-depth-1,baseline_vector_search.cql + baseline_traversal.cql,measured,two_call_baseline,0,5.581708,252,TRUE,TRUE
paper-136735-topk-10-depth-2,baseline_vector_search.cql + baseline_traversal.cql,measured,two_call_baseline,0,50.428833,3120,TRUE,TRUE
paper-7615-topk-1-depth-0,baseline_vector_search.cql + baseline_traversal.cql,measured,two_call_baseline,0,1.176542,1,TRUE,TRUE
paper-7615-topk-1-depth-1,baseline_vector_search.cql + baseline_traversal.cql,measured,two_call_baseline,0,1.201167,7,TRUE,TRUE
paper-7615-topk-1-depth-2,baseline_vector_search.cql + baseline_traversal.cql,measured,two_call_baseline,0,1.642833,28,TRUE,TRUE
paper-7615-topk-3-depth-0,baseline_vector_search.cql + baseline_traversal.cql,measured,two_call_baseline,0,1.282209,3,TRUE,TRUE
paper-7615-topk-3-depth-1,baseline_vector_search.cql + baseline_traversal.cql,measured,two_call_baseline,0,1.556375,23,TRUE,TRUE
paper-7615-topk-3-depth-2,baseline_vector_search.cql + baseline_traversal.cql,measured,two_call_baseline,0,12.447333,733,TRUE,TRUE
paper-7615-topk-5-depth-0,baseline_vector_search.cql + baseline_traversal.cql,measured,two_call_baseline,0,1.489584,5,TRUE,TRUE
paper-7615-topk-5-depth-1,baseline_vector_search.cql + baseline_traversal.cql,measured,two_call_baseline,0,1.927250,32,TRUE,TRUE
paper-7615-topk-5-depth-2,baseline_vector_search.cql + baseline_traversal.cql,measured,two_call_baseline,0,13.427875,784,TRUE,TRUE
paper-7615-topk-10-depth-0,baseline_vector_search.cql + baseline_traversal.cql,measured,two_call_baseline,0,1.849584,10,TRUE,TRUE
paper-7615-topk-10-depth-1,baseline_vector_search.cql + baseline_traversal.cql,measured,two_call_baseline,0,2.865250,73,TRUE,TRUE
paper-7615-topk-10-depth-2,baseline_vector_search.cql + baseline_traversal.cql,measured,two_call_baseline,0,20.276625,1098,TRUE,TRUE
paper-19678-topk-1-depth-0,baseline_vector_search.cql + baseline_traversal.cql,measured,two_call_baseline,0,1.259792,1,TRUE,TRUE
paper-19678-topk-1-depth-1,baseline_vector_search.cql + baseline_traversal.cql,measured,two_call_baseline,0,1.447542,4,TRUE,TRUE
paper-19678-topk-1-depth-2,baseline_vector_search.cql + baseline_traversal.cql,measured,two_call_baseline,0,2.904416,98,TRUE,TRUE
paper-19678-topk-3-depth-0,baseline_vector_search.cql + baseline_traversal.cql,measured,two_call_baseline,0,1.393333,3,TRUE,TRUE
paper-19678-topk-3-depth-1,baseline_vector_search.cql + baseline_traversal.cql,measured,two_call_baseline,0,1.519875,15,TRUE,TRUE
paper-19678-topk-3-depth-2,baseline_vector_search.cql + baseline_traversal.cql,measured,two_call_baseline,0,40.894708,2554,TRUE,TRUE
paper-19678-topk-5-depth-0,baseline_vector_search.cql + baseline_traversal.cql,measured,two_call_baseline,0,1.447916,5,TRUE,TRUE
paper-19678-topk-5-depth-1,baseline_vector_search.cql + baseline_traversal.cql,measured,two_call_baseline,0,2.803875,95,TRUE,TRUE
paper-19678-topk-5-depth-2,baseline_vector_search.cql + baseline_traversal.cql,measured,two_call_baseline,0,463.949708,28693,TRUE,TRUE
paper-19678-topk-10-depth-0,baseline_vector_search.cql + baseline_traversal.cql,measured,two_call_baseline,0,1.848709,10,TRUE,TRUE
paper-19678-topk-10-depth-1,baseline_vector_search.cql + baseline_traversal.cql,measured,two_call_baseline,0,4.745750,186,TRUE,TRUE
paper-19678-topk-10-depth-2,baseline_vector_search.cql + baseline_traversal.cql,measured,two_call_baseline,0,570.499834,34139,TRUE,TRUE
paper-113643-topk-1-depth-0,baseline_vector_search.cql + baseline_traversal.cql,measured,two_call_baseline,0,1.336542,1,TRUE,TRUE
paper-113643-topk-1-depth-1,baseline_vector_search.cql + baseline_traversal.cql,measured,two_call_baseline,0,1.442666,19,TRUE,TRUE
paper-113643-topk-1-depth-2,baseline_vector_search.cql + baseline_traversal.cql,measured,two_call_baseline,0,352.817167,22337,TRUE,TRUE
paper-113643-topk-3-depth-0,baseline_vector_search.cql + baseline_traversal.cql,measured,two_call_baseline,0,1.472667,3,TRUE,TRUE
paper-113643-topk-3-depth-1,baseline_vector_search.cql + baseline_traversal.cql,measured,two_call_baseline,0,1.926250,45,TRUE,TRUE
paper-113643-topk-3-depth-2,baseline_vector_search.cql + baseline_traversal.cql,measured,two_call_baseline,0,531.836792,33219,TRUE,TRUE
paper-113643-topk-5-depth-0,baseline_vector_search.cql + baseline_traversal.cql,measured,two_call_baseline,0,1.533417,5,TRUE,TRUE
paper-113643-topk-5-depth-1,baseline_vector_search.cql + baseline_traversal.cql,measured,two_call_baseline,0,2.349958,63,TRUE,TRUE
paper-113643-topk-5-depth-2,baseline_vector_search.cql + baseline_traversal.cql,measured,two_call_baseline,0,590.796250,36281,TRUE,TRUE
paper-113643-topk-10-depth-0,baseline_vector_search.cql + baseline_traversal.cql,measured,two_call_baseline,0,1.941958,10,TRUE,TRUE
paper-113643-topk-10-depth-1,baseline_vector_search.cql + baseline_traversal.cql,measured,two_call_baseline,0,3.610750,121,TRUE,TRUE
paper-113643-topk-10-depth-2,baseline_vector_search.cql + baseline_traversal.cql,measured,two_call_baseline,0,665.261916,39573,TRUE,TRUE
paper-96069-topk-1-depth-0,baseline_vector_search.cql + baseline_traversal.cql,measured,two_call_baseline,0,1.350500,1,TRUE,TRUE
paper-96069-topk-1-depth-1,baseline_vector_search.cql + baseline_traversal.cql,measured,two_call_baseline,0,1.383125,10,TRUE,TRUE
paper-96069-topk-1-depth-2,baseline_vector_search.cql + baseline_traversal.cql,measured,two_call_baseline,0,3.209750,124,TRUE,TRUE
paper-96069-topk-3-depth-0,baseline_vector_search.cql + baseline_traversal.cql,measured,two_call_baseline,0,1.436083,3,TRUE,TRUE
paper-96069-topk-3-depth-1,baseline_vector_search.cql + baseline_traversal.cql,measured,two_call_baseline,0,1.555083,15,TRUE,TRUE
paper-96069-topk-3-depth-2,baseline_vector_search.cql + baseline_traversal.cql,measured,two_call_baseline,0,4.414875,178,TRUE,TRUE
paper-96069-topk-5-depth-0,baseline_vector_search.cql + baseline_traversal.cql,measured,two_call_baseline,0,1.599500,5,TRUE,TRUE
paper-96069-topk-5-depth-1,baseline_vector_search.cql + baseline_traversal.cql,measured,two_call_baseline,0,2.052125,29,TRUE,TRUE
paper-96069-topk-5-depth-2,baseline_vector_search.cql + baseline_traversal.cql,measured,two_call_baseline,0,30.674500,1892,TRUE,TRUE
paper-96069-topk-10-depth-0,baseline_vector_search.cql + baseline_traversal.cql,measured,two_call_baseline,0,1.924750,10,TRUE,TRUE
paper-96069-topk-10-depth-1,baseline_vector_search.cql + baseline_traversal.cql,measured,two_call_baseline,0,2.961458,70,TRUE,TRUE
paper-96069-topk-10-depth-2,baseline_vector_search.cql + baseline_traversal.cql,measured,two_call_baseline,0,60.737209,3792,TRUE,TRUE
paper-2488-topk-1-depth-0,baseline_vector_search.cql + baseline_traversal.cql,measured,two_call_baseline,0,1.254500,1,TRUE,TRUE
paper-2488-topk-1-depth-1,baseline_vector_search.cql + baseline_traversal.cql,measured,two_call_baseline,0,1.225042,4,TRUE,TRUE
paper-2488-topk-1-depth-2,baseline_vector_search.cql + baseline_traversal.cql,measured,two_call_baseline,0,53.429625,3420,TRUE,TRUE
paper-2488-topk-3-depth-0,baseline_vector_search.cql + baseline_traversal.cql,measured,two_call_baseline,0,1.276625,3,TRUE,TRUE
paper-2488-topk-3-depth-1,baseline_vector_search.cql + baseline_traversal.cql,measured,two_call_baseline,0,1.483834,18,TRUE,TRUE
paper-2488-topk-3-depth-2,baseline_vector_search.cql + baseline_traversal.cql,measured,two_call_baseline,0,266.071833,16654,TRUE,TRUE
paper-2488-topk-5-depth-0,baseline_vector_search.cql + baseline_traversal.cql,measured,two_call_baseline,0,1.551750,5,TRUE,TRUE
paper-2488-topk-5-depth-1,baseline_vector_search.cql + baseline_traversal.cql,measured,two_call_baseline,0,1.823417,25,TRUE,TRUE
paper-2488-topk-5-depth-2,baseline_vector_search.cql + baseline_traversal.cql,measured,two_call_baseline,0,312.302084,19528,TRUE,TRUE
paper-2488-topk-10-depth-0,baseline_vector_search.cql + baseline_traversal.cql,measured,two_call_baseline,0,1.919292,10,TRUE,TRUE
paper-2488-topk-10-depth-1,baseline_vector_search.cql + baseline_traversal.cql,measured,two_call_baseline,0,2.584333,57,TRUE,TRUE
paper-2488-topk-10-depth-2,baseline_vector_search.cql + baseline_traversal.cql,measured,two_call_baseline,0,379.512125,23430,TRUE,TRUE
paper-29055-topk-1-depth-0,baseline_vector_search.cql + baseline_traversal.cql,measured,two_call_baseline,0,1.339292,1,TRUE,TRUE
paper-29055-topk-1-depth-1,baseline_vector_search.cql + baseline_traversal.cql,measured,two_call_baseline,0,1.212584,2,TRUE,TRUE
paper-29055-topk-1-depth-2,baseline_vector_search.cql + baseline_traversal.cql,measured,two_call_baseline,0,1.722750,35,TRUE,TRUE
paper-29055-topk-3-depth-0,baseline_vector_search.cql + baseline_traversal.cql,measured,two_call_baseline,0,1.267750,3,TRUE,TRUE
paper-29055-topk-3-depth-1,baseline_vector_search.cql + baseline_traversal.cql,measured,two_call_baseline,0,1.407875,8,TRUE,TRUE
paper-29055-topk-3-depth-2,baseline_vector_search.cql + baseline_traversal.cql,measured,two_call_baseline,0,2.430084,77,TRUE,TRUE
paper-29055-topk-5-depth-0,baseline_vector_search.cql + baseline_traversal.cql,measured,two_call_baseline,0,1.460375,5,TRUE,TRUE
paper-29055-topk-5-depth-1,baseline_vector_search.cql + baseline_traversal.cql,measured,two_call_baseline,0,1.628542,20,TRUE,TRUE
paper-29055-topk-5-depth-2,baseline_vector_search.cql + baseline_traversal.cql,measured,two_call_baseline,0,4.214667,179,TRUE,TRUE
paper-29055-topk-10-depth-0,baseline_vector_search.cql + baseline_traversal.cql,measured,two_call_baseline,0,1.655333,10,TRUE,TRUE
paper-29055-topk-10-depth-1,baseline_vector_search.cql + baseline_traversal.cql,measured,two_call_baseline,0,2.057333,34,TRUE,TRUE
paper-29055-topk-10-depth-2,baseline_vector_search.cql + baseline_traversal.cql,measured,two_call_baseline,0,5.421666,245,TRUE,TRUE
paper-19339-topk-1-depth-0,baseline_vector_search.cql + baseline_traversal.cql,measured,two_call_baseline,0,1.165709,1,TRUE,TRUE
paper-19339-topk-1-depth-1,baseline_vector_search.cql + baseline_traversal.cql,measured,two_call_baseline,0,1.173792,4,TRUE,TRUE
paper-19339-topk-1-depth-2,baseline_vector_search.cql + baseline_traversal.cql,measured,two_call_baseline,0,1.529875,23,TRUE,TRUE
paper-19339-topk-3-depth-0,baseline_vector_search.cql + baseline_traversal.cql,measured,two_call_baseline,0,1.296084,3,TRUE,TRUE
paper-19339-topk-3-depth-1,baseline_vector_search.cql + baseline_traversal.cql,measured,two_call_baseline,0,1.532334,16,TRUE,TRUE
paper-19339-topk-3-depth-2,baseline_vector_search.cql + baseline_traversal.cql,measured,two_call_baseline,0,219.492083,13761,TRUE,TRUE
paper-19339-topk-5-depth-0,baseline_vector_search.cql + baseline_traversal.cql,measured,two_call_baseline,0,1.622292,5,TRUE,TRUE
paper-19339-topk-5-depth-1,baseline_vector_search.cql + baseline_traversal.cql,measured,two_call_baseline,0,2.323500,55,TRUE,TRUE
paper-19339-topk-5-depth-2,baseline_vector_search.cql + baseline_traversal.cql,measured,two_call_baseline,0,345.886709,21577,TRUE,TRUE
paper-19339-topk-10-depth-0,baseline_vector_search.cql + baseline_traversal.cql,measured,two_call_baseline,0,2.019209,10,TRUE,TRUE
paper-19339-topk-10-depth-1,baseline_vector_search.cql + baseline_traversal.cql,measured,two_call_baseline,0,3.312792,104,TRUE,TRUE
paper-19339-topk-10-depth-2,baseline_vector_search.cql + baseline_traversal.cql,measured,two_call_baseline,0,438.272708,26890,TRUE,TRUE
paper-118887-topk-1-depth-0,baseline_vector_search.cql + baseline_traversal.cql,measured,two_call_baseline,0,1.277750,1,TRUE,TRUE
paper-118887-topk-1-depth-1,baseline_vector_search.cql + baseline_traversal.cql,measured,two_call_baseline,0,1.450750,14,TRUE,TRUE
paper-118887-topk-1-depth-2,baseline_vector_search.cql + baseline_traversal.cql,measured,two_call_baseline,0,34.969625,2183,TRUE,TRUE
paper-118887-topk-3-depth-0,baseline_vector_search.cql + baseline_traversal.cql,measured,two_call_baseline,0,1.302750,3,TRUE,TRUE
paper-118887-topk-3-depth-1,baseline_vector_search.cql + baseline_traversal.cql,measured,two_call_baseline,0,1.693125,28,TRUE,TRUE
paper-118887-topk-3-depth-2,baseline_vector_search.cql + baseline_traversal.cql,measured,two_call_baseline,0,59.221834,3692,TRUE,TRUE
paper-118887-topk-5-depth-0,baseline_vector_search.cql + baseline_traversal.cql,measured,two_call_baseline,0,1.503583,5,TRUE,TRUE
paper-118887-topk-5-depth-1,baseline_vector_search.cql + baseline_traversal.cql,measured,two_call_baseline,0,2.149084,49,TRUE,TRUE
paper-118887-topk-5-depth-2,baseline_vector_search.cql + baseline_traversal.cql,measured,two_call_baseline,0,76.762583,4772,TRUE,TRUE
paper-118887-topk-10-depth-0,baseline_vector_search.cql + baseline_traversal.cql,measured,two_call_baseline,0,1.954333,10,TRUE,TRUE
paper-118887-topk-10-depth-1,baseline_vector_search.cql + baseline_traversal.cql,measured,two_call_baseline,0,3.902167,138,TRUE,TRUE
paper-118887-topk-10-depth-2,baseline_vector_search.cql + baseline_traversal.cql,measured,two_call_baseline,0,305.889166,19026,TRUE,TRUE
paper-10296-topk-1-depth-0,baseline_vector_search.cql + baseline_traversal.cql,measured,two_call_baseline,0,1.336875,1,TRUE,TRUE
paper-10296-topk-1-depth-1,baseline_vector_search.cql + baseline_traversal.cql,measured,two_call_baseline,0,1.294000,7,TRUE,TRUE
paper-10296-topk-1-depth-2,baseline_vector_search.cql + baseline_traversal.cql,measured,two_call_baseline,0,1.751291,37,TRUE,TRUE
paper-10296-topk-3-depth-0,baseline_vector_search.cql + baseline_traversal.cql,measured,two_call_baseline,0,1.246667,3,TRUE,TRUE
paper-10296-topk-3-depth-1,baseline_vector_search.cql + baseline_traversal.cql,measured,two_call_baseline,0,1.540375,20,TRUE,TRUE
paper-10296-topk-3-depth-2,baseline_vector_search.cql + baseline_traversal.cql,measured,two_call_baseline,0,3.391958,134,TRUE,TRUE
paper-10296-topk-5-depth-0,baseline_vector_search.cql + baseline_traversal.cql,measured,two_call_baseline,0,1.407791,5,TRUE,TRUE
paper-10296-topk-5-depth-1,baseline_vector_search.cql + baseline_traversal.cql,measured,two_call_baseline,0,2.352042,68,TRUE,TRUE
paper-10296-topk-5-depth-2,baseline_vector_search.cql + baseline_traversal.cql,measured,two_call_baseline,0,294.260792,18546,TRUE,TRUE
paper-10296-topk-10-depth-0,baseline_vector_search.cql + baseline_traversal.cql,measured,two_call_baseline,0,2.192833,10,TRUE,TRUE
paper-10296-topk-10-depth-1,baseline_vector_search.cql + baseline_traversal.cql,measured,two_call_baseline,0,3.578917,110,TRUE,TRUE
paper-10296-topk-10-depth-2,baseline_vector_search.cql + baseline_traversal.cql,measured,two_call_baseline,0,329.390958,20068,TRUE,TRUE
paper-158809-topk-1-depth-0,baseline_vector_search.cql + baseline_traversal.cql,measured,two_call_baseline,0,1.720167,1,TRUE,TRUE
paper-158809-topk-1-depth-1,baseline_vector_search.cql + baseline_traversal.cql,measured,two_call_baseline,0,1.345833,4,TRUE,TRUE
paper-158809-topk-1-depth-2,baseline_vector_search.cql + baseline_traversal.cql,measured,two_call_baseline,0,2.833250,98,TRUE,TRUE
paper-158809-topk-3-depth-0,baseline_vector_search.cql + baseline_traversal.cql,measured,two_call_baseline,0,1.406791,3,TRUE,TRUE
paper-158809-topk-3-depth-1,baseline_vector_search.cql + baseline_traversal.cql,measured,two_call_baseline,0,1.535958,16,TRUE,TRUE
paper-158809-topk-3-depth-2,baseline_vector_search.cql + baseline_traversal.cql,measured,two_call_baseline,0,7.773750,402,TRUE,TRUE
paper-158809-topk-5-depth-0,baseline_vector_search.cql + baseline_traversal.cql,measured,two_call_baseline,0,1.512875,5,TRUE,TRUE
paper-158809-topk-5-depth-1,baseline_vector_search.cql + baseline_traversal.cql,measured,two_call_baseline,0,1.701583,19,TRUE,TRUE
paper-158809-topk-5-depth-2,baseline_vector_search.cql + baseline_traversal.cql,measured,two_call_baseline,0,7.679417,406,TRUE,TRUE
paper-158809-topk-10-depth-0,baseline_vector_search.cql + baseline_traversal.cql,measured,two_call_baseline,0,1.717375,10,TRUE,TRUE
paper-158809-topk-10-depth-1,baseline_vector_search.cql + baseline_traversal.cql,measured,two_call_baseline,0,2.571875,60,TRUE,TRUE
paper-158809-topk-10-depth-2,baseline_vector_search.cql + baseline_traversal.cql,measured,two_call_baseline,0,12.743541,707,TRUE,TRUE
paper-29597-topk-1-depth-0,baseline_vector_search.cql + baseline_traversal.cql,measured,two_call_baseline,0,1.286958,1,TRUE,TRUE
paper-29597-topk-1-depth-1,baseline_vector_search.cql + baseline_traversal.cql,measured,two_call_baseline,0,1.610833,27,TRUE,TRUE
paper-29597-topk-1-depth-2,baseline_vector_search.cql + baseline_traversal.cql,measured,two_call_baseline,0,4.723834,221,TRUE,TRUE
paper-29597-topk-3-depth-0,baseline_vector_search.cql + baseline_traversal.cql,measured,two_call_baseline,0,1.336333,3,TRUE,TRUE
paper-29597-topk-3-depth-1,baseline_vector_search.cql + baseline_traversal.cql,measured,two_call_baseline,0,2.176917,60,TRUE,TRUE
paper-29597-topk-3-depth-2,baseline_vector_search.cql + baseline_traversal.cql,measured,two_call_baseline,0,111.174625,6959,TRUE,TRUE
paper-29597-topk-5-depth-0,baseline_vector_search.cql + baseline_traversal.cql,measured,two_call_baseline,0,1.527500,5,TRUE,TRUE
paper-29597-topk-5-depth-1,baseline_vector_search.cql + baseline_traversal.cql,measured,two_call_baseline,0,2.560833,75,TRUE,TRUE
paper-29597-topk-5-depth-2,baseline_vector_search.cql + baseline_traversal.cql,measured,two_call_baseline,0,135.398291,8239,TRUE,TRUE
paper-29597-topk-10-depth-0,baseline_vector_search.cql + baseline_traversal.cql,measured,two_call_baseline,0,1.931334,10,TRUE,TRUE
paper-29597-topk-10-depth-1,baseline_vector_search.cql + baseline_traversal.cql,measured,two_call_baseline,0,4.129000,148,TRUE,TRUE
paper-29597-topk-10-depth-2,baseline_vector_search.cql + baseline_traversal.cql,measured,two_call_baseline,0,373.363959,22803,TRUE,TRUE
paper-56395-topk-1-depth-0,baseline_vector_search.cql + baseline_traversal.cql,measured,two_call_baseline,0,1.373500,1,TRUE,TRUE
paper-56395-topk-1-depth-1,baseline_vector_search.cql + baseline_traversal.cql,measured,two_call_baseline,0,1.446833,17,TRUE,TRUE
paper-56395-topk-1-depth-2,baseline_vector_search.cql + baseline_traversal.cql,measured,two_call_baseline,0,287.150000,18019,TRUE,TRUE
paper-56395-topk-3-depth-0,baseline_vector_search.cql + baseline_traversal.cql,measured,two_call_baseline,0,1.458000,3,TRUE,TRUE
paper-56395-topk-3-depth-1,baseline_vector_search.cql + baseline_traversal.cql,measured,two_call_baseline,0,2.043666,54,TRUE,TRUE
paper-56395-topk-3-depth-2,baseline_vector_search.cql + baseline_traversal.cql,measured,two_call_baseline,0,342.769875,21316,TRUE,TRUE
paper-56395-topk-5-depth-0,baseline_vector_search.cql + baseline_traversal.cql,measured,two_call_baseline,0,1.573375,5,TRUE,TRUE
paper-56395-topk-5-depth-1,baseline_vector_search.cql + baseline_traversal.cql,measured,two_call_baseline,0,4.229542,179,TRUE,TRUE
paper-56395-topk-5-depth-2,baseline_vector_search.cql + baseline_traversal.cql,measured,two_call_baseline,0,531.310208,32443,TRUE,TRUE
paper-56395-topk-10-depth-0,baseline_vector_search.cql + baseline_traversal.cql,measured,two_call_baseline,0,1.777917,10,TRUE,TRUE
paper-56395-topk-10-depth-1,baseline_vector_search.cql + baseline_traversal.cql,measured,two_call_baseline,0,37.560666,2326,TRUE,TRUE
paper-56395-topk-10-depth-2,baseline_vector_search.cql + baseline_traversal.cql,measured,two_call_baseline,0,710.397291,42522,TRUE,TRUE
paper-87325-topk-1-depth-0,baseline_vector_search.cql + baseline_traversal.cql,measured,two_call_baseline,0,1.313417,1,TRUE,TRUE
paper-87325-topk-1-depth-1,baseline_vector_search.cql + baseline_traversal.cql,measured,two_call_baseline,0,1.473667,17,TRUE,TRUE
paper-87325-topk-1-depth-2,baseline_vector_search.cql + baseline_traversal.cql,measured,two_call_baseline,0,20.082375,1247,TRUE,TRUE
paper-87325-topk-3-depth-0,baseline_vector_search.cql + baseline_traversal.cql,measured,two_call_baseline,0,1.348041,3,TRUE,TRUE
paper-87325-topk-3-depth-1,baseline_vector_search.cql + baseline_traversal.cql,measured,two_call_baseline,0,2.590250,82,TRUE,TRUE
paper-87325-topk-3-depth-2,baseline_vector_search.cql + baseline_traversal.cql,measured,two_call_baseline,0,478.182209,29522,TRUE,TRUE
paper-87325-topk-5-depth-0,baseline_vector_search.cql + baseline_traversal.cql,measured,two_call_baseline,0,1.628166,5,TRUE,TRUE
paper-87325-topk-5-depth-1,baseline_vector_search.cql + baseline_traversal.cql,measured,two_call_baseline,0,3.290084,120,TRUE,TRUE
paper-87325-topk-5-depth-2,baseline_vector_search.cql + baseline_traversal.cql,measured,two_call_baseline,0,611.899250,34594,TRUE,TRUE
paper-87325-topk-10-depth-0,baseline_vector_search.cql + baseline_traversal.cql,measured,two_call_baseline,0,1.739500,10,TRUE,TRUE
paper-87325-topk-10-depth-1,baseline_vector_search.cql + baseline_traversal.cql,measured,two_call_baseline,0,9.814208,535,TRUE,TRUE
paper-87325-topk-10-depth-2,baseline_vector_search.cql + baseline_traversal.cql,measured,two_call_baseline,0,676.773584,38940,TRUE,TRUE
paper-10819-topk-1-depth-0,baseline_vector_search.cql + baseline_traversal.cql,measured,two_call_baseline,0,1.221208,1,TRUE,TRUE
paper-10819-topk-1-depth-1,baseline_vector_search.cql + baseline_traversal.cql,measured,two_call_baseline,0,1.262875,3,TRUE,TRUE
paper-10819-topk-1-depth-2,baseline_vector_search.cql + baseline_traversal.cql,measured,two_call_baseline,0,1.510375,23,TRUE,TRUE
paper-10819-topk-3-depth-0,baseline_vector_search.cql + baseline_traversal.cql,measured,two_call_baseline,0,1.288625,3,TRUE,TRUE
paper-10819-topk-3-depth-1,baseline_vector_search.cql + baseline_traversal.cql,measured,two_call_baseline,0,1.452750,13,TRUE,TRUE
paper-10819-topk-3-depth-2,baseline_vector_search.cql + baseline_traversal.cql,measured,two_call_baseline,0,20.922958,1249,TRUE,TRUE
paper-10819-topk-5-depth-0,baseline_vector_search.cql + baseline_traversal.cql,measured,two_call_baseline,0,1.487042,5,TRUE,TRUE
paper-10819-topk-5-depth-1,baseline_vector_search.cql + baseline_traversal.cql,measured,two_call_baseline,0,1.698375,21,TRUE,TRUE
paper-10819-topk-5-depth-2,baseline_vector_search.cql + baseline_traversal.cql,measured,two_call_baseline,0,35.682959,1667,TRUE,TRUE
paper-10819-topk-10-depth-0,baseline_vector_search.cql + baseline_traversal.cql,measured,two_call_baseline,0,1.796333,10,TRUE,TRUE
paper-10819-topk-10-depth-1,baseline_vector_search.cql + baseline_traversal.cql,measured,two_call_baseline,0,2.510542,58,TRUE,TRUE
paper-10819-topk-10-depth-2,baseline_vector_search.cql + baseline_traversal.cql,measured,two_call_baseline,0,5387.685709,2265,TRUE,TRUE
paper-39175-topk-1-depth-0,baseline_vector_search.cql + baseline_traversal.cql,measured,two_call_baseline,0,1.475958,1,TRUE,TRUE
paper-39175-topk-1-depth-1,baseline_vector_search.cql + baseline_traversal.cql,measured,two_call_baseline,0,1.409041,10,TRUE,TRUE
paper-39175-topk-1-depth-2,baseline_vector_search.cql + baseline_traversal.cql,measured,two_call_baseline,0,13.134292,756,TRUE,TRUE
paper-39175-topk-3-depth-0,baseline_vector_search.cql + baseline_traversal.cql,measured,two_call_baseline,0,1.400875,3,TRUE,TRUE
paper-39175-topk-3-depth-1,baseline_vector_search.cql + baseline_traversal.cql,measured,two_call_baseline,0,1.873042,32,TRUE,TRUE
paper-39175-topk-3-depth-2,baseline_vector_search.cql + baseline_traversal.cql,measured,two_call_baseline,0,24.711458,1096,TRUE,TRUE
paper-39175-topk-5-depth-0,baseline_vector_search.cql + baseline_traversal.cql,measured,two_call_baseline,0,1.571416,5,TRUE,TRUE
paper-39175-topk-5-depth-1,baseline_vector_search.cql + baseline_traversal.cql,measured,two_call_baseline,0,2.263334,50,TRUE,TRUE
paper-39175-topk-5-depth-2,baseline_vector_search.cql + baseline_traversal.cql,measured,two_call_baseline,0,21.800458,1260,TRUE,TRUE
paper-39175-topk-10-depth-0,baseline_vector_search.cql + baseline_traversal.cql,measured,two_call_baseline,0,1.889708,10,TRUE,TRUE
paper-39175-topk-10-depth-1,baseline_vector_search.cql + baseline_traversal.cql,measured,two_call_baseline,0,3.122416,92,TRUE,TRUE
paper-39175-topk-10-depth-2,baseline_vector_search.cql + baseline_traversal.cql,measured,two_call_baseline,0,51.937875,2791,TRUE,TRUE
paper-94451-topk-1-depth-0,baseline_vector_search.cql + baseline_traversal.cql,measured,two_call_baseline,0,1.455000,1,TRUE,TRUE
paper-94451-topk-1-depth-1,baseline_vector_search.cql + baseline_traversal.cql,measured,two_call_baseline,0,1.315750,4,TRUE,TRUE
paper-94451-topk-1-depth-2,baseline_vector_search.cql + baseline_traversal.cql,measured,two_call_baseline,0,1.822708,36,TRUE,TRUE
paper-94451-topk-3-depth-0,baseline_vector_search.cql + baseline_traversal.cql,measured,two_call_baseline,0,1.520458,3,TRUE,TRUE
paper-94451-topk-3-depth-1,baseline_vector_search.cql + baseline_traversal.cql,measured,two_call_baseline,0,1.523416,10,TRUE,TRUE
paper-94451-topk-3-depth-2,baseline_vector_search.cql + baseline_traversal.cql,measured,two_call_baseline,0,2.555875,74,TRUE,TRUE
paper-94451-topk-5-depth-0,baseline_vector_search.cql + baseline_traversal.cql,measured,two_call_baseline,0,1.494250,5,TRUE,TRUE
paper-94451-topk-5-depth-1,baseline_vector_search.cql + baseline_traversal.cql,measured,two_call_baseline,0,1.689542,15,TRUE,TRUE
paper-94451-topk-5-depth-2,baseline_vector_search.cql + baseline_traversal.cql,measured,two_call_baseline,0,11.401416,651,TRUE,TRUE
paper-94451-topk-10-depth-0,baseline_vector_search.cql + baseline_traversal.cql,measured,two_call_baseline,0,1.807333,10,TRUE,TRUE
paper-94451-topk-10-depth-1,baseline_vector_search.cql + baseline_traversal.cql,measured,two_call_baseline,0,2.828000,28,TRUE,TRUE
paper-94451-topk-10-depth-2,baseline_vector_search.cql + baseline_traversal.cql,measured,two_call_baseline,0,13.307625,727,TRUE,TRUE
paper-44916-topk-1-depth-0,baseline_vector_search.cql + baseline_traversal.cql,measured,two_call_baseline,0,1.309209,1,TRUE,TRUE
paper-44916-topk-1-depth-1,baseline_vector_search.cql + baseline_traversal.cql,measured,two_call_baseline,0,1.383125,7,TRUE,TRUE
paper-44916-topk-1-depth-2,baseline_vector_search.cql + baseline_traversal.cql,measured,two_call_baseline,0,4.293958,192,TRUE,TRUE
paper-44916-topk-3-depth-0,baseline_vector_search.cql + baseline_traversal.cql,measured,two_call_baseline,0,1.424708,3,TRUE,TRUE
paper-44916-topk-3-depth-1,baseline_vector_search.cql + baseline_traversal.cql,measured,two_call_baseline,0,1.484875,13,TRUE,TRUE
paper-44916-topk-3-depth-2,baseline_vector_search.cql + baseline_traversal.cql,measured,two_call_baseline,0,4.976917,232,TRUE,TRUE
paper-44916-topk-5-depth-0,baseline_vector_search.cql + baseline_traversal.cql,measured,two_call_baseline,0,1.533042,5,TRUE,TRUE
paper-44916-topk-5-depth-1,baseline_vector_search.cql + baseline_traversal.cql,measured,two_call_baseline,0,1.747625,20,TRUE,TRUE
paper-44916-topk-5-depth-2,baseline_vector_search.cql + baseline_traversal.cql,measured,two_call_baseline,0,7.749250,390,TRUE,TRUE
paper-44916-topk-10-depth-0,baseline_vector_search.cql + baseline_traversal.cql,measured,two_call_baseline,0,1.781292,10,TRUE,TRUE
paper-44916-topk-10-depth-1,baseline_vector_search.cql + baseline_traversal.cql,measured,two_call_baseline,0,2.888000,79,TRUE,TRUE
paper-44916-topk-10-depth-2,baseline_vector_search.cql + baseline_traversal.cql,measured,two_call_baseline,0,18.303333,1052,TRUE,TRUE
paper-117073-topk-1-depth-0,baseline_vector_search.cql + baseline_traversal.cql,measured,two_call_baseline,0,1.217750,1,TRUE,TRUE
paper-117073-topk-1-depth-1,baseline_vector_search.cql + baseline_traversal.cql,measured,two_call_baseline,0,1.343833,10,TRUE,TRUE
paper-117073-topk-1-depth-2,baseline_vector_search.cql + baseline_traversal.cql,measured,two_call_baseline,0,4.088917,177,TRUE,TRUE
paper-117073-topk-3-depth-0,baseline_vector_search.cql + baseline_traversal.cql,measured,two_call_baseline,0,6.702875,3,TRUE,TRUE
paper-117073-topk-3-depth-1,baseline_vector_search.cql + baseline_traversal.cql,measured,two_call_baseline,0,4.104208,31,TRUE,TRUE
paper-117073-topk-3-depth-2,baseline_vector_search.cql + baseline_traversal.cql,measured,two_call_baseline,0,117.373750,6865,TRUE,TRUE
paper-117073-topk-5-depth-0,baseline_vector_search.cql + baseline_traversal.cql,measured,two_call_baseline,0,1.743791,5,TRUE,TRUE
paper-117073-topk-5-depth-1,baseline_vector_search.cql + baseline_traversal.cql,measured,two_call_baseline,0,2.227208,44,TRUE,TRUE
paper-117073-topk-5-depth-2,baseline_vector_search.cql + baseline_traversal.cql,measured,two_call_baseline,0,313.884375,18990,TRUE,TRUE
paper-117073-topk-10-depth-0,baseline_vector_search.cql + baseline_traversal.cql,measured,two_call_baseline,0,2.076083,10,TRUE,TRUE
paper-117073-topk-10-depth-1,baseline_vector_search.cql + baseline_traversal.cql,measured,two_call_baseline,0,3.342833,96,TRUE,TRUE
paper-117073-topk-10-depth-2,baseline_vector_search.cql + baseline_traversal.cql,measured,two_call_baseline,0,363.200875,22033,TRUE,TRUE
paper-32952-topk-1-depth-0,baseline_vector_search.cql + baseline_traversal.cql,measured,two_call_baseline,0,1.347000,1,TRUE,TRUE
paper-32952-topk-1-depth-1,baseline_vector_search.cql + baseline_traversal.cql,measured,two_call_baseline,0,1.705458,29,TRUE,TRUE
paper-32952-topk-1-depth-2,baseline_vector_search.cql + baseline_traversal.cql,measured,two_call_baseline,0,151.717000,9399,TRUE,TRUE
paper-32952-topk-3-depth-0,baseline_vector_search.cql + baseline_traversal.cql,measured,two_call_baseline,0,1.419500,3,TRUE,TRUE
paper-32952-topk-3-depth-1,baseline_vector_search.cql + baseline_traversal.cql,measured,two_call_baseline,0,3.491917,134,TRUE,TRUE
paper-32952-topk-3-depth-2,baseline_vector_search.cql + baseline_traversal.cql,measured,two_call_baseline,0,459.836666,25303,TRUE,TRUE
paper-32952-topk-5-depth-0,baseline_vector_search.cql + baseline_traversal.cql,measured,two_call_baseline,0,1.872584,5,TRUE,TRUE
paper-32952-topk-5-depth-1,baseline_vector_search.cql + baseline_traversal.cql,measured,two_call_baseline,0,4.713750,161,TRUE,TRUE
paper-32952-topk-5-depth-2,baseline_vector_search.cql + baseline_traversal.cql,measured,two_call_baseline,0,479.256292,27971,TRUE,TRUE
paper-32952-topk-10-depth-0,baseline_vector_search.cql + baseline_traversal.cql,measured,two_call_baseline,0,2.065167,10,TRUE,TRUE
paper-32952-topk-10-depth-1,baseline_vector_search.cql + baseline_traversal.cql,measured,two_call_baseline,0,7.496000,332,TRUE,TRUE
paper-32952-topk-10-depth-2,baseline_vector_search.cql + baseline_traversal.cql,measured,two_call_baseline,0,640.433042,37953,TRUE,TRUE
paper-141417-topk-1-depth-0,baseline_vector_search.cql + baseline_traversal.cql,measured,two_call_baseline,0,1.444708,1,TRUE,TRUE
paper-141417-topk-1-depth-1,baseline_vector_search.cql + baseline_traversal.cql,measured,two_call_baseline,0,1.410958,8,TRUE,TRUE
paper-141417-topk-1-depth-2,baseline_vector_search.cql + baseline_traversal.cql,measured,two_call_baseline,0,4.356833,189,TRUE,TRUE
paper-141417-topk-3-depth-0,baseline_vector_search.cql + baseline_traversal.cql,measured,two_call_baseline,0,1.470208,3,TRUE,TRUE
paper-141417-topk-3-depth-1,baseline_vector_search.cql + baseline_traversal.cql,measured,two_call_baseline,0,1.758250,24,TRUE,TRUE
paper-141417-topk-3-depth-2,baseline_vector_search.cql + baseline_traversal.cql,measured,two_call_baseline,0,12.569708,695,TRUE,TRUE
paper-141417-topk-5-depth-0,baseline_vector_search.cql + baseline_traversal.cql,measured,two_call_baseline,0,1.654917,5,TRUE,TRUE
paper-141417-topk-5-depth-1,baseline_vector_search.cql + baseline_traversal.cql,measured,two_call_baseline,0,1.988209,34,TRUE,TRUE
paper-141417-topk-5-depth-2,baseline_vector_search.cql + baseline_traversal.cql,measured,two_call_baseline,0,16.883958,952,TRUE,TRUE
paper-141417-topk-10-depth-0,baseline_vector_search.cql + baseline_traversal.cql,measured,two_call_baseline,0,2.064625,10,TRUE,TRUE
paper-141417-topk-10-depth-1,baseline_vector_search.cql + baseline_traversal.cql,measured,two_call_baseline,0,2.808042,55,TRUE,TRUE
paper-141417-topk-10-depth-2,baseline_vector_search.cql + baseline_traversal.cql,measured,two_call_baseline,0,29.121667,1719,TRUE,TRUE
paper-45774-topk-1-depth-0,baseline_vector_search.cql + baseline_traversal.cql,measured,two_call_baseline,0,1.216375,1,TRUE,TRUE
paper-45774-topk-1-depth-1,baseline_vector_search.cql + baseline_traversal.cql,measured,two_call_baseline,0,1.384750,13,TRUE,TRUE
paper-45774-topk-1-depth-2,baseline_vector_search.cql + baseline_traversal.cql,measured,two_call_baseline,0,277.536541,17531,TRUE,TRUE
paper-45774-topk-3-depth-0,baseline_vector_search.cql + baseline_traversal.cql,measured,two_call_baseline,0,1.417500,3,TRUE,TRUE
paper-45774-topk-3-depth-1,baseline_vector_search.cql + baseline_traversal.cql,measured,two_call_baseline,0,2.143458,48,TRUE,TRUE
paper-45774-topk-3-depth-2,baseline_vector_search.cql + baseline_traversal.cql,measured,two_call_baseline,0,503.565541,30941,TRUE,TRUE
paper-45774-topk-5-depth-0,baseline_vector_search.cql + baseline_traversal.cql,measured,two_call_baseline,0,1.760833,5,TRUE,TRUE
paper-45774-topk-5-depth-1,baseline_vector_search.cql + baseline_traversal.cql,measured,two_call_baseline,0,2.727084,55,TRUE,TRUE
paper-45774-topk-5-depth-2,baseline_vector_search.cql + baseline_traversal.cql,measured,two_call_baseline,0,502.518375,30958,TRUE,TRUE
paper-45774-topk-10-depth-0,baseline_vector_search.cql + baseline_traversal.cql,measured,two_call_baseline,0,2.035209,10,TRUE,TRUE
paper-45774-topk-10-depth-1,baseline_vector_search.cql + baseline_traversal.cql,measured,two_call_baseline,0,5.616583,221,TRUE,TRUE
paper-45774-topk-10-depth-2,baseline_vector_search.cql + baseline_traversal.cql,measured,two_call_baseline,0,588.544375,35753,TRUE,TRUE
paper-77640-topk-1-depth-0,baseline_vector_search.cql + baseline_traversal.cql,measured,two_call_baseline,0,1.488083,1,TRUE,TRUE
paper-77640-topk-1-depth-1,baseline_vector_search.cql + baseline_traversal.cql,measured,two_call_baseline,0,1.800083,9,TRUE,TRUE
paper-77640-topk-1-depth-2,baseline_vector_search.cql + baseline_traversal.cql,measured,two_call_baseline,0,170.993583,10757,TRUE,TRUE
paper-77640-topk-3-depth-0,baseline_vector_search.cql + baseline_traversal.cql,measured,two_call_baseline,0,1.666250,3,TRUE,TRUE
paper-77640-topk-3-depth-1,baseline_vector_search.cql + baseline_traversal.cql,measured,two_call_baseline,0,1.776833,19,TRUE,TRUE
paper-77640-topk-3-depth-2,baseline_vector_search.cql + baseline_traversal.cql,measured,two_call_baseline,0,322.637084,19948,TRUE,TRUE
paper-77640-topk-5-depth-0,baseline_vector_search.cql + baseline_traversal.cql,measured,two_call_baseline,0,1.676166,5,TRUE,TRUE
paper-77640-topk-5-depth-1,baseline_vector_search.cql + baseline_traversal.cql,measured,two_call_baseline,0,2.660166,63,TRUE,TRUE
paper-77640-topk-5-depth-2,baseline_vector_search.cql + baseline_traversal.cql,measured,two_call_baseline,0,442.900833,26516,TRUE,TRUE
paper-77640-topk-10-depth-0,baseline_vector_search.cql + baseline_traversal.cql,measured,two_call_baseline,0,2.118875,10,TRUE,TRUE
paper-77640-topk-10-depth-1,baseline_vector_search.cql + baseline_traversal.cql,measured,two_call_baseline,0,3.823292,99,TRUE,TRUE
paper-77640-topk-10-depth-2,baseline_vector_search.cql + baseline_traversal.cql,measured,two_call_baseline,0,447.991459,27616,TRUE,TRUE
paper-16430-topk-1-depth-0,baseline_vector_search.cql + baseline_traversal.cql,measured,two_call_baseline,0,1.480958,1,TRUE,TRUE
paper-16430-topk-1-depth-1,baseline_vector_search.cql + baseline_traversal.cql,measured,two_call_baseline,0,1.283208,2,TRUE,TRUE
paper-16430-topk-1-depth-2,baseline_vector_search.cql + baseline_traversal.cql,measured,two_call_baseline,0,1.689625,23,TRUE,TRUE
paper-16430-topk-3-depth-0,baseline_vector_search.cql + baseline_traversal.cql,measured,two_call_baseline,0,1.517000,3,TRUE,TRUE
paper-16430-topk-3-depth-1,baseline_vector_search.cql + baseline_traversal.cql,measured,two_call_baseline,0,1.773750,13,TRUE,TRUE
paper-16430-topk-3-depth-2,baseline_vector_search.cql + baseline_traversal.cql,measured,two_call_baseline,0,8.000667,406,TRUE,TRUE
paper-16430-topk-5-depth-0,baseline_vector_search.cql + baseline_traversal.cql,measured,two_call_baseline,0,1.684166,5,TRUE,TRUE
paper-16430-topk-5-depth-1,baseline_vector_search.cql + baseline_traversal.cql,measured,two_call_baseline,0,2.277125,29,TRUE,TRUE
paper-16430-topk-5-depth-2,baseline_vector_search.cql + baseline_traversal.cql,measured,two_call_baseline,0,10.467792,539,TRUE,TRUE
paper-16430-topk-10-depth-0,baseline_vector_search.cql + baseline_traversal.cql,measured,two_call_baseline,0,1.974708,10,TRUE,TRUE
paper-16430-topk-10-depth-1,baseline_vector_search.cql + baseline_traversal.cql,measured,two_call_baseline,0,3.141333,67,TRUE,TRUE
paper-16430-topk-10-depth-2,baseline_vector_search.cql + baseline_traversal.cql,measured,two_call_baseline,0,272.484750,17025,TRUE,TRUE
paper-169175-topk-1-depth-0,baseline_vector_search.cql + baseline_traversal.cql,measured,two_call_baseline,0,1.650750,1,TRUE,TRUE
paper-169175-topk-1-depth-1,baseline_vector_search.cql + baseline_traversal.cql,measured,two_call_baseline,0,1.454750,5,TRUE,TRUE
paper-169175-topk-1-depth-2,baseline_vector_search.cql + baseline_traversal.cql,measured,two_call_baseline,0,2.518084,66,TRUE,TRUE
paper-169175-topk-3-depth-0,baseline_vector_search.cql + baseline_traversal.cql,measured,two_call_baseline,0,1.552709,3,TRUE,TRUE
paper-169175-topk-3-depth-1,baseline_vector_search.cql + baseline_traversal.cql,measured,two_call_baseline,0,1.668208,15,TRUE,TRUE
paper-169175-topk-3-depth-2,baseline_vector_search.cql + baseline_traversal.cql,measured,two_call_baseline,0,19.558166,1135,TRUE,TRUE
paper-169175-topk-5-depth-0,baseline_vector_search.cql + baseline_traversal.cql,measured,two_call_baseline,0,1.580209,5,TRUE,TRUE
paper-169175-topk-5-depth-1,baseline_vector_search.cql + baseline_traversal.cql,measured,two_call_baseline,0,2.569000,61,TRUE,TRUE
paper-169175-topk-5-depth-2,baseline_vector_search.cql + baseline_traversal.cql,measured,two_call_baseline,0,242.823791,14957,TRUE,TRUE
paper-169175-topk-10-depth-0,baseline_vector_search.cql + baseline_traversal.cql,measured,two_call_baseline,0,2.237583,10,TRUE,TRUE
paper-169175-topk-10-depth-1,baseline_vector_search.cql + baseline_traversal.cql,measured,two_call_baseline,0,3.780875,113,TRUE,TRUE
paper-169175-topk-10-depth-2,baseline_vector_search.cql + baseline_traversal.cql,measured,two_call_baseline,0,279.920375,16898,TRUE,TRUE
paper-129027-topk-1-depth-0,baseline_vector_search.cql + baseline_traversal.cql,measured,two_call_baseline,0,1.469667,1,TRUE,TRUE
paper-129027-topk-1-depth-1,baseline_vector_search.cql + baseline_traversal.cql,measured,two_call_baseline,0,1.429000,5,TRUE,TRUE
paper-129027-topk-1-depth-2,baseline_vector_search.cql + baseline_traversal.cql,measured,two_call_baseline,0,3.438958,133,TRUE,TRUE
paper-129027-topk-3-depth-0,baseline_vector_search.cql + baseline_traversal.cql,measured,two_call_baseline,0,1.444708,3,TRUE,TRUE
paper-129027-topk-3-depth-1,baseline_vector_search.cql + baseline_traversal.cql,measured,two_call_baseline,0,1.942834,36,TRUE,TRUE
paper-129027-topk-3-depth-2,baseline_vector_search.cql + baseline_traversal.cql,measured,two_call_baseline,0,350.813416,21515,TRUE,TRUE
paper-129027-topk-5-depth-0,baseline_vector_search.cql + baseline_traversal.cql,measured,two_call_baseline,0,1.803167,5,TRUE,TRUE
paper-129027-topk-5-depth-1,baseline_vector_search.cql + baseline_traversal.cql,measured,two_call_baseline,0,2.374167,52,TRUE,TRUE
paper-129027-topk-5-depth-2,baseline_vector_search.cql + baseline_traversal.cql,measured,two_call_baseline,0,360.452208,21827,TRUE,TRUE
paper-129027-topk-10-depth-0,baseline_vector_search.cql + baseline_traversal.cql,measured,two_call_baseline,0,2.029209,10,TRUE,TRUE
paper-129027-topk-10-depth-1,baseline_vector_search.cql + baseline_traversal.cql,measured,two_call_baseline,0,3.597292,97,TRUE,TRUE
paper-129027-topk-10-depth-2,baseline_vector_search.cql + baseline_traversal.cql,measured,two_call_baseline,0,400.463250,24239,TRUE,TRUE
paper-119569-topk-1-depth-0,baseline_vector_search.cql + baseline_traversal.cql,measured,two_call_baseline,0,1.463958,1,TRUE,TRUE
paper-119569-topk-1-depth-1,baseline_vector_search.cql + baseline_traversal.cql,measured,two_call_baseline,0,2.077666,39,TRUE,TRUE
paper-119569-topk-1-depth-2,baseline_vector_search.cql + baseline_traversal.cql,measured,two_call_baseline,0,38.500959,2262,TRUE,TRUE
paper-119569-topk-3-depth-0,baseline_vector_search.cql + baseline_traversal.cql,measured,two_call_baseline,0,1.449250,3,TRUE,TRUE
paper-119569-topk-3-depth-1,baseline_vector_search.cql + baseline_traversal.cql,measured,two_call_baseline,0,2.742833,80,TRUE,TRUE
paper-119569-topk-3-depth-2,baseline_vector_search.cql + baseline_traversal.cql,measured,two_call_baseline,0,124.478125,7566,TRUE,TRUE
paper-119569-topk-5-depth-0,baseline_vector_search.cql + baseline_traversal.cql,measured,two_call_baseline,0,1.805250,5,TRUE,TRUE
paper-119569-topk-5-depth-1,baseline_vector_search.cql + baseline_traversal.cql,measured,two_call_baseline,0,3.497042,120,TRUE,TRUE
paper-119569-topk-5-depth-2,baseline_vector_search.cql + baseline_traversal.cql,measured,two_call_baseline,0,362.091417,22196,TRUE,TRUE
paper-119569-topk-10-depth-0,baseline_vector_search.cql + baseline_traversal.cql,measured,two_call_baseline,0,2.082959,10,TRUE,TRUE
paper-119569-topk-10-depth-1,baseline_vector_search.cql + baseline_traversal.cql,measured,two_call_baseline,0,7.884458,329,TRUE,TRUE
paper-119569-topk-10-depth-2,baseline_vector_search.cql + baseline_traversal.cql,measured,two_call_baseline,0,598.532167,35999,TRUE,TRUE
paper-49661-topk-1-depth-0,baseline_vector_search.cql + baseline_traversal.cql,measured,two_call_baseline,0,1.575000,1,TRUE,TRUE
paper-49661-topk-1-depth-1,baseline_vector_search.cql + baseline_traversal.cql,measured,two_call_baseline,0,1.348416,5,TRUE,TRUE
paper-49661-topk-1-depth-2,baseline_vector_search.cql + baseline_traversal.cql,measured,two_call_baseline,0,7.140542,340,TRUE,TRUE
paper-49661-topk-3-depth-0,baseline_vector_search.cql + baseline_traversal.cql,measured,two_call_baseline,0,1.484000,3,TRUE,TRUE
paper-49661-topk-3-depth-1,baseline_vector_search.cql + baseline_traversal.cql,measured,two_call_baseline,0,2.576625,52,TRUE,TRUE
paper-49661-topk-3-depth-2,baseline_vector_search.cql + baseline_traversal.cql,measured,two_call_baseline,0,311.218291,19615,TRUE,TRUE
paper-49661-topk-5-depth-0,baseline_vector_search.cql + baseline_traversal.cql,measured,two_call_baseline,0,1.743042,5,TRUE,TRUE
paper-49661-topk-5-depth-1,baseline_vector_search.cql + baseline_traversal.cql,measured,two_call_baseline,0,2.824791,77,TRUE,TRUE
paper-49661-topk-5-depth-2,baseline_vector_search.cql + baseline_traversal.cql,measured,two_call_baseline,0,339.103583,21232,TRUE,TRUE
paper-49661-topk-10-depth-0,baseline_vector_search.cql + baseline_traversal.cql,measured,two_call_baseline,0,2.101916,10,TRUE,TRUE
paper-49661-topk-10-depth-1,baseline_vector_search.cql + baseline_traversal.cql,measured,two_call_baseline,0,3.711375,121,TRUE,TRUE
paper-49661-topk-10-depth-2,baseline_vector_search.cql + baseline_traversal.cql,measured,two_call_baseline,0,379.984958,23043,TRUE,TRUE
paper-48196-topk-1-depth-0,baseline_vector_search.cql + baseline_traversal.cql,measured,two_call_baseline,0,1.405666,1,TRUE,TRUE
paper-48196-topk-1-depth-1,baseline_vector_search.cql + baseline_traversal.cql,measured,two_call_baseline,0,1.353791,5,TRUE,TRUE
paper-48196-topk-1-depth-2,baseline_vector_search.cql + baseline_traversal.cql,measured,two_call_baseline,0,1.602250,23,TRUE,TRUE
paper-48196-topk-3-depth-0,baseline_vector_search.cql + baseline_traversal.cql,measured,two_call_baseline,0,1.457125,3,TRUE,TRUE
paper-48196-topk-3-depth-1,baseline_vector_search.cql + baseline_traversal.cql,measured,two_call_baseline,0,1.584375,14,TRUE,TRUE
paper-48196-topk-3-depth-2,baseline_vector_search.cql + baseline_traversal.cql,measured,two_call_baseline,0,3.513833,119,TRUE,TRUE
paper-48196-topk-5-depth-0,baseline_vector_search.cql + baseline_traversal.cql,measured,two_call_baseline,0,1.576208,5,TRUE,TRUE
paper-48196-topk-5-depth-1,baseline_vector_search.cql + baseline_traversal.cql,measured,two_call_baseline,0,1.965375,27,TRUE,TRUE
paper-48196-topk-5-depth-2,baseline_vector_search.cql + baseline_traversal.cql,measured,two_call_baseline,0,6.912583,335,TRUE,TRUE
paper-48196-topk-10-depth-0,baseline_vector_search.cql + baseline_traversal.cql,measured,two_call_baseline,0,1.876750,10,TRUE,TRUE
paper-48196-topk-10-depth-1,baseline_vector_search.cql + baseline_traversal.cql,measured,two_call_baseline,0,3.517833,112,TRUE,TRUE
paper-48196-topk-10-depth-2,baseline_vector_search.cql + baseline_traversal.cql,measured,two_call_baseline,0,13.192750,708,TRUE,TRUE
paper-111919-topk-1-depth-0,baseline_vector_search.cql + baseline_traversal.cql,measured,two_call_baseline,0,1.239917,1,TRUE,TRUE
paper-111919-topk-1-depth-1,baseline_vector_search.cql + baseline_traversal.cql,measured,two_call_baseline,0,1.466458,17,TRUE,TRUE
paper-111919-topk-1-depth-2,baseline_vector_search.cql + baseline_traversal.cql,measured,two_call_baseline,0,248.185917,15290,TRUE,TRUE
paper-111919-topk-3-depth-0,baseline_vector_search.cql + baseline_traversal.cql,measured,two_call_baseline,0,1.602458,3,TRUE,TRUE
paper-111919-topk-3-depth-1,baseline_vector_search.cql + baseline_traversal.cql,measured,two_call_baseline,0,1.899583,32,TRUE,TRUE
paper-111919-topk-3-depth-2,baseline_vector_search.cql + baseline_traversal.cql,measured,two_call_baseline,0,438.008583,26582,TRUE,TRUE
paper-111919-topk-5-depth-0,baseline_vector_search.cql + baseline_traversal.cql,measured,two_call_baseline,0,2.035666,5,TRUE,TRUE
paper-111919-topk-5-depth-1,baseline_vector_search.cql + baseline_traversal.cql,measured,two_call_baseline,0,2.552959,53,TRUE,TRUE
paper-111919-topk-5-depth-2,baseline_vector_search.cql + baseline_traversal.cql,measured,two_call_baseline,0,407.908667,24415,TRUE,TRUE
paper-111919-topk-10-depth-0,baseline_vector_search.cql + baseline_traversal.cql,measured,two_call_baseline,0,2.279167,10,TRUE,TRUE
paper-111919-topk-10-depth-1,baseline_vector_search.cql + baseline_traversal.cql,measured,two_call_baseline,0,4.628792,178,TRUE,TRUE
paper-111919-topk-10-depth-2,baseline_vector_search.cql + baseline_traversal.cql,measured,two_call_baseline,0,548.508583,32416,TRUE,TRUE
paper-135509-topk-1-depth-0,baseline_vector_search.cql + baseline_traversal.cql,measured,two_call_baseline,0,1.428417,1,TRUE,TRUE
paper-135509-topk-1-depth-1,baseline_vector_search.cql + baseline_traversal.cql,measured,two_call_baseline,0,2.424292,54,TRUE,TRUE
paper-135509-topk-1-depth-2,baseline_vector_search.cql + baseline_traversal.cql,measured,two_call_baseline,0,376.899375,23611,TRUE,TRUE
paper-135509-topk-3-depth-0,baseline_vector_search.cql + baseline_traversal.cql,measured,two_call_baseline,0,1.604583,3,TRUE,TRUE
paper-135509-topk-3-depth-1,baseline_vector_search.cql + baseline_traversal.cql,measured,two_call_baseline,0,3.598458,135,TRUE,TRUE
paper-135509-topk-3-depth-2,baseline_vector_search.cql + baseline_traversal.cql,measured,two_call_baseline,0,130.811834,8195,TRUE,TRUE
paper-135509-topk-5-depth-0,baseline_vector_search.cql + baseline_traversal.cql,measured,two_call_baseline,0,1.876708,5,TRUE,TRUE
paper-135509-topk-5-depth-1,baseline_vector_search.cql + baseline_traversal.cql,measured,two_call_baseline,0,4.253875,164,TRUE,TRUE
paper-135509-topk-5-depth-2,baseline_vector_search.cql + baseline_traversal.cql,measured,two_call_baseline,0,185.837791,11600,TRUE,TRUE
paper-135509-topk-10-depth-0,baseline_vector_search.cql + baseline_traversal.cql,measured,two_call_baseline,0,2.037917,10,TRUE,TRUE
paper-135509-topk-10-depth-1,baseline_vector_search.cql + baseline_traversal.cql,measured,two_call_baseline,0,5.580125,252,TRUE,TRUE
paper-135509-topk-10-depth-2,baseline_vector_search.cql + baseline_traversal.cql,measured,two_call_baseline,0,583.013875,35408,TRUE,TRUE
paper-108470-topk-1-depth-0,baseline_vector_search.cql + baseline_traversal.cql,measured,two_call_baseline,0,1.317167,1,TRUE,TRUE
paper-108470-topk-1-depth-1,baseline_vector_search.cql + baseline_traversal.cql,measured,two_call_baseline,0,3.738292,2,TRUE,TRUE
paper-108470-topk-1-depth-2,baseline_vector_search.cql + baseline_traversal.cql,measured,two_call_baseline,0,3.206834,53,TRUE,TRUE
paper-108470-topk-3-depth-0,baseline_vector_search.cql + baseline_traversal.cql,measured,two_call_baseline,0,1.587292,3,TRUE,TRUE
paper-108470-topk-3-depth-1,baseline_vector_search.cql + baseline_traversal.cql,measured,two_call_baseline,0,2.039542,51,TRUE,TRUE
paper-108470-topk-3-depth-2,baseline_vector_search.cql + baseline_traversal.cql,measured,two_call_baseline,0,76.847292,4795,TRUE,TRUE
paper-108470-topk-5-depth-0,baseline_vector_search.cql + baseline_traversal.cql,measured,two_call_baseline,0,1.450250,5,TRUE,TRUE
paper-108470-topk-5-depth-1,baseline_vector_search.cql + baseline_traversal.cql,measured,two_call_baseline,0,3.197542,85,TRUE,TRUE
paper-108470-topk-5-depth-2,baseline_vector_search.cql + baseline_traversal.cql,measured,two_call_baseline,0,111.296500,6980,TRUE,TRUE
paper-108470-topk-10-depth-0,baseline_vector_search.cql + baseline_traversal.cql,measured,two_call_baseline,0,1.905792,10,TRUE,TRUE
paper-108470-topk-10-depth-1,baseline_vector_search.cql + baseline_traversal.cql,measured,two_call_baseline,0,3.805333,111,TRUE,TRUE
paper-108470-topk-10-depth-2,baseline_vector_search.cql + baseline_traversal.cql,measured,two_call_baseline,0,120.604042,7424,TRUE,TRUE
paper-133248-topk-1-depth-0,baseline_vector_search.cql + baseline_traversal.cql,measured,two_call_baseline,0,1.312750,1,TRUE,TRUE
paper-133248-topk-1-depth-1,baseline_vector_search.cql + baseline_traversal.cql,measured,two_call_baseline,0,1.252375,5,TRUE,TRUE
paper-133248-topk-1-depth-2,baseline_vector_search.cql + baseline_traversal.cql,measured,two_call_baseline,0,1.664750,33,TRUE,TRUE
paper-133248-topk-3-depth-0,baseline_vector_search.cql + baseline_traversal.cql,measured,two_call_baseline,0,1.324292,3,TRUE,TRUE
paper-133248-topk-3-depth-1,baseline_vector_search.cql + baseline_traversal.cql,measured,two_call_baseline,0,1.529833,10,TRUE,TRUE
paper-133248-topk-3-depth-2,baseline_vector_search.cql + baseline_traversal.cql,measured,two_call_baseline,0,14.339208,856,TRUE,TRUE
paper-133248-topk-5-depth-0,baseline_vector_search.cql + baseline_traversal.cql,measured,two_call_baseline,0,1.486375,5,TRUE,TRUE
paper-133248-topk-5-depth-1,baseline_vector_search.cql + baseline_traversal.cql,measured,two_call_baseline,0,1.671042,17,TRUE,TRUE
paper-133248-topk-5-depth-2,baseline_vector_search.cql + baseline_traversal.cql,measured,two_call_baseline,0,18.852916,1125,TRUE,TRUE
paper-133248-topk-10-depth-0,baseline_vector_search.cql + baseline_traversal.cql,measured,two_call_baseline,0,1.838375,10,TRUE,TRUE
paper-133248-topk-10-depth-1,baseline_vector_search.cql + baseline_traversal.cql,measured,two_call_baseline,0,2.503625,57,TRUE,TRUE
paper-133248-topk-10-depth-2,baseline_vector_search.cql + baseline_traversal.cql,measured,two_call_baseline,0,81.041041,5027,TRUE,TRUE
paper-91828-topk-1-depth-0,baseline_vector_search.cql + baseline_traversal.cql,measured,two_call_baseline,0,1.243167,1,TRUE,TRUE
paper-91828-topk-1-depth-1,baseline_vector_search.cql + baseline_traversal.cql,measured,two_call_baseline,0,1.211375,2,TRUE,TRUE
paper-91828-topk-1-depth-2,baseline_vector_search.cql + baseline_traversal.cql,measured,two_call_baseline,0,1.331083,7,TRUE,TRUE
paper-91828-topk-3-depth-0,baseline_vector_search.cql + baseline_traversal.cql,measured,two_call_baseline,0,1.281250,3,TRUE,TRUE
paper-91828-topk-3-depth-1,baseline_vector_search.cql + baseline_traversal.cql,measured,two_call_baseline,0,1.435833,13,TRUE,TRUE
paper-91828-topk-3-depth-2,baseline_vector_search.cql + baseline_traversal.cql,measured,two_call_baseline,0,2.362125,68,TRUE,TRUE
paper-91828-topk-5-depth-0,baseline_vector_search.cql + baseline_traversal.cql,measured,two_call_baseline,0,1.464834,5,TRUE,TRUE
paper-91828-topk-5-depth-1,baseline_vector_search.cql + baseline_traversal.cql,measured,two_call_baseline,0,1.640667,18,TRUE,TRUE
paper-91828-topk-5-depth-2,baseline_vector_search.cql + baseline_traversal.cql,measured,two_call_baseline,0,2.601708,77,TRUE,TRUE
paper-91828-topk-10-depth-0,baseline_vector_search.cql + baseline_traversal.cql,measured,two_call_baseline,0,1.821000,10,TRUE,TRUE
paper-91828-topk-10-depth-1,baseline_vector_search.cql + baseline_traversal.cql,measured,two_call_baseline,0,2.530833,57,TRUE,TRUE
paper-91828-topk-10-depth-2,baseline_vector_search.cql + baseline_traversal.cql,measured,two_call_baseline,0,11.220833,611,TRUE,TRUE
paper-128093-topk-1-depth-0,baseline_vector_search.cql + baseline_traversal.cql,measured,two_call_baseline,0,1.218375,1,TRUE,TRUE
paper-128093-topk-1-depth-1,baseline_vector_search.cql + baseline_traversal.cql,measured,two_call_baseline,0,1.304125,11,TRUE,TRUE
paper-128093-topk-1-depth-2,baseline_vector_search.cql + baseline_traversal.cql,measured,two_call_baseline,0,296.276750,18447,TRUE,TRUE
paper-128093-topk-3-depth-0,baseline_vector_search.cql + baseline_traversal.cql,measured,two_call_baseline,0,1.376042,3,TRUE,TRUE
paper-128093-topk-3-depth-1,baseline_vector_search.cql + baseline_traversal.cql,measured,two_call_baseline,0,1.653584,28,TRUE,TRUE
paper-128093-topk-3-depth-2,baseline_vector_search.cql + baseline_traversal.cql,measured,two_call_baseline,0,463.095750,28122,TRUE,TRUE
paper-128093-topk-5-depth-0,baseline_vector_search.cql + baseline_traversal.cql,measured,two_call_baseline,0,1.610875,5,TRUE,TRUE
paper-128093-topk-5-depth-1,baseline_vector_search.cql + baseline_traversal.cql,measured,two_call_baseline,0,2.100584,45,TRUE,TRUE
paper-128093-topk-5-depth-2,baseline_vector_search.cql + baseline_traversal.cql,measured,two_call_baseline,0,461.612834,28206,TRUE,TRUE
paper-128093-topk-10-depth-0,baseline_vector_search.cql + baseline_traversal.cql,measured,two_call_baseline,0,2.454500,10,TRUE,TRUE
paper-128093-topk-10-depth-1,baseline_vector_search.cql + baseline_traversal.cql,measured,two_call_baseline,0,3.053375,77,TRUE,TRUE
paper-128093-topk-10-depth-2,baseline_vector_search.cql + baseline_traversal.cql,measured,two_call_baseline,0,545.131458,32264,TRUE,TRUE
paper-28908-topk-1-depth-0,baseline_vector_search.cql + baseline_traversal.cql,measured,two_call_baseline,0,1.313000,1,TRUE,TRUE
paper-28908-topk-1-depth-1,baseline_vector_search.cql + baseline_traversal.cql,measured,two_call_baseline,0,1.259292,7,TRUE,TRUE
paper-28908-topk-1-depth-2,baseline_vector_search.cql + baseline_traversal.cql,measured,two_call_baseline,0,185.791042,11803,TRUE,TRUE
paper-28908-topk-3-depth-0,baseline_vector_search.cql + baseline_traversal.cql,measured,two_call_baseline,0,1.470542,3,TRUE,TRUE
paper-28908-topk-3-depth-1,baseline_vector_search.cql + baseline_traversal.cql,measured,two_call_baseline,0,1.614333,21,TRUE,TRUE
paper-28908-topk-3-depth-2,baseline_vector_search.cql + baseline_traversal.cql,measured,two_call_baseline,0,307.934833,19150,TRUE,TRUE
paper-28908-topk-5-depth-0,baseline_vector_search.cql + baseline_traversal.cql,measured,two_call_baseline,0,1.576041,5,TRUE,TRUE
paper-28908-topk-5-depth-1,baseline_vector_search.cql + baseline_traversal.cql,measured,two_call_baseline,0,2.301375,54,TRUE,TRUE
paper-28908-topk-5-depth-2,baseline_vector_search.cql + baseline_traversal.cql,measured,two_call_baseline,0,500.355500,31056,TRUE,TRUE
paper-28908-topk-10-depth-0,baseline_vector_search.cql + baseline_traversal.cql,measured,two_call_baseline,0,2.020708,10,TRUE,TRUE
paper-28908-topk-10-depth-1,baseline_vector_search.cql + baseline_traversal.cql,measured,two_call_baseline,0,3.916000,138,TRUE,TRUE
paper-28908-topk-10-depth-2,baseline_vector_search.cql + baseline_traversal.cql,measured,two_call_baseline,0,579.095875,35119,TRUE,TRUE
paper-164664-topk-1-depth-0,baseline_vector_search.cql + baseline_traversal.cql,measured,two_call_baseline,0,1.447833,1,TRUE,TRUE
paper-164664-topk-1-depth-1,baseline_vector_search.cql + baseline_traversal.cql,measured,two_call_baseline,0,1.466000,11,TRUE,TRUE
paper-164664-topk-1-depth-2,baseline_vector_search.cql + baseline_traversal.cql,measured,two_call_baseline,0,219.192750,13686,TRUE,TRUE
paper-164664-topk-3-depth-0,baseline_vector_search.cql + baseline_traversal.cql,measured,two_call_baseline,0,1.407583,3,TRUE,TRUE
paper-164664-topk-3-depth-1,baseline_vector_search.cql + baseline_traversal.cql,measured,two_call_baseline,0,1.666834,27,TRUE,TRUE
paper-164664-topk-3-depth-2,baseline_vector_search.cql + baseline_traversal.cql,measured,two_call_baseline,0,318.892084,19709,TRUE,TRUE
paper-164664-topk-5-depth-0,baseline_vector_search.cql + baseline_traversal.cql,measured,two_call_baseline,0,1.514500,5,TRUE,TRUE
paper-164664-topk-5-depth-1,baseline_vector_search.cql + baseline_traversal.cql,measured,two_call_baseline,0,2.034791,42,TRUE,TRUE
paper-164664-topk-5-depth-2,baseline_vector_search.cql + baseline_traversal.cql,measured,two_call_baseline,0,339.226875,20958,TRUE,TRUE
paper-164664-topk-10-depth-0,baseline_vector_search.cql + baseline_traversal.cql,measured,two_call_baseline,0,1.928375,10,TRUE,TRUE
paper-164664-topk-10-depth-1,baseline_vector_search.cql + baseline_traversal.cql,measured,two_call_baseline,0,3.459833,114,TRUE,TRUE
paper-164664-topk-10-depth-2,baseline_vector_search.cql + baseline_traversal.cql,measured,two_call_baseline,0,567.539916,34189,TRUE,TRUE
paper-73772-topk-1-depth-0,baseline_vector_search.cql + baseline_traversal.cql,measured,two_call_baseline,0,1.338417,1,TRUE,TRUE
paper-73772-topk-1-depth-1,baseline_vector_search.cql + baseline_traversal.cql,measured,two_call_baseline,0,1.213958,4,TRUE,TRUE
paper-73772-topk-1-depth-2,baseline_vector_search.cql + baseline_traversal.cql,measured,two_call_baseline,0,1.212292,7,TRUE,TRUE
paper-73772-topk-3-depth-0,baseline_vector_search.cql + baseline_traversal.cql,measured,two_call_baseline,0,1.325917,3,TRUE,TRUE
paper-73772-topk-3-depth-1,baseline_vector_search.cql + baseline_traversal.cql,measured,two_call_baseline,0,1.391042,9,TRUE,TRUE
paper-73772-topk-3-depth-2,baseline_vector_search.cql + baseline_traversal.cql,measured,two_call_baseline,0,1.884291,37,TRUE,TRUE
paper-73772-topk-5-depth-0,baseline_vector_search.cql + baseline_traversal.cql,measured,two_call_baseline,0,1.565459,5,TRUE,TRUE
paper-73772-topk-5-depth-1,baseline_vector_search.cql + baseline_traversal.cql,measured,two_call_baseline,0,1.889583,21,TRUE,TRUE
paper-73772-topk-5-depth-2,baseline_vector_search.cql + baseline_traversal.cql,measured,two_call_baseline,0,276.747291,17307,TRUE,TRUE
paper-73772-topk-10-depth-0,baseline_vector_search.cql + baseline_traversal.cql,measured,two_call_baseline,0,1.906375,10,TRUE,TRUE
paper-73772-topk-10-depth-1,baseline_vector_search.cql + baseline_traversal.cql,measured,two_call_baseline,0,2.313334,44,TRUE,TRUE
paper-73772-topk-10-depth-2,baseline_vector_search.cql + baseline_traversal.cql,measured,two_call_baseline,0,302.163708,18712,TRUE,TRUE
paper-53823-topk-1-depth-0,baseline_vector_search.cql + baseline_traversal.cql,measured,two_call_baseline,0,1.315459,1,TRUE,TRUE
paper-53823-topk-1-depth-1,baseline_vector_search.cql + baseline_traversal.cql,measured,two_call_baseline,0,1.745709,29,TRUE,TRUE
paper-53823-topk-1-depth-2,baseline_vector_search.cql + baseline_traversal.cql,measured,two_call_baseline,0,121.495833,7588,TRUE,TRUE
paper-53823-topk-3-depth-0,baseline_vector_search.cql + baseline_traversal.cql,measured,two_call_baseline,0,1.400833,3,TRUE,TRUE
paper-53823-topk-3-depth-1,baseline_vector_search.cql + baseline_traversal.cql,measured,two_call_baseline,0,2.633583,79,TRUE,TRUE
paper-53823-topk-3-depth-2,baseline_vector_search.cql + baseline_traversal.cql,measured,two_call_baseline,0,530.832500,32748,TRUE,TRUE
paper-53823-topk-5-depth-0,baseline_vector_search.cql + baseline_traversal.cql,measured,two_call_baseline,0,1.623542,5,TRUE,TRUE
paper-53823-topk-5-depth-1,baseline_vector_search.cql + baseline_traversal.cql,measured,two_call_baseline,0,3.557125,134,TRUE,TRUE
paper-53823-topk-5-depth-2,baseline_vector_search.cql + baseline_traversal.cql,measured,two_call_baseline,0,580.538917,35365,TRUE,TRUE
paper-53823-topk-10-depth-0,baseline_vector_search.cql + baseline_traversal.cql,measured,two_call_baseline,0,2.008291,10,TRUE,TRUE
paper-53823-topk-10-depth-1,baseline_vector_search.cql + baseline_traversal.cql,measured,two_call_baseline,0,6.584000,288,TRUE,TRUE
paper-53823-topk-10-depth-2,baseline_vector_search.cql + baseline_traversal.cql,measured,two_call_baseline,0,688.334625,39895,TRUE,TRUE
paper-15597-topk-1-depth-0,baseline_vector_search.cql + baseline_traversal.cql,measured,two_call_baseline,0,1.416250,1,TRUE,TRUE
paper-15597-topk-1-depth-1,baseline_vector_search.cql + baseline_traversal.cql,measured,two_call_baseline,0,1.531042,17,TRUE,TRUE
paper-15597-topk-1-depth-2,baseline_vector_search.cql + baseline_traversal.cql,measured,two_call_baseline,0,2.631125,87,TRUE,TRUE
paper-15597-topk-3-depth-0,baseline_vector_search.cql + baseline_traversal.cql,measured,two_call_baseline,0,1.477000,3,TRUE,TRUE
paper-15597-topk-3-depth-1,baseline_vector_search.cql + baseline_traversal.cql,measured,two_call_baseline,0,1.698750,24,TRUE,TRUE
paper-15597-topk-3-depth-2,baseline_vector_search.cql + baseline_traversal.cql,measured,two_call_baseline,0,3.456000,137,TRUE,TRUE
paper-15597-topk-5-depth-0,baseline_vector_search.cql + baseline_traversal.cql,measured,two_call_baseline,0,1.423250,5,TRUE,TRUE
paper-15597-topk-5-depth-1,baseline_vector_search.cql + baseline_traversal.cql,measured,two_call_baseline,0,1.929166,32,TRUE,TRUE
paper-15597-topk-5-depth-2,baseline_vector_search.cql + baseline_traversal.cql,measured,two_call_baseline,0,10.116292,565,TRUE,TRUE
paper-15597-topk-10-depth-0,baseline_vector_search.cql + baseline_traversal.cql,measured,two_call_baseline,0,1.814042,10,TRUE,TRUE
paper-15597-topk-10-depth-1,baseline_vector_search.cql + baseline_traversal.cql,measured,two_call_baseline,0,2.705625,70,TRUE,TRUE
paper-15597-topk-10-depth-2,baseline_vector_search.cql + baseline_traversal.cql,measured,two_call_baseline,0,18.980958,1123,TRUE,TRUE
paper-110424-topk-1-depth-0,baseline_vector_search.cql + baseline_traversal.cql,measured,two_call_baseline,0,1.375500,1,TRUE,TRUE
paper-110424-topk-1-depth-1,baseline_vector_search.cql + baseline_traversal.cql,measured,two_call_baseline,0,1.401292,12,TRUE,TRUE
paper-110424-topk-1-depth-2,baseline_vector_search.cql + baseline_traversal.cql,measured,two_call_baseline,0,1.967625,50,TRUE,TRUE
paper-110424-topk-3-depth-0,baseline_vector_search.cql + baseline_traversal.cql,measured,two_call_baseline,0,1.420750,3,TRUE,TRUE
paper-110424-topk-3-depth-1,baseline_vector_search.cql + baseline_traversal.cql,measured,two_call_baseline,0,1.631584,24,TRUE,TRUE
paper-110424-topk-3-depth-2,baseline_vector_search.cql + baseline_traversal.cql,measured,two_call_baseline,0,2.867041,87,TRUE,TRUE
paper-110424-topk-5-depth-0,baseline_vector_search.cql + baseline_traversal.cql,measured,two_call_baseline,0,1.467125,5,TRUE,TRUE
paper-110424-topk-5-depth-1,baseline_vector_search.cql + baseline_traversal.cql,measured,two_call_baseline,0,1.988417,35,TRUE,TRUE
paper-110424-topk-5-depth-2,baseline_vector_search.cql + baseline_traversal.cql,measured,two_call_baseline,0,43.510709,2684,TRUE,TRUE
paper-110424-topk-10-depth-0,baseline_vector_search.cql + baseline_traversal.cql,measured,two_call_baseline,0,1.933541,10,TRUE,TRUE
paper-110424-topk-10-depth-1,baseline_vector_search.cql + baseline_traversal.cql,measured,two_call_baseline,0,2.711000,65,TRUE,TRUE
paper-110424-topk-10-depth-2,baseline_vector_search.cql + baseline_traversal.cql,measured,two_call_baseline,0,52.113333,3193,TRUE,TRUE
paper-36429-topk-1-depth-0,baseline_vector_search.cql + baseline_traversal.cql,measured,two_call_baseline,0,1.309334,1,TRUE,TRUE
paper-36429-topk-1-depth-1,baseline_vector_search.cql + baseline_traversal.cql,measured,two_call_baseline,0,1.309792,2,TRUE,TRUE
paper-36429-topk-1-depth-2,baseline_vector_search.cql + baseline_traversal.cql,measured,two_call_baseline,0,1.377833,6,TRUE,TRUE
paper-36429-topk-3-depth-0,baseline_vector_search.cql + baseline_traversal.cql,measured,two_call_baseline,0,1.417083,3,TRUE,TRUE
paper-36429-topk-3-depth-1,baseline_vector_search.cql + baseline_traversal.cql,measured,two_call_baseline,0,1.628125,16,TRUE,TRUE
paper-36429-topk-3-depth-2,baseline_vector_search.cql + baseline_traversal.cql,measured,two_call_baseline,0,18.423375,1099,TRUE,TRUE
paper-36429-topk-5-depth-0,baseline_vector_search.cql + baseline_traversal.cql,measured,two_call_baseline,0,1.671792,5,TRUE,TRUE
paper-36429-topk-5-depth-1,baseline_vector_search.cql + baseline_traversal.cql,measured,two_call_baseline,0,2.447584,59,TRUE,TRUE
paper-36429-topk-5-depth-2,baseline_vector_search.cql + baseline_traversal.cql,measured,two_call_baseline,0,21.578833,1291,TRUE,TRUE
paper-36429-topk-10-depth-0,baseline_vector_search.cql + baseline_traversal.cql,measured,two_call_baseline,0,1.974417,10,TRUE,TRUE
paper-36429-topk-10-depth-1,baseline_vector_search.cql + baseline_traversal.cql,measured,two_call_baseline,0,3.350375,93,TRUE,TRUE
paper-36429-topk-10-depth-2,baseline_vector_search.cql + baseline_traversal.cql,measured,two_call_baseline,0,46.381792,2848,TRUE,TRUE
paper-133579-topk-1-depth-0,baseline_vector_search.cql + baseline_traversal.cql,measured,two_call_baseline,0,1.313875,1,TRUE,TRUE
paper-133579-topk-1-depth-1,baseline_vector_search.cql + baseline_traversal.cql,measured,two_call_baseline,0,1.285000,5,TRUE,TRUE
paper-133579-topk-1-depth-2,baseline_vector_search.cql + baseline_traversal.cql,measured,two_call_baseline,0,2.837250,102,TRUE,TRUE
paper-133579-topk-3-depth-0,baseline_vector_search.cql + baseline_traversal.cql,measured,two_call_baseline,0,1.374042,3,TRUE,TRUE
paper-133579-topk-3-depth-1,baseline_vector_search.cql + baseline_traversal.cql,measured,two_call_baseline,0,1.453000,11,TRUE,TRUE
paper-133579-topk-3-depth-2,baseline_vector_search.cql + baseline_traversal.cql,measured,two_call_baseline,0,3.261917,120,TRUE,TRUE
paper-133579-topk-5-depth-0,baseline_vector_search.cql + baseline_traversal.cql,measured,two_call_baseline,0,1.581375,5,TRUE,TRUE
paper-133579-topk-5-depth-1,baseline_vector_search.cql + baseline_traversal.cql,measured,two_call_baseline,0,1.744459,16,TRUE,TRUE
paper-133579-topk-5-depth-2,baseline_vector_search.cql + baseline_traversal.cql,measured,two_call_baseline,0,3.621250,134,TRUE,TRUE
paper-133579-topk-10-depth-0,baseline_vector_search.cql + baseline_traversal.cql,measured,two_call_baseline,0,1.892417,10,TRUE,TRUE
paper-133579-topk-10-depth-1,baseline_vector_search.cql + baseline_traversal.cql,measured,two_call_baseline,0,2.929500,73,TRUE,TRUE
paper-133579-topk-10-depth-2,baseline_vector_search.cql + baseline_traversal.cql,measured,two_call_baseline,0,9.334625,494,TRUE,TRUE
paper-12900-topk-1-depth-0,baseline_vector_search.cql + baseline_traversal.cql,measured,two_call_baseline,0,1.300750,1,TRUE,TRUE
paper-12900-topk-1-depth-1,baseline_vector_search.cql + baseline_traversal.cql,measured,two_call_baseline,0,1.339958,2,TRUE,TRUE
paper-12900-topk-1-depth-2,baseline_vector_search.cql + baseline_traversal.cql,measured,two_call_baseline,0,2.411042,74,TRUE,TRUE
paper-12900-topk-3-depth-0,baseline_vector_search.cql + baseline_traversal.cql,measured,two_call_baseline,0,1.348125,3,TRUE,TRUE
paper-12900-topk-3-depth-1,baseline_vector_search.cql + baseline_traversal.cql,measured,two_call_baseline,0,1.698000,21,TRUE,TRUE
paper-12900-topk-3-depth-2,baseline_vector_search.cql + baseline_traversal.cql,measured,two_call_baseline,0,103.879417,6512,TRUE,TRUE
paper-12900-topk-5-depth-0,baseline_vector_search.cql + baseline_traversal.cql,measured,two_call_baseline,0,1.615875,5,TRUE,TRUE
paper-12900-topk-5-depth-1,baseline_vector_search.cql + baseline_traversal.cql,measured,two_call_baseline,0,2.130541,41,TRUE,TRUE
paper-12900-topk-5-depth-2,baseline_vector_search.cql + baseline_traversal.cql,measured,two_call_baseline,0,122.105458,7482,TRUE,TRUE
paper-12900-topk-10-depth-0,baseline_vector_search.cql + baseline_traversal.cql,measured,two_call_baseline,0,2.108708,10,TRUE,TRUE
paper-12900-topk-10-depth-1,baseline_vector_search.cql + baseline_traversal.cql,measured,two_call_baseline,0,2.822625,64,TRUE,TRUE
paper-12900-topk-10-depth-2,baseline_vector_search.cql + baseline_traversal.cql,measured,two_call_baseline,0,131.066416,8205,TRUE,TRUE
paper-109144-topk-1-depth-0,baseline_vector_search.cql + baseline_traversal.cql,measured,two_call_baseline,0,1.300583,1,TRUE,TRUE
paper-109144-topk-1-depth-1,baseline_vector_search.cql + baseline_traversal.cql,measured,two_call_baseline,0,1.325041,8,TRUE,TRUE
paper-109144-topk-1-depth-2,baseline_vector_search.cql + baseline_traversal.cql,measured,two_call_baseline,0,1.978750,47,TRUE,TRUE
paper-109144-topk-3-depth-0,baseline_vector_search.cql + baseline_traversal.cql,measured,two_call_baseline,0,1.414042,3,TRUE,TRUE
paper-109144-topk-3-depth-1,baseline_vector_search.cql + baseline_traversal.cql,measured,two_call_baseline,0,1.731209,28,TRUE,TRUE
paper-109144-topk-3-depth-2,baseline_vector_search.cql + baseline_traversal.cql,measured,two_call_baseline,0,3.207458,120,TRUE,TRUE
paper-109144-topk-5-depth-0,baseline_vector_search.cql + baseline_traversal.cql,measured,two_call_baseline,0,1.544458,5,TRUE,TRUE
paper-109144-topk-5-depth-1,baseline_vector_search.cql + baseline_traversal.cql,measured,two_call_baseline,0,2.297250,57,TRUE,TRUE
paper-109144-topk-5-depth-2,baseline_vector_search.cql + baseline_traversal.cql,measured,two_call_baseline,0,5.494458,263,TRUE,TRUE
paper-109144-topk-10-depth-0,baseline_vector_search.cql + baseline_traversal.cql,measured,two_call_baseline,0,1.819417,10,TRUE,TRUE
paper-109144-topk-10-depth-1,baseline_vector_search.cql + baseline_traversal.cql,measured,two_call_baseline,0,3.250792,96,TRUE,TRUE
paper-109144-topk-10-depth-2,baseline_vector_search.cql + baseline_traversal.cql,measured,two_call_baseline,0,9.531458,509,TRUE,TRUE
paper-21152-topk-1-depth-0,baseline_vector_search.cql + baseline_traversal.cql,measured,two_call_baseline,0,1.278625,1,TRUE,TRUE
paper-21152-topk-1-depth-1,baseline_vector_search.cql + baseline_traversal.cql,measured,two_call_baseline,0,1.648625,22,TRUE,TRUE
paper-21152-topk-1-depth-2,baseline_vector_search.cql + baseline_traversal.cql,measured,two_call_baseline,0,238.452333,15037,TRUE,TRUE
paper-21152-topk-3-depth-0,baseline_vector_search.cql + baseline_traversal.cql,measured,two_call_baseline,0,1.442875,3,TRUE,TRUE
paper-21152-topk-3-depth-1,baseline_vector_search.cql + baseline_traversal.cql,measured,two_call_baseline,0,1.817583,29,TRUE,TRUE
paper-21152-topk-3-depth-2,baseline_vector_search.cql + baseline_traversal.cql,measured,two_call_baseline,0,239.876334,15105,TRUE,TRUE
paper-21152-topk-5-depth-0,baseline_vector_search.cql + baseline_traversal.cql,measured,two_call_baseline,0,1.740959,5,TRUE,TRUE
paper-21152-topk-5-depth-1,baseline_vector_search.cql + baseline_traversal.cql,measured,two_call_baseline,0,2.645917,73,TRUE,TRUE
paper-21152-topk-5-depth-2,baseline_vector_search.cql + baseline_traversal.cql,measured,two_call_baseline,0,423.114375,26163,TRUE,TRUE
paper-21152-topk-10-depth-0,baseline_vector_search.cql + baseline_traversal.cql,measured,two_call_baseline,0,1.869500,10,TRUE,TRUE
paper-21152-topk-10-depth-1,baseline_vector_search.cql + baseline_traversal.cql,measured,two_call_baseline,0,4.576625,187,TRUE,TRUE
paper-21152-topk-10-depth-2,baseline_vector_search.cql + baseline_traversal.cql,measured,two_call_baseline,0,584.539708,35417,TRUE,TRUE
paper-10915-topk-1-depth-0,baseline_vector_search.cql + baseline_traversal.cql,measured,two_call_baseline,0,1.438250,1,TRUE,TRUE
paper-10915-topk-1-depth-1,baseline_vector_search.cql + baseline_traversal.cql,measured,two_call_baseline,0,1.298625,2,TRUE,TRUE
paper-10915-topk-1-depth-2,baseline_vector_search.cql + baseline_traversal.cql,measured,two_call_baseline,0,1.358291,3,TRUE,TRUE
paper-10915-topk-3-depth-0,baseline_vector_search.cql + baseline_traversal.cql,measured,two_call_baseline,0,1.453041,3,TRUE,TRUE
paper-10915-topk-3-depth-1,baseline_vector_search.cql + baseline_traversal.cql,measured,two_call_baseline,0,1.538541,10,TRUE,TRUE
paper-10915-topk-3-depth-2,baseline_vector_search.cql + baseline_traversal.cql,measured,two_call_baseline,0,2.335292,62,TRUE,TRUE
paper-10915-topk-5-depth-0,baseline_vector_search.cql + baseline_traversal.cql,measured,two_call_baseline,0,1.646667,5,TRUE,TRUE
paper-10915-topk-5-depth-1,baseline_vector_search.cql + baseline_traversal.cql,measured,two_call_baseline,0,1.948333,27,TRUE,TRUE
paper-10915-topk-5-depth-2,baseline_vector_search.cql + baseline_traversal.cql,measured,two_call_baseline,0,5.545875,257,TRUE,TRUE
paper-10915-topk-10-depth-0,baseline_vector_search.cql + baseline_traversal.cql,measured,two_call_baseline,0,1.948708,10,TRUE,TRUE
paper-10915-topk-10-depth-1,baseline_vector_search.cql + baseline_traversal.cql,measured,two_call_baseline,0,3.285708,95,TRUE,TRUE
paper-10915-topk-10-depth-2,baseline_vector_search.cql + baseline_traversal.cql,measured,two_call_baseline,0,399.335916,24747,TRUE,TRUE
paper-134530-topk-1-depth-0,baseline_vector_search.cql + baseline_traversal.cql,measured,two_call_baseline,0,1.406875,1,TRUE,TRUE
paper-134530-topk-1-depth-1,baseline_vector_search.cql + baseline_traversal.cql,measured,two_call_baseline,0,1.330541,4,TRUE,TRUE
paper-134530-topk-1-depth-2,baseline_vector_search.cql + baseline_traversal.cql,measured,two_call_baseline,0,1.962500,45,TRUE,TRUE
paper-134530-topk-3-depth-0,baseline_vector_search.cql + baseline_traversal.cql,measured,two_call_baseline,0,1.406000,3,TRUE,TRUE
paper-134530-topk-3-depth-1,baseline_vector_search.cql + baseline_traversal.cql,measured,two_call_baseline,0,2.023709,41,TRUE,TRUE
paper-134530-topk-3-depth-2,baseline_vector_search.cql + baseline_traversal.cql,measured,two_call_baseline,0,335.126625,20779,TRUE,TRUE
paper-134530-topk-5-depth-0,baseline_vector_search.cql + baseline_traversal.cql,measured,two_call_baseline,0,1.862416,5,TRUE,TRUE
paper-134530-topk-5-depth-1,baseline_vector_search.cql + baseline_traversal.cql,measured,two_call_baseline,0,2.507208,59,TRUE,TRUE
paper-134530-topk-5-depth-2,baseline_vector_search.cql + baseline_traversal.cql,measured,two_call_baseline,0,450.822333,28013,TRUE,TRUE
paper-134530-topk-10-depth-0,baseline_vector_search.cql + baseline_traversal.cql,measured,two_call_baseline,0,1.975167,10,TRUE,TRUE
paper-134530-topk-10-depth-1,baseline_vector_search.cql + baseline_traversal.cql,measured,two_call_baseline,0,3.446625,102,TRUE,TRUE
paper-134530-topk-10-depth-2,baseline_vector_search.cql + baseline_traversal.cql,measured,two_call_baseline,0,481.106875,29775,TRUE,TRUE
paper-5505-topk-1-depth-0,baseline_vector_search.cql + baseline_traversal.cql,measured,two_call_baseline,0,1.431042,1,TRUE,TRUE
paper-5505-topk-1-depth-1,baseline_vector_search.cql + baseline_traversal.cql,measured,two_call_baseline,0,1.517041,15,TRUE,TRUE
paper-5505-topk-1-depth-2,baseline_vector_search.cql + baseline_traversal.cql,measured,two_call_baseline,0,49.864291,3115,TRUE,TRUE
paper-5505-topk-3-depth-0,baseline_vector_search.cql + baseline_traversal.cql,measured,two_call_baseline,0,1.405375,3,TRUE,TRUE
paper-5505-topk-3-depth-1,baseline_vector_search.cql + baseline_traversal.cql,measured,two_call_baseline,0,1.497125,13,TRUE,TRUE
paper-5505-topk-3-depth-2,baseline_vector_search.cql + baseline_traversal.cql,measured,two_call_baseline,0,2.862959,91,TRUE,TRUE
paper-5505-topk-5-depth-0,baseline_vector_search.cql + baseline_traversal.cql,measured,two_call_baseline,0,1.487875,5,TRUE,TRUE
paper-5505-topk-5-depth-1,baseline_vector_search.cql + baseline_traversal.cql,measured,two_call_baseline,0,2.071792,42,TRUE,TRUE
paper-5505-topk-5-depth-2,baseline_vector_search.cql + baseline_traversal.cql,measured,two_call_baseline,0,51.434250,3236,TRUE,TRUE
paper-5505-topk-10-depth-0,baseline_vector_search.cql + baseline_traversal.cql,measured,two_call_baseline,0,1.920584,10,TRUE,TRUE
paper-5505-topk-10-depth-1,baseline_vector_search.cql + baseline_traversal.cql,measured,two_call_baseline,0,3.470792,108,TRUE,TRUE
paper-5505-topk-10-depth-2,baseline_vector_search.cql + baseline_traversal.cql,measured,two_call_baseline,0,122.184959,7561,TRUE,TRUE
paper-8255-topk-1-depth-0,baseline_vector_search.cql + baseline_traversal.cql,measured,two_call_baseline,0,1.289875,1,TRUE,TRUE
paper-8255-topk-1-depth-1,baseline_vector_search.cql + baseline_traversal.cql,measured,two_call_baseline,0,2.122125,59,TRUE,TRUE
paper-8255-topk-1-depth-2,baseline_vector_search.cql + baseline_traversal.cql,measured,two_call_baseline,0,50.405708,3160,TRUE,TRUE
paper-8255-topk-3-depth-0,baseline_vector_search.cql + baseline_traversal.cql,measured,two_call_baseline,0,1.378583,3,TRUE,TRUE
paper-8255-topk-3-depth-1,baseline_vector_search.cql + baseline_traversal.cql,measured,two_call_baseline,0,2.785666,93,TRUE,TRUE
paper-8255-topk-3-depth-2,baseline_vector_search.cql + baseline_traversal.cql,measured,two_call_baseline,0,102.326250,6354,TRUE,TRUE
paper-8255-topk-5-depth-0,baseline_vector_search.cql + baseline_traversal.cql,measured,two_call_baseline,0,1.588375,5,TRUE,TRUE
paper-8255-topk-5-depth-1,baseline_vector_search.cql + baseline_traversal.cql,measured,two_call_baseline,0,3.271291,113,TRUE,TRUE
paper-8255-topk-5-depth-2,baseline_vector_search.cql + baseline_traversal.cql,measured,two_call_baseline,0,111.079459,6896,TRUE,TRUE
paper-8255-topk-10-depth-0,baseline_vector_search.cql + baseline_traversal.cql,measured,two_call_baseline,0,1.849458,10,TRUE,TRUE
paper-8255-topk-10-depth-1,baseline_vector_search.cql + baseline_traversal.cql,measured,two_call_baseline,0,4.042791,149,TRUE,TRUE
paper-8255-topk-10-depth-2,baseline_vector_search.cql + baseline_traversal.cql,measured,two_call_baseline,0,132.329084,8108,TRUE,TRUE
paper-116388-topk-1-depth-0,baseline_vector_search.cql + baseline_traversal.cql,measured,two_call_baseline,0,1.478417,1,TRUE,TRUE
paper-116388-topk-1-depth-1,baseline_vector_search.cql + baseline_traversal.cql,measured,two_call_baseline,0,1.899292,43,TRUE,TRUE
paper-116388-topk-1-depth-2,baseline_vector_search.cql + baseline_traversal.cql,measured,two_call_baseline,0,202.998500,12622,TRUE,TRUE
paper-116388-topk-3-depth-0,baseline_vector_search.cql + baseline_traversal.cql,measured,two_call_baseline,0,1.470917,3,TRUE,TRUE
paper-116388-topk-3-depth-1,baseline_vector_search.cql + baseline_traversal.cql,measured,two_call_baseline,0,2.887375,70,TRUE,TRUE
paper-116388-topk-3-depth-2,baseline_vector_search.cql + baseline_traversal.cql,measured,two_call_baseline,0,461.869125,28412,TRUE,TRUE
paper-116388-topk-5-depth-0,baseline_vector_search.cql + baseline_traversal.cql,measured,two_call_baseline,0,1.721708,5,TRUE,TRUE
paper-116388-topk-5-depth-1,baseline_vector_search.cql + baseline_traversal.cql,measured,two_call_baseline,0,3.066583,100,TRUE,TRUE
paper-116388-topk-5-depth-2,baseline_vector_search.cql + baseline_traversal.cql,measured,two_call_baseline,0,479.626750,29640,TRUE,TRUE
paper-116388-topk-10-depth-0,baseline_vector_search.cql + baseline_traversal.cql,measured,two_call_baseline,0,2.005166,10,TRUE,TRUE
paper-116388-topk-10-depth-1,baseline_vector_search.cql + baseline_traversal.cql,measured,two_call_baseline,0,5.009042,204,TRUE,TRUE
paper-116388-topk-10-depth-2,baseline_vector_search.cql + baseline_traversal.cql,measured,two_call_baseline,0,546.424584,32575,TRUE,TRUE
paper-64879-topk-1-depth-0,baseline_vector_search.cql + baseline_traversal.cql,measured,two_call_baseline,0,1.289584,1,TRUE,TRUE
paper-64879-topk-1-depth-1,baseline_vector_search.cql + baseline_traversal.cql,measured,two_call_baseline,0,1.530583,17,TRUE,TRUE
paper-64879-topk-1-depth-2,baseline_vector_search.cql + baseline_traversal.cql,measured,two_call_baseline,0,127.944958,8129,TRUE,TRUE
paper-64879-topk-3-depth-0,baseline_vector_search.cql + baseline_traversal.cql,measured,two_call_baseline,0,1.400625,3,TRUE,TRUE
paper-64879-topk-3-depth-1,baseline_vector_search.cql + baseline_traversal.cql,measured,two_call_baseline,0,2.239500,52,TRUE,TRUE
paper-64879-topk-3-depth-2,baseline_vector_search.cql + baseline_traversal.cql,measured,two_call_baseline,0,334.813583,20687,TRUE,TRUE
paper-64879-topk-5-depth-0,baseline_vector_search.cql + baseline_traversal.cql,measured,two_call_baseline,0,1.623250,5,TRUE,TRUE
paper-64879-topk-5-depth-1,baseline_vector_search.cql + baseline_traversal.cql,measured,two_call_baseline,0,3.256917,112,TRUE,TRUE
paper-64879-topk-5-depth-2,baseline_vector_search.cql + baseline_traversal.cql,measured,two_call_baseline,0,391.732833,23945,TRUE,TRUE
paper-64879-topk-10-depth-0,baseline_vector_search.cql + baseline_traversal.cql,measured,two_call_baseline,0,2.026666,10,TRUE,TRUE
paper-64879-topk-10-depth-1,baseline_vector_search.cql + baseline_traversal.cql,measured,two_call_baseline,0,4.689250,187,TRUE,TRUE
paper-64879-topk-10-depth-2,baseline_vector_search.cql + baseline_traversal.cql,measured,two_call_baseline,0,469.423125,28317,TRUE,TRUE
paper-38995-topk-1-depth-0,baseline_vector_search.cql + baseline_traversal.cql,measured,two_call_baseline,0,1.275666,1,TRUE,TRUE
paper-38995-topk-1-depth-1,baseline_vector_search.cql + baseline_traversal.cql,measured,two_call_baseline,0,1.221083,2,TRUE,TRUE
paper-38995-topk-1-depth-2,baseline_vector_search.cql + baseline_traversal.cql,measured,two_call_baseline,0,1.326375,3,TRUE,TRUE
paper-38995-topk-3-depth-0,baseline_vector_search.cql + baseline_traversal.cql,measured,two_call_baseline,0,1.313584,3,TRUE,TRUE
paper-38995-topk-3-depth-1,baseline_vector_search.cql + baseline_traversal.cql,measured,two_call_baseline,0,1.772958,27,TRUE,TRUE
paper-38995-topk-3-depth-2,baseline_vector_search.cql + baseline_traversal.cql,measured,two_call_baseline,0,9.522291,536,TRUE,TRUE
paper-38995-topk-5-depth-0,baseline_vector_search.cql + baseline_traversal.cql,measured,two_call_baseline,0,1.649750,5,TRUE,TRUE
paper-38995-topk-5-depth-1,baseline_vector_search.cql + baseline_traversal.cql,measured,two_call_baseline,0,3.606791,41,TRUE,TRUE
paper-38995-topk-5-depth-2,baseline_vector_search.cql + baseline_traversal.cql,measured,two_call_baseline,0,10.949584,597,TRUE,TRUE
paper-38995-topk-10-depth-0,baseline_vector_search.cql + baseline_traversal.cql,measured,two_call_baseline,0,1.824500,10,TRUE,TRUE
paper-38995-topk-10-depth-1,baseline_vector_search.cql + baseline_traversal.cql,measured,two_call_baseline,0,3.044208,86,TRUE,TRUE
paper-38995-topk-10-depth-2,baseline_vector_search.cql + baseline_traversal.cql,measured,two_call_baseline,0,37.053250,2229,TRUE,TRUE
paper-63087-topk-1-depth-0,baseline_vector_search.cql + baseline_traversal.cql,measured,two_call_baseline,0,1.123583,1,TRUE,TRUE
paper-63087-topk-1-depth-1,baseline_vector_search.cql + baseline_traversal.cql,measured,two_call_baseline,0,1.298458,15,TRUE,TRUE
paper-63087-topk-1-depth-2,baseline_vector_search.cql + baseline_traversal.cql,measured,two_call_baseline,0,20.928084,1299,TRUE,TRUE
paper-63087-topk-3-depth-0,baseline_vector_search.cql + baseline_traversal.cql,measured,two_call_baseline,0,1.223792,3,TRUE,TRUE
paper-63087-topk-3-depth-1,baseline_vector_search.cql + baseline_traversal.cql,measured,two_call_baseline,0,1.606083,33,TRUE,TRUE
paper-63087-topk-3-depth-2,baseline_vector_search.cql + baseline_traversal.cql,measured,two_call_baseline,0,23.282083,1438,TRUE,TRUE
paper-63087-topk-5-depth-0,baseline_vector_search.cql + baseline_traversal.cql,measured,two_call_baseline,0,1.277792,5,TRUE,TRUE
paper-63087-topk-5-depth-1,baseline_vector_search.cql + baseline_traversal.cql,measured,two_call_baseline,0,2.530042,82,TRUE,TRUE
paper-63087-topk-5-depth-2,baseline_vector_search.cql + baseline_traversal.cql,measured,two_call_baseline,0,319.117208,19878,TRUE,TRUE
paper-63087-topk-10-depth-0,baseline_vector_search.cql + baseline_traversal.cql,measured,two_call_baseline,0,1.927458,10,TRUE,TRUE
paper-63087-topk-10-depth-1,baseline_vector_search.cql + baseline_traversal.cql,measured,two_call_baseline,0,3.529958,122,TRUE,TRUE
paper-63087-topk-10-depth-2,baseline_vector_search.cql + baseline_traversal.cql,measured,two_call_baseline,0,220.892166,13873,TRUE,TRUE
paper-105773-topk-1-depth-0,baseline_vector_search.cql + baseline_traversal.cql,measured,two_call_baseline,0,1.280875,1,TRUE,TRUE
paper-105773-topk-1-depth-1,baseline_vector_search.cql + baseline_traversal.cql,measured,two_call_baseline,0,1.433792,18,TRUE,TRUE
paper-105773-topk-1-depth-2,baseline_vector_search.cql + baseline_traversal.cql,measured,two_call_baseline,0,292.880250,18385,TRUE,TRUE
paper-105773-topk-3-depth-0,baseline_vector_search.cql + baseline_traversal.cql,measured,two_call_baseline,0,1.539750,3,TRUE,TRUE
paper-105773-topk-3-depth-1,baseline_vector_search.cql + baseline_traversal.cql,measured,two_call_baseline,0,1.934667,42,TRUE,TRUE
paper-105773-topk-3-depth-2,baseline_vector_search.cql + baseline_traversal.cql,measured,two_call_baseline,0,314.417959,19331,TRUE,TRUE
paper-105773-topk-5-depth-0,baseline_vector_search.cql + baseline_traversal.cql,measured,two_call_baseline,0,1.566000,5,TRUE,TRUE
paper-105773-topk-5-depth-1,baseline_vector_search.cql + baseline_traversal.cql,measured,two_call_baseline,0,2.587458,79,TRUE,TRUE
paper-105773-topk-5-depth-2,baseline_vector_search.cql + baseline_traversal.cql,measured,two_call_baseline,0,383.401791,23570,TRUE,TRUE
paper-105773-topk-10-depth-0,baseline_vector_search.cql + baseline_traversal.cql,measured,two_call_baseline,0,1.857666,10,TRUE,TRUE
paper-105773-topk-10-depth-1,baseline_vector_search.cql + baseline_traversal.cql,measured,two_call_baseline,0,3.912291,137,TRUE,TRUE
paper-105773-topk-10-depth-2,baseline_vector_search.cql + baseline_traversal.cql,measured,two_call_baseline,0,605.066875,36408,TRUE,TRUE
paper-91852-topk-1-depth-0,baseline_vector_search.cql + baseline_traversal.cql,measured,two_call_baseline,0,1.263333,1,TRUE,TRUE
paper-91852-topk-1-depth-1,baseline_vector_search.cql + baseline_traversal.cql,measured,two_call_baseline,0,1.968792,51,TRUE,TRUE
paper-91852-topk-1-depth-2,baseline_vector_search.cql + baseline_traversal.cql,measured,two_call_baseline,0,248.435500,15595,TRUE,TRUE
paper-91852-topk-3-depth-0,baseline_vector_search.cql + baseline_traversal.cql,measured,two_call_baseline,0,1.468833,3,TRUE,TRUE
paper-91852-topk-3-depth-1,baseline_vector_search.cql + baseline_traversal.cql,measured,two_call_baseline,0,2.668709,85,TRUE,TRUE
paper-91852-topk-3-depth-2,baseline_vector_search.cql + baseline_traversal.cql,measured,two_call_baseline,0,285.982500,17591,TRUE,TRUE
paper-91852-topk-5-depth-0,baseline_vector_search.cql + baseline_traversal.cql,measured,two_call_baseline,0,1.547875,5,TRUE,TRUE
paper-91852-topk-5-depth-1,baseline_vector_search.cql + baseline_traversal.cql,measured,two_call_baseline,0,5.166750,242,TRUE,TRUE
paper-91852-topk-5-depth-2,baseline_vector_search.cql + baseline_traversal.cql,measured,two_call_baseline,0,550.003625,33007,TRUE,TRUE
paper-91852-topk-10-depth-0,baseline_vector_search.cql + baseline_traversal.cql,measured,two_call_baseline,0,1.730459,10,TRUE,TRUE
paper-91852-topk-10-depth-1,baseline_vector_search.cql + baseline_traversal.cql,measured,two_call_baseline,0,6.317500,308,TRUE,TRUE
paper-91852-topk-10-depth-2,baseline_vector_search.cql + baseline_traversal.cql,measured,two_call_baseline,0,634.766208,37859,TRUE,TRUE
paper-1791-topk-1-depth-0,baseline_vector_search.cql + baseline_traversal.cql,measured,two_call_baseline,0,1.299417,1,TRUE,TRUE
paper-1791-topk-1-depth-1,baseline_vector_search.cql + baseline_traversal.cql,measured,two_call_baseline,0,1.494958,17,TRUE,TRUE
paper-1791-topk-1-depth-2,baseline_vector_search.cql + baseline_traversal.cql,measured,two_call_baseline,0,148.359125,9402,TRUE,TRUE
paper-1791-topk-3-depth-0,baseline_vector_search.cql + baseline_traversal.cql,measured,two_call_baseline,0,1.420000,3,TRUE,TRUE
paper-1791-topk-3-depth-1,baseline_vector_search.cql + baseline_traversal.cql,measured,two_call_baseline,0,1.937792,38,TRUE,TRUE
paper-1791-topk-3-depth-2,baseline_vector_search.cql + baseline_traversal.cql,measured,two_call_baseline,0,163.495042,10140,TRUE,TRUE
paper-1791-topk-5-depth-0,baseline_vector_search.cql + baseline_traversal.cql,measured,two_call_baseline,0,1.462292,5,TRUE,TRUE
paper-1791-topk-5-depth-1,baseline_vector_search.cql + baseline_traversal.cql,measured,two_call_baseline,0,2.247125,55,TRUE,TRUE
paper-1791-topk-5-depth-2,baseline_vector_search.cql + baseline_traversal.cql,measured,two_call_baseline,0,219.735125,13542,TRUE,TRUE
paper-1791-topk-10-depth-0,baseline_vector_search.cql + baseline_traversal.cql,measured,two_call_baseline,0,1.898875,10,TRUE,TRUE
paper-1791-topk-10-depth-1,baseline_vector_search.cql + baseline_traversal.cql,measured,two_call_baseline,0,3.076167,84,TRUE,TRUE
paper-1791-topk-10-depth-2,baseline_vector_search.cql + baseline_traversal.cql,measured,two_call_baseline,0,514.275375,31384,TRUE,TRUE
paper-163384-topk-1-depth-0,baseline_vector_search.cql + baseline_traversal.cql,measured,two_call_baseline,0,1.349500,1,TRUE,TRUE
paper-163384-topk-1-depth-1,baseline_vector_search.cql + baseline_traversal.cql,measured,two_call_baseline,0,1.333416,6,TRUE,TRUE
paper-163384-topk-1-depth-2,baseline_vector_search.cql + baseline_traversal.cql,measured,two_call_baseline,0,3.270500,136,TRUE,TRUE
paper-163384-topk-3-depth-0,baseline_vector_search.cql + baseline_traversal.cql,measured,two_call_baseline,0,1.391333,3,TRUE,TRUE
paper-163384-topk-3-depth-1,baseline_vector_search.cql + baseline_traversal.cql,measured,two_call_baseline,0,6.367000,306,TRUE,TRUE
paper-163384-topk-3-depth-2,baseline_vector_search.cql + baseline_traversal.cql,measured,two_call_baseline,0,310.154250,19364,TRUE,TRUE
paper-163384-topk-5-depth-0,baseline_vector_search.cql + baseline_traversal.cql,measured,two_call_baseline,0,1.636666,5,TRUE,TRUE
paper-163384-topk-5-depth-1,baseline_vector_search.cql + baseline_traversal.cql,measured,two_call_baseline,0,6.298333,313,TRUE,TRUE
paper-163384-topk-5-depth-2,baseline_vector_search.cql + baseline_traversal.cql,measured,two_call_baseline,0,311.640375,19383,TRUE,TRUE
paper-163384-topk-10-depth-0,baseline_vector_search.cql + baseline_traversal.cql,measured,two_call_baseline,0,1.946750,10,TRUE,TRUE
paper-163384-topk-10-depth-1,baseline_vector_search.cql + baseline_traversal.cql,measured,two_call_baseline,0,7.040458,350,TRUE,TRUE
paper-163384-topk-10-depth-2,baseline_vector_search.cql + baseline_traversal.cql,measured,two_call_baseline,0,335.134541,20744,TRUE,TRUE
paper-100000-topk-1-depth-0,baseline_vector_search.cql + baseline_traversal.cql,measured,two_call_baseline,0,1.410250,1,TRUE,TRUE
paper-100000-topk-1-depth-1,baseline_vector_search.cql + baseline_traversal.cql,measured,two_call_baseline,0,1.485333,9,TRUE,TRUE
paper-100000-topk-1-depth-2,baseline_vector_search.cql + baseline_traversal.cql,measured,two_call_baseline,0,24.011167,1461,TRUE,TRUE
paper-100000-topk-3-depth-0,baseline_vector_search.cql + baseline_traversal.cql,measured,two_call_baseline,0,1.467708,3,TRUE,TRUE
paper-100000-topk-3-depth-1,baseline_vector_search.cql + baseline_traversal.cql,measured,two_call_baseline,0,1.896416,36,TRUE,TRUE
paper-100000-topk-3-depth-2,baseline_vector_search.cql + baseline_traversal.cql,measured,two_call_baseline,0,308.998292,19301,TRUE,TRUE
paper-100000-topk-5-depth-0,baseline_vector_search.cql + baseline_traversal.cql,measured,two_call_baseline,0,1.765458,5,TRUE,TRUE
paper-100000-topk-5-depth-1,baseline_vector_search.cql + baseline_traversal.cql,measured,two_call_baseline,0,2.449458,61,TRUE,TRUE
paper-100000-topk-5-depth-2,baseline_vector_search.cql + baseline_traversal.cql,measured,two_call_baseline,0,505.649625,31078,TRUE,TRUE
paper-100000-topk-10-depth-0,baseline_vector_search.cql + baseline_traversal.cql,measured,two_call_baseline,0,2.028292,10,TRUE,TRUE
paper-100000-topk-10-depth-1,baseline_vector_search.cql + baseline_traversal.cql,measured,two_call_baseline,0,3.324500,95,TRUE,TRUE
paper-100000-topk-10-depth-2,baseline_vector_search.cql + baseline_traversal.cql,measured,two_call_baseline,0,530.438542,32003,TRUE,TRUE
paper-164961-topk-1-depth-0,baseline_vector_search.cql + baseline_traversal.cql,measured,two_call_baseline,0,1.249084,1,TRUE,TRUE
paper-164961-topk-1-depth-1,baseline_vector_search.cql + baseline_traversal.cql,measured,two_call_baseline,0,1.384083,15,TRUE,TRUE
paper-164961-topk-1-depth-2,baseline_vector_search.cql + baseline_traversal.cql,measured,two_call_baseline,0,2.013250,53,TRUE,TRUE
paper-164961-topk-3-depth-0,baseline_vector_search.cql + baseline_traversal.cql,measured,two_call_baseline,0,1.366584,3,TRUE,TRUE
paper-164961-topk-3-depth-1,baseline_vector_search.cql + baseline_traversal.cql,measured,two_call_baseline,0,1.564416,21,TRUE,TRUE
paper-164961-topk-3-depth-2,baseline_vector_search.cql + baseline_traversal.cql,measured,two_call_baseline,0,3.227333,126,TRUE,TRUE
paper-164961-topk-5-depth-0,baseline_vector_search.cql + baseline_traversal.cql,measured,two_call_baseline,0,1.529292,5,TRUE,TRUE
paper-164961-topk-5-depth-1,baseline_vector_search.cql + baseline_traversal.cql,measured,two_call_baseline,0,1.772292,27,TRUE,TRUE
paper-164961-topk-5-depth-2,baseline_vector_search.cql + baseline_traversal.cql,measured,two_call_baseline,0,3.886875,151,TRUE,TRUE
paper-164961-topk-10-depth-0,baseline_vector_search.cql + baseline_traversal.cql,measured,two_call_baseline,0,1.772125,10,TRUE,TRUE
paper-164961-topk-10-depth-1,baseline_vector_search.cql + baseline_traversal.cql,measured,two_call_baseline,0,2.525709,54,TRUE,TRUE
paper-164961-topk-10-depth-2,baseline_vector_search.cql + baseline_traversal.cql,measured,two_call_baseline,0,5.845125,256,TRUE,TRUE
paper-7378-topk-1-depth-0,baseline_vector_search.cql + baseline_traversal.cql,measured,two_call_baseline,0,1.324833,1,TRUE,TRUE
paper-7378-topk-1-depth-1,baseline_vector_search.cql + baseline_traversal.cql,measured,two_call_baseline,0,1.659791,28,TRUE,TRUE
paper-7378-topk-1-depth-2,baseline_vector_search.cql + baseline_traversal.cql,measured,two_call_baseline,0,45.563667,2857,TRUE,TRUE
paper-7378-topk-3-depth-0,baseline_vector_search.cql + baseline_traversal.cql,measured,two_call_baseline,0,1.475125,3,TRUE,TRUE
paper-7378-topk-3-depth-1,baseline_vector_search.cql + baseline_traversal.cql,measured,two_call_baseline,0,1.951083,36,TRUE,TRUE
paper-7378-topk-3-depth-2,baseline_vector_search.cql + baseline_traversal.cql,measured,two_call_baseline,0,48.931583,3022,TRUE,TRUE
paper-7378-topk-5-depth-0,baseline_vector_search.cql + baseline_traversal.cql,measured,two_call_baseline,0,1.645916,5,TRUE,TRUE
paper-7378-topk-5-depth-1,baseline_vector_search.cql + baseline_traversal.cql,measured,two_call_baseline,0,2.221958,43,TRUE,TRUE
paper-7378-topk-5-depth-2,baseline_vector_search.cql + baseline_traversal.cql,measured,two_call_baseline,0,48.580750,3050,TRUE,TRUE
paper-7378-topk-10-depth-0,baseline_vector_search.cql + baseline_traversal.cql,measured,two_call_baseline,0,1.982459,10,TRUE,TRUE
paper-7378-topk-10-depth-1,baseline_vector_search.cql + baseline_traversal.cql,measured,two_call_baseline,0,3.825750,125,TRUE,TRUE
paper-7378-topk-10-depth-2,baseline_vector_search.cql + baseline_traversal.cql,measured,two_call_baseline,0,380.518208,23464,TRUE,TRUE
paper-52533-topk-1-depth-0,baseline_vector_search.cql + baseline_traversal.cql,measured,two_call_baseline,0,1.269375,1,TRUE,TRUE
paper-52533-topk-1-depth-1,baseline_vector_search.cql + baseline_traversal.cql,measured,two_call_baseline,0,1.315667,6,TRUE,TRUE
paper-52533-topk-1-depth-2,baseline_vector_search.cql + baseline_traversal.cql,measured,two_call_baseline,0,2.984167,113,TRUE,TRUE
paper-52533-topk-3-depth-0,baseline_vector_search.cql + baseline_traversal.cql,measured,two_call_baseline,0,1.349666,3,TRUE,TRUE
paper-52533-topk-3-depth-1,baseline_vector_search.cql + baseline_traversal.cql,measured,two_call_baseline,0,1.710292,39,TRUE,TRUE
paper-52533-topk-3-depth-2,baseline_vector_search.cql + baseline_traversal.cql,measured,two_call_baseline,0,305.208792,19200,TRUE,TRUE
paper-52533-topk-5-depth-0,baseline_vector_search.cql + baseline_traversal.cql,measured,two_call_baseline,0,1.480625,5,TRUE,TRUE
paper-52533-topk-5-depth-1,baseline_vector_search.cql + baseline_traversal.cql,measured,two_call_baseline,0,2.013416,48,TRUE,TRUE
paper-52533-topk-5-depth-2,baseline_vector_search.cql + baseline_traversal.cql,measured,two_call_baseline,0,309.962459,19363,TRUE,TRUE
paper-52533-topk-10-depth-0,baseline_vector_search.cql + baseline_traversal.cql,measured,two_call_baseline,0,2.163125,10,TRUE,TRUE
paper-52533-topk-10-depth-1,baseline_vector_search.cql + baseline_traversal.cql,measured,two_call_baseline,0,3.828250,106,TRUE,TRUE
paper-52533-topk-10-depth-2,baseline_vector_search.cql + baseline_traversal.cql,measured,two_call_baseline,0,455.722000,28396,TRUE,TRUE
paper-76178-topk-1-depth-0,baseline_vector_search.cql + baseline_traversal.cql,measured,two_call_baseline,0,1.396792,1,TRUE,TRUE
paper-76178-topk-1-depth-1,baseline_vector_search.cql + baseline_traversal.cql,measured,two_call_baseline,0,1.328542,3,TRUE,TRUE
paper-76178-topk-1-depth-2,baseline_vector_search.cql + baseline_traversal.cql,measured,two_call_baseline,0,1.767541,36,TRUE,TRUE
paper-76178-topk-3-depth-0,baseline_vector_search.cql + baseline_traversal.cql,measured,two_call_baseline,0,1.393000,3,TRUE,TRUE
paper-76178-topk-3-depth-1,baseline_vector_search.cql + baseline_traversal.cql,measured,two_call_baseline,0,1.708625,26,TRUE,TRUE
paper-76178-topk-3-depth-2,baseline_vector_search.cql + baseline_traversal.cql,measured,two_call_baseline,0,3.719708,153,TRUE,TRUE
paper-76178-topk-5-depth-0,baseline_vector_search.cql + baseline_traversal.cql,measured,two_call_baseline,0,1.473333,5,TRUE,TRUE
paper-76178-topk-5-depth-1,baseline_vector_search.cql + baseline_traversal.cql,measured,two_call_baseline,0,2.161792,48,TRUE,TRUE
paper-76178-topk-5-depth-2,baseline_vector_search.cql + baseline_traversal.cql,measured,two_call_baseline,0,7.410000,389,TRUE,TRUE
paper-76178-topk-10-depth-0,baseline_vector_search.cql + baseline_traversal.cql,measured,two_call_baseline,0,1.897333,10,TRUE,TRUE
paper-76178-topk-10-depth-1,baseline_vector_search.cql + baseline_traversal.cql,measured,two_call_baseline,0,2.744375,64,TRUE,TRUE
paper-76178-topk-10-depth-2,baseline_vector_search.cql + baseline_traversal.cql,measured,two_call_baseline,0,9.194292,482,TRUE,TRUE
paper-32269-topk-1-depth-0,baseline_vector_search.cql + baseline_traversal.cql,measured,two_call_baseline,0,1.233084,1,TRUE,TRUE
paper-32269-topk-1-depth-1,baseline_vector_search.cql + baseline_traversal.cql,measured,two_call_baseline,0,1.365125,6,TRUE,TRUE
paper-32269-topk-1-depth-2,baseline_vector_search.cql + baseline_traversal.cql,measured,two_call_baseline,0,2.737167,98,TRUE,TRUE
paper-32269-topk-3-depth-0,baseline_vector_search.cql + baseline_traversal.cql,measured,two_call_baseline,0,1.410708,3,TRUE,TRUE
paper-32269-topk-3-depth-1,baseline_vector_search.cql + baseline_traversal.cql,measured,two_call_baseline,0,1.869333,35,TRUE,TRUE
paper-32269-topk-3-depth-2,baseline_vector_search.cql + baseline_traversal.cql,measured,two_call_baseline,0,7.530333,381,TRUE,TRUE
paper-32269-topk-5-depth-0,baseline_vector_search.cql + baseline_traversal.cql,measured,two_call_baseline,0,1.586500,5,TRUE,TRUE
paper-32269-topk-5-depth-1,baseline_vector_search.cql + baseline_traversal.cql,measured,two_call_baseline,0,2.198833,45,TRUE,TRUE
paper-32269-topk-5-depth-2,baseline_vector_search.cql + baseline_traversal.cql,measured,two_call_baseline,0,8.753584,471,TRUE,TRUE
paper-32269-topk-10-depth-0,baseline_vector_search.cql + baseline_traversal.cql,measured,two_call_baseline,0,1.873250,10,TRUE,TRUE
paper-32269-topk-10-depth-1,baseline_vector_search.cql + baseline_traversal.cql,measured,two_call_baseline,0,2.909291,81,TRUE,TRUE
paper-32269-topk-10-depth-2,baseline_vector_search.cql + baseline_traversal.cql,measured,two_call_baseline,0,14.139750,789,TRUE,TRUE
paper-159669-topk-1-depth-0,baseline_vector_search.cql + baseline_traversal.cql,measured,two_call_baseline,0,1.171083,1,TRUE,TRUE
paper-159669-topk-1-depth-1,baseline_vector_search.cql + baseline_traversal.cql,measured,two_call_baseline,0,1.338083,15,TRUE,TRUE
paper-159669-topk-1-depth-2,baseline_vector_search.cql + baseline_traversal.cql,measured,two_call_baseline,0,451.643083,28263,TRUE,TRUE
paper-159669-topk-3-depth-0,baseline_vector_search.cql + baseline_traversal.cql,measured,two_call_baseline,0,1.442584,3,TRUE,TRUE
paper-159669-topk-3-depth-1,baseline_vector_search.cql + baseline_traversal.cql,measured,two_call_baseline,0,3.901458,161,TRUE,TRUE
paper-159669-topk-3-depth-2,baseline_vector_search.cql + baseline_traversal.cql,measured,two_call_baseline,0,480.546459,29609,TRUE,TRUE
paper-159669-topk-5-depth-0,baseline_vector_search.cql + baseline_traversal.cql,measured,two_call_baseline,0,1.912917,5,TRUE,TRUE
paper-159669-topk-5-depth-1,baseline_vector_search.cql + baseline_traversal.cql,measured,two_call_baseline,0,4.843083,214,TRUE,TRUE
paper-159669-topk-5-depth-2,baseline_vector_search.cql + baseline_traversal.cql,measured,two_call_baseline,0,538.407958,32141,TRUE,TRUE
paper-159669-topk-10-depth-0,baseline_vector_search.cql + baseline_traversal.cql,measured,two_call_baseline,0,2.468917,10,TRUE,TRUE
paper-159669-topk-10-depth-1,baseline_vector_search.cql + baseline_traversal.cql,measured,two_call_baseline,0,21.923125,1301,TRUE,TRUE
paper-159669-topk-10-depth-2,baseline_vector_search.cql + baseline_traversal.cql,measured,two_call_baseline,0,643.533667,37508,TRUE,TRUE
paper-56967-topk-1-depth-0,baseline_vector_search.cql + baseline_traversal.cql,measured,two_call_baseline,0,1.419542,1,TRUE,TRUE
paper-56967-topk-1-depth-1,baseline_vector_search.cql + baseline_traversal.cql,measured,two_call_baseline,0,1.293792,3,TRUE,TRUE
paper-56967-topk-1-depth-2,baseline_vector_search.cql + baseline_traversal.cql,measured,two_call_baseline,0,2.073792,56,TRUE,TRUE
paper-56967-topk-3-depth-0,baseline_vector_search.cql + baseline_traversal.cql,measured,two_call_baseline,0,1.381208,3,TRUE,TRUE
paper-56967-topk-3-depth-1,baseline_vector_search.cql + baseline_traversal.cql,measured,two_call_baseline,0,1.560542,13,TRUE,TRUE
paper-56967-topk-3-depth-2,baseline_vector_search.cql + baseline_traversal.cql,measured,two_call_baseline,0,6.175750,316,TRUE,TRUE
paper-56967-topk-5-depth-0,baseline_vector_search.cql + baseline_traversal.cql,measured,two_call_baseline,0,1.749875,5,TRUE,TRUE
paper-56967-topk-5-depth-1,baseline_vector_search.cql + baseline_traversal.cql,measured,two_call_baseline,0,1.969625,23,TRUE,TRUE
paper-56967-topk-5-depth-2,baseline_vector_search.cql + baseline_traversal.cql,measured,two_call_baseline,0,13.950792,818,TRUE,TRUE
paper-56967-topk-10-depth-0,baseline_vector_search.cql + baseline_traversal.cql,measured,two_call_baseline,0,1.686250,10,TRUE,TRUE
paper-56967-topk-10-depth-1,baseline_vector_search.cql + baseline_traversal.cql,measured,two_call_baseline,0,3.609458,125,TRUE,TRUE
paper-56967-topk-10-depth-2,baseline_vector_search.cql + baseline_traversal.cql,measured,two_call_baseline,0,178.388333,11051,TRUE,TRUE
paper-56808-topk-1-depth-0,baseline_vector_search.cql + baseline_traversal.cql,measured,two_call_baseline,0,1.622958,1,TRUE,TRUE
paper-56808-topk-1-depth-1,baseline_vector_search.cql + baseline_traversal.cql,measured,two_call_baseline,0,1.227500,5,TRUE,TRUE
paper-56808-topk-1-depth-2,baseline_vector_search.cql + baseline_traversal.cql,measured,two_call_baseline,0,1.506708,23,TRUE,TRUE
paper-56808-topk-3-depth-0,baseline_vector_search.cql + baseline_traversal.cql,measured,two_call_baseline,0,1.332500,3,TRUE,TRUE
paper-56808-topk-3-depth-1,baseline_vector_search.cql + baseline_traversal.cql,measured,two_call_baseline,0,1.499542,14,TRUE,TRUE
paper-56808-topk-3-depth-2,baseline_vector_search.cql + baseline_traversal.cql,measured,two_call_baseline,0,6.306625,327,TRUE,TRUE
paper-56808-topk-5-depth-0,baseline_vector_search.cql + baseline_traversal.cql,measured,two_call_baseline,0,1.454875,5,TRUE,TRUE
paper-56808-topk-5-depth-1,baseline_vector_search.cql + baseline_traversal.cql,measured,two_call_baseline,0,2.063625,33,TRUE,TRUE
paper-56808-topk-5-depth-2,baseline_vector_search.cql + baseline_traversal.cql,measured,two_call_baseline,0,12.234625,675,TRUE,TRUE
paper-56808-topk-10-depth-0,baseline_vector_search.cql + baseline_traversal.cql,measured,two_call_baseline,0,2.628625,10,TRUE,TRUE
paper-56808-topk-10-depth-1,baseline_vector_search.cql + baseline_traversal.cql,measured,two_call_baseline,0,4.318667,171,TRUE,TRUE
paper-56808-topk-10-depth-2,baseline_vector_search.cql + baseline_traversal.cql,measured,two_call_baseline,0,247.282666,15576,TRUE,TRUE
paper-142074-topk-1-depth-0,baseline_vector_search.cql + baseline_traversal.cql,measured,two_call_baseline,0,1.302625,1,TRUE,TRUE
paper-142074-topk-1-depth-1,baseline_vector_search.cql + baseline_traversal.cql,measured,two_call_baseline,0,1.259583,4,TRUE,TRUE
paper-142074-topk-1-depth-2,baseline_vector_search.cql + baseline_traversal.cql,measured,two_call_baseline,0,1.605958,20,TRUE,TRUE
paper-142074-topk-3-depth-0,baseline_vector_search.cql + baseline_traversal.cql,measured,two_call_baseline,0,1.361000,3,TRUE,TRUE
paper-142074-topk-3-depth-1,baseline_vector_search.cql + baseline_traversal.cql,measured,two_call_baseline,0,1.428917,10,TRUE,TRUE
paper-142074-topk-3-depth-2,baseline_vector_search.cql + baseline_traversal.cql,measured,two_call_baseline,0,1.895292,40,TRUE,TRUE
paper-142074-topk-5-depth-0,baseline_vector_search.cql + baseline_traversal.cql,measured,two_call_baseline,0,1.517833,5,TRUE,TRUE
paper-142074-topk-5-depth-1,baseline_vector_search.cql + baseline_traversal.cql,measured,two_call_baseline,0,1.718833,21,TRUE,TRUE
paper-142074-topk-5-depth-2,baseline_vector_search.cql + baseline_traversal.cql,measured,two_call_baseline,0,3.502167,126,TRUE,TRUE
paper-142074-topk-10-depth-0,baseline_vector_search.cql + baseline_traversal.cql,measured,two_call_baseline,0,1.761583,10,TRUE,TRUE
paper-142074-topk-10-depth-1,baseline_vector_search.cql + baseline_traversal.cql,measured,two_call_baseline,0,2.478375,50,TRUE,TRUE
paper-142074-topk-10-depth-2,baseline_vector_search.cql + baseline_traversal.cql,measured,two_call_baseline,0,8.075833,406,TRUE,TRUE
paper-66899-topk-1-depth-0,baseline_vector_search.cql + baseline_traversal.cql,measured,two_call_baseline,0,1.274542,1,TRUE,TRUE
paper-66899-topk-1-depth-1,baseline_vector_search.cql + baseline_traversal.cql,measured,two_call_baseline,0,1.192041,2,TRUE,TRUE
paper-66899-topk-1-depth-2,baseline_vector_search.cql + baseline_traversal.cql,measured,two_call_baseline,0,3.087209,126,TRUE,TRUE
paper-66899-topk-3-depth-0,baseline_vector_search.cql + baseline_traversal.cql,measured,two_call_baseline,0,1.303833,3,TRUE,TRUE
paper-66899-topk-3-depth-1,baseline_vector_search.cql + baseline_traversal.cql,measured,two_call_baseline,0,1.364958,7,TRUE,TRUE
paper-66899-topk-3-depth-2,baseline_vector_search.cql + baseline_traversal.cql,measured,two_call_baseline,0,4.280125,186,TRUE,TRUE
paper-66899-topk-5-depth-0,baseline_vector_search.cql + baseline_traversal.cql,measured,two_call_baseline,0,1.519666,5,TRUE,TRUE
paper-66899-topk-5-depth-1,baseline_vector_search.cql + baseline_traversal.cql,measured,two_call_baseline,0,1.586500,16,TRUE,TRUE
paper-66899-topk-5-depth-2,baseline_vector_search.cql + baseline_traversal.cql,measured,two_call_baseline,0,5.243959,249,TRUE,TRUE
paper-66899-topk-10-depth-0,baseline_vector_search.cql + baseline_traversal.cql,measured,two_call_baseline,0,1.827209,10,TRUE,TRUE
paper-66899-topk-10-depth-1,baseline_vector_search.cql + baseline_traversal.cql,measured,two_call_baseline,0,2.303458,39,TRUE,TRUE
paper-66899-topk-10-depth-2,baseline_vector_search.cql + baseline_traversal.cql,measured,two_call_baseline,0,6.986750,350,TRUE,TRUE
paper-92449-topk-1-depth-0,baseline_vector_search.cql + baseline_traversal.cql,measured,two_call_baseline,0,1.215917,1,TRUE,TRUE
paper-92449-topk-1-depth-1,baseline_vector_search.cql + baseline_traversal.cql,measured,two_call_baseline,0,3.498000,31,TRUE,TRUE
paper-92449-topk-1-depth-2,baseline_vector_search.cql + baseline_traversal.cql,measured,two_call_baseline,0,229.115000,14536,TRUE,TRUE
paper-92449-topk-3-depth-0,baseline_vector_search.cql + baseline_traversal.cql,measured,two_call_baseline,0,1.456875,3,TRUE,TRUE
paper-92449-topk-3-depth-1,baseline_vector_search.cql + baseline_traversal.cql,measured,two_call_baseline,0,2.766292,90,TRUE,TRUE
paper-92449-topk-3-depth-2,baseline_vector_search.cql + baseline_traversal.cql,measured,two_call_baseline,0,352.819875,21927,TRUE,TRUE
paper-92449-topk-5-depth-0,baseline_vector_search.cql + baseline_traversal.cql,measured,two_call_baseline,0,1.629083,5,TRUE,TRUE
paper-92449-topk-5-depth-1,baseline_vector_search.cql + baseline_traversal.cql,measured,two_call_baseline,0,4.639875,206,TRUE,TRUE
paper-92449-topk-5-depth-2,baseline_vector_search.cql + baseline_traversal.cql,measured,two_call_baseline,0,437.315917,26854,TRUE,TRUE
paper-92449-topk-10-depth-0,baseline_vector_search.cql + baseline_traversal.cql,measured,two_call_baseline,0,1.991584,10,TRUE,TRUE
paper-92449-topk-10-depth-1,baseline_vector_search.cql + baseline_traversal.cql,measured,two_call_baseline,0,5.997708,271,TRUE,TRUE
paper-92449-topk-10-depth-2,baseline_vector_search.cql + baseline_traversal.cql,measured,two_call_baseline,0,546.678834,32643,TRUE,TRUE
paper-123678-topk-1-depth-0,baseline_vector_search.cql + baseline_traversal.cql,measured,two_call_baseline,0,1.347167,1,TRUE,TRUE
paper-123678-topk-1-depth-1,baseline_vector_search.cql + baseline_traversal.cql,measured,two_call_baseline,0,1.391583,12,TRUE,TRUE
paper-123678-topk-1-depth-2,baseline_vector_search.cql + baseline_traversal.cql,measured,two_call_baseline,0,21.076542,1284,TRUE,TRUE
paper-123678-topk-3-depth-0,baseline_vector_search.cql + baseline_traversal.cql,measured,two_call_baseline,0,1.289625,3,TRUE,TRUE
paper-123678-topk-3-depth-1,baseline_vector_search.cql + baseline_traversal.cql,measured,two_call_baseline,0,1.724792,31,TRUE,TRUE
paper-123678-topk-3-depth-2,baseline_vector_search.cql + baseline_traversal.cql,measured,two_call_baseline,0,370.718167,22879,TRUE,TRUE
paper-123678-topk-5-depth-0,baseline_vector_search.cql + baseline_traversal.cql,measured,two_call_baseline,0,1.610541,5,TRUE,TRUE
paper-123678-topk-5-depth-1,baseline_vector_search.cql + baseline_traversal.cql,measured,two_call_baseline,0,1.952833,34,TRUE,TRUE
paper-123678-topk-5-depth-2,baseline_vector_search.cql + baseline_traversal.cql,measured,two_call_baseline,0,387.393416,23668,TRUE,TRUE
paper-123678-topk-10-depth-0,baseline_vector_search.cql + baseline_traversal.cql,measured,two_call_baseline,0,3.174459,10,TRUE,TRUE
paper-123678-topk-10-depth-1,baseline_vector_search.cql + baseline_traversal.cql,measured,two_call_baseline,0,4.441625,166,TRUE,TRUE
paper-123678-topk-10-depth-2,baseline_vector_search.cql + baseline_traversal.cql,measured,two_call_baseline,0,547.973334,31915,TRUE,TRUE
paper-144856-topk-1-depth-0,baseline_vector_search.cql + baseline_traversal.cql,measured,two_call_baseline,0,1.366666,1,TRUE,TRUE
paper-144856-topk-1-depth-1,baseline_vector_search.cql + baseline_traversal.cql,measured,two_call_baseline,0,1.483791,19,TRUE,TRUE
paper-144856-topk-1-depth-2,baseline_vector_search.cql + baseline_traversal.cql,measured,two_call_baseline,0,268.642625,16969,TRUE,TRUE
paper-144856-topk-3-depth-0,baseline_vector_search.cql + baseline_traversal.cql,measured,two_call_baseline,0,1.391750,3,TRUE,TRUE
paper-144856-topk-3-depth-1,baseline_vector_search.cql + baseline_traversal.cql,measured,two_call_baseline,0,1.996958,48,TRUE,TRUE
paper-144856-topk-3-depth-2,baseline_vector_search.cql + baseline_traversal.cql,measured,two_call_baseline,0,508.997833,30931,TRUE,TRUE
paper-144856-topk-5-depth-0,baseline_vector_search.cql + baseline_traversal.cql,measured,two_call_baseline,0,1.551625,5,TRUE,TRUE
paper-144856-topk-5-depth-1,baseline_vector_search.cql + baseline_traversal.cql,measured,two_call_baseline,0,2.500375,70,TRUE,TRUE
paper-144856-topk-5-depth-2,baseline_vector_search.cql + baseline_traversal.cql,measured,two_call_baseline,0,526.034125,31804,TRUE,TRUE
paper-144856-topk-10-depth-0,baseline_vector_search.cql + baseline_traversal.cql,measured,two_call_baseline,0,1.890625,10,TRUE,TRUE
paper-144856-topk-10-depth-1,baseline_vector_search.cql + baseline_traversal.cql,measured,two_call_baseline,0,3.278750,109,TRUE,TRUE
paper-144856-topk-10-depth-2,baseline_vector_search.cql + baseline_traversal.cql,measured,two_call_baseline,0,570.101167,34023,TRUE,TRUE
paper-87969-topk-1-depth-0,baseline_vector_search.cql + baseline_traversal.cql,measured,two_call_baseline,0,1.271625,1,TRUE,TRUE
paper-87969-topk-1-depth-1,baseline_vector_search.cql + baseline_traversal.cql,measured,two_call_baseline,0,1.242292,2,TRUE,TRUE
paper-87969-topk-1-depth-2,baseline_vector_search.cql + baseline_traversal.cql,measured,two_call_baseline,0,1.347583,9,TRUE,TRUE
paper-87969-topk-3-depth-0,baseline_vector_search.cql + baseline_traversal.cql,measured,two_call_baseline,0,1.368166,3,TRUE,TRUE
paper-87969-topk-3-depth-1,baseline_vector_search.cql + baseline_traversal.cql,measured,two_call_baseline,0,1.885500,35,TRUE,TRUE
paper-87969-topk-3-depth-2,baseline_vector_search.cql + baseline_traversal.cql,measured,two_call_baseline,0,107.776625,6753,TRUE,TRUE
paper-87969-topk-5-depth-0,baseline_vector_search.cql + baseline_traversal.cql,measured,two_call_baseline,0,1.574459,5,TRUE,TRUE
paper-87969-topk-5-depth-1,baseline_vector_search.cql + baseline_traversal.cql,measured,two_call_baseline,0,2.300958,60,TRUE,TRUE
paper-87969-topk-5-depth-2,baseline_vector_search.cql + baseline_traversal.cql,measured,two_call_baseline,0,113.758416,7122,TRUE,TRUE
paper-87969-topk-10-depth-0,baseline_vector_search.cql + baseline_traversal.cql,measured,two_call_baseline,0,1.860292,10,TRUE,TRUE
paper-87969-topk-10-depth-1,baseline_vector_search.cql + baseline_traversal.cql,measured,two_call_baseline,0,3.066709,89,TRUE,TRUE
paper-87969-topk-10-depth-2,baseline_vector_search.cql + baseline_traversal.cql,measured,two_call_baseline,0,136.144708,8460,TRUE,TRUE
paper-85416-topk-1-depth-0,baseline_vector_search.cql + baseline_traversal.cql,measured,two_call_baseline,0,1.300958,1,TRUE,TRUE
paper-85416-topk-1-depth-1,baseline_vector_search.cql + baseline_traversal.cql,measured,two_call_baseline,0,1.262583,3,TRUE,TRUE
paper-85416-topk-1-depth-2,baseline_vector_search.cql + baseline_traversal.cql,measured,two_call_baseline,0,1.926250,48,TRUE,TRUE
paper-85416-topk-3-depth-0,baseline_vector_search.cql + baseline_traversal.cql,measured,two_call_baseline,0,1.307000,3,TRUE,TRUE
paper-85416-topk-3-depth-1,baseline_vector_search.cql + baseline_traversal.cql,measured,two_call_baseline,0,1.821875,25,TRUE,TRUE
paper-85416-topk-3-depth-2,baseline_vector_search.cql + baseline_traversal.cql,measured,two_call_baseline,0,8.691125,476,TRUE,TRUE
paper-85416-topk-5-depth-0,baseline_vector_search.cql + baseline_traversal.cql,measured,two_call_baseline,0,2.286708,5,TRUE,TRUE
paper-85416-topk-5-depth-1,baseline_vector_search.cql + baseline_traversal.cql,measured,two_call_baseline,0,1.892250,30,TRUE,TRUE
paper-85416-topk-5-depth-2,baseline_vector_search.cql + baseline_traversal.cql,measured,two_call_baseline,0,9.461584,520,TRUE,TRUE
paper-85416-topk-10-depth-0,baseline_vector_search.cql + baseline_traversal.cql,measured,two_call_baseline,0,1.608833,10,TRUE,TRUE
paper-85416-topk-10-depth-1,baseline_vector_search.cql + baseline_traversal.cql,measured,two_call_baseline,0,3.769333,153,TRUE,TRUE
paper-85416-topk-10-depth-2,baseline_vector_search.cql + baseline_traversal.cql,measured,two_call_baseline,0,306.704417,19221,TRUE,TRUE
paper-118242-topk-1-depth-0,baseline_vector_search.cql + baseline_traversal.cql,measured,two_call_baseline,0,1.280542,1,TRUE,TRUE
paper-118242-topk-1-depth-1,baseline_vector_search.cql + baseline_traversal.cql,measured,two_call_baseline,0,1.321000,8,TRUE,TRUE
paper-118242-topk-1-depth-2,baseline_vector_search.cql + baseline_traversal.cql,measured,two_call_baseline,0,86.959417,5506,TRUE,TRUE
paper-118242-topk-3-depth-0,baseline_vector_search.cql + baseline_traversal.cql,measured,two_call_baseline,0,1.275875,3,TRUE,TRUE
paper-118242-topk-3-depth-1,baseline_vector_search.cql + baseline_traversal.cql,measured,two_call_baseline,0,1.671375,28,TRUE,TRUE
paper-118242-topk-3-depth-2,baseline_vector_search.cql + baseline_traversal.cql,measured,two_call_baseline,0,268.889250,16774,TRUE,TRUE
paper-118242-topk-5-depth-0,baseline_vector_search.cql + baseline_traversal.cql,measured,two_call_baseline,0,1.585458,5,TRUE,TRUE
paper-118242-topk-5-depth-1,baseline_vector_search.cql + baseline_traversal.cql,measured,two_call_baseline,0,2.616208,83,TRUE,TRUE
paper-118242-topk-5-depth-2,baseline_vector_search.cql + baseline_traversal.cql,measured,two_call_baseline,0,298.945000,18655,TRUE,TRUE
paper-118242-topk-10-depth-0,baseline_vector_search.cql + baseline_traversal.cql,measured,two_call_baseline,0,1.697041,10,TRUE,TRUE
paper-118242-topk-10-depth-1,baseline_vector_search.cql + baseline_traversal.cql,measured,two_call_baseline,0,4.412500,190,TRUE,TRUE
paper-118242-topk-10-depth-2,baseline_vector_search.cql + baseline_traversal.cql,measured,two_call_baseline,0,374.912875,23043,TRUE,TRUE
paper-93637-topk-1-depth-0,baseline_vector_search.cql + baseline_traversal.cql,measured,two_call_baseline,0,1.373250,1,TRUE,TRUE
paper-93637-topk-1-depth-1,baseline_vector_search.cql + baseline_traversal.cql,measured,two_call_baseline,0,1.465292,7,TRUE,TRUE
paper-93637-topk-1-depth-2,baseline_vector_search.cql + baseline_traversal.cql,measured,two_call_baseline,0,23.659875,1467,TRUE,TRUE
paper-93637-topk-3-depth-0,baseline_vector_search.cql + baseline_traversal.cql,measured,two_call_baseline,0,1.364166,3,TRUE,TRUE
paper-93637-topk-3-depth-1,baseline_vector_search.cql + baseline_traversal.cql,measured,two_call_baseline,0,1.760709,32,TRUE,TRUE
paper-93637-topk-3-depth-2,baseline_vector_search.cql + baseline_traversal.cql,measured,two_call_baseline,0,182.270625,11406,TRUE,TRUE
paper-93637-topk-5-depth-0,baseline_vector_search.cql + baseline_traversal.cql,measured,two_call_baseline,0,1.552459,5,TRUE,TRUE
paper-93637-topk-5-depth-1,baseline_vector_search.cql + baseline_traversal.cql,measured,two_call_baseline,0,2.119208,46,TRUE,TRUE
paper-93637-topk-5-depth-2,baseline_vector_search.cql + baseline_traversal.cql,measured,two_call_baseline,0,223.036541,13805,TRUE,TRUE
paper-93637-topk-10-depth-0,baseline_vector_search.cql + baseline_traversal.cql,measured,two_call_baseline,0,1.962333,10,TRUE,TRUE
paper-93637-topk-10-depth-1,baseline_vector_search.cql + baseline_traversal.cql,measured,two_call_baseline,0,4.331208,164,TRUE,TRUE
paper-93637-topk-10-depth-2,baseline_vector_search.cql + baseline_traversal.cql,measured,two_call_baseline,0,532.633333,32456,TRUE,TRUE
paper-77612-topk-1-depth-0,baseline_vector_search.cql + baseline_traversal.cql,measured,two_call_baseline,0,1.310708,1,TRUE,TRUE
paper-77612-topk-1-depth-1,baseline_vector_search.cql + baseline_traversal.cql,measured,two_call_baseline,0,1.226666,3,TRUE,TRUE
paper-77612-topk-1-depth-2,baseline_vector_search.cql + baseline_traversal.cql,measured,two_call_baseline,0,1.277417,9,TRUE,TRUE
paper-77612-topk-3-depth-0,baseline_vector_search.cql + baseline_traversal.cql,measured,two_call_baseline,0,1.465459,3,TRUE,TRUE
paper-77612-topk-3-depth-1,baseline_vector_search.cql + baseline_traversal.cql,measured,two_call_baseline,0,1.584708,10,TRUE,TRUE
paper-77612-topk-3-depth-2,baseline_vector_search.cql + baseline_traversal.cql,measured,two_call_baseline,0,2.231875,59,TRUE,TRUE
paper-77612-topk-5-depth-0,baseline_vector_search.cql + baseline_traversal.cql,measured,two_call_baseline,0,1.470667,5,TRUE,TRUE
paper-77612-topk-5-depth-1,baseline_vector_search.cql + baseline_traversal.cql,measured,two_call_baseline,0,4.421167,187,TRUE,TRUE
paper-77612-topk-5-depth-2,baseline_vector_search.cql + baseline_traversal.cql,measured,two_call_baseline,0,47.005750,2970,TRUE,TRUE
paper-77612-topk-10-depth-0,baseline_vector_search.cql + baseline_traversal.cql,measured,two_call_baseline,0,1.916292,10,TRUE,TRUE
paper-77612-topk-10-depth-1,baseline_vector_search.cql + baseline_traversal.cql,measured,two_call_baseline,0,4.957000,205,TRUE,TRUE
paper-77612-topk-10-depth-2,baseline_vector_search.cql + baseline_traversal.cql,measured,two_call_baseline,0,50.513167,3100,TRUE,TRUE
paper-111745-topk-1-depth-0,baseline_vector_search.cql + baseline_traversal.cql,measured,two_call_baseline,0,1.234250,1,TRUE,TRUE
paper-111745-topk-1-depth-1,baseline_vector_search.cql + baseline_traversal.cql,measured,two_call_baseline,0,1.279292,4,TRUE,TRUE
paper-111745-topk-1-depth-2,baseline_vector_search.cql + baseline_traversal.cql,measured,two_call_baseline,0,242.100875,15227,TRUE,TRUE
paper-111745-topk-3-depth-0,baseline_vector_search.cql + baseline_traversal.cql,measured,two_call_baseline,0,1.305291,3,TRUE,TRUE
paper-111745-topk-3-depth-1,baseline_vector_search.cql + baseline_traversal.cql,measured,two_call_baseline,0,2.611459,84,TRUE,TRUE
paper-111745-topk-3-depth-2,baseline_vector_search.cql + baseline_traversal.cql,measured,two_call_baseline,0,506.158833,31384,TRUE,TRUE
paper-111745-topk-5-depth-0,baseline_vector_search.cql + baseline_traversal.cql,measured,two_call_baseline,0,1.655833,5,TRUE,TRUE
paper-111745-topk-5-depth-1,baseline_vector_search.cql + baseline_traversal.cql,measured,two_call_baseline,0,2.847834,91,TRUE,TRUE
paper-111745-topk-5-depth-2,baseline_vector_search.cql + baseline_traversal.cql,measured,two_call_baseline,0,514.470750,31418,TRUE,TRUE
paper-111745-topk-10-depth-0,baseline_vector_search.cql + baseline_traversal.cql,measured,two_call_baseline,0,1.911458,10,TRUE,TRUE
paper-111745-topk-10-depth-1,baseline_vector_search.cql + baseline_traversal.cql,measured,two_call_baseline,0,4.967208,216,TRUE,TRUE
paper-111745-topk-10-depth-2,baseline_vector_search.cql + baseline_traversal.cql,measured,two_call_baseline,0,619.013208,37523,TRUE,TRUE
paper-165834-topk-1-depth-0,baseline_vector_search.cql + baseline_traversal.cql,measured,two_call_baseline,0,1.371959,1,TRUE,TRUE
paper-165834-topk-1-depth-1,baseline_vector_search.cql + baseline_traversal.cql,measured,two_call_baseline,0,1.855208,11,TRUE,TRUE
paper-165834-topk-1-depth-2,baseline_vector_search.cql + baseline_traversal.cql,measured,two_call_baseline,0,7.134042,379,TRUE,TRUE
paper-165834-topk-3-depth-0,baseline_vector_search.cql + baseline_traversal.cql,measured,two_call_baseline,0,1.362500,3,TRUE,TRUE
paper-165834-topk-3-depth-1,baseline_vector_search.cql + baseline_traversal.cql,measured,two_call_baseline,0,1.561417,19,TRUE,TRUE
paper-165834-topk-3-depth-2,baseline_vector_search.cql + baseline_traversal.cql,measured,two_call_baseline,0,7.962000,435,TRUE,TRUE
paper-165834-topk-5-depth-0,baseline_vector_search.cql + baseline_traversal.cql,measured,two_call_baseline,0,1.438167,5,TRUE,TRUE
paper-165834-topk-5-depth-1,baseline_vector_search.cql + baseline_traversal.cql,measured,two_call_baseline,0,1.756667,27,TRUE,TRUE
paper-165834-topk-5-depth-2,baseline_vector_search.cql + baseline_traversal.cql,measured,two_call_baseline,0,8.950000,497,TRUE,TRUE
paper-165834-topk-10-depth-0,baseline_vector_search.cql + baseline_traversal.cql,measured,two_call_baseline,0,1.779417,10,TRUE,TRUE
paper-165834-topk-10-depth-1,baseline_vector_search.cql + baseline_traversal.cql,measured,two_call_baseline,0,2.670667,63,TRUE,TRUE
paper-165834-topk-10-depth-2,baseline_vector_search.cql + baseline_traversal.cql,measured,two_call_baseline,0,251.043917,15688,TRUE,TRUE
paper-21749-topk-1-depth-0,baseline_vector_search.cql + baseline_traversal.cql,measured,two_call_baseline,0,1.373750,1,TRUE,TRUE
paper-21749-topk-1-depth-1,baseline_vector_search.cql + baseline_traversal.cql,measured,two_call_baseline,0,1.328000,2,TRUE,TRUE
paper-21749-topk-1-depth-2,baseline_vector_search.cql + baseline_traversal.cql,measured,two_call_baseline,0,1.420958,12,TRUE,TRUE
paper-21749-topk-3-depth-0,baseline_vector_search.cql + baseline_traversal.cql,measured,two_call_baseline,0,1.705208,3,TRUE,TRUE
paper-21749-topk-3-depth-1,baseline_vector_search.cql + baseline_traversal.cql,measured,two_call_baseline,0,1.792792,19,TRUE,TRUE
paper-21749-topk-3-depth-2,baseline_vector_search.cql + baseline_traversal.cql,measured,two_call_baseline,0,3.091125,109,TRUE,TRUE
paper-21749-topk-5-depth-0,baseline_vector_search.cql + baseline_traversal.cql,measured,two_call_baseline,0,1.631667,5,TRUE,TRUE
paper-21749-topk-5-depth-1,baseline_vector_search.cql + baseline_traversal.cql,measured,two_call_baseline,0,1.858917,24,TRUE,TRUE
paper-21749-topk-5-depth-2,baseline_vector_search.cql + baseline_traversal.cql,measured,two_call_baseline,0,3.348708,118,TRUE,TRUE
paper-21749-topk-10-depth-0,baseline_vector_search.cql + baseline_traversal.cql,measured,two_call_baseline,0,1.783625,10,TRUE,TRUE
paper-21749-topk-10-depth-1,baseline_vector_search.cql + baseline_traversal.cql,measured,two_call_baseline,0,2.767833,70,TRUE,TRUE
paper-21749-topk-10-depth-2,baseline_vector_search.cql + baseline_traversal.cql,measured,two_call_baseline,0,7.538625,377,TRUE,TRUE
paper-93440-topk-1-depth-0,baseline_vector_search.cql + baseline_traversal.cql,measured,two_call_baseline,0,1.323542,1,TRUE,TRUE
paper-93440-topk-1-depth-1,baseline_vector_search.cql + baseline_traversal.cql,measured,two_call_baseline,0,1.330584,10,TRUE,TRUE
paper-93440-topk-1-depth-2,baseline_vector_search.cql + baseline_traversal.cql,measured,two_call_baseline,0,8.207125,459,TRUE,TRUE
paper-93440-topk-3-depth-0,baseline_vector_search.cql + baseline_traversal.cql,measured,two_call_baseline,0,1.774666,3,TRUE,TRUE
paper-93440-topk-3-depth-1,baseline_vector_search.cql + baseline_traversal.cql,measured,two_call_baseline,0,1.816750,22,TRUE,TRUE
paper-93440-topk-3-depth-2,baseline_vector_search.cql + baseline_traversal.cql,measured,two_call_baseline,0,10.484209,579,TRUE,TRUE
paper-93440-topk-5-depth-0,baseline_vector_search.cql + baseline_traversal.cql,measured,two_call_baseline,0,1.510000,5,TRUE,TRUE
paper-93440-topk-5-depth-1,baseline_vector_search.cql + baseline_traversal.cql,measured,two_call_baseline,0,1.983625,32,TRUE,TRUE
paper-93440-topk-5-depth-2,baseline_vector_search.cql + baseline_traversal.cql,measured,two_call_baseline,0,14.042834,826,TRUE,TRUE
paper-93440-topk-10-depth-0,baseline_vector_search.cql + baseline_traversal.cql,measured,two_call_baseline,0,1.915292,10,TRUE,TRUE
paper-93440-topk-10-depth-1,baseline_vector_search.cql + baseline_traversal.cql,measured,two_call_baseline,0,2.916208,74,TRUE,TRUE
paper-93440-topk-10-depth-2,baseline_vector_search.cql + baseline_traversal.cql,measured,two_call_baseline,0,320.072750,19857,TRUE,TRUE
paper-37777-topk-1-depth-0,baseline_vector_search.cql + baseline_traversal.cql,measured,two_call_baseline,0,1.273708,1,TRUE,TRUE
paper-37777-topk-1-depth-1,baseline_vector_search.cql + baseline_traversal.cql,measured,two_call_baseline,0,1.284666,6,TRUE,TRUE
paper-37777-topk-1-depth-2,baseline_vector_search.cql + baseline_traversal.cql,measured,two_call_baseline,0,2.317041,74,TRUE,TRUE
paper-37777-topk-3-depth-0,baseline_vector_search.cql + baseline_traversal.cql,measured,two_call_baseline,0,1.313166,3,TRUE,TRUE
paper-37777-topk-3-depth-1,baseline_vector_search.cql + baseline_traversal.cql,measured,two_call_baseline,0,1.557500,17,TRUE,TRUE
paper-37777-topk-3-depth-2,baseline_vector_search.cql + baseline_traversal.cql,measured,two_call_baseline,0,2.810708,97,TRUE,TRUE
paper-37777-topk-5-depth-0,baseline_vector_search.cql + baseline_traversal.cql,measured,two_call_baseline,0,1.530958,5,TRUE,TRUE
paper-37777-topk-5-depth-1,baseline_vector_search.cql + baseline_traversal.cql,measured,two_call_baseline,0,2.132959,45,TRUE,TRUE
paper-37777-topk-5-depth-2,baseline_vector_search.cql + baseline_traversal.cql,measured,two_call_baseline,0,47.790000,2981,TRUE,TRUE
paper-37777-topk-10-depth-0,baseline_vector_search.cql + baseline_traversal.cql,measured,two_call_baseline,0,1.815084,10,TRUE,TRUE
paper-37777-topk-10-depth-1,baseline_vector_search.cql + baseline_traversal.cql,measured,two_call_baseline,0,2.705541,61,TRUE,TRUE
paper-37777-topk-10-depth-2,baseline_vector_search.cql + baseline_traversal.cql,measured,two_call_baseline,0,49.255333,3051,TRUE,TRUE
paper-62155-topk-1-depth-0,baseline_vector_search.cql + baseline_traversal.cql,measured,two_call_baseline,0,1.200792,1,TRUE,TRUE
paper-62155-topk-1-depth-1,baseline_vector_search.cql + baseline_traversal.cql,measured,two_call_baseline,0,1.190333,4,TRUE,TRUE
paper-62155-topk-1-depth-2,baseline_vector_search.cql + baseline_traversal.cql,measured,two_call_baseline,0,3.067667,125,TRUE,TRUE
paper-62155-topk-3-depth-0,baseline_vector_search.cql + baseline_traversal.cql,measured,two_call_baseline,0,1.268917,3,TRUE,TRUE
paper-62155-topk-3-depth-1,baseline_vector_search.cql + baseline_traversal.cql,measured,two_call_baseline,0,1.798125,38,TRUE,TRUE
paper-62155-topk-3-depth-2,baseline_vector_search.cql + baseline_traversal.cql,measured,two_call_baseline,0,134.440084,8505,TRUE,TRUE
paper-62155-topk-5-depth-0,baseline_vector_search.cql + baseline_traversal.cql,measured,two_call_baseline,0,1.414250,5,TRUE,TRUE
paper-62155-topk-5-depth-1,baseline_vector_search.cql + baseline_traversal.cql,measured,two_call_baseline,0,2.027292,45,TRUE,TRUE
paper-62155-topk-5-depth-2,baseline_vector_search.cql + baseline_traversal.cql,measured,two_call_baseline,0,138.651208,8706,TRUE,TRUE
paper-62155-topk-10-depth-0,baseline_vector_search.cql + baseline_traversal.cql,measured,two_call_baseline,0,1.821416,10,TRUE,TRUE
paper-62155-topk-10-depth-1,baseline_vector_search.cql + baseline_traversal.cql,measured,two_call_baseline,0,3.606459,125,TRUE,TRUE
paper-62155-topk-10-depth-2,baseline_vector_search.cql + baseline_traversal.cql,measured,two_call_baseline,0,405.359958,25154,TRUE,TRUE
paper-169316-topk-1-depth-0,baseline_vector_search.cql + baseline_traversal.cql,measured,two_call_baseline,0,1.328083,1,TRUE,TRUE
paper-169316-topk-1-depth-1,baseline_vector_search.cql + baseline_traversal.cql,measured,two_call_baseline,0,1.181333,2,TRUE,TRUE
paper-169316-topk-1-depth-2,baseline_vector_search.cql + baseline_traversal.cql,measured,two_call_baseline,0,1.218000,9,TRUE,TRUE
paper-169316-topk-3-depth-0,baseline_vector_search.cql + baseline_traversal.cql,measured,two_call_baseline,0,1.327416,3,TRUE,TRUE
paper-169316-topk-3-depth-1,baseline_vector_search.cql + baseline_traversal.cql,measured,two_call_baseline,0,1.512875,18,TRUE,TRUE
paper-169316-topk-3-depth-2,baseline_vector_search.cql + baseline_traversal.cql,measured,two_call_baseline,0,5.671042,282,TRUE,TRUE
paper-169316-topk-5-depth-0,baseline_vector_search.cql + baseline_traversal.cql,measured,two_call_baseline,0,1.485458,5,TRUE,TRUE
paper-169316-topk-5-depth-1,baseline_vector_search.cql + baseline_traversal.cql,measured,two_call_baseline,0,1.749709,25,TRUE,TRUE
paper-169316-topk-5-depth-2,baseline_vector_search.cql + baseline_traversal.cql,measured,two_call_baseline,0,13.619542,799,TRUE,TRUE
paper-169316-topk-10-depth-0,baseline_vector_search.cql + baseline_traversal.cql,measured,two_call_baseline,0,1.873291,10,TRUE,TRUE
paper-169316-topk-10-depth-1,baseline_vector_search.cql + baseline_traversal.cql,measured,two_call_baseline,0,2.551416,60,TRUE,TRUE
paper-169316-topk-10-depth-2,baseline_vector_search.cql + baseline_traversal.cql,measured,two_call_baseline,0,17.819291,1045,TRUE,TRUE
paper-131473-topk-1-depth-0,baseline_vector_search.cql + baseline_traversal.cql,measured,two_call_baseline,0,1.215083,1,TRUE,TRUE
paper-131473-topk-1-depth-1,baseline_vector_search.cql + baseline_traversal.cql,measured,two_call_baseline,0,1.212541,3,TRUE,TRUE
paper-131473-topk-1-depth-2,baseline_vector_search.cql + baseline_traversal.cql,measured,two_call_baseline,0,5.046708,251,TRUE,TRUE
paper-131473-topk-3-depth-0,baseline_vector_search.cql + baseline_traversal.cql,measured,two_call_baseline,0,1.386792,3,TRUE,TRUE
paper-131473-topk-3-depth-1,baseline_vector_search.cql + baseline_traversal.cql,measured,two_call_baseline,0,1.435917,11,TRUE,TRUE
paper-131473-topk-3-depth-2,baseline_vector_search.cql + baseline_traversal.cql,measured,two_call_baseline,0,8.113542,424,TRUE,TRUE
paper-131473-topk-5-depth-0,baseline_vector_search.cql + baseline_traversal.cql,measured,two_call_baseline,0,1.436834,5,TRUE,TRUE
paper-131473-topk-5-depth-1,baseline_vector_search.cql + baseline_traversal.cql,measured,two_call_baseline,0,1.766417,28,TRUE,TRUE
paper-131473-topk-5-depth-2,baseline_vector_search.cql + baseline_traversal.cql,measured,two_call_baseline,0,11.092292,629,TRUE,TRUE
paper-131473-topk-10-depth-0,baseline_vector_search.cql + baseline_traversal.cql,measured,two_call_baseline,0,1.757250,10,TRUE,TRUE
paper-131473-topk-10-depth-1,baseline_vector_search.cql + baseline_traversal.cql,measured,two_call_baseline,0,2.915791,87,TRUE,TRUE
paper-131473-topk-10-depth-2,baseline_vector_search.cql + baseline_traversal.cql,measured,two_call_baseline,0,19.985875,1196,TRUE,TRUE
paper-145212-topk-1-depth-0,baseline_vector_search.cql + baseline_traversal.cql,measured,two_call_baseline,0,1.173625,1,TRUE,TRUE
paper-145212-topk-1-depth-1,baseline_vector_search.cql + baseline_traversal.cql,measured,two_call_baseline,0,1.172250,4,TRUE,TRUE
paper-145212-topk-1-depth-2,baseline_vector_search.cql + baseline_traversal.cql,measured,two_call_baseline,0,1.215458,11,TRUE,TRUE
paper-145212-topk-3-depth-0,baseline_vector_search.cql + baseline_traversal.cql,measured,two_call_baseline,0,1.147750,3,TRUE,TRUE
paper-145212-topk-3-depth-1,baseline_vector_search.cql + baseline_traversal.cql,measured,two_call_baseline,0,1.347916,14,TRUE,TRUE
paper-145212-topk-3-depth-2,baseline_vector_search.cql + baseline_traversal.cql,measured,two_call_baseline,0,5.617916,273,TRUE,TRUE
paper-145212-topk-5-depth-0,baseline_vector_search.cql + baseline_traversal.cql,measured,two_call_baseline,0,1.445166,5,TRUE,TRUE
paper-145212-topk-5-depth-1,baseline_vector_search.cql + baseline_traversal.cql,measured,two_call_baseline,0,1.668125,21,TRUE,TRUE
paper-145212-topk-5-depth-2,baseline_vector_search.cql + baseline_traversal.cql,measured,two_call_baseline,0,5.762333,286,TRUE,TRUE
paper-145212-topk-10-depth-0,baseline_vector_search.cql + baseline_traversal.cql,measured,two_call_baseline,0,1.717209,10,TRUE,TRUE
paper-145212-topk-10-depth-1,baseline_vector_search.cql + baseline_traversal.cql,measured,two_call_baseline,0,2.123583,35,TRUE,TRUE
paper-145212-topk-10-depth-2,baseline_vector_search.cql + baseline_traversal.cql,measured,two_call_baseline,0,19.785250,1193,TRUE,TRUE
paper-39511-topk-1-depth-0,baseline_vector_search.cql + baseline_traversal.cql,measured,two_call_baseline,0,1.194167,1,TRUE,TRUE
paper-39511-topk-1-depth-1,baseline_vector_search.cql + baseline_traversal.cql,measured,two_call_baseline,0,1.393125,16,TRUE,TRUE
paper-39511-topk-1-depth-2,baseline_vector_search.cql + baseline_traversal.cql,measured,two_call_baseline,0,296.346833,18490,TRUE,TRUE
paper-39511-topk-3-depth-0,baseline_vector_search.cql + baseline_traversal.cql,measured,two_call_baseline,0,1.419458,3,TRUE,TRUE
paper-39511-topk-3-depth-1,baseline_vector_search.cql + baseline_traversal.cql,measured,two_call_baseline,0,1.905666,37,TRUE,TRUE
paper-39511-topk-3-depth-2,baseline_vector_search.cql + baseline_traversal.cql,measured,two_call_baseline,0,300.620917,18692,TRUE,TRUE
paper-39511-topk-5-depth-0,baseline_vector_search.cql + baseline_traversal.cql,measured,two_call_baseline,0,1.603375,5,TRUE,TRUE
paper-39511-topk-5-depth-1,baseline_vector_search.cql + baseline_traversal.cql,measured,two_call_baseline,0,2.350500,59,TRUE,TRUE
paper-39511-topk-5-depth-2,baseline_vector_search.cql + baseline_traversal.cql,measured,two_call_baseline,0,339.826000,20460,TRUE,TRUE
paper-39511-topk-10-depth-0,baseline_vector_search.cql + baseline_traversal.cql,measured,two_call_baseline,0,1.961542,10,TRUE,TRUE
paper-39511-topk-10-depth-1,baseline_vector_search.cql + baseline_traversal.cql,measured,two_call_baseline,0,3.134541,93,TRUE,TRUE
paper-39511-topk-10-depth-2,baseline_vector_search.cql + baseline_traversal.cql,measured,two_call_baseline,0,345.610542,20827,TRUE,TRUE
paper-147541-topk-1-depth-0,baseline_vector_search.cql + baseline_traversal.cql,measured,two_call_baseline,0,1.429625,1,TRUE,TRUE
paper-147541-topk-1-depth-1,baseline_vector_search.cql + baseline_traversal.cql,measured,two_call_baseline,0,1.448750,15,TRUE,TRUE
paper-147541-topk-1-depth-2,baseline_vector_search.cql + baseline_traversal.cql,measured,two_call_baseline,0,98.686958,6165,TRUE,TRUE
paper-147541-topk-3-depth-0,baseline_vector_search.cql + baseline_traversal.cql,measured,two_call_baseline,0,1.377333,3,TRUE,TRUE
paper-147541-topk-3-depth-1,baseline_vector_search.cql + baseline_traversal.cql,measured,two_call_baseline,0,1.743083,28,TRUE,TRUE
paper-147541-topk-3-depth-2,baseline_vector_search.cql + baseline_traversal.cql,measured,two_call_baseline,0,101.619333,6285,TRUE,TRUE
paper-147541-topk-5-depth-0,baseline_vector_search.cql + baseline_traversal.cql,measured,two_call_baseline,0,1.613333,5,TRUE,TRUE
paper-147541-topk-5-depth-1,baseline_vector_search.cql + baseline_traversal.cql,measured,two_call_baseline,0,1.950917,26,TRUE,TRUE
paper-147541-topk-5-depth-2,baseline_vector_search.cql + baseline_traversal.cql,measured,two_call_baseline,0,4.409667,175,TRUE,TRUE
paper-147541-topk-10-depth-0,baseline_vector_search.cql + baseline_traversal.cql,measured,two_call_baseline,0,2.001791,10,TRUE,TRUE
paper-147541-topk-10-depth-1,baseline_vector_search.cql + baseline_traversal.cql,measured,two_call_baseline,0,3.021375,76,TRUE,TRUE
paper-147541-topk-10-depth-2,baseline_vector_search.cql + baseline_traversal.cql,measured,two_call_baseline,0,123.738083,7471,TRUE,TRUE
paper-65914-topk-1-depth-0,baseline_vector_search.cql + baseline_traversal.cql,measured,two_call_baseline,0,1.390833,1,TRUE,TRUE
paper-65914-topk-1-depth-1,baseline_vector_search.cql + baseline_traversal.cql,measured,two_call_baseline,0,1.450792,10,TRUE,TRUE
paper-65914-topk-1-depth-2,baseline_vector_search.cql + baseline_traversal.cql,measured,two_call_baseline,0,17.525417,1058,TRUE,TRUE
paper-65914-topk-3-depth-0,baseline_vector_search.cql + baseline_traversal.cql,measured,two_call_baseline,0,1.444500,3,TRUE,TRUE
paper-65914-topk-3-depth-1,baseline_vector_search.cql + baseline_traversal.cql,measured,two_call_baseline,0,2.074542,40,TRUE,TRUE
paper-65914-topk-3-depth-2,baseline_vector_search.cql + baseline_traversal.cql,measured,two_call_baseline,0,64.379750,3944,TRUE,TRUE
paper-65914-topk-5-depth-0,baseline_vector_search.cql + baseline_traversal.cql,measured,two_call_baseline,0,1.578583,5,TRUE,TRUE
paper-65914-topk-5-depth-1,baseline_vector_search.cql + baseline_traversal.cql,measured,two_call_baseline,0,2.458583,58,TRUE,TRUE
paper-65914-topk-5-depth-2,baseline_vector_search.cql + baseline_traversal.cql,measured,two_call_baseline,0,286.036250,17655,TRUE,TRUE
paper-65914-topk-10-depth-0,baseline_vector_search.cql + baseline_traversal.cql,measured,two_call_baseline,0,2.078625,10,TRUE,TRUE
paper-65914-topk-10-depth-1,baseline_vector_search.cql + baseline_traversal.cql,measured,two_call_baseline,0,3.393250,98,TRUE,TRUE
paper-65914-topk-10-depth-2,baseline_vector_search.cql + baseline_traversal.cql,measured,two_call_baseline,0,379.541500,23053,TRUE,TRUE
paper-40243-topk-1-depth-0,baseline_vector_search.cql + baseline_traversal.cql,measured,two_call_baseline,0,1.323625,1,TRUE,TRUE
paper-40243-topk-1-depth-1,baseline_vector_search.cql + baseline_traversal.cql,measured,two_call_baseline,0,1.284209,3,TRUE,TRUE
paper-40243-topk-1-depth-2,baseline_vector_search.cql + baseline_traversal.cql,measured,two_call_baseline,0,16.096042,959,TRUE,TRUE
paper-40243-topk-3-depth-0,baseline_vector_search.cql + baseline_traversal.cql,measured,two_call_baseline,0,1.504083,3,TRUE,TRUE
paper-40243-topk-3-depth-1,baseline_vector_search.cql + baseline_traversal.cql,measured,two_call_baseline,0,1.962625,14,TRUE,TRUE
paper-40243-topk-3-depth-2,baseline_vector_search.cql + baseline_traversal.cql,measured,two_call_baseline,0,351.427375,21578,TRUE,TRUE
paper-40243-topk-5-depth-0,baseline_vector_search.cql + baseline_traversal.cql,measured,two_call_baseline,0,1.640500,5,TRUE,TRUE
paper-40243-topk-5-depth-1,baseline_vector_search.cql + baseline_traversal.cql,measured,two_call_baseline,0,2.173417,46,TRUE,TRUE
paper-40243-topk-5-depth-2,baseline_vector_search.cql + baseline_traversal.cql,measured,two_call_baseline,0,389.283709,23447,TRUE,TRUE
paper-40243-topk-10-depth-0,baseline_vector_search.cql + baseline_traversal.cql,measured,two_call_baseline,0,1.922291,10,TRUE,TRUE
paper-40243-topk-10-depth-1,baseline_vector_search.cql + baseline_traversal.cql,measured,two_call_baseline,0,6.638375,313,TRUE,TRUE
paper-40243-topk-10-depth-2,baseline_vector_search.cql + baseline_traversal.cql,measured,two_call_baseline,0,462.653458,26976,TRUE,TRUE
paper-93415-topk-1-depth-0,baseline_vector_search.cql + baseline_traversal.cql,measured,two_call_baseline,0,1.358500,1,TRUE,TRUE
paper-93415-topk-1-depth-1,baseline_vector_search.cql + baseline_traversal.cql,measured,two_call_baseline,0,1.338458,6,TRUE,TRUE
paper-93415-topk-1-depth-2,baseline_vector_search.cql + baseline_traversal.cql,measured,two_call_baseline,0,1.966042,48,TRUE,TRUE
paper-93415-topk-3-depth-0,baseline_vector_search.cql + baseline_traversal.cql,measured,two_call_baseline,0,1.350417,3,TRUE,TRUE
paper-93415-topk-3-depth-1,baseline_vector_search.cql + baseline_traversal.cql,measured,two_call_baseline,0,1.446708,11,TRUE,TRUE
paper-93415-topk-3-depth-2,baseline_vector_search.cql + baseline_traversal.cql,measured,two_call_baseline,0,2.291166,62,TRUE,TRUE
paper-93415-topk-5-depth-0,baseline_vector_search.cql + baseline_traversal.cql,measured,two_call_baseline,0,1.386958,5,TRUE,TRUE
paper-93415-topk-5-depth-1,baseline_vector_search.cql + baseline_traversal.cql,measured,two_call_baseline,0,1.649166,19,TRUE,TRUE
paper-93415-topk-5-depth-2,baseline_vector_search.cql + baseline_traversal.cql,measured,two_call_baseline,0,3.145500,109,TRUE,TRUE
paper-93415-topk-10-depth-0,baseline_vector_search.cql + baseline_traversal.cql,measured,two_call_baseline,0,1.825542,10,TRUE,TRUE
paper-93415-topk-10-depth-1,baseline_vector_search.cql + baseline_traversal.cql,measured,two_call_baseline,0,2.429750,56,TRUE,TRUE
paper-93415-topk-10-depth-2,baseline_vector_search.cql + baseline_traversal.cql,measured,two_call_baseline,0,11.174875,621,TRUE,TRUE
paper-47302-topk-1-depth-0,baseline_vector_search.cql + baseline_traversal.cql,measured,two_call_baseline,0,1.274208,1,TRUE,TRUE
paper-47302-topk-1-depth-1,baseline_vector_search.cql + baseline_traversal.cql,measured,two_call_baseline,0,1.347750,7,TRUE,TRUE
paper-47302-topk-1-depth-2,baseline_vector_search.cql + baseline_traversal.cql,measured,two_call_baseline,0,91.611875,5823,TRUE,TRUE
paper-47302-topk-3-depth-0,baseline_vector_search.cql + baseline_traversal.cql,measured,two_call_baseline,0,1.527250,3,TRUE,TRUE
paper-47302-topk-3-depth-1,baseline_vector_search.cql + baseline_traversal.cql,measured,two_call_baseline,0,1.781792,26,TRUE,TRUE
paper-47302-topk-3-depth-2,baseline_vector_search.cql + baseline_traversal.cql,measured,two_call_baseline,0,113.712959,7119,TRUE,TRUE
paper-47302-topk-5-depth-0,baseline_vector_search.cql + baseline_traversal.cql,measured,two_call_baseline,0,1.596542,5,TRUE,TRUE
paper-47302-topk-5-depth-1,baseline_vector_search.cql + baseline_traversal.cql,measured,two_call_baseline,0,3.201917,40,TRUE,TRUE
paper-47302-topk-5-depth-2,baseline_vector_search.cql + baseline_traversal.cql,measured,two_call_baseline,0,115.366375,7153,TRUE,TRUE
paper-47302-topk-10-depth-0,baseline_vector_search.cql + baseline_traversal.cql,measured,two_call_baseline,0,1.613041,10,TRUE,TRUE
paper-47302-topk-10-depth-1,baseline_vector_search.cql + baseline_traversal.cql,measured,two_call_baseline,0,2.707208,77,TRUE,TRUE
paper-47302-topk-10-depth-2,baseline_vector_search.cql + baseline_traversal.cql,measured,two_call_baseline,0,307.369416,19042,TRUE,TRUE
paper-55698-topk-1-depth-0,baseline_vector_search.cql + baseline_traversal.cql,measured,two_call_baseline,0,1.466167,1,TRUE,TRUE
paper-55698-topk-1-depth-1,baseline_vector_search.cql + baseline_traversal.cql,measured,two_call_baseline,0,1.298375,5,TRUE,TRUE
paper-55698-topk-1-depth-2,baseline_vector_search.cql + baseline_traversal.cql,measured,two_call_baseline,0,1.908583,45,TRUE,TRUE
paper-55698-topk-3-depth-0,baseline_vector_search.cql + baseline_traversal.cql,measured,two_call_baseline,0,1.391833,3,TRUE,TRUE
paper-55698-topk-3-depth-1,baseline_vector_search.cql + baseline_traversal.cql,measured,two_call_baseline,0,1.554292,13,TRUE,TRUE
paper-55698-topk-3-depth-2,baseline_vector_search.cql + baseline_traversal.cql,measured,two_call_baseline,0,2.455667,64,TRUE,TRUE
paper-55698-topk-5-depth-0,baseline_vector_search.cql + baseline_traversal.cql,measured,two_call_baseline,0,1.513291,5,TRUE,TRUE
paper-55698-topk-5-depth-1,baseline_vector_search.cql + baseline_traversal.cql,measured,two_call_baseline,0,2.064708,39,TRUE,TRUE
paper-55698-topk-5-depth-2,baseline_vector_search.cql + baseline_traversal.cql,measured,two_call_baseline,0,4.283125,175,TRUE,TRUE
paper-55698-topk-10-depth-0,baseline_vector_search.cql + baseline_traversal.cql,measured,two_call_baseline,0,1.827542,10,TRUE,TRUE
paper-55698-topk-10-depth-1,baseline_vector_search.cql + baseline_traversal.cql,measured,two_call_baseline,0,2.696792,62,TRUE,TRUE
paper-55698-topk-10-depth-2,baseline_vector_search.cql + baseline_traversal.cql,measured,two_call_baseline,0,11.249375,617,TRUE,TRUE
paper-122879-topk-1-depth-0,baseline_vector_search.cql + baseline_traversal.cql,measured,two_call_baseline,0,1.262958,1,TRUE,TRUE
paper-122879-topk-1-depth-1,baseline_vector_search.cql + baseline_traversal.cql,measured,two_call_baseline,0,1.301709,4,TRUE,TRUE
paper-122879-topk-1-depth-2,baseline_vector_search.cql + baseline_traversal.cql,measured,two_call_baseline,0,26.726709,1644,TRUE,TRUE
paper-122879-topk-3-depth-0,baseline_vector_search.cql + baseline_traversal.cql,measured,two_call_baseline,0,1.475750,3,TRUE,TRUE
paper-122879-topk-3-depth-1,baseline_vector_search.cql + baseline_traversal.cql,measured,two_call_baseline,0,1.642375,21,TRUE,TRUE
paper-122879-topk-3-depth-2,baseline_vector_search.cql + baseline_traversal.cql,measured,two_call_baseline,0,30.053208,1855,TRUE,TRUE
paper-122879-topk-5-depth-0,baseline_vector_search.cql + baseline_traversal.cql,measured,two_call_baseline,0,1.620625,5,TRUE,TRUE
paper-122879-topk-5-depth-1,baseline_vector_search.cql + baseline_traversal.cql,measured,two_call_baseline,0,1.975208,33,TRUE,TRUE
paper-122879-topk-5-depth-2,baseline_vector_search.cql + baseline_traversal.cql,measured,two_call_baseline,0,125.849417,7914,TRUE,TRUE
paper-122879-topk-10-depth-0,baseline_vector_search.cql + baseline_traversal.cql,measured,two_call_baseline,0,1.955333,10,TRUE,TRUE
paper-122879-topk-10-depth-1,baseline_vector_search.cql + baseline_traversal.cql,measured,two_call_baseline,0,2.666125,56,TRUE,TRUE
paper-122879-topk-10-depth-2,baseline_vector_search.cql + baseline_traversal.cql,measured,two_call_baseline,0,262.787416,16193,TRUE,TRUE
paper-160655-topk-1-depth-0,baseline_vector_search.cql + baseline_traversal.cql,measured,two_call_baseline,0,1.264750,1,TRUE,TRUE
paper-160655-topk-1-depth-1,baseline_vector_search.cql + baseline_traversal.cql,measured,two_call_baseline,0,1.318291,5,TRUE,TRUE
paper-160655-topk-1-depth-2,baseline_vector_search.cql + baseline_traversal.cql,measured,two_call_baseline,0,2.019333,52,TRUE,TRUE
paper-160655-topk-3-depth-0,baseline_vector_search.cql + baseline_traversal.cql,measured,two_call_baseline,0,1.394209,3,TRUE,TRUE
paper-160655-topk-3-depth-1,baseline_vector_search.cql + baseline_traversal.cql,measured,two_call_baseline,0,1.551875,16,TRUE,TRUE
paper-160655-topk-3-depth-2,baseline_vector_search.cql + baseline_traversal.cql,measured,two_call_baseline,0,213.876625,13419,TRUE,TRUE
paper-160655-topk-5-depth-0,baseline_vector_search.cql + baseline_traversal.cql,measured,two_call_baseline,0,1.571959,5,TRUE,TRUE
paper-160655-topk-5-depth-1,baseline_vector_search.cql + baseline_traversal.cql,measured,two_call_baseline,0,1.970917,36,TRUE,TRUE
paper-160655-topk-5-depth-2,baseline_vector_search.cql + baseline_traversal.cql,measured,two_call_baseline,0,447.581667,27476,TRUE,TRUE
paper-160655-topk-10-depth-0,baseline_vector_search.cql + baseline_traversal.cql,measured,two_call_baseline,0,1.956375,10,TRUE,TRUE
paper-160655-topk-10-depth-1,baseline_vector_search.cql + baseline_traversal.cql,measured,two_call_baseline,0,7.718625,387,TRUE,TRUE
paper-160655-topk-10-depth-2,baseline_vector_search.cql + baseline_traversal.cql,measured,two_call_baseline,0,562.311209,34094,TRUE,TRUE
paper-143974-topk-1-depth-0,baseline_vector_search.cql + baseline_traversal.cql,measured,two_call_baseline,0,1.417833,1,TRUE,TRUE
paper-143974-topk-1-depth-1,baseline_vector_search.cql + baseline_traversal.cql,measured,two_call_baseline,0,1.270666,3,TRUE,TRUE
paper-143974-topk-1-depth-2,baseline_vector_search.cql + baseline_traversal.cql,measured,two_call_baseline,0,1.338334,7,TRUE,TRUE
paper-143974-topk-3-depth-0,baseline_vector_search.cql + baseline_traversal.cql,measured,two_call_baseline,0,3.598750,3,TRUE,TRUE
paper-143974-topk-3-depth-1,baseline_vector_search.cql + baseline_traversal.cql,measured,two_call_baseline,0,1.658917,10,TRUE,TRUE
paper-143974-topk-3-depth-2,baseline_vector_search.cql + baseline_traversal.cql,measured,two_call_baseline,0,1.765417,19,TRUE,TRUE
paper-143974-topk-5-depth-0,baseline_vector_search.cql + baseline_traversal.cql,measured,two_call_baseline,0,1.413125,5,TRUE,TRUE
paper-143974-topk-5-depth-1,baseline_vector_search.cql + baseline_traversal.cql,measured,two_call_baseline,0,1.699708,24,TRUE,TRUE
paper-143974-topk-5-depth-2,baseline_vector_search.cql + baseline_traversal.cql,measured,two_call_baseline,0,4.784250,220,TRUE,TRUE
paper-143974-topk-10-depth-0,baseline_vector_search.cql + baseline_traversal.cql,measured,two_call_baseline,0,1.714375,10,TRUE,TRUE
paper-143974-topk-10-depth-1,baseline_vector_search.cql + baseline_traversal.cql,measured,two_call_baseline,0,3.014416,82,TRUE,TRUE
paper-143974-topk-10-depth-2,baseline_vector_search.cql + baseline_traversal.cql,measured,two_call_baseline,0,17.897209,1003,TRUE,TRUE
paper-166024-topk-1-depth-0,baseline_vector_search.cql + baseline_traversal.cql,measured,two_call_baseline,0,1.205791,1,TRUE,TRUE
paper-166024-topk-1-depth-1,baseline_vector_search.cql + baseline_traversal.cql,measured,two_call_baseline,0,1.292125,9,TRUE,TRUE
paper-166024-topk-1-depth-2,baseline_vector_search.cql + baseline_traversal.cql,measured,two_call_baseline,0,11.868875,716,TRUE,TRUE
paper-166024-topk-3-depth-0,baseline_vector_search.cql + baseline_traversal.cql,measured,two_call_baseline,0,1.293250,3,TRUE,TRUE
paper-166024-topk-3-depth-1,baseline_vector_search.cql + baseline_traversal.cql,measured,two_call_baseline,0,1.683875,31,TRUE,TRUE
paper-166024-topk-3-depth-2,baseline_vector_search.cql + baseline_traversal.cql,measured,two_call_baseline,0,242.323292,15123,TRUE,TRUE
paper-166024-topk-5-depth-0,baseline_vector_search.cql + baseline_traversal.cql,measured,two_call_baseline,0,1.675750,5,TRUE,TRUE
paper-166024-topk-5-depth-1,baseline_vector_search.cql + baseline_traversal.cql,measured,two_call_baseline,0,2.068583,46,TRUE,TRUE
paper-166024-topk-5-depth-2,baseline_vector_search.cql + baseline_traversal.cql,measured,two_call_baseline,0,351.737792,21386,TRUE,TRUE
paper-166024-topk-10-depth-0,baseline_vector_search.cql + baseline_traversal.cql,measured,two_call_baseline,0,1.877500,10,TRUE,TRUE
paper-166024-topk-10-depth-1,baseline_vector_search.cql + baseline_traversal.cql,measured,two_call_baseline,0,3.383875,100,TRUE,TRUE
paper-166024-topk-10-depth-2,baseline_vector_search.cql + baseline_traversal.cql,measured,two_call_baseline,0,525.337875,31635,TRUE,TRUE
paper-144113-topk-1-depth-0,baseline_vector_search.cql + baseline_traversal.cql,measured,two_call_baseline,0,1.223833,1,TRUE,TRUE
paper-144113-topk-1-depth-1,baseline_vector_search.cql + baseline_traversal.cql,measured,two_call_baseline,0,1.252250,7,TRUE,TRUE
paper-144113-topk-1-depth-2,baseline_vector_search.cql + baseline_traversal.cql,measured,two_call_baseline,0,1.545000,29,TRUE,TRUE
paper-144113-topk-3-depth-0,baseline_vector_search.cql + baseline_traversal.cql,measured,two_call_baseline,0,1.287667,3,TRUE,TRUE
paper-144113-topk-3-depth-1,baseline_vector_search.cql + baseline_traversal.cql,measured,two_call_baseline,0,1.475208,19,TRUE,TRUE
paper-144113-topk-3-depth-2,baseline_vector_search.cql + baseline_traversal.cql,measured,two_call_baseline,0,3.455416,139,TRUE,TRUE
paper-144113-topk-5-depth-0,baseline_vector_search.cql + baseline_traversal.cql,measured,two_call_baseline,0,1.448459,5,TRUE,TRUE
paper-144113-topk-5-depth-1,baseline_vector_search.cql + baseline_traversal.cql,measured,two_call_baseline,0,1.740083,30,TRUE,TRUE
paper-144113-topk-5-depth-2,baseline_vector_search.cql + baseline_traversal.cql,measured,two_call_baseline,0,4.552125,198,TRUE,TRUE
paper-144113-topk-10-depth-0,baseline_vector_search.cql + baseline_traversal.cql,measured,two_call_baseline,0,1.738542,10,TRUE,TRUE
paper-144113-topk-10-depth-1,baseline_vector_search.cql + baseline_traversal.cql,measured,two_call_baseline,0,2.847041,83,TRUE,TRUE
paper-144113-topk-10-depth-2,baseline_vector_search.cql + baseline_traversal.cql,measured,two_call_baseline,0,18.399833,1037,TRUE,TRUE
paper-53701-topk-1-depth-0,baseline_vector_search.cql + baseline_traversal.cql,measured,two_call_baseline,0,1.313500,1,TRUE,TRUE
paper-53701-topk-1-depth-1,baseline_vector_search.cql + baseline_traversal.cql,measured,two_call_baseline,0,1.219125,3,TRUE,TRUE
paper-53701-topk-1-depth-2,baseline_vector_search.cql + baseline_traversal.cql,measured,two_call_baseline,0,1.411500,11,TRUE,TRUE
paper-53701-topk-3-depth-0,baseline_vector_search.cql + baseline_traversal.cql,measured,two_call_baseline,0,1.398959,3,TRUE,TRUE
paper-53701-topk-3-depth-1,baseline_vector_search.cql + baseline_traversal.cql,measured,two_call_baseline,0,1.799917,35,TRUE,TRUE
paper-53701-topk-3-depth-2,baseline_vector_search.cql + baseline_traversal.cql,measured,two_call_baseline,0,368.164459,22876,TRUE,TRUE
paper-53701-topk-5-depth-0,baseline_vector_search.cql + baseline_traversal.cql,measured,two_call_baseline,0,1.628209,5,TRUE,TRUE
paper-53701-topk-5-depth-1,baseline_vector_search.cql + baseline_traversal.cql,measured,two_call_baseline,0,2.579875,70,TRUE,TRUE
paper-53701-topk-5-depth-2,baseline_vector_search.cql + baseline_traversal.cql,measured,two_call_baseline,0,389.602083,23906,TRUE,TRUE
paper-53701-topk-10-depth-0,baseline_vector_search.cql + baseline_traversal.cql,measured,two_call_baseline,0,1.888666,10,TRUE,TRUE
paper-53701-topk-10-depth-1,baseline_vector_search.cql + baseline_traversal.cql,measured,two_call_baseline,0,6.330000,299,TRUE,TRUE
paper-53701-topk-10-depth-2,baseline_vector_search.cql + baseline_traversal.cql,measured,two_call_baseline,0,572.213792,34017,TRUE,TRUE
paper-55202-topk-1-depth-0,baseline_vector_search.cql + baseline_traversal.cql,measured,two_call_baseline,0,1.275625,1,TRUE,TRUE
paper-55202-topk-1-depth-1,baseline_vector_search.cql + baseline_traversal.cql,measured,two_call_baseline,0,1.360833,7,TRUE,TRUE
paper-55202-topk-1-depth-2,baseline_vector_search.cql + baseline_traversal.cql,measured,two_call_baseline,0,230.036875,14226,TRUE,TRUE
paper-55202-topk-3-depth-0,baseline_vector_search.cql + baseline_traversal.cql,measured,two_call_baseline,0,1.316250,3,TRUE,TRUE
paper-55202-topk-3-depth-1,baseline_vector_search.cql + baseline_traversal.cql,measured,two_call_baseline,0,1.484000,17,TRUE,TRUE
paper-55202-topk-3-depth-2,baseline_vector_search.cql + baseline_traversal.cql,measured,two_call_baseline,0,238.641666,14609,TRUE,TRUE
paper-55202-topk-5-depth-0,baseline_vector_search.cql + baseline_traversal.cql,measured,two_call_baseline,0,1.587833,5,TRUE,TRUE
paper-55202-topk-5-depth-1,baseline_vector_search.cql + baseline_traversal.cql,measured,two_call_baseline,0,1.931917,30,TRUE,TRUE
paper-55202-topk-5-depth-2,baseline_vector_search.cql + baseline_traversal.cql,measured,two_call_baseline,0,489.702042,29378,TRUE,TRUE
paper-55202-topk-10-depth-0,baseline_vector_search.cql + baseline_traversal.cql,measured,two_call_baseline,0,2.056708,10,TRUE,TRUE
paper-55202-topk-10-depth-1,baseline_vector_search.cql + baseline_traversal.cql,measured,two_call_baseline,0,3.081792,85,TRUE,TRUE
paper-55202-topk-10-depth-2,baseline_vector_search.cql + baseline_traversal.cql,measured,two_call_baseline,0,543.413417,32064,TRUE,TRUE
paper-131712-topk-1-depth-0,baseline_vector_search.cql + baseline_traversal.cql,measured,two_call_baseline,0,1.226166,1,TRUE,TRUE
paper-131712-topk-1-depth-1,baseline_vector_search.cql + baseline_traversal.cql,measured,two_call_baseline,0,1.978208,54,TRUE,TRUE
paper-131712-topk-1-depth-2,baseline_vector_search.cql + baseline_traversal.cql,measured,two_call_baseline,0,298.651958,18708,TRUE,TRUE
paper-131712-topk-3-depth-0,baseline_vector_search.cql + baseline_traversal.cql,measured,two_call_baseline,0,1.427292,3,TRUE,TRUE
paper-131712-topk-3-depth-1,baseline_vector_search.cql + baseline_traversal.cql,measured,two_call_baseline,0,2.967625,105,TRUE,TRUE
paper-131712-topk-3-depth-2,baseline_vector_search.cql + baseline_traversal.cql,measured,two_call_baseline,0,347.202833,21048,TRUE,TRUE
paper-131712-topk-5-depth-0,baseline_vector_search.cql + baseline_traversal.cql,measured,two_call_baseline,0,1.539583,5,TRUE,TRUE
paper-131712-topk-5-depth-1,baseline_vector_search.cql + baseline_traversal.cql,measured,two_call_baseline,0,3.433000,132,TRUE,TRUE
paper-131712-topk-5-depth-2,baseline_vector_search.cql + baseline_traversal.cql,measured,two_call_baseline,0,362.186167,21650,TRUE,TRUE
paper-131712-topk-10-depth-0,baseline_vector_search.cql + baseline_traversal.cql,measured,two_call_baseline,0,1.814500,10,TRUE,TRUE
paper-131712-topk-10-depth-1,baseline_vector_search.cql + baseline_traversal.cql,measured,two_call_baseline,0,4.870792,215,TRUE,TRUE
paper-131712-topk-10-depth-2,baseline_vector_search.cql + baseline_traversal.cql,measured,two_call_baseline,0,577.261417,33704,TRUE,TRUE
paper-83147-topk-1-depth-0,baseline_vector_search.cql + baseline_traversal.cql,measured,two_call_baseline,0,1.222708,1,TRUE,TRUE
paper-83147-topk-1-depth-1,baseline_vector_search.cql + baseline_traversal.cql,measured,two_call_baseline,0,1.688458,35,TRUE,TRUE
paper-83147-topk-1-depth-2,baseline_vector_search.cql + baseline_traversal.cql,measured,two_call_baseline,0,405.000166,25437,TRUE,TRUE
paper-83147-topk-3-depth-0,baseline_vector_search.cql + baseline_traversal.cql,measured,two_call_baseline,0,1.422250,3,TRUE,TRUE
paper-83147-topk-3-depth-1,baseline_vector_search.cql + baseline_traversal.cql,measured,two_call_baseline,0,3.540875,145,TRUE,TRUE
paper-83147-topk-3-depth-2,baseline_vector_search.cql + baseline_traversal.cql,measured,two_call_baseline,0,460.913875,28239,TRUE,TRUE
paper-83147-topk-5-depth-0,baseline_vector_search.cql + baseline_traversal.cql,measured,two_call_baseline,0,1.533916,5,TRUE,TRUE
paper-83147-topk-5-depth-1,baseline_vector_search.cql + baseline_traversal.cql,measured,two_call_baseline,0,3.952125,164,TRUE,TRUE
paper-83147-topk-5-depth-2,baseline_vector_search.cql + baseline_traversal.cql,measured,two_call_baseline,0,474.529958,28629,TRUE,TRUE
paper-83147-topk-10-depth-0,baseline_vector_search.cql + baseline_traversal.cql,measured,two_call_baseline,0,1.902292,10,TRUE,TRUE
paper-83147-topk-10-depth-1,baseline_vector_search.cql + baseline_traversal.cql,measured,two_call_baseline,0,5.632916,256,TRUE,TRUE
paper-83147-topk-10-depth-2,baseline_vector_search.cql + baseline_traversal.cql,measured,two_call_baseline,0,616.843208,36302,TRUE,TRUE
paper-146394-topk-1-depth-0,baseline_vector_search.cql + baseline_traversal.cql,measured,two_call_baseline,0,1.362042,1,TRUE,TRUE
paper-146394-topk-1-depth-1,baseline_vector_search.cql + baseline_traversal.cql,measured,two_call_baseline,0,2.820666,38,TRUE,TRUE
paper-146394-topk-1-depth-2,baseline_vector_search.cql + baseline_traversal.cql,measured,two_call_baseline,0,23.406167,1400,TRUE,TRUE
paper-146394-topk-3-depth-0,baseline_vector_search.cql + baseline_traversal.cql,measured,two_call_baseline,0,1.451250,3,TRUE,TRUE
paper-146394-topk-3-depth-1,baseline_vector_search.cql + baseline_traversal.cql,measured,two_call_baseline,0,2.943667,100,TRUE,TRUE
paper-146394-topk-3-depth-2,baseline_vector_search.cql + baseline_traversal.cql,measured,two_call_baseline,0,59.603209,3745,TRUE,TRUE
paper-146394-topk-5-depth-0,baseline_vector_search.cql + baseline_traversal.cql,measured,two_call_baseline,0,1.574959,5,TRUE,TRUE
paper-146394-topk-5-depth-1,baseline_vector_search.cql + baseline_traversal.cql,measured,two_call_baseline,0,3.156583,108,TRUE,TRUE
paper-146394-topk-5-depth-2,baseline_vector_search.cql + baseline_traversal.cql,measured,two_call_baseline,0,61.644750,3874,TRUE,TRUE
paper-146394-topk-10-depth-0,baseline_vector_search.cql + baseline_traversal.cql,measured,two_call_baseline,0,2.360750,10,TRUE,TRUE
paper-146394-topk-10-depth-1,baseline_vector_search.cql + baseline_traversal.cql,measured,two_call_baseline,0,4.669792,186,TRUE,TRUE
paper-146394-topk-10-depth-2,baseline_vector_search.cql + baseline_traversal.cql,measured,two_call_baseline,0,131.593500,8038,TRUE,TRUE
paper-88039-topk-1-depth-0,baseline_vector_search.cql + baseline_traversal.cql,measured,two_call_baseline,0,1.327750,1,TRUE,TRUE
paper-88039-topk-1-depth-1,baseline_vector_search.cql + baseline_traversal.cql,measured,two_call_baseline,0,1.720708,27,TRUE,TRUE
paper-88039-topk-1-depth-2,baseline_vector_search.cql + baseline_traversal.cql,measured,two_call_baseline,0,67.724834,4191,TRUE,TRUE
paper-88039-topk-3-depth-0,baseline_vector_search.cql + baseline_traversal.cql,measured,two_call_baseline,0,1.428958,3,TRUE,TRUE
paper-88039-topk-3-depth-1,baseline_vector_search.cql + baseline_traversal.cql,measured,two_call_baseline,0,1.977458,39,TRUE,TRUE
paper-88039-topk-3-depth-2,baseline_vector_search.cql + baseline_traversal.cql,measured,two_call_baseline,0,76.690750,4778,TRUE,TRUE
paper-88039-topk-5-depth-0,baseline_vector_search.cql + baseline_traversal.cql,measured,two_call_baseline,0,1.527333,5,TRUE,TRUE
paper-88039-topk-5-depth-1,baseline_vector_search.cql + baseline_traversal.cql,measured,two_call_baseline,0,2.278291,49,TRUE,TRUE
paper-88039-topk-5-depth-2,baseline_vector_search.cql + baseline_traversal.cql,measured,two_call_baseline,0,230.072750,14264,TRUE,TRUE
paper-88039-topk-10-depth-0,baseline_vector_search.cql + baseline_traversal.cql,measured,two_call_baseline,0,1.936000,10,TRUE,TRUE
paper-88039-topk-10-depth-1,baseline_vector_search.cql + baseline_traversal.cql,measured,two_call_baseline,0,3.047750,79,TRUE,TRUE
paper-88039-topk-10-depth-2,baseline_vector_search.cql + baseline_traversal.cql,measured,two_call_baseline,0,505.812958,30431,TRUE,TRUE
paper-5767-topk-1-depth-0,baseline_vector_search.cql + baseline_traversal.cql,measured,two_call_baseline,0,1.460292,1,TRUE,TRUE
paper-5767-topk-1-depth-1,baseline_vector_search.cql + baseline_traversal.cql,measured,two_call_baseline,0,1.492750,19,TRUE,TRUE
paper-5767-topk-1-depth-2,baseline_vector_search.cql + baseline_traversal.cql,measured,two_call_baseline,0,9.742333,555,TRUE,TRUE
paper-5767-topk-3-depth-0,baseline_vector_search.cql + baseline_traversal.cql,measured,two_call_baseline,0,1.348292,3,TRUE,TRUE
paper-5767-topk-3-depth-1,baseline_vector_search.cql + baseline_traversal.cql,measured,two_call_baseline,0,1.659333,27,TRUE,TRUE
paper-5767-topk-3-depth-2,baseline_vector_search.cql + baseline_traversal.cql,measured,two_call_baseline,0,10.499750,579,TRUE,TRUE
paper-5767-topk-5-depth-0,baseline_vector_search.cql + baseline_traversal.cql,measured,two_call_baseline,0,1.510916,5,TRUE,TRUE
paper-5767-topk-5-depth-1,baseline_vector_search.cql + baseline_traversal.cql,measured,two_call_baseline,0,2.133500,47,TRUE,TRUE
paper-5767-topk-5-depth-2,baseline_vector_search.cql + baseline_traversal.cql,measured,two_call_baseline,0,11.856334,651,TRUE,TRUE
paper-5767-topk-10-depth-0,baseline_vector_search.cql + baseline_traversal.cql,measured,two_call_baseline,0,1.837667,10,TRUE,TRUE
paper-5767-topk-10-depth-1,baseline_vector_search.cql + baseline_traversal.cql,measured,two_call_baseline,0,3.442208,81,TRUE,TRUE
paper-5767-topk-10-depth-2,baseline_vector_search.cql + baseline_traversal.cql,measured,two_call_baseline,0,13.498459,712,TRUE,TRUE
paper-129481-topk-1-depth-0,baseline_vector_search.cql + baseline_traversal.cql,measured,two_call_baseline,0,1.350292,1,TRUE,TRUE
paper-129481-topk-1-depth-1,baseline_vector_search.cql + baseline_traversal.cql,measured,two_call_baseline,0,1.285500,4,TRUE,TRUE
paper-129481-topk-1-depth-2,baseline_vector_search.cql + baseline_traversal.cql,measured,two_call_baseline,0,2.577917,58,TRUE,TRUE
paper-129481-topk-3-depth-0,baseline_vector_search.cql + baseline_traversal.cql,measured,two_call_baseline,0,1.329750,3,TRUE,TRUE
paper-129481-topk-3-depth-1,baseline_vector_search.cql + baseline_traversal.cql,measured,two_call_baseline,0,1.501334,17,TRUE,TRUE
paper-129481-topk-3-depth-2,baseline_vector_search.cql + baseline_traversal.cql,measured,two_call_baseline,0,6.176583,311,TRUE,TRUE
paper-129481-topk-5-depth-0,baseline_vector_search.cql + baseline_traversal.cql,measured,two_call_baseline,0,1.563167,5,TRUE,TRUE
paper-129481-topk-5-depth-1,baseline_vector_search.cql + baseline_traversal.cql,measured,two_call_baseline,0,2.019000,36,TRUE,TRUE
paper-129481-topk-5-depth-2,baseline_vector_search.cql + baseline_traversal.cql,measured,two_call_baseline,0,10.155541,570,TRUE,TRUE
paper-129481-topk-10-depth-0,baseline_vector_search.cql + baseline_traversal.cql,measured,two_call_baseline,0,1.958584,10,TRUE,TRUE
paper-129481-topk-10-depth-1,baseline_vector_search.cql + baseline_traversal.cql,measured,two_call_baseline,0,2.753334,63,TRUE,TRUE
paper-129481-topk-10-depth-2,baseline_vector_search.cql + baseline_traversal.cql,measured,two_call_baseline,0,21.869000,1282,TRUE,TRUE
paper-43044-topk-1-depth-0,baseline_vector_search.cql + baseline_traversal.cql,measured,two_call_baseline,0,1.255666,1,TRUE,TRUE
paper-43044-topk-1-depth-1,baseline_vector_search.cql + baseline_traversal.cql,measured,two_call_baseline,0,1.286083,3,TRUE,TRUE
paper-43044-topk-1-depth-2,baseline_vector_search.cql + baseline_traversal.cql,measured,two_call_baseline,0,1.814875,38,TRUE,TRUE
paper-43044-topk-3-depth-0,baseline_vector_search.cql + baseline_traversal.cql,measured,two_call_baseline,0,1.382792,3,TRUE,TRUE
paper-43044-topk-3-depth-1,baseline_vector_search.cql + baseline_traversal.cql,measured,two_call_baseline,0,2.409666,68,TRUE,TRUE
paper-43044-topk-3-depth-2,baseline_vector_search.cql + baseline_traversal.cql,measured,two_call_baseline,0,340.112125,20367,TRUE,TRUE
paper-43044-topk-5-depth-0,baseline_vector_search.cql + baseline_traversal.cql,measured,two_call_baseline,0,1.672458,5,TRUE,TRUE
paper-43044-topk-5-depth-1,baseline_vector_search.cql + baseline_traversal.cql,measured,two_call_baseline,0,2.853041,85,TRUE,TRUE
paper-43044-topk-5-depth-2,baseline_vector_search.cql + baseline_traversal.cql,measured,two_call_baseline,0,341.880250,20872,TRUE,TRUE
paper-43044-topk-10-depth-0,baseline_vector_search.cql + baseline_traversal.cql,measured,two_call_baseline,0,2.069666,10,TRUE,TRUE
paper-43044-topk-10-depth-1,baseline_vector_search.cql + baseline_traversal.cql,measured,two_call_baseline,0,4.183208,152,TRUE,TRUE
paper-43044-topk-10-depth-2,baseline_vector_search.cql + baseline_traversal.cql,measured,two_call_baseline,0,629.760958,37212,TRUE,TRUE
paper-158808-topk-1-depth-0,baseline_vector_search.cql + baseline_traversal.cql,measured,two_call_baseline,0,1.349375,1,TRUE,TRUE
paper-158808-topk-1-depth-1,baseline_vector_search.cql + baseline_traversal.cql,measured,two_call_baseline,0,1.538042,18,TRUE,TRUE
paper-158808-topk-1-depth-2,baseline_vector_search.cql + baseline_traversal.cql,measured,two_call_baseline,0,245.998375,15292,TRUE,TRUE
paper-158808-topk-3-depth-0,baseline_vector_search.cql + baseline_traversal.cql,measured,two_call_baseline,0,1.535375,3,TRUE,TRUE
paper-158808-topk-3-depth-1,baseline_vector_search.cql + baseline_traversal.cql,measured,two_call_baseline,0,1.966666,38,TRUE,TRUE
paper-158808-topk-3-depth-2,baseline_vector_search.cql + baseline_traversal.cql,measured,two_call_baseline,0,318.353791,19611,TRUE,TRUE
paper-158808-topk-5-depth-0,baseline_vector_search.cql + baseline_traversal.cql,measured,two_call_baseline,0,1.593916,5,TRUE,TRUE
paper-158808-topk-5-depth-1,baseline_vector_search.cql + baseline_traversal.cql,measured,two_call_baseline,0,2.223125,49,TRUE,TRUE
paper-158808-topk-5-depth-2,baseline_vector_search.cql + baseline_traversal.cql,measured,two_call_baseline,0,458.731833,28002,TRUE,TRUE
paper-158808-topk-10-depth-0,baseline_vector_search.cql + baseline_traversal.cql,measured,two_call_baseline,0,1.781041,10,TRUE,TRUE
paper-158808-topk-10-depth-1,baseline_vector_search.cql + baseline_traversal.cql,measured,two_call_baseline,0,2.936333,84,TRUE,TRUE
paper-158808-topk-10-depth-2,baseline_vector_search.cql + baseline_traversal.cql,measured,two_call_baseline,0,498.373709,30386,TRUE,TRUE
paper-72891-topk-1-depth-0,baseline_vector_search.cql + baseline_traversal.cql,measured,two_call_baseline,0,1.342666,1,TRUE,TRUE
paper-72891-topk-1-depth-1,baseline_vector_search.cql + baseline_traversal.cql,measured,two_call_baseline,0,1.345500,3,TRUE,TRUE
paper-72891-topk-1-depth-2,baseline_vector_search.cql + baseline_traversal.cql,measured,two_call_baseline,0,1.543167,19,TRUE,TRUE
paper-72891-topk-3-depth-0,baseline_vector_search.cql + baseline_traversal.cql,measured,two_call_baseline,0,1.310958,3,TRUE,TRUE
paper-72891-topk-3-depth-1,baseline_vector_search.cql + baseline_traversal.cql,measured,two_call_baseline,0,1.473625,17,TRUE,TRUE
paper-72891-topk-3-depth-2,baseline_vector_search.cql + baseline_traversal.cql,measured,two_call_baseline,0,3.441250,126,TRUE,TRUE
paper-72891-topk-5-depth-0,baseline_vector_search.cql + baseline_traversal.cql,measured,two_call_baseline,0,1.425791,5,TRUE,TRUE
paper-72891-topk-5-depth-1,baseline_vector_search.cql + baseline_traversal.cql,measured,two_call_baseline,0,1.749625,22,TRUE,TRUE
paper-72891-topk-5-depth-2,baseline_vector_search.cql + baseline_traversal.cql,measured,two_call_baseline,0,4.200292,160,TRUE,TRUE
paper-72891-topk-10-depth-0,baseline_vector_search.cql + baseline_traversal.cql,measured,two_call_baseline,0,2.072500,10,TRUE,TRUE
paper-72891-topk-10-depth-1,baseline_vector_search.cql + baseline_traversal.cql,measured,two_call_baseline,0,2.823166,60,TRUE,TRUE
paper-72891-topk-10-depth-2,baseline_vector_search.cql + baseline_traversal.cql,measured,two_call_baseline,0,9.008375,463,TRUE,TRUE
paper-14421-topk-1-depth-0,baseline_vector_search.cql + baseline_traversal.cql,measured,two_call_baseline,0,1.294000,1,TRUE,TRUE
paper-14421-topk-1-depth-1,baseline_vector_search.cql + baseline_traversal.cql,measured,two_call_baseline,0,1.323959,6,TRUE,TRUE
paper-14421-topk-1-depth-2,baseline_vector_search.cql + baseline_traversal.cql,measured,two_call_baseline,0,2.233333,67,TRUE,TRUE
paper-14421-topk-3-depth-0,baseline_vector_search.cql + baseline_traversal.cql,measured,two_call_baseline,0,1.395458,3,TRUE,TRUE
paper-14421-topk-3-depth-1,baseline_vector_search.cql + baseline_traversal.cql,measured,two_call_baseline,0,1.738792,15,TRUE,TRUE
paper-14421-topk-3-depth-2,baseline_vector_search.cql + baseline_traversal.cql,measured,two_call_baseline,0,5.663042,278,TRUE,TRUE
paper-14421-topk-5-depth-0,baseline_vector_search.cql + baseline_traversal.cql,measured,two_call_baseline,0,1.472084,5,TRUE,TRUE
paper-14421-topk-5-depth-1,baseline_vector_search.cql + baseline_traversal.cql,measured,two_call_baseline,0,1.909750,34,TRUE,TRUE
paper-14421-topk-5-depth-2,baseline_vector_search.cql + baseline_traversal.cql,measured,two_call_baseline,0,8.106834,409,TRUE,TRUE
paper-14421-topk-10-depth-0,baseline_vector_search.cql + baseline_traversal.cql,measured,two_call_baseline,0,1.880500,10,TRUE,TRUE
paper-14421-topk-10-depth-1,baseline_vector_search.cql + baseline_traversal.cql,measured,two_call_baseline,0,3.408708,112,TRUE,TRUE
paper-14421-topk-10-depth-2,baseline_vector_search.cql + baseline_traversal.cql,measured,two_call_baseline,0,391.768666,24093,TRUE,TRUE
paper-93419-topk-1-depth-0,baseline_vector_search.cql + baseline_traversal.cql,measured,two_call_baseline,0,1.364834,1,TRUE,TRUE
paper-93419-topk-1-depth-1,baseline_vector_search.cql + baseline_traversal.cql,measured,two_call_baseline,0,1.313959,7,TRUE,TRUE
paper-93419-topk-1-depth-2,baseline_vector_search.cql + baseline_traversal.cql,measured,two_call_baseline,0,229.000166,14014,TRUE,TRUE
paper-93419-topk-3-depth-0,baseline_vector_search.cql + baseline_traversal.cql,measured,two_call_baseline,0,1.457917,3,TRUE,TRUE
paper-93419-topk-3-depth-1,baseline_vector_search.cql + baseline_traversal.cql,measured,two_call_baseline,0,1.534500,13,TRUE,TRUE
paper-93419-topk-3-depth-2,baseline_vector_search.cql + baseline_traversal.cql,measured,two_call_baseline,0,242.325875,14770,TRUE,TRUE
paper-93419-topk-5-depth-0,baseline_vector_search.cql + baseline_traversal.cql,measured,two_call_baseline,0,1.632416,5,TRUE,TRUE
paper-93419-topk-5-depth-1,baseline_vector_search.cql + baseline_traversal.cql,measured,two_call_baseline,0,2.019875,32,TRUE,TRUE
paper-93419-topk-5-depth-2,baseline_vector_search.cql + baseline_traversal.cql,measured,two_call_baseline,0,312.728500,18964,TRUE,TRUE
paper-93419-topk-10-depth-0,baseline_vector_search.cql + baseline_traversal.cql,measured,two_call_baseline,0,3.617417,10,TRUE,TRUE
paper-93419-topk-10-depth-1,baseline_vector_search.cql + baseline_traversal.cql,measured,two_call_baseline,0,3.897209,98,TRUE,TRUE
paper-93419-topk-10-depth-2,baseline_vector_search.cql + baseline_traversal.cql,measured,two_call_baseline,0,580.398167,34009,TRUE,TRUE
paper-38938-topk-1-depth-0,baseline_vector_search.cql + baseline_traversal.cql,measured,two_call_baseline,0,1.289250,1,TRUE,TRUE
paper-38938-topk-1-depth-1,baseline_vector_search.cql + baseline_traversal.cql,measured,two_call_baseline,0,3.642583,154,TRUE,TRUE
paper-38938-topk-1-depth-2,baseline_vector_search.cql + baseline_traversal.cql,measured,two_call_baseline,0,460.251208,28392,TRUE,TRUE
paper-38938-topk-3-depth-0,baseline_vector_search.cql + baseline_traversal.cql,measured,two_call_baseline,0,1.590416,3,TRUE,TRUE
paper-38938-topk-3-depth-1,baseline_vector_search.cql + baseline_traversal.cql,measured,two_call_baseline,0,4.000667,171,TRUE,TRUE
paper-38938-topk-3-depth-2,baseline_vector_search.cql + baseline_traversal.cql,measured,two_call_baseline,0,564.236083,34597,TRUE,TRUE
paper-38938-topk-5-depth-0,baseline_vector_search.cql + baseline_traversal.cql,measured,two_call_baseline,0,1.639625,5,TRUE,TRUE
paper-38938-topk-5-depth-1,baseline_vector_search.cql + baseline_traversal.cql,measured,two_call_baseline,0,4.355416,183,TRUE,TRUE
paper-38938-topk-5-depth-2,baseline_vector_search.cql + baseline_traversal.cql,measured,two_call_baseline,0,573.445416,34953,TRUE,TRUE
paper-38938-topk-10-depth-0,baseline_vector_search.cql + baseline_traversal.cql,measured,two_call_baseline,0,1.936959,10,TRUE,TRUE
paper-38938-topk-10-depth-1,baseline_vector_search.cql + baseline_traversal.cql,measured,two_call_baseline,0,5.186500,221,TRUE,TRUE
paper-38938-topk-10-depth-2,baseline_vector_search.cql + baseline_traversal.cql,measured,two_call_baseline,0,592.117083,35929,TRUE,TRUE
paper-24662-topk-1-depth-0,baseline_vector_search.cql + baseline_traversal.cql,measured,two_call_baseline,0,1.338875,1,TRUE,TRUE
paper-24662-topk-1-depth-1,baseline_vector_search.cql + baseline_traversal.cql,measured,two_call_baseline,0,1.272833,3,TRUE,TRUE
paper-24662-topk-1-depth-2,baseline_vector_search.cql + baseline_traversal.cql,measured,two_call_baseline,0,1.493958,20,TRUE,TRUE
paper-24662-topk-3-depth-0,baseline_vector_search.cql + baseline_traversal.cql,measured,two_call_baseline,0,1.314583,3,TRUE,TRUE
paper-24662-topk-3-depth-1,baseline_vector_search.cql + baseline_traversal.cql,measured,two_call_baseline,0,1.752250,29,TRUE,TRUE
paper-24662-topk-3-depth-2,baseline_vector_search.cql + baseline_traversal.cql,measured,two_call_baseline,0,455.323208,27679,TRUE,TRUE
paper-24662-topk-5-depth-0,baseline_vector_search.cql + baseline_traversal.cql,measured,two_call_baseline,0,1.714083,5,TRUE,TRUE
paper-24662-topk-5-depth-1,baseline_vector_search.cql + baseline_traversal.cql,measured,two_call_baseline,0,2.347084,56,TRUE,TRUE
paper-24662-topk-5-depth-2,baseline_vector_search.cql + baseline_traversal.cql,measured,two_call_baseline,0,489.814083,29347,TRUE,TRUE
paper-24662-topk-10-depth-0,baseline_vector_search.cql + baseline_traversal.cql,measured,two_call_baseline,0,1.853500,10,TRUE,TRUE
paper-24662-topk-10-depth-1,baseline_vector_search.cql + baseline_traversal.cql,measured,two_call_baseline,0,3.649083,123,TRUE,TRUE
paper-24662-topk-10-depth-2,baseline_vector_search.cql + baseline_traversal.cql,measured,two_call_baseline,0,567.999084,33838,TRUE,TRUE
paper-24366-topk-1-depth-0,baseline_vector_search.cql + baseline_traversal.cql,measured,two_call_baseline,0,1.219708,1,TRUE,TRUE
paper-24366-topk-1-depth-1,baseline_vector_search.cql + baseline_traversal.cql,measured,two_call_baseline,0,1.832792,44,TRUE,TRUE
paper-24366-topk-1-depth-2,baseline_vector_search.cql + baseline_traversal.cql,measured,two_call_baseline,0,5.863542,294,TRUE,TRUE
paper-24366-topk-3-depth-0,baseline_vector_search.cql + baseline_traversal.cql,measured,two_call_baseline,0,1.444709,3,TRUE,TRUE
paper-24366-topk-3-depth-1,baseline_vector_search.cql + baseline_traversal.cql,measured,two_call_baseline,0,2.004625,53,TRUE,TRUE
paper-24366-topk-3-depth-2,baseline_vector_search.cql + baseline_traversal.cql,measured,two_call_baseline,0,7.091959,371,TRUE,TRUE
paper-24366-topk-5-depth-0,baseline_vector_search.cql + baseline_traversal.cql,measured,two_call_baseline,0,1.559125,5,TRUE,TRUE
paper-24366-topk-5-depth-1,baseline_vector_search.cql + baseline_traversal.cql,measured,two_call_baseline,0,2.371292,61,TRUE,TRUE
paper-24366-topk-5-depth-2,baseline_vector_search.cql + baseline_traversal.cql,measured,two_call_baseline,0,9.083792,491,TRUE,TRUE
paper-24366-topk-10-depth-0,baseline_vector_search.cql + baseline_traversal.cql,measured,two_call_baseline,0,1.746833,10,TRUE,TRUE
paper-24366-topk-10-depth-1,baseline_vector_search.cql + baseline_traversal.cql,measured,two_call_baseline,0,2.969500,89,TRUE,TRUE
paper-24366-topk-10-depth-2,baseline_vector_search.cql + baseline_traversal.cql,measured,two_call_baseline,0,18.951750,1099,TRUE,TRUE
paper-51493-topk-1-depth-0,baseline_vector_search.cql + baseline_traversal.cql,measured,two_call_baseline,0,1.237542,1,TRUE,TRUE
paper-51493-topk-1-depth-1,baseline_vector_search.cql + baseline_traversal.cql,measured,two_call_baseline,0,1.201500,6,TRUE,TRUE
paper-51493-topk-1-depth-2,baseline_vector_search.cql + baseline_traversal.cql,measured,two_call_baseline,0,3.970375,171,TRUE,TRUE
paper-51493-topk-3-depth-0,baseline_vector_search.cql + baseline_traversal.cql,measured,two_call_baseline,0,1.306458,3,TRUE,TRUE
paper-51493-topk-3-depth-1,baseline_vector_search.cql + baseline_traversal.cql,measured,two_call_baseline,0,1.929875,43,TRUE,TRUE
paper-51493-topk-3-depth-2,baseline_vector_search.cql + baseline_traversal.cql,measured,two_call_baseline,0,249.375166,15469,TRUE,TRUE
paper-51493-topk-5-depth-0,baseline_vector_search.cql + baseline_traversal.cql,measured,two_call_baseline,0,1.529667,5,TRUE,TRUE
paper-51493-topk-5-depth-1,baseline_vector_search.cql + baseline_traversal.cql,measured,two_call_baseline,0,2.523167,71,TRUE,TRUE
paper-51493-topk-5-depth-2,baseline_vector_search.cql + baseline_traversal.cql,measured,two_call_baseline,0,263.104292,16277,TRUE,TRUE
paper-51493-topk-10-depth-0,baseline_vector_search.cql + baseline_traversal.cql,measured,two_call_baseline,0,1.841916,10,TRUE,TRUE
paper-51493-topk-10-depth-1,baseline_vector_search.cql + baseline_traversal.cql,measured,two_call_baseline,0,3.565458,119,TRUE,TRUE
paper-51493-topk-10-depth-2,baseline_vector_search.cql + baseline_traversal.cql,measured,two_call_baseline,0,290.967417,17863,TRUE,TRUE
paper-112318-topk-1-depth-0,baseline_vector_search.cql + baseline_traversal.cql,measured,two_call_baseline,0,1.361333,1,TRUE,TRUE
paper-112318-topk-1-depth-1,baseline_vector_search.cql + baseline_traversal.cql,measured,two_call_baseline,0,1.526625,22,TRUE,TRUE
paper-112318-topk-1-depth-2,baseline_vector_search.cql + baseline_traversal.cql,measured,two_call_baseline,0,42.682292,2696,TRUE,TRUE
paper-112318-topk-3-depth-0,baseline_vector_search.cql + baseline_traversal.cql,measured,two_call_baseline,0,1.381625,3,TRUE,TRUE
paper-112318-topk-3-depth-1,baseline_vector_search.cql + baseline_traversal.cql,measured,two_call_baseline,0,17.747917,1040,TRUE,TRUE
paper-112318-topk-3-depth-2,baseline_vector_search.cql + baseline_traversal.cql,measured,two_call_baseline,0,368.403208,22592,TRUE,TRUE
paper-112318-topk-5-depth-0,baseline_vector_search.cql + baseline_traversal.cql,measured,two_call_baseline,0,1.621542,5,TRUE,TRUE
paper-112318-topk-5-depth-1,baseline_vector_search.cql + baseline_traversal.cql,measured,two_call_baseline,0,18.663375,1065,TRUE,TRUE
paper-112318-topk-5-depth-2,baseline_vector_search.cql + baseline_traversal.cql,measured,two_call_baseline,0,372.430416,22704,TRUE,TRUE
paper-112318-topk-10-depth-0,baseline_vector_search.cql + baseline_traversal.cql,measured,two_call_baseline,0,1.965375,10,TRUE,TRUE
paper-112318-topk-10-depth-1,baseline_vector_search.cql + baseline_traversal.cql,measured,two_call_baseline,0,19.757250,1124,TRUE,TRUE
paper-112318-topk-10-depth-2,baseline_vector_search.cql + baseline_traversal.cql,measured,two_call_baseline,0,408.913334,22882,TRUE,TRUE
paper-6069-topk-1-depth-0,baseline_vector_search.cql + baseline_traversal.cql,measured,two_call_baseline,0,1.758916,1,TRUE,TRUE
paper-6069-topk-1-depth-1,baseline_vector_search.cql + baseline_traversal.cql,measured,two_call_baseline,0,1.525750,19,TRUE,TRUE
paper-6069-topk-1-depth-2,baseline_vector_search.cql + baseline_traversal.cql,measured,two_call_baseline,0,4.502458,203,TRUE,TRUE
paper-6069-topk-3-depth-0,baseline_vector_search.cql + baseline_traversal.cql,measured,two_call_baseline,0,1.404917,3,TRUE,TRUE
paper-6069-topk-3-depth-1,baseline_vector_search.cql + baseline_traversal.cql,measured,two_call_baseline,0,2.476417,46,TRUE,TRUE
paper-6069-topk-3-depth-2,baseline_vector_search.cql + baseline_traversal.cql,measured,two_call_baseline,0,9.553500,505,TRUE,TRUE
paper-6069-topk-5-depth-0,baseline_vector_search.cql + baseline_traversal.cql,measured,two_call_baseline,0,1.449625,5,TRUE,TRUE
paper-6069-topk-5-depth-1,baseline_vector_search.cql + baseline_traversal.cql,measured,two_call_baseline,0,3.534708,61,TRUE,TRUE
paper-6069-topk-5-depth-2,baseline_vector_search.cql + baseline_traversal.cql,measured,two_call_baseline,0,22.537625,1218,TRUE,TRUE
paper-6069-topk-10-depth-0,baseline_vector_search.cql + baseline_traversal.cql,measured,two_call_baseline,0,1.950208,10,TRUE,TRUE
paper-6069-topk-10-depth-1,baseline_vector_search.cql + baseline_traversal.cql,measured,two_call_baseline,0,3.788541,106,TRUE,TRUE
paper-6069-topk-10-depth-2,baseline_vector_search.cql + baseline_traversal.cql,measured,two_call_baseline,0,30.003125,1712,TRUE,TRUE
paper-74818-topk-1-depth-0,baseline_vector_search.cql + baseline_traversal.cql,measured,two_call_baseline,0,1.538042,1,TRUE,TRUE
paper-74818-topk-1-depth-1,baseline_vector_search.cql + baseline_traversal.cql,measured,two_call_baseline,0,1.593834,2,TRUE,TRUE
paper-74818-topk-1-depth-2,baseline_vector_search.cql + baseline_traversal.cql,measured,two_call_baseline,0,2.839125,88,TRUE,TRUE
paper-74818-topk-3-depth-0,baseline_vector_search.cql + baseline_traversal.cql,measured,two_call_baseline,0,1.567917,3,TRUE,TRUE
paper-74818-topk-3-depth-1,baseline_vector_search.cql + baseline_traversal.cql,measured,two_call_baseline,0,2.355209,14,TRUE,TRUE
paper-74818-topk-3-depth-2,baseline_vector_search.cql + baseline_traversal.cql,measured,two_call_baseline,0,6.692917,301,TRUE,TRUE
paper-74818-topk-5-depth-0,baseline_vector_search.cql + baseline_traversal.cql,measured,two_call_baseline,0,1.474000,5,TRUE,TRUE
paper-74818-topk-5-depth-1,baseline_vector_search.cql + baseline_traversal.cql,measured,two_call_baseline,0,2.166458,47,TRUE,TRUE
paper-74818-topk-5-depth-2,baseline_vector_search.cql + baseline_traversal.cql,measured,two_call_baseline,0,9.535667,520,TRUE,TRUE
paper-74818-topk-10-depth-0,baseline_vector_search.cql + baseline_traversal.cql,measured,two_call_baseline,0,1.691542,10,TRUE,TRUE
paper-74818-topk-10-depth-1,baseline_vector_search.cql + baseline_traversal.cql,measured,two_call_baseline,0,2.690500,65,TRUE,TRUE
paper-74818-topk-10-depth-2,baseline_vector_search.cql + baseline_traversal.cql,measured,two_call_baseline,0,20.265208,1173,TRUE,TRUE
paper-100419-topk-1-depth-0,baseline_vector_search.cql + baseline_traversal.cql,measured,two_call_baseline,0,1.284292,1,TRUE,TRUE
paper-100419-topk-1-depth-1,baseline_vector_search.cql + baseline_traversal.cql,measured,two_call_baseline,0,1.679000,25,TRUE,TRUE
paper-100419-topk-1-depth-2,baseline_vector_search.cql + baseline_traversal.cql,measured,two_call_baseline,0,4.991458,243,TRUE,TRUE
paper-100419-topk-3-depth-0,baseline_vector_search.cql + baseline_traversal.cql,measured,two_call_baseline,0,1.461750,3,TRUE,TRUE
paper-100419-topk-3-depth-1,baseline_vector_search.cql + baseline_traversal.cql,measured,two_call_baseline,0,1.427250,10,TRUE,TRUE
paper-100419-topk-3-depth-2,baseline_vector_search.cql + baseline_traversal.cql,measured,two_call_baseline,0,2.283791,59,TRUE,TRUE
paper-100419-topk-5-depth-0,baseline_vector_search.cql + baseline_traversal.cql,measured,two_call_baseline,0,1.573667,5,TRUE,TRUE
paper-100419-topk-5-depth-1,baseline_vector_search.cql + baseline_traversal.cql,measured,two_call_baseline,0,2.179791,40,TRUE,TRUE
paper-100419-topk-5-depth-2,baseline_vector_search.cql + baseline_traversal.cql,measured,two_call_baseline,0,7.095125,358,TRUE,TRUE
paper-100419-topk-10-depth-0,baseline_vector_search.cql + baseline_traversal.cql,measured,two_call_baseline,0,1.719167,10,TRUE,TRUE
paper-100419-topk-10-depth-1,baseline_vector_search.cql + baseline_traversal.cql,measured,two_call_baseline,0,2.898959,84,TRUE,TRUE
paper-100419-topk-10-depth-2,baseline_vector_search.cql + baseline_traversal.cql,measured,two_call_baseline,0,15.656250,898,TRUE,TRUE
paper-25834-topk-1-depth-0,baseline_vector_search.cql + baseline_traversal.cql,measured,two_call_baseline,0,1.233917,1,TRUE,TRUE
paper-25834-topk-1-depth-1,baseline_vector_search.cql + baseline_traversal.cql,measured,two_call_baseline,0,1.236250,3,TRUE,TRUE
paper-25834-topk-1-depth-2,baseline_vector_search.cql + baseline_traversal.cql,measured,two_call_baseline,0,1.825000,40,TRUE,TRUE
paper-25834-topk-3-depth-0,baseline_vector_search.cql + baseline_traversal.cql,measured,two_call_baseline,0,1.385833,3,TRUE,TRUE
paper-25834-topk-3-depth-1,baseline_vector_search.cql + baseline_traversal.cql,measured,two_call_baseline,0,1.693667,25,TRUE,TRUE
paper-25834-topk-3-depth-2,baseline_vector_search.cql + baseline_traversal.cql,measured,two_call_baseline,0,4.358875,192,TRUE,TRUE
paper-25834-topk-5-depth-0,baseline_vector_search.cql + baseline_traversal.cql,measured,two_call_baseline,0,1.505917,5,TRUE,TRUE
paper-25834-topk-5-depth-1,baseline_vector_search.cql + baseline_traversal.cql,measured,two_call_baseline,0,2.104708,50,TRUE,TRUE
paper-25834-topk-5-depth-2,baseline_vector_search.cql + baseline_traversal.cql,measured,two_call_baseline,0,9.041625,482,TRUE,TRUE
paper-25834-topk-10-depth-0,baseline_vector_search.cql + baseline_traversal.cql,measured,two_call_baseline,0,1.830333,10,TRUE,TRUE
paper-25834-topk-10-depth-1,baseline_vector_search.cql + baseline_traversal.cql,measured,two_call_baseline,0,3.508875,116,TRUE,TRUE
paper-25834-topk-10-depth-2,baseline_vector_search.cql + baseline_traversal.cql,measured,two_call_baseline,0,18.036000,1011,TRUE,TRUE
paper-169064-topk-1-depth-0,baseline_vector_search.cql + baseline_traversal.cql,measured,two_call_baseline,0,1.193000,1,TRUE,TRUE
paper-169064-topk-1-depth-1,baseline_vector_search.cql + baseline_traversal.cql,measured,two_call_baseline,0,1.225667,5,TRUE,TRUE
paper-169064-topk-1-depth-2,baseline_vector_search.cql + baseline_traversal.cql,measured,two_call_baseline,0,21.080333,1274,TRUE,TRUE
paper-169064-topk-3-depth-0,baseline_vector_search.cql + baseline_traversal.cql,measured,two_call_baseline,0,1.297333,3,TRUE,TRUE
paper-169064-topk-3-depth-1,baseline_vector_search.cql + baseline_traversal.cql,measured,two_call_baseline,0,1.513875,19,TRUE,TRUE
paper-169064-topk-3-depth-2,baseline_vector_search.cql + baseline_traversal.cql,measured,two_call_baseline,0,42.416125,2592,TRUE,TRUE
paper-169064-topk-5-depth-0,baseline_vector_search.cql + baseline_traversal.cql,measured,two_call_baseline,0,1.378542,5,TRUE,TRUE
paper-169064-topk-5-depth-1,baseline_vector_search.cql + baseline_traversal.cql,measured,two_call_baseline,0,1.849541,30,TRUE,TRUE
paper-169064-topk-5-depth-2,baseline_vector_search.cql + baseline_traversal.cql,measured,two_call_baseline,0,88.176959,5370,TRUE,TRUE
paper-169064-topk-10-depth-0,baseline_vector_search.cql + baseline_traversal.cql,measured,two_call_baseline,0,1.670708,10,TRUE,TRUE
paper-169064-topk-10-depth-1,baseline_vector_search.cql + baseline_traversal.cql,measured,two_call_baseline,0,2.808250,80,TRUE,TRUE
paper-169064-topk-10-depth-2,baseline_vector_search.cql + baseline_traversal.cql,measured,two_call_baseline,0,270.315500,16485,TRUE,TRUE
paper-30358-topk-1-depth-0,baseline_vector_search.cql + baseline_traversal.cql,measured,two_call_baseline,0,1.264375,1,TRUE,TRUE
paper-30358-topk-1-depth-1,baseline_vector_search.cql + baseline_traversal.cql,measured,two_call_baseline,0,1.294250,5,TRUE,TRUE
paper-30358-topk-1-depth-2,baseline_vector_search.cql + baseline_traversal.cql,measured,two_call_baseline,0,2.137584,59,TRUE,TRUE
paper-30358-topk-3-depth-0,baseline_vector_search.cql + baseline_traversal.cql,measured,two_call_baseline,0,1.357792,3,TRUE,TRUE
paper-30358-topk-3-depth-1,baseline_vector_search.cql + baseline_traversal.cql,measured,two_call_baseline,0,1.631208,20,TRUE,TRUE
paper-30358-topk-3-depth-2,baseline_vector_search.cql + baseline_traversal.cql,measured,two_call_baseline,0,4.440583,194,TRUE,TRUE
paper-30358-topk-5-depth-0,baseline_vector_search.cql + baseline_traversal.cql,measured,two_call_baseline,0,1.496459,5,TRUE,TRUE
paper-30358-topk-5-depth-1,baseline_vector_search.cql + baseline_traversal.cql,measured,two_call_baseline,0,2.041791,44,TRUE,TRUE
paper-30358-topk-5-depth-2,baseline_vector_search.cql + baseline_traversal.cql,measured,two_call_baseline,0,11.853917,316,TRUE,TRUE
paper-30358-topk-10-depth-0,baseline_vector_search.cql + baseline_traversal.cql,measured,two_call_baseline,0,1.850083,10,TRUE,TRUE
paper-30358-topk-10-depth-1,baseline_vector_search.cql + baseline_traversal.cql,measured,two_call_baseline,0,3.660083,114,TRUE,TRUE
paper-30358-topk-10-depth-2,baseline_vector_search.cql + baseline_traversal.cql,measured,two_call_baseline,0,15.151792,837,TRUE,TRUE
paper-143519-topk-1-depth-0,baseline_vector_search.cql + baseline_traversal.cql,measured,two_call_baseline,0,1.176541,1,TRUE,TRUE
paper-143519-topk-1-depth-1,baseline_vector_search.cql + baseline_traversal.cql,measured,two_call_baseline,0,1.363667,15,TRUE,TRUE
paper-143519-topk-1-depth-2,baseline_vector_search.cql + baseline_traversal.cql,measured,two_call_baseline,0,16.354458,956,TRUE,TRUE
paper-143519-topk-3-depth-0,baseline_vector_search.cql + baseline_traversal.cql,measured,two_call_baseline,0,1.353750,3,TRUE,TRUE
paper-143519-topk-3-depth-1,baseline_vector_search.cql + baseline_traversal.cql,measured,two_call_baseline,0,2.678625,90,TRUE,TRUE
paper-143519-topk-3-depth-2,baseline_vector_search.cql + baseline_traversal.cql,measured,two_call_baseline,0,371.341958,22182,TRUE,TRUE
paper-143519-topk-5-depth-0,baseline_vector_search.cql + baseline_traversal.cql,measured,two_call_baseline,0,1.618625,5,TRUE,TRUE
paper-143519-topk-5-depth-1,baseline_vector_search.cql + baseline_traversal.cql,measured,two_call_baseline,0,3.878209,141,TRUE,TRUE
paper-143519-topk-5-depth-2,baseline_vector_search.cql + baseline_traversal.cql,measured,two_call_baseline,0,468.197084,28249,TRUE,TRUE
paper-143519-topk-10-depth-0,baseline_vector_search.cql + baseline_traversal.cql,measured,two_call_baseline,0,1.868459,10,TRUE,TRUE
paper-143519-topk-10-depth-1,baseline_vector_search.cql + baseline_traversal.cql,measured,two_call_baseline,0,5.587000,246,TRUE,TRUE
paper-143519-topk-10-depth-2,baseline_vector_search.cql + baseline_traversal.cql,measured,two_call_baseline,0,615.304833,33399,TRUE,TRUE
paper-57007-topk-1-depth-0,baseline_vector_search.cql + baseline_traversal.cql,measured,two_call_baseline,0,1.732625,1,TRUE,TRUE
paper-57007-topk-1-depth-1,baseline_vector_search.cql + baseline_traversal.cql,measured,two_call_baseline,0,4.884375,105,TRUE,TRUE
paper-57007-topk-1-depth-2,baseline_vector_search.cql + baseline_traversal.cql,measured,two_call_baseline,0,295.717292,18490,TRUE,TRUE
paper-57007-topk-3-depth-0,baseline_vector_search.cql + baseline_traversal.cql,measured,two_call_baseline,0,1.497208,3,TRUE,TRUE
paper-57007-topk-3-depth-1,baseline_vector_search.cql + baseline_traversal.cql,measured,two_call_baseline,0,3.617209,143,TRUE,TRUE
paper-57007-topk-3-depth-2,baseline_vector_search.cql + baseline_traversal.cql,measured,two_call_baseline,0,543.584041,32971,TRUE,TRUE
paper-57007-topk-5-depth-0,baseline_vector_search.cql + baseline_traversal.cql,measured,two_call_baseline,0,1.591000,5,TRUE,TRUE
paper-57007-topk-5-depth-1,baseline_vector_search.cql + baseline_traversal.cql,measured,two_call_baseline,0,4.792417,203,TRUE,TRUE
paper-57007-topk-5-depth-2,baseline_vector_search.cql + baseline_traversal.cql,measured,two_call_baseline,0,591.450875,35546,TRUE,TRUE
paper-57007-topk-10-depth-0,baseline_vector_search.cql + baseline_traversal.cql,measured,two_call_baseline,0,1.876916,10,TRUE,TRUE
paper-57007-topk-10-depth-1,baseline_vector_search.cql + baseline_traversal.cql,measured,two_call_baseline,0,6.427959,307,TRUE,TRUE
paper-57007-topk-10-depth-2,baseline_vector_search.cql + baseline_traversal.cql,measured,two_call_baseline,0,694.376500,40916,TRUE,TRUE
paper-66945-topk-1-depth-0,baseline_vector_search.cql + baseline_traversal.cql,measured,two_call_baseline,0,1.309458,1,TRUE,TRUE
paper-66945-topk-1-depth-1,baseline_vector_search.cql + baseline_traversal.cql,measured,two_call_baseline,0,1.428917,13,TRUE,TRUE
paper-66945-topk-1-depth-2,baseline_vector_search.cql + baseline_traversal.cql,measured,two_call_baseline,0,433.307250,27182,TRUE,TRUE
paper-66945-topk-3-depth-0,baseline_vector_search.cql + baseline_traversal.cql,measured,two_call_baseline,0,1.477125,3,TRUE,TRUE
paper-66945-topk-3-depth-1,baseline_vector_search.cql + baseline_traversal.cql,measured,two_call_baseline,0,1.763833,27,TRUE,TRUE
paper-66945-topk-3-depth-2,baseline_vector_search.cql + baseline_traversal.cql,measured,two_call_baseline,0,361.840208,22106,TRUE,TRUE
paper-66945-topk-5-depth-0,baseline_vector_search.cql + baseline_traversal.cql,measured,two_call_baseline,0,1.622083,5,TRUE,TRUE
paper-66945-topk-5-depth-1,baseline_vector_search.cql + baseline_traversal.cql,measured,two_call_baseline,0,1.958334,34,TRUE,TRUE
paper-66945-topk-5-depth-2,baseline_vector_search.cql + baseline_traversal.cql,measured,two_call_baseline,0,499.700375,30082,TRUE,TRUE
paper-66945-topk-10-depth-0,baseline_vector_search.cql + baseline_traversal.cql,measured,two_call_baseline,0,1.973583,10,TRUE,TRUE
paper-66945-topk-10-depth-1,baseline_vector_search.cql + baseline_traversal.cql,measured,two_call_baseline,0,2.844000,75,TRUE,TRUE
paper-66945-topk-10-depth-2,baseline_vector_search.cql + baseline_traversal.cql,measured,two_call_baseline,0,617.663667,36443,TRUE,TRUE
paper-96292-topk-1-depth-0,baseline_vector_search.cql + baseline_traversal.cql,measured,two_call_baseline,0,1.317917,1,TRUE,TRUE
paper-96292-topk-1-depth-1,baseline_vector_search.cql + baseline_traversal.cql,measured,two_call_baseline,0,1.760750,37,TRUE,TRUE
paper-96292-topk-1-depth-2,baseline_vector_search.cql + baseline_traversal.cql,measured,two_call_baseline,0,30.983166,1932,TRUE,TRUE
paper-96292-topk-3-depth-0,baseline_vector_search.cql + baseline_traversal.cql,measured,two_call_baseline,0,1.372917,3,TRUE,TRUE
paper-96292-topk-3-depth-1,baseline_vector_search.cql + baseline_traversal.cql,measured,two_call_baseline,0,2.010625,51,TRUE,TRUE
paper-96292-topk-3-depth-2,baseline_vector_search.cql + baseline_traversal.cql,measured,two_call_baseline,0,354.003042,22122,TRUE,TRUE
paper-96292-topk-5-depth-0,baseline_vector_search.cql + baseline_traversal.cql,measured,two_call_baseline,0,1.468542,5,TRUE,TRUE
paper-96292-topk-5-depth-1,baseline_vector_search.cql + baseline_traversal.cql,measured,two_call_baseline,0,2.337375,60,TRUE,TRUE
paper-96292-topk-5-depth-2,baseline_vector_search.cql + baseline_traversal.cql,measured,two_call_baseline,0,356.157833,22236,TRUE,TRUE
paper-96292-topk-10-depth-0,baseline_vector_search.cql + baseline_traversal.cql,measured,two_call_baseline,0,1.776666,10,TRUE,TRUE
paper-96292-topk-10-depth-1,baseline_vector_search.cql + baseline_traversal.cql,measured,two_call_baseline,0,3.490291,117,TRUE,TRUE
paper-96292-topk-10-depth-2,baseline_vector_search.cql + baseline_traversal.cql,measured,two_call_baseline,0,506.338125,30962,TRUE,TRUE
paper-148097-topk-1-depth-0,baseline_vector_search.cql + baseline_traversal.cql,measured,two_call_baseline,0,1.247500,1,TRUE,TRUE
paper-148097-topk-1-depth-1,baseline_vector_search.cql + baseline_traversal.cql,measured,two_call_baseline,0,1.375625,11,TRUE,TRUE
paper-148097-topk-1-depth-2,baseline_vector_search.cql + baseline_traversal.cql,measured,two_call_baseline,0,22.847208,1397,TRUE,TRUE
paper-148097-topk-3-depth-0,baseline_vector_search.cql + baseline_traversal.cql,measured,two_call_baseline,0,1.356041,3,TRUE,TRUE
paper-148097-topk-3-depth-1,baseline_vector_search.cql + baseline_traversal.cql,measured,two_call_baseline,0,2.035334,46,TRUE,TRUE
paper-148097-topk-3-depth-2,baseline_vector_search.cql + baseline_traversal.cql,measured,two_call_baseline,0,361.982833,22364,TRUE,TRUE
paper-148097-topk-5-depth-0,baseline_vector_search.cql + baseline_traversal.cql,measured,two_call_baseline,0,1.468417,5,TRUE,TRUE
paper-148097-topk-5-depth-1,baseline_vector_search.cql + baseline_traversal.cql,measured,two_call_baseline,0,2.338500,62,TRUE,TRUE
paper-148097-topk-5-depth-2,baseline_vector_search.cql + baseline_traversal.cql,measured,two_call_baseline,0,364.332750,22511,TRUE,TRUE
paper-148097-topk-10-depth-0,baseline_vector_search.cql + baseline_traversal.cql,measured,two_call_baseline,0,1.771417,10,TRUE,TRUE
paper-148097-topk-10-depth-1,baseline_vector_search.cql + baseline_traversal.cql,measured,two_call_baseline,0,3.712167,138,TRUE,TRUE
paper-148097-topk-10-depth-2,baseline_vector_search.cql + baseline_traversal.cql,measured,two_call_baseline,0,438.720583,25909,TRUE,TRUE
paper-18469-topk-1-depth-0,baseline_vector_search.cql + baseline_traversal.cql,measured,two_call_baseline,0,1.375458,1,TRUE,TRUE
paper-18469-topk-1-depth-1,baseline_vector_search.cql + baseline_traversal.cql,measured,two_call_baseline,0,1.848584,35,TRUE,TRUE
paper-18469-topk-1-depth-2,baseline_vector_search.cql + baseline_traversal.cql,measured,two_call_baseline,0,74.828959,4661,TRUE,TRUE
paper-18469-topk-3-depth-0,baseline_vector_search.cql + baseline_traversal.cql,measured,two_call_baseline,0,1.858458,3,TRUE,TRUE
paper-18469-topk-3-depth-1,baseline_vector_search.cql + baseline_traversal.cql,measured,two_call_baseline,0,2.581625,75,TRUE,TRUE
paper-18469-topk-3-depth-2,baseline_vector_search.cql + baseline_traversal.cql,measured,two_call_baseline,0,538.114959,32811,TRUE,TRUE
paper-18469-topk-5-depth-0,baseline_vector_search.cql + baseline_traversal.cql,measured,two_call_baseline,0,1.652125,5,TRUE,TRUE
paper-18469-topk-5-depth-1,baseline_vector_search.cql + baseline_traversal.cql,measured,two_call_baseline,0,3.436625,118,TRUE,TRUE
paper-18469-topk-5-depth-2,baseline_vector_search.cql + baseline_traversal.cql,measured,two_call_baseline,0,574.094500,34733,TRUE,TRUE
paper-18469-topk-10-depth-0,baseline_vector_search.cql + baseline_traversal.cql,measured,two_call_baseline,0,2.031458,10,TRUE,TRUE
paper-18469-topk-10-depth-1,baseline_vector_search.cql + baseline_traversal.cql,measured,two_call_baseline,0,4.523167,177,TRUE,TRUE
paper-18469-topk-10-depth-2,baseline_vector_search.cql + baseline_traversal.cql,measured,two_call_baseline,0,614.447917,35813,TRUE,TRUE
paper-44337-topk-1-depth-0,baseline_vector_search.cql + baseline_traversal.cql,measured,two_call_baseline,0,1.621666,1,TRUE,TRUE
paper-44337-topk-1-depth-1,baseline_vector_search.cql + baseline_traversal.cql,measured,two_call_baseline,0,1.775250,27,TRUE,TRUE
paper-44337-topk-1-depth-2,baseline_vector_search.cql + baseline_traversal.cql,measured,two_call_baseline,0,137.380375,8617,TRUE,TRUE
paper-44337-topk-3-depth-0,baseline_vector_search.cql + baseline_traversal.cql,measured,two_call_baseline,0,1.363958,3,TRUE,TRUE
paper-44337-topk-3-depth-1,baseline_vector_search.cql + baseline_traversal.cql,measured,two_call_baseline,0,2.247291,59,TRUE,TRUE
paper-44337-topk-3-depth-2,baseline_vector_search.cql + baseline_traversal.cql,measured,two_call_baseline,0,221.984541,13881,TRUE,TRUE
paper-44337-topk-5-depth-0,baseline_vector_search.cql + baseline_traversal.cql,measured,two_call_baseline,0,1.492000,5,TRUE,TRUE
paper-44337-topk-5-depth-1,baseline_vector_search.cql + baseline_traversal.cql,measured,two_call_baseline,0,2.658667,77,TRUE,TRUE
paper-44337-topk-5-depth-2,baseline_vector_search.cql + baseline_traversal.cql,measured,two_call_baseline,0,384.382375,23279,TRUE,TRUE
paper-44337-topk-10-depth-0,baseline_vector_search.cql + baseline_traversal.cql,measured,two_call_baseline,0,2.670584,10,TRUE,TRUE
paper-44337-topk-10-depth-1,baseline_vector_search.cql + baseline_traversal.cql,measured,two_call_baseline,0,4.981375,169,TRUE,TRUE
paper-44337-topk-10-depth-2,baseline_vector_search.cql + baseline_traversal.cql,measured,two_call_baseline,0,444.393042,26076,TRUE,TRUE
paper-17859-topk-1-depth-0,baseline_vector_search.cql + baseline_traversal.cql,measured,two_call_baseline,0,1.283875,1,TRUE,TRUE
paper-17859-topk-1-depth-1,baseline_vector_search.cql + baseline_traversal.cql,measured,two_call_baseline,0,1.695583,27,TRUE,TRUE
paper-17859-topk-1-depth-2,baseline_vector_search.cql + baseline_traversal.cql,measured,two_call_baseline,0,61.356333,3628,TRUE,TRUE
paper-17859-topk-3-depth-0,baseline_vector_search.cql + baseline_traversal.cql,measured,two_call_baseline,0,1.396375,3,TRUE,TRUE
paper-17859-topk-3-depth-1,baseline_vector_search.cql + baseline_traversal.cql,measured,two_call_baseline,0,3.714833,152,TRUE,TRUE
paper-17859-topk-3-depth-2,baseline_vector_search.cql + baseline_traversal.cql,measured,two_call_baseline,0,310.279625,19121,TRUE,TRUE
paper-17859-topk-5-depth-0,baseline_vector_search.cql + baseline_traversal.cql,measured,two_call_baseline,0,1.459125,5,TRUE,TRUE
paper-17859-topk-5-depth-1,baseline_vector_search.cql + baseline_traversal.cql,measured,two_call_baseline,0,5.610958,254,TRUE,TRUE
paper-17859-topk-5-depth-2,baseline_vector_search.cql + baseline_traversal.cql,measured,two_call_baseline,0,380.308750,22998,TRUE,TRUE
paper-17859-topk-10-depth-0,baseline_vector_search.cql + baseline_traversal.cql,measured,two_call_baseline,0,1.948291,10,TRUE,TRUE
paper-17859-topk-10-depth-1,baseline_vector_search.cql + baseline_traversal.cql,measured,two_call_baseline,0,7.177708,317,TRUE,TRUE
paper-17859-topk-10-depth-2,baseline_vector_search.cql + baseline_traversal.cql,measured,two_call_baseline,0,406.429292,24041,TRUE,TRUE
paper-119799-topk-1-depth-0,baseline_vector_search.cql + baseline_traversal.cql,measured,two_call_baseline,0,1.347417,1,TRUE,TRUE
paper-119799-topk-1-depth-1,baseline_vector_search.cql + baseline_traversal.cql,measured,two_call_baseline,0,1.533042,15,TRUE,TRUE
paper-119799-topk-1-depth-2,baseline_vector_search.cql + baseline_traversal.cql,measured,two_call_baseline,0,61.925667,3810,TRUE,TRUE
paper-119799-topk-3-depth-0,baseline_vector_search.cql + baseline_traversal.cql,measured,two_call_baseline,0,1.402584,3,TRUE,TRUE
paper-119799-topk-3-depth-1,baseline_vector_search.cql + baseline_traversal.cql,measured,two_call_baseline,0,1.859917,33,TRUE,TRUE
paper-119799-topk-3-depth-2,baseline_vector_search.cql + baseline_traversal.cql,measured,two_call_baseline,0,96.566500,5967,TRUE,TRUE
paper-119799-topk-5-depth-0,baseline_vector_search.cql + baseline_traversal.cql,measured,two_call_baseline,0,1.492083,5,TRUE,TRUE
paper-119799-topk-5-depth-1,baseline_vector_search.cql + baseline_traversal.cql,measured,two_call_baseline,0,2.070667,42,TRUE,TRUE
paper-119799-topk-5-depth-2,baseline_vector_search.cql + baseline_traversal.cql,measured,two_call_baseline,0,96.017709,6021,TRUE,TRUE
paper-119799-topk-10-depth-0,baseline_vector_search.cql + baseline_traversal.cql,measured,two_call_baseline,0,1.671583,10,TRUE,TRUE
paper-119799-topk-10-depth-1,baseline_vector_search.cql + baseline_traversal.cql,measured,two_call_baseline,0,4.075500,158,TRUE,TRUE
paper-119799-topk-10-depth-2,baseline_vector_search.cql + baseline_traversal.cql,measured,two_call_baseline,0,616.412666,35845,TRUE,TRUE
paper-66884-topk-1-depth-0,baseline_vector_search.cql + baseline_traversal.cql,measured,two_call_baseline,0,1.323791,1,TRUE,TRUE
paper-66884-topk-1-depth-1,baseline_vector_search.cql + baseline_traversal.cql,measured,two_call_baseline,0,1.214625,4,TRUE,TRUE
paper-66884-topk-1-depth-2,baseline_vector_search.cql + baseline_traversal.cql,measured,two_call_baseline,0,2.756458,93,TRUE,TRUE
paper-66884-topk-3-depth-0,baseline_vector_search.cql + baseline_traversal.cql,measured,two_call_baseline,0,1.348542,3,TRUE,TRUE
paper-66884-topk-3-depth-1,baseline_vector_search.cql + baseline_traversal.cql,measured,two_call_baseline,0,1.434750,8,TRUE,TRUE
paper-66884-topk-3-depth-2,baseline_vector_search.cql + baseline_traversal.cql,measured,two_call_baseline,0,3.446917,139,TRUE,TRUE
paper-66884-topk-5-depth-0,baseline_vector_search.cql + baseline_traversal.cql,measured,two_call_baseline,0,1.544708,5,TRUE,TRUE
paper-66884-topk-5-depth-1,baseline_vector_search.cql + baseline_traversal.cql,measured,two_call_baseline,0,2.032792,38,TRUE,TRUE
paper-66884-topk-5-depth-2,baseline_vector_search.cql + baseline_traversal.cql,measured,two_call_baseline,0,19.827959,1185,TRUE,TRUE
paper-66884-topk-10-depth-0,baseline_vector_search.cql + baseline_traversal.cql,measured,two_call_baseline,0,1.784042,10,TRUE,TRUE
paper-66884-topk-10-depth-1,baseline_vector_search.cql + baseline_traversal.cql,measured,two_call_baseline,0,3.063792,91,TRUE,TRUE
paper-66884-topk-10-depth-2,baseline_vector_search.cql + baseline_traversal.cql,measured,two_call_baseline,0,103.903292,6489,TRUE,TRUE
paper-68988-topk-1-depth-0,baseline_vector_search.cql + baseline_traversal.cql,measured,two_call_baseline,0,1.224084,1,TRUE,TRUE
paper-68988-topk-1-depth-1,baseline_vector_search.cql + baseline_traversal.cql,measured,two_call_baseline,0,1.201209,7,TRUE,TRUE
paper-68988-topk-1-depth-2,baseline_vector_search.cql + baseline_traversal.cql,measured,two_call_baseline,0,2.209083,68,TRUE,TRUE
paper-68988-topk-3-depth-0,baseline_vector_search.cql + baseline_traversal.cql,measured,two_call_baseline,0,1.323750,3,TRUE,TRUE
paper-68988-topk-3-depth-1,baseline_vector_search.cql + baseline_traversal.cql,measured,two_call_baseline,0,1.667792,26,TRUE,TRUE
paper-68988-topk-3-depth-2,baseline_vector_search.cql + baseline_traversal.cql,measured,two_call_baseline,0,6.051667,315,TRUE,TRUE
paper-68988-topk-5-depth-0,baseline_vector_search.cql + baseline_traversal.cql,measured,two_call_baseline,0,1.435750,5,TRUE,TRUE
paper-68988-topk-5-depth-1,baseline_vector_search.cql + baseline_traversal.cql,measured,two_call_baseline,0,2.052750,47,TRUE,TRUE
paper-68988-topk-5-depth-2,baseline_vector_search.cql + baseline_traversal.cql,measured,two_call_baseline,0,12.302667,716,TRUE,TRUE
paper-68988-topk-10-depth-0,baseline_vector_search.cql + baseline_traversal.cql,measured,two_call_baseline,0,1.815750,10,TRUE,TRUE
paper-68988-topk-10-depth-1,baseline_vector_search.cql + baseline_traversal.cql,measured,two_call_baseline,0,3.672458,111,TRUE,TRUE
paper-68988-topk-10-depth-2,baseline_vector_search.cql + baseline_traversal.cql,measured,two_call_baseline,0,385.645542,23987,TRUE,TRUE
paper-48808-topk-1-depth-0,baseline_vector_search.cql + baseline_traversal.cql,measured,two_call_baseline,0,1.333625,1,TRUE,TRUE
paper-48808-topk-1-depth-1,baseline_vector_search.cql + baseline_traversal.cql,measured,two_call_baseline,0,1.251417,6,TRUE,TRUE
paper-48808-topk-1-depth-2,baseline_vector_search.cql + baseline_traversal.cql,measured,two_call_baseline,0,43.845958,2777,TRUE,TRUE
paper-48808-topk-3-depth-0,baseline_vector_search.cql + baseline_traversal.cql,measured,two_call_baseline,0,1.416625,3,TRUE,TRUE
paper-48808-topk-3-depth-1,baseline_vector_search.cql + baseline_traversal.cql,measured,two_call_baseline,0,1.470458,13,TRUE,TRUE
paper-48808-topk-3-depth-2,baseline_vector_search.cql + baseline_traversal.cql,measured,two_call_baseline,0,87.742208,5536,TRUE,TRUE
paper-48808-topk-5-depth-0,baseline_vector_search.cql + baseline_traversal.cql,measured,two_call_baseline,0,1.596541,5,TRUE,TRUE
paper-48808-topk-5-depth-1,baseline_vector_search.cql + baseline_traversal.cql,measured,two_call_baseline,0,1.673416,20,TRUE,TRUE
paper-48808-topk-5-depth-2,baseline_vector_search.cql + baseline_traversal.cql,measured,two_call_baseline,0,88.112792,5569,TRUE,TRUE
paper-48808-topk-10-depth-0,baseline_vector_search.cql + baseline_traversal.cql,measured,two_call_baseline,0,1.852084,10,TRUE,TRUE
paper-48808-topk-10-depth-1,baseline_vector_search.cql + baseline_traversal.cql,measured,two_call_baseline,0,2.258333,45,TRUE,TRUE
paper-48808-topk-10-depth-2,baseline_vector_search.cql + baseline_traversal.cql,measured,two_call_baseline,0,119.384458,7400,TRUE,TRUE
paper-158303-topk-1-depth-0,baseline_vector_search.cql + baseline_traversal.cql,measured,two_call_baseline,0,1.255667,1,TRUE,TRUE
paper-158303-topk-1-depth-1,baseline_vector_search.cql + baseline_traversal.cql,measured,two_call_baseline,0,1.262375,2,TRUE,TRUE
paper-158303-topk-1-depth-2,baseline_vector_search.cql + baseline_traversal.cql,measured,two_call_baseline,0,1.300083,11,TRUE,TRUE
paper-158303-topk-3-depth-0,baseline_vector_search.cql + baseline_traversal.cql,measured,two_call_baseline,0,1.305209,3,TRUE,TRUE
paper-158303-topk-3-depth-1,baseline_vector_search.cql + baseline_traversal.cql,measured,two_call_baseline,0,1.569834,19,TRUE,TRUE
paper-158303-topk-3-depth-2,baseline_vector_search.cql + baseline_traversal.cql,measured,two_call_baseline,0,2.551500,78,TRUE,TRUE
paper-158303-topk-5-depth-0,baseline_vector_search.cql + baseline_traversal.cql,measured,two_call_baseline,0,1.526000,5,TRUE,TRUE
paper-158303-topk-5-depth-1,baseline_vector_search.cql + baseline_traversal.cql,measured,two_call_baseline,0,1.776333,27,TRUE,TRUE
paper-158303-topk-5-depth-2,baseline_vector_search.cql + baseline_traversal.cql,measured,two_call_baseline,0,64.024166,3951,TRUE,TRUE
paper-158303-topk-10-depth-0,baseline_vector_search.cql + baseline_traversal.cql,measured,two_call_baseline,0,1.935083,10,TRUE,TRUE
paper-158303-topk-10-depth-1,baseline_vector_search.cql + baseline_traversal.cql,measured,two_call_baseline,0,2.914458,81,TRUE,TRUE
paper-158303-topk-10-depth-2,baseline_vector_search.cql + baseline_traversal.cql,measured,two_call_baseline,0,374.695458,22929,TRUE,TRUE
paper-96055-topk-1-depth-0,baseline_vector_search.cql + baseline_traversal.cql,measured,two_call_baseline,0,1.285958,1,TRUE,TRUE
paper-96055-topk-1-depth-1,baseline_vector_search.cql + baseline_traversal.cql,measured,two_call_baseline,0,1.182083,3,TRUE,TRUE
paper-96055-topk-1-depth-2,baseline_vector_search.cql + baseline_traversal.cql,measured,two_call_baseline,0,1.262917,6,TRUE,TRUE
paper-96055-topk-3-depth-0,baseline_vector_search.cql + baseline_traversal.cql,measured,two_call_baseline,0,1.335167,3,TRUE,TRUE
paper-96055-topk-3-depth-1,baseline_vector_search.cql + baseline_traversal.cql,measured,two_call_baseline,0,1.380500,8,TRUE,TRUE
paper-96055-topk-3-depth-2,baseline_vector_search.cql + baseline_traversal.cql,measured,two_call_baseline,0,1.527792,15,TRUE,TRUE
paper-96055-topk-5-depth-0,baseline_vector_search.cql + baseline_traversal.cql,measured,two_call_baseline,0,1.415291,5,TRUE,TRUE
paper-96055-topk-5-depth-1,baseline_vector_search.cql + baseline_traversal.cql,measured,two_call_baseline,0,1.526583,15,TRUE,TRUE
paper-96055-topk-5-depth-2,baseline_vector_search.cql + baseline_traversal.cql,measured,two_call_baseline,0,2.504500,74,TRUE,TRUE
paper-96055-topk-10-depth-0,baseline_vector_search.cql + baseline_traversal.cql,measured,two_call_baseline,0,1.760375,10,TRUE,TRUE
paper-96055-topk-10-depth-1,baseline_vector_search.cql + baseline_traversal.cql,measured,two_call_baseline,0,2.644083,65,TRUE,TRUE
paper-96055-topk-10-depth-2,baseline_vector_search.cql + baseline_traversal.cql,measured,two_call_baseline,0,10.208500,565,TRUE,TRUE
paper-143613-topk-1-depth-0,baseline_vector_search.cql + baseline_traversal.cql,measured,two_call_baseline,0,1.234000,1,TRUE,TRUE
paper-143613-topk-1-depth-1,baseline_vector_search.cql + baseline_traversal.cql,measured,two_call_baseline,0,1.417166,18,TRUE,TRUE
paper-143613-topk-1-depth-2,baseline_vector_search.cql + baseline_traversal.cql,measured,two_call_baseline,0,55.828208,3483,TRUE,TRUE
paper-143613-topk-3-depth-0,baseline_vector_search.cql + baseline_traversal.cql,measured,two_call_baseline,0,1.300667,3,TRUE,TRUE
paper-143613-topk-3-depth-1,baseline_vector_search.cql + baseline_traversal.cql,measured,two_call_baseline,0,1.941875,45,TRUE,TRUE
paper-143613-topk-3-depth-2,baseline_vector_search.cql + baseline_traversal.cql,measured,two_call_baseline,0,359.878000,22585,TRUE,TRUE
paper-143613-topk-5-depth-0,baseline_vector_search.cql + baseline_traversal.cql,measured,two_call_baseline,0,1.514959,5,TRUE,TRUE
paper-143613-topk-5-depth-1,baseline_vector_search.cql + baseline_traversal.cql,measured,two_call_baseline,0,4.595584,209,TRUE,TRUE
paper-143613-topk-5-depth-2,baseline_vector_search.cql + baseline_traversal.cql,measured,two_call_baseline,0,415.797208,25756,TRUE,TRUE
paper-143613-topk-10-depth-0,baseline_vector_search.cql + baseline_traversal.cql,measured,two_call_baseline,0,2.066750,10,TRUE,TRUE
paper-143613-topk-10-depth-1,baseline_vector_search.cql + baseline_traversal.cql,measured,two_call_baseline,0,6.496500,317,TRUE,TRUE
paper-143613-topk-10-depth-2,baseline_vector_search.cql + baseline_traversal.cql,measured,two_call_baseline,0,536.293959,32648,TRUE,TRUE
paper-135602-topk-1-depth-0,baseline_vector_search.cql + baseline_traversal.cql,measured,two_call_baseline,0,1.294000,1,TRUE,TRUE
paper-135602-topk-1-depth-1,baseline_vector_search.cql + baseline_traversal.cql,measured,two_call_baseline,0,1.575291,25,TRUE,TRUE
paper-135602-topk-1-depth-2,baseline_vector_search.cql + baseline_traversal.cql,measured,two_call_baseline,0,9.372125,538,TRUE,TRUE
paper-135602-topk-3-depth-0,baseline_vector_search.cql + baseline_traversal.cql,measured,two_call_baseline,0,1.564125,3,TRUE,TRUE
paper-135602-topk-3-depth-1,baseline_vector_search.cql + baseline_traversal.cql,measured,two_call_baseline,0,2.534125,66,TRUE,TRUE
paper-135602-topk-3-depth-2,baseline_vector_search.cql + baseline_traversal.cql,measured,two_call_baseline,0,320.769500,19730,TRUE,TRUE
paper-135602-topk-5-depth-0,baseline_vector_search.cql + baseline_traversal.cql,measured,two_call_baseline,0,1.632750,5,TRUE,TRUE
paper-135602-topk-5-depth-1,baseline_vector_search.cql + baseline_traversal.cql,measured,two_call_baseline,0,3.833541,152,TRUE,TRUE
paper-135602-topk-5-depth-2,baseline_vector_search.cql + baseline_traversal.cql,measured,two_call_baseline,0,339.901458,20631,TRUE,TRUE
paper-135602-topk-10-depth-0,baseline_vector_search.cql + baseline_traversal.cql,measured,two_call_baseline,0,1.931125,10,TRUE,TRUE
paper-135602-topk-10-depth-1,baseline_vector_search.cql + baseline_traversal.cql,measured,two_call_baseline,0,4.748041,196,TRUE,TRUE
paper-135602-topk-10-depth-2,baseline_vector_search.cql + baseline_traversal.cql,measured,two_call_baseline,0,381.016708,22540,TRUE,TRUE
paper-63581-topk-1-depth-0,baseline_vector_search.cql + baseline_traversal.cql,measured,two_call_baseline,0,1.300750,1,TRUE,TRUE
paper-63581-topk-1-depth-1,baseline_vector_search.cql + baseline_traversal.cql,measured,two_call_baseline,0,2.144709,28,TRUE,TRUE
paper-63581-topk-1-depth-2,baseline_vector_search.cql + baseline_traversal.cql,measured,two_call_baseline,0,246.430208,15325,TRUE,TRUE
paper-63581-topk-3-depth-0,baseline_vector_search.cql + baseline_traversal.cql,measured,two_call_baseline,0,1.535084,3,TRUE,TRUE
paper-63581-topk-3-depth-1,baseline_vector_search.cql + baseline_traversal.cql,measured,two_call_baseline,0,2.587125,71,TRUE,TRUE
paper-63581-topk-3-depth-2,baseline_vector_search.cql + baseline_traversal.cql,measured,two_call_baseline,0,517.692084,31491,TRUE,TRUE
paper-63581-topk-5-depth-0,baseline_vector_search.cql + baseline_traversal.cql,measured,two_call_baseline,0,1.616584,5,TRUE,TRUE
paper-63581-topk-5-depth-1,baseline_vector_search.cql + baseline_traversal.cql,measured,two_call_baseline,0,3.114041,105,TRUE,TRUE
paper-63581-topk-5-depth-2,baseline_vector_search.cql + baseline_traversal.cql,measured,two_call_baseline,0,576.866292,34715,TRUE,TRUE
paper-63581-topk-10-depth-0,baseline_vector_search.cql + baseline_traversal.cql,measured,two_call_baseline,0,1.917166,10,TRUE,TRUE
paper-63581-topk-10-depth-1,baseline_vector_search.cql + baseline_traversal.cql,measured,two_call_baseline,0,4.794333,197,TRUE,TRUE
paper-63581-topk-10-depth-2,baseline_vector_search.cql + baseline_traversal.cql,measured,two_call_baseline,0,655.629292,37396,TRUE,TRUE
paper-149429-topk-1-depth-0,baseline_vector_search.cql + baseline_traversal.cql,measured,two_call_baseline,0,1.482250,1,TRUE,TRUE
paper-149429-topk-1-depth-1,baseline_vector_search.cql + baseline_traversal.cql,measured,two_call_baseline,0,1.445042,9,TRUE,TRUE
paper-149429-topk-1-depth-2,baseline_vector_search.cql + baseline_traversal.cql,measured,two_call_baseline,0,19.121041,1156,TRUE,TRUE
paper-149429-topk-3-depth-0,baseline_vector_search.cql + baseline_traversal.cql,measured,two_call_baseline,0,1.537625,3,TRUE,TRUE
paper-149429-topk-3-depth-1,baseline_vector_search.cql + baseline_traversal.cql,measured,two_call_baseline,0,1.664458,19,TRUE,TRUE
paper-149429-topk-3-depth-2,baseline_vector_search.cql + baseline_traversal.cql,measured,two_call_baseline,0,21.207167,1245,TRUE,TRUE
paper-149429-topk-5-depth-0,baseline_vector_search.cql + baseline_traversal.cql,measured,two_call_baseline,0,1.637250,5,TRUE,TRUE
paper-149429-topk-5-depth-1,baseline_vector_search.cql + baseline_traversal.cql,measured,two_call_baseline,0,2.055459,31,TRUE,TRUE
paper-149429-topk-5-depth-2,baseline_vector_search.cql + baseline_traversal.cql,measured,two_call_baseline,0,28.063291,1685,TRUE,TRUE
paper-149429-topk-10-depth-0,baseline_vector_search.cql + baseline_traversal.cql,measured,two_call_baseline,0,2.252542,10,TRUE,TRUE
paper-149429-topk-10-depth-1,baseline_vector_search.cql + baseline_traversal.cql,measured,two_call_baseline,0,2.629292,62,TRUE,TRUE
paper-149429-topk-10-depth-2,baseline_vector_search.cql + baseline_traversal.cql,measured,two_call_baseline,0,85.497416,5176,TRUE,TRUE
paper-37666-topk-1-depth-0,baseline_vector_search.cql + baseline_traversal.cql,measured,two_call_baseline,0,1.229291,1,TRUE,TRUE
paper-37666-topk-1-depth-1,baseline_vector_search.cql + baseline_traversal.cql,measured,two_call_baseline,0,1.764875,28,TRUE,TRUE
paper-37666-topk-1-depth-2,baseline_vector_search.cql + baseline_traversal.cql,measured,two_call_baseline,0,6.139625,318,TRUE,TRUE
paper-37666-topk-3-depth-0,baseline_vector_search.cql + baseline_traversal.cql,measured,two_call_baseline,0,1.380000,3,TRUE,TRUE
paper-37666-topk-3-depth-1,baseline_vector_search.cql + baseline_traversal.cql,measured,two_call_baseline,0,2.407917,66,TRUE,TRUE
paper-37666-topk-3-depth-2,baseline_vector_search.cql + baseline_traversal.cql,measured,two_call_baseline,0,13.994375,834,TRUE,TRUE
paper-37666-topk-5-depth-0,baseline_vector_search.cql + baseline_traversal.cql,measured,two_call_baseline,0,1.748666,5,TRUE,TRUE
paper-37666-topk-5-depth-1,baseline_vector_search.cql + baseline_traversal.cql,measured,two_call_baseline,0,3.261125,101,TRUE,TRUE
paper-37666-topk-5-depth-2,baseline_vector_search.cql + baseline_traversal.cql,measured,two_call_baseline,0,16.548375,975,TRUE,TRUE
paper-37666-topk-10-depth-0,baseline_vector_search.cql + baseline_traversal.cql,measured,two_call_baseline,0,1.834000,10,TRUE,TRUE
paper-37666-topk-10-depth-1,baseline_vector_search.cql + baseline_traversal.cql,measured,two_call_baseline,0,4.590375,180,TRUE,TRUE
paper-37666-topk-10-depth-2,baseline_vector_search.cql + baseline_traversal.cql,measured,two_call_baseline,0,66.479959,4074,TRUE,TRUE
paper-126354-topk-1-depth-0,baseline_vector_search.cql + baseline_traversal.cql,measured,two_call_baseline,0,1.244958,1,TRUE,TRUE
paper-126354-topk-1-depth-1,baseline_vector_search.cql + baseline_traversal.cql,measured,two_call_baseline,0,1.324333,7,TRUE,TRUE
paper-126354-topk-1-depth-2,baseline_vector_search.cql + baseline_traversal.cql,measured,two_call_baseline,0,1.516875,25,TRUE,TRUE
paper-126354-topk-3-depth-0,baseline_vector_search.cql + baseline_traversal.cql,measured,two_call_baseline,0,1.342375,3,TRUE,TRUE
paper-126354-topk-3-depth-1,baseline_vector_search.cql + baseline_traversal.cql,measured,two_call_baseline,0,1.540542,18,TRUE,TRUE
paper-126354-topk-3-depth-2,baseline_vector_search.cql + baseline_traversal.cql,measured,two_call_baseline,0,2.959500,107,TRUE,TRUE
paper-126354-topk-5-depth-0,baseline_vector_search.cql + baseline_traversal.cql,measured,two_call_baseline,0,1.472875,5,TRUE,TRUE
paper-126354-topk-5-depth-1,baseline_vector_search.cql + baseline_traversal.cql,measured,two_call_baseline,0,1.896250,39,TRUE,TRUE
paper-126354-topk-5-depth-2,baseline_vector_search.cql + baseline_traversal.cql,measured,two_call_baseline,0,20.369208,1218,TRUE,TRUE
paper-126354-topk-10-depth-0,baseline_vector_search.cql + baseline_traversal.cql,measured,two_call_baseline,0,1.757709,10,TRUE,TRUE
paper-126354-topk-10-depth-1,baseline_vector_search.cql + baseline_traversal.cql,measured,two_call_baseline,0,2.902375,82,TRUE,TRUE
paper-126354-topk-10-depth-2,baseline_vector_search.cql + baseline_traversal.cql,measured,two_call_baseline,0,30.445750,1867,TRUE,TRUE
paper-139928-topk-1-depth-0,baseline_vector_search.cql + baseline_traversal.cql,measured,two_call_baseline,0,1.313375,1,TRUE,TRUE
paper-139928-topk-1-depth-1,baseline_vector_search.cql + baseline_traversal.cql,measured,two_call_baseline,0,1.336500,5,TRUE,TRUE
paper-139928-topk-1-depth-2,baseline_vector_search.cql + baseline_traversal.cql,measured,two_call_baseline,0,1.721042,34,TRUE,TRUE
paper-139928-topk-3-depth-0,baseline_vector_search.cql + baseline_traversal.cql,measured,two_call_baseline,0,1.372375,3,TRUE,TRUE
paper-139928-topk-3-depth-1,baseline_vector_search.cql + baseline_traversal.cql,measured,two_call_baseline,0,1.934375,36,TRUE,TRUE
paper-139928-topk-3-depth-2,baseline_vector_search.cql + baseline_traversal.cql,measured,two_call_baseline,0,9.775250,539,TRUE,TRUE
paper-139928-topk-5-depth-0,baseline_vector_search.cql + baseline_traversal.cql,measured,two_call_baseline,0,1.489292,5,TRUE,TRUE
paper-139928-topk-5-depth-1,baseline_vector_search.cql + baseline_traversal.cql,measured,two_call_baseline,0,3.082666,97,TRUE,TRUE
paper-139928-topk-5-depth-2,baseline_vector_search.cql + baseline_traversal.cql,measured,two_call_baseline,0,263.491708,15967,TRUE,TRUE
paper-139928-topk-10-depth-0,baseline_vector_search.cql + baseline_traversal.cql,measured,two_call_baseline,0,1.846000,10,TRUE,TRUE
paper-139928-topk-10-depth-1,baseline_vector_search.cql + baseline_traversal.cql,measured,two_call_baseline,0,3.917500,125,TRUE,TRUE
paper-139928-topk-10-depth-2,baseline_vector_search.cql + baseline_traversal.cql,measured,two_call_baseline,0,483.199750,29400,TRUE,TRUE
paper-40438-topk-1-depth-0,baseline_vector_search.cql + baseline_traversal.cql,measured,two_call_baseline,0,1.512292,1,TRUE,TRUE
paper-40438-topk-1-depth-1,baseline_vector_search.cql + baseline_traversal.cql,measured,two_call_baseline,0,1.547750,10,TRUE,TRUE
paper-40438-topk-1-depth-2,baseline_vector_search.cql + baseline_traversal.cql,measured,two_call_baseline,0,5.504625,258,TRUE,TRUE
paper-40438-topk-3-depth-0,baseline_vector_search.cql + baseline_traversal.cql,measured,two_call_baseline,0,1.411750,3,TRUE,TRUE
paper-40438-topk-3-depth-1,baseline_vector_search.cql + baseline_traversal.cql,measured,two_call_baseline,0,1.590334,17,TRUE,TRUE
paper-40438-topk-3-depth-2,baseline_vector_search.cql + baseline_traversal.cql,measured,two_call_baseline,0,6.912792,352,TRUE,TRUE
paper-40438-topk-5-depth-0,baseline_vector_search.cql + baseline_traversal.cql,measured,two_call_baseline,0,1.493375,5,TRUE,TRUE
paper-40438-topk-5-depth-1,baseline_vector_search.cql + baseline_traversal.cql,measured,two_call_baseline,0,2.250875,53,TRUE,TRUE
paper-40438-topk-5-depth-2,baseline_vector_search.cql + baseline_traversal.cql,measured,two_call_baseline,0,115.138584,7013,TRUE,TRUE
paper-40438-topk-10-depth-0,baseline_vector_search.cql + baseline_traversal.cql,measured,two_call_baseline,0,1.899792,10,TRUE,TRUE
paper-40438-topk-10-depth-1,baseline_vector_search.cql + baseline_traversal.cql,measured,two_call_baseline,0,4.996833,193,TRUE,TRUE
paper-40438-topk-10-depth-2,baseline_vector_search.cql + baseline_traversal.cql,measured,two_call_baseline,0,539.191000,33173,TRUE,TRUE
paper-158139-topk-1-depth-0,baseline_vector_search.cql + baseline_traversal.cql,measured,two_call_baseline,0,1.286042,1,TRUE,TRUE
paper-158139-topk-1-depth-1,baseline_vector_search.cql + baseline_traversal.cql,measured,two_call_baseline,0,1.319375,8,TRUE,TRUE
paper-158139-topk-1-depth-2,baseline_vector_search.cql + baseline_traversal.cql,measured,two_call_baseline,0,296.836833,18685,TRUE,TRUE
paper-158139-topk-3-depth-0,baseline_vector_search.cql + baseline_traversal.cql,measured,two_call_baseline,0,1.414500,3,TRUE,TRUE
paper-158139-topk-3-depth-1,baseline_vector_search.cql + baseline_traversal.cql,measured,two_call_baseline,0,1.766292,30,TRUE,TRUE
paper-158139-topk-3-depth-2,baseline_vector_search.cql + baseline_traversal.cql,measured,two_call_baseline,0,424.443792,26216,TRUE,TRUE
paper-158139-topk-5-depth-0,baseline_vector_search.cql + baseline_traversal.cql,measured,two_call_baseline,0,1.676833,5,TRUE,TRUE
paper-158139-topk-5-depth-1,baseline_vector_search.cql + baseline_traversal.cql,measured,two_call_baseline,0,2.227833,51,TRUE,TRUE
paper-158139-topk-5-depth-2,baseline_vector_search.cql + baseline_traversal.cql,measured,two_call_baseline,0,427.432292,26554,TRUE,TRUE
paper-158139-topk-10-depth-0,baseline_vector_search.cql + baseline_traversal.cql,measured,two_call_baseline,0,1.918917,10,TRUE,TRUE
paper-158139-topk-10-depth-1,baseline_vector_search.cql + baseline_traversal.cql,measured,two_call_baseline,0,2.841792,81,TRUE,TRUE
paper-158139-topk-10-depth-2,baseline_vector_search.cql + baseline_traversal.cql,measured,two_call_baseline,0,554.682625,32745,TRUE,TRUE
paper-69772-topk-1-depth-0,baseline_vector_search.cql + baseline_traversal.cql,measured,two_call_baseline,0,1.346084,1,TRUE,TRUE
paper-69772-topk-1-depth-1,baseline_vector_search.cql + baseline_traversal.cql,measured,two_call_baseline,0,1.385708,8,TRUE,TRUE
paper-69772-topk-1-depth-2,baseline_vector_search.cql + baseline_traversal.cql,measured,two_call_baseline,0,18.663125,1130,TRUE,TRUE
paper-69772-topk-3-depth-0,baseline_vector_search.cql + baseline_traversal.cql,measured,two_call_baseline,0,1.413125,3,TRUE,TRUE
paper-69772-topk-3-depth-1,baseline_vector_search.cql + baseline_traversal.cql,measured,two_call_baseline,0,1.716000,29,TRUE,TRUE
paper-69772-topk-3-depth-2,baseline_vector_search.cql + baseline_traversal.cql,measured,two_call_baseline,0,258.176625,16098,TRUE,TRUE
paper-69772-topk-5-depth-0,baseline_vector_search.cql + baseline_traversal.cql,measured,two_call_baseline,0,1.994459,5,TRUE,TRUE
paper-69772-topk-5-depth-1,baseline_vector_search.cql + baseline_traversal.cql,measured,two_call_baseline,0,2.474209,55,TRUE,TRUE
paper-69772-topk-5-depth-2,baseline_vector_search.cql + baseline_traversal.cql,measured,two_call_baseline,0,417.887875,25827,TRUE,TRUE
paper-69772-topk-10-depth-0,baseline_vector_search.cql + baseline_traversal.cql,measured,two_call_baseline,0,1.879708,10,TRUE,TRUE
paper-69772-topk-10-depth-1,baseline_vector_search.cql + baseline_traversal.cql,measured,two_call_baseline,0,3.611458,121,TRUE,TRUE
paper-69772-topk-10-depth-2,baseline_vector_search.cql + baseline_traversal.cql,measured,two_call_baseline,0,572.549708,34045,TRUE,TRUE
paper-107130-topk-1-depth-0,baseline_vector_search.cql + baseline_traversal.cql,measured,two_call_baseline,0,1.316417,1,TRUE,TRUE
paper-107130-topk-1-depth-1,baseline_vector_search.cql + baseline_traversal.cql,measured,two_call_baseline,0,2.110750,59,TRUE,TRUE
paper-107130-topk-1-depth-2,baseline_vector_search.cql + baseline_traversal.cql,measured,two_call_baseline,0,393.354375,24593,TRUE,TRUE
paper-107130-topk-3-depth-0,baseline_vector_search.cql + baseline_traversal.cql,measured,two_call_baseline,0,1.399125,3,TRUE,TRUE
paper-107130-topk-3-depth-1,baseline_vector_search.cql + baseline_traversal.cql,measured,two_call_baseline,0,2.590750,86,TRUE,TRUE
paper-107130-topk-3-depth-2,baseline_vector_search.cql + baseline_traversal.cql,measured,two_call_baseline,0,552.480375,33623,TRUE,TRUE
paper-107130-topk-5-depth-0,baseline_vector_search.cql + baseline_traversal.cql,measured,two_call_baseline,0,1.579500,5,TRUE,TRUE
paper-107130-topk-5-depth-1,baseline_vector_search.cql + baseline_traversal.cql,measured,two_call_baseline,0,7.509208,399,TRUE,TRUE
paper-107130-topk-5-depth-2,baseline_vector_search.cql + baseline_traversal.cql,measured,two_call_baseline,0,618.777458,37470,TRUE,TRUE
paper-107130-topk-10-depth-0,baseline_vector_search.cql + baseline_traversal.cql,measured,two_call_baseline,0,1.897209,10,TRUE,TRUE
paper-107130-topk-10-depth-1,baseline_vector_search.cql + baseline_traversal.cql,measured,two_call_baseline,0,10.176666,547,TRUE,TRUE
paper-107130-topk-10-depth-2,baseline_vector_search.cql + baseline_traversal.cql,measured,two_call_baseline,0,709.652291,40996,TRUE,TRUE
paper-84004-topk-1-depth-0,baseline_vector_search.cql + baseline_traversal.cql,measured,two_call_baseline,0,1.317917,1,TRUE,TRUE
paper-84004-topk-1-depth-1,baseline_vector_search.cql + baseline_traversal.cql,measured,two_call_baseline,0,1.408625,15,TRUE,TRUE
paper-84004-topk-1-depth-2,baseline_vector_search.cql + baseline_traversal.cql,measured,two_call_baseline,0,263.136750,16606,TRUE,TRUE
paper-84004-topk-3-depth-0,baseline_vector_search.cql + baseline_traversal.cql,measured,two_call_baseline,0,1.349750,3,TRUE,TRUE
paper-84004-topk-3-depth-1,baseline_vector_search.cql + baseline_traversal.cql,measured,two_call_baseline,0,1.910125,41,TRUE,TRUE
paper-84004-topk-3-depth-2,baseline_vector_search.cql + baseline_traversal.cql,measured,two_call_baseline,0,456.462166,28243,TRUE,TRUE
paper-84004-topk-5-depth-0,baseline_vector_search.cql + baseline_traversal.cql,measured,two_call_baseline,0,1.464000,5,TRUE,TRUE
paper-84004-topk-5-depth-1,baseline_vector_search.cql + baseline_traversal.cql,measured,two_call_baseline,0,10.030167,572,TRUE,TRUE
paper-84004-topk-5-depth-2,baseline_vector_search.cql + baseline_traversal.cql,measured,two_call_baseline,0,585.136542,35530,TRUE,TRUE
paper-84004-topk-10-depth-0,baseline_vector_search.cql + baseline_traversal.cql,measured,two_call_baseline,0,1.776750,10,TRUE,TRUE
paper-84004-topk-10-depth-1,baseline_vector_search.cql + baseline_traversal.cql,measured,two_call_baseline,0,11.384042,637,TRUE,TRUE
paper-84004-topk-10-depth-2,baseline_vector_search.cql + baseline_traversal.cql,measured,two_call_baseline,0,611.799000,36236,TRUE,TRUE
paper-145562-topk-1-depth-0,baseline_vector_search.cql + baseline_traversal.cql,measured,two_call_baseline,0,1.302208,1,TRUE,TRUE
paper-145562-topk-1-depth-1,baseline_vector_search.cql + baseline_traversal.cql,measured,two_call_baseline,0,1.247042,7,TRUE,TRUE
paper-145562-topk-1-depth-2,baseline_vector_search.cql + baseline_traversal.cql,measured,two_call_baseline,0,2.577917,90,TRUE,TRUE
paper-145562-topk-3-depth-0,baseline_vector_search.cql + baseline_traversal.cql,measured,two_call_baseline,0,1.314250,3,TRUE,TRUE
paper-145562-topk-3-depth-1,baseline_vector_search.cql + baseline_traversal.cql,measured,two_call_baseline,0,2.457292,75,TRUE,TRUE
paper-145562-topk-3-depth-2,baseline_vector_search.cql + baseline_traversal.cql,measured,two_call_baseline,0,44.729000,2808,TRUE,TRUE
paper-145562-topk-5-depth-0,baseline_vector_search.cql + baseline_traversal.cql,measured,two_call_baseline,0,1.451041,5,TRUE,TRUE
paper-145562-topk-5-depth-1,baseline_vector_search.cql + baseline_traversal.cql,measured,two_call_baseline,0,2.688750,88,TRUE,TRUE
paper-145562-topk-5-depth-2,baseline_vector_search.cql + baseline_traversal.cql,measured,two_call_baseline,0,51.566917,3236,TRUE,TRUE
paper-145562-topk-10-depth-0,baseline_vector_search.cql + baseline_traversal.cql,measured,two_call_baseline,0,1.992459,10,TRUE,TRUE
paper-145562-topk-10-depth-1,baseline_vector_search.cql + baseline_traversal.cql,measured,two_call_baseline,0,3.608166,120,TRUE,TRUE
paper-145562-topk-10-depth-2,baseline_vector_search.cql + baseline_traversal.cql,measured,two_call_baseline,0,424.649709,26489,TRUE,TRUE
paper-13714-topk-1-depth-0,baseline_vector_search.cql + baseline_traversal.cql,measured,two_call_baseline,0,1.310166,1,TRUE,TRUE
paper-13714-topk-1-depth-1,baseline_vector_search.cql + baseline_traversal.cql,measured,two_call_baseline,0,1.242416,5,TRUE,TRUE
paper-13714-topk-1-depth-2,baseline_vector_search.cql + baseline_traversal.cql,measured,two_call_baseline,0,2.976250,117,TRUE,TRUE
paper-13714-topk-3-depth-0,baseline_vector_search.cql + baseline_traversal.cql,measured,two_call_baseline,0,1.335625,3,TRUE,TRUE
paper-13714-topk-3-depth-1,baseline_vector_search.cql + baseline_traversal.cql,measured,two_call_baseline,0,1.731292,32,TRUE,TRUE
paper-13714-topk-3-depth-2,baseline_vector_search.cql + baseline_traversal.cql,measured,two_call_baseline,0,112.282750,7074,TRUE,TRUE
paper-13714-topk-5-depth-0,baseline_vector_search.cql + baseline_traversal.cql,measured,two_call_baseline,0,1.443667,5,TRUE,TRUE
paper-13714-topk-5-depth-1,baseline_vector_search.cql + baseline_traversal.cql,measured,two_call_baseline,0,1.906041,37,TRUE,TRUE
paper-13714-topk-5-depth-2,baseline_vector_search.cql + baseline_traversal.cql,measured,two_call_baseline,0,113.308792,7081,TRUE,TRUE
paper-13714-topk-10-depth-0,baseline_vector_search.cql + baseline_traversal.cql,measured,two_call_baseline,0,1.721834,10,TRUE,TRUE
paper-13714-topk-10-depth-1,baseline_vector_search.cql + baseline_traversal.cql,measured,two_call_baseline,0,2.478792,59,TRUE,TRUE
paper-13714-topk-10-depth-2,baseline_vector_search.cql + baseline_traversal.cql,measured,two_call_baseline,0,117.194209,7190,TRUE,TRUE
paper-2612-topk-1-depth-0,baseline_vector_search.cql + baseline_traversal.cql,measured,two_call_baseline,0,1.211375,1,TRUE,TRUE
paper-2612-topk-1-depth-1,baseline_vector_search.cql + baseline_traversal.cql,measured,two_call_baseline,0,1.482041,17,TRUE,TRUE
paper-2612-topk-1-depth-2,baseline_vector_search.cql + baseline_traversal.cql,measured,two_call_baseline,0,45.718333,2865,TRUE,TRUE
paper-2612-topk-3-depth-0,baseline_vector_search.cql + baseline_traversal.cql,measured,two_call_baseline,0,1.354792,3,TRUE,TRUE
paper-2612-topk-3-depth-1,baseline_vector_search.cql + baseline_traversal.cql,measured,two_call_baseline,0,1.747667,31,TRUE,TRUE
paper-2612-topk-3-depth-2,baseline_vector_search.cql + baseline_traversal.cql,measured,two_call_baseline,0,47.232250,2996,TRUE,TRUE
paper-2612-topk-5-depth-0,baseline_vector_search.cql + baseline_traversal.cql,measured,two_call_baseline,0,1.420917,5,TRUE,TRUE
paper-2612-topk-5-depth-1,baseline_vector_search.cql + baseline_traversal.cql,measured,two_call_baseline,0,1.876292,37,TRUE,TRUE
paper-2612-topk-5-depth-2,baseline_vector_search.cql + baseline_traversal.cql,measured,two_call_baseline,0,49.715167,3121,TRUE,TRUE
paper-2612-topk-10-depth-0,baseline_vector_search.cql + baseline_traversal.cql,measured,two_call_baseline,0,1.595250,10,TRUE,TRUE
paper-2612-topk-10-depth-1,baseline_vector_search.cql + baseline_traversal.cql,measured,two_call_baseline,0,2.828916,88,TRUE,TRUE
paper-2612-topk-10-depth-2,baseline_vector_search.cql + baseline_traversal.cql,measured,two_call_baseline,0,315.120292,19741,TRUE,TRUE
paper-101797-topk-1-depth-0,baseline_vector_search.cql + baseline_traversal.cql,measured,two_call_baseline,0,1.256875,1,TRUE,TRUE
paper-101797-topk-1-depth-1,baseline_vector_search.cql + baseline_traversal.cql,measured,two_call_baseline,0,1.224500,3,TRUE,TRUE
paper-101797-topk-1-depth-2,baseline_vector_search.cql + baseline_traversal.cql,measured,two_call_baseline,0,1.365083,16,TRUE,TRUE
paper-101797-topk-3-depth-0,baseline_vector_search.cql + baseline_traversal.cql,measured,two_call_baseline,0,1.331208,3,TRUE,TRUE
paper-101797-topk-3-depth-1,baseline_vector_search.cql + baseline_traversal.cql,measured,two_call_baseline,0,1.359833,9,TRUE,TRUE
paper-101797-topk-3-depth-2,baseline_vector_search.cql + baseline_traversal.cql,measured,two_call_baseline,0,1.656375,29,TRUE,TRUE
paper-101797-topk-5-depth-0,baseline_vector_search.cql + baseline_traversal.cql,measured,two_call_baseline,0,1.436958,5,TRUE,TRUE
paper-101797-topk-5-depth-1,baseline_vector_search.cql + baseline_traversal.cql,measured,two_call_baseline,0,1.668667,18,TRUE,TRUE
paper-101797-topk-5-depth-2,baseline_vector_search.cql + baseline_traversal.cql,measured,two_call_baseline,0,4.943750,227,TRUE,TRUE
paper-101797-topk-10-depth-0,baseline_vector_search.cql + baseline_traversal.cql,measured,two_call_baseline,0,1.828166,10,TRUE,TRUE
paper-101797-topk-10-depth-1,baseline_vector_search.cql + baseline_traversal.cql,measured,two_call_baseline,0,2.486125,49,TRUE,TRUE
paper-101797-topk-10-depth-2,baseline_vector_search.cql + baseline_traversal.cql,measured,two_call_baseline,0,70.389666,4450,TRUE,TRUE
paper-125598-topk-1-depth-0,baseline_vector_search.cql + baseline_traversal.cql,measured,two_call_baseline,0,1.242166,1,TRUE,TRUE
paper-125598-topk-1-depth-1,baseline_vector_search.cql + baseline_traversal.cql,measured,two_call_baseline,0,1.478375,22,TRUE,TRUE
paper-125598-topk-1-depth-2,baseline_vector_search.cql + baseline_traversal.cql,measured,two_call_baseline,0,311.541500,19639,TRUE,TRUE
paper-125598-topk-3-depth-0,baseline_vector_search.cql + baseline_traversal.cql,measured,two_call_baseline,0,1.525709,3,TRUE,TRUE
paper-125598-topk-3-depth-1,baseline_vector_search.cql + baseline_traversal.cql,measured,two_call_baseline,0,2.229666,59,TRUE,TRUE
paper-125598-topk-3-depth-2,baseline_vector_search.cql + baseline_traversal.cql,measured,two_call_baseline,0,377.131042,23073,TRUE,TRUE
paper-125598-topk-5-depth-0,baseline_vector_search.cql + baseline_traversal.cql,measured,two_call_baseline,0,1.691000,5,TRUE,TRUE
paper-125598-topk-5-depth-1,baseline_vector_search.cql + baseline_traversal.cql,measured,two_call_baseline,0,2.933625,93,TRUE,TRUE
paper-125598-topk-5-depth-2,baseline_vector_search.cql + baseline_traversal.cql,measured,two_call_baseline,0,476.253292,28566,TRUE,TRUE
paper-125598-topk-10-depth-0,baseline_vector_search.cql + baseline_traversal.cql,measured,two_call_baseline,0,1.757709,10,TRUE,TRUE
paper-125598-topk-10-depth-1,baseline_vector_search.cql + baseline_traversal.cql,measured,two_call_baseline,0,4.391833,186,TRUE,TRUE
paper-125598-topk-10-depth-2,baseline_vector_search.cql + baseline_traversal.cql,measured,two_call_baseline,0,564.307959,32922,TRUE,TRUE
paper-45604-topk-1-depth-0,baseline_vector_search.cql + baseline_traversal.cql,measured,two_call_baseline,0,1.799916,1,TRUE,TRUE
paper-45604-topk-1-depth-1,baseline_vector_search.cql + baseline_traversal.cql,measured,two_call_baseline,0,5.220875,4,TRUE,TRUE
paper-45604-topk-1-depth-2,baseline_vector_search.cql + baseline_traversal.cql,measured,two_call_baseline,0,6.441334,70,TRUE,TRUE
paper-45604-topk-3-depth-0,baseline_vector_search.cql + baseline_traversal.cql,measured,two_call_baseline,0,1.440000,3,TRUE,TRUE
paper-45604-topk-3-depth-1,baseline_vector_search.cql + baseline_traversal.cql,measured,two_call_baseline,0,1.404042,9,TRUE,TRUE
paper-45604-topk-3-depth-2,baseline_vector_search.cql + baseline_traversal.cql,measured,two_call_baseline,0,3.274875,122,TRUE,TRUE
paper-45604-topk-5-depth-0,baseline_vector_search.cql + baseline_traversal.cql,measured,two_call_baseline,0,1.467750,5,TRUE,TRUE
paper-45604-topk-5-depth-1,baseline_vector_search.cql + baseline_traversal.cql,measured,two_call_baseline,0,1.827209,28,TRUE,TRUE
paper-45604-topk-5-depth-2,baseline_vector_search.cql + baseline_traversal.cql,measured,two_call_baseline,0,5.566459,266,TRUE,TRUE
paper-45604-topk-10-depth-0,baseline_vector_search.cql + baseline_traversal.cql,measured,two_call_baseline,0,1.878583,10,TRUE,TRUE
paper-45604-topk-10-depth-1,baseline_vector_search.cql + baseline_traversal.cql,measured,two_call_baseline,0,2.615792,58,TRUE,TRUE
paper-45604-topk-10-depth-2,baseline_vector_search.cql + baseline_traversal.cql,measured,two_call_baseline,0,10.366583,539,TRUE,TRUE
paper-122948-topk-1-depth-0,baseline_vector_search.cql + baseline_traversal.cql,measured,two_call_baseline,0,1.280458,1,TRUE,TRUE
paper-122948-topk-1-depth-1,baseline_vector_search.cql + baseline_traversal.cql,measured,two_call_baseline,0,1.534584,21,TRUE,TRUE
paper-122948-topk-1-depth-2,baseline_vector_search.cql + baseline_traversal.cql,measured,two_call_baseline,0,247.294584,15550,TRUE,TRUE
paper-122948-topk-3-depth-0,baseline_vector_search.cql + baseline_traversal.cql,measured,two_call_baseline,0,1.353166,3,TRUE,TRUE
paper-122948-topk-3-depth-1,baseline_vector_search.cql + baseline_traversal.cql,measured,two_call_baseline,0,2.186833,58,TRUE,TRUE
paper-122948-topk-3-depth-2,baseline_vector_search.cql + baseline_traversal.cql,measured,two_call_baseline,0,505.342542,31020,TRUE,TRUE
paper-122948-topk-5-depth-0,baseline_vector_search.cql + baseline_traversal.cql,measured,two_call_baseline,0,1.634875,5,TRUE,TRUE
paper-122948-topk-5-depth-1,baseline_vector_search.cql + baseline_traversal.cql,measured,two_call_baseline,0,2.988667,84,TRUE,TRUE
paper-122948-topk-5-depth-2,baseline_vector_search.cql + baseline_traversal.cql,measured,two_call_baseline,0,544.850375,33048,TRUE,TRUE
paper-122948-topk-10-depth-0,baseline_vector_search.cql + baseline_traversal.cql,measured,two_call_baseline,0,1.956625,10,TRUE,TRUE
paper-122948-topk-10-depth-1,baseline_vector_search.cql + baseline_traversal.cql,measured,two_call_baseline,0,4.405916,172,TRUE,TRUE
paper-122948-topk-10-depth-2,baseline_vector_search.cql + baseline_traversal.cql,measured,two_call_baseline,0,621.201667,36893,TRUE,TRUE
paper-47236-topk-1-depth-0,baseline_vector_search.cql + baseline_traversal.cql,measured,two_call_baseline,0,1.451541,1,TRUE,TRUE
paper-47236-topk-1-depth-1,baseline_vector_search.cql + baseline_traversal.cql,measured,two_call_baseline,0,1.369458,11,TRUE,TRUE
paper-47236-topk-1-depth-2,baseline_vector_search.cql + baseline_traversal.cql,measured,two_call_baseline,0,3.942667,176,TRUE,TRUE
paper-47236-topk-3-depth-0,baseline_vector_search.cql + baseline_traversal.cql,measured,two_call_baseline,0,1.389834,3,TRUE,TRUE
paper-47236-topk-3-depth-1,baseline_vector_search.cql + baseline_traversal.cql,measured,two_call_baseline,0,2.123292,55,TRUE,TRUE
paper-47236-topk-3-depth-2,baseline_vector_search.cql + baseline_traversal.cql,measured,two_call_baseline,0,13.783334,818,TRUE,TRUE
paper-47236-topk-5-depth-0,baseline_vector_search.cql + baseline_traversal.cql,measured,two_call_baseline,0,1.519708,5,TRUE,TRUE
paper-47236-topk-5-depth-1,baseline_vector_search.cql + baseline_traversal.cql,measured,two_call_baseline,0,3.041208,101,TRUE,TRUE
paper-47236-topk-5-depth-2,baseline_vector_search.cql + baseline_traversal.cql,measured,two_call_baseline,0,25.189500,1552,TRUE,TRUE
paper-47236-topk-10-depth-0,baseline_vector_search.cql + baseline_traversal.cql,measured,two_call_baseline,0,1.821834,10,TRUE,TRUE
paper-47236-topk-10-depth-1,baseline_vector_search.cql + baseline_traversal.cql,measured,two_call_baseline,0,3.907666,139,TRUE,TRUE
paper-47236-topk-10-depth-2,baseline_vector_search.cql + baseline_traversal.cql,measured,two_call_baseline,0,31.608417,1940,TRUE,TRUE
paper-34312-topk-1-depth-0,baseline_vector_search.cql + baseline_traversal.cql,measured,two_call_baseline,0,1.338458,1,TRUE,TRUE
paper-34312-topk-1-depth-1,baseline_vector_search.cql + baseline_traversal.cql,measured,two_call_baseline,0,1.191708,2,TRUE,TRUE
paper-34312-topk-1-depth-2,baseline_vector_search.cql + baseline_traversal.cql,measured,two_call_baseline,0,1.836833,41,TRUE,TRUE
paper-34312-topk-3-depth-0,baseline_vector_search.cql + baseline_traversal.cql,measured,two_call_baseline,0,1.281375,3,TRUE,TRUE
paper-34312-topk-3-depth-1,baseline_vector_search.cql + baseline_traversal.cql,measured,two_call_baseline,0,1.487958,18,TRUE,TRUE
paper-34312-topk-3-depth-2,baseline_vector_search.cql + baseline_traversal.cql,measured,two_call_baseline,0,52.761125,3271,TRUE,TRUE
paper-34312-topk-5-depth-0,baseline_vector_search.cql + baseline_traversal.cql,measured,two_call_baseline,0,1.483125,5,TRUE,TRUE
paper-34312-topk-5-depth-1,baseline_vector_search.cql + baseline_traversal.cql,measured,two_call_baseline,0,2.101250,47,TRUE,TRUE
paper-34312-topk-5-depth-2,baseline_vector_search.cql + baseline_traversal.cql,measured,two_call_baseline,0,335.693209,20600,TRUE,TRUE
paper-34312-topk-10-depth-0,baseline_vector_search.cql + baseline_traversal.cql,measured,two_call_baseline,0,1.952791,10,TRUE,TRUE
paper-34312-topk-10-depth-1,baseline_vector_search.cql + baseline_traversal.cql,measured,two_call_baseline,0,3.471959,104,TRUE,TRUE
paper-34312-topk-10-depth-2,baseline_vector_search.cql + baseline_traversal.cql,measured,two_call_baseline,0,514.612708,31232,TRUE,TRUE
paper-46465-topk-1-depth-0,baseline_vector_search.cql + baseline_traversal.cql,measured,two_call_baseline,0,1.293958,1,TRUE,TRUE
paper-46465-topk-1-depth-1,baseline_vector_search.cql + baseline_traversal.cql,measured,two_call_baseline,0,1.561750,23,TRUE,TRUE
paper-46465-topk-1-depth-2,baseline_vector_search.cql + baseline_traversal.cql,measured,two_call_baseline,0,76.277667,4804,TRUE,TRUE
paper-46465-topk-3-depth-0,baseline_vector_search.cql + baseline_traversal.cql,measured,two_call_baseline,0,1.368375,3,TRUE,TRUE
paper-46465-topk-3-depth-1,baseline_vector_search.cql + baseline_traversal.cql,measured,two_call_baseline,0,2.038542,53,TRUE,TRUE
paper-46465-topk-3-depth-2,baseline_vector_search.cql + baseline_traversal.cql,measured,two_call_baseline,0,237.995542,14950,TRUE,TRUE
paper-46465-topk-5-depth-0,baseline_vector_search.cql + baseline_traversal.cql,measured,two_call_baseline,0,1.532750,5,TRUE,TRUE
paper-46465-topk-5-depth-1,baseline_vector_search.cql + baseline_traversal.cql,measured,two_call_baseline,0,2.636750,81,TRUE,TRUE
paper-46465-topk-5-depth-2,baseline_vector_search.cql + baseline_traversal.cql,measured,two_call_baseline,0,495.316292,29712,TRUE,TRUE
paper-46465-topk-10-depth-0,baseline_vector_search.cql + baseline_traversal.cql,measured,two_call_baseline,0,1.828750,10,TRUE,TRUE
paper-46465-topk-10-depth-1,baseline_vector_search.cql + baseline_traversal.cql,measured,two_call_baseline,0,6.457625,312,TRUE,TRUE
paper-46465-topk-10-depth-2,baseline_vector_search.cql + baseline_traversal.cql,measured,two_call_baseline,0,580.656834,34271,TRUE,TRUE
paper-165955-topk-1-depth-0,baseline_vector_search.cql + baseline_traversal.cql,measured,two_call_baseline,0,1.276709,1,TRUE,TRUE
paper-165955-topk-1-depth-1,baseline_vector_search.cql + baseline_traversal.cql,measured,two_call_baseline,0,1.350125,13,TRUE,TRUE
paper-165955-topk-1-depth-2,baseline_vector_search.cql + baseline_traversal.cql,measured,two_call_baseline,0,3.410375,147,TRUE,TRUE
paper-165955-topk-3-depth-0,baseline_vector_search.cql + baseline_traversal.cql,measured,two_call_baseline,0,1.257375,3,TRUE,TRUE
paper-165955-topk-3-depth-1,baseline_vector_search.cql + baseline_traversal.cql,measured,two_call_baseline,0,1.667583,23,TRUE,TRUE
paper-165955-topk-3-depth-2,baseline_vector_search.cql + baseline_traversal.cql,measured,two_call_baseline,0,7.318209,387,TRUE,TRUE
paper-165955-topk-5-depth-0,baseline_vector_search.cql + baseline_traversal.cql,measured,two_call_baseline,0,1.367667,5,TRUE,TRUE
paper-165955-topk-5-depth-1,baseline_vector_search.cql + baseline_traversal.cql,measured,two_call_baseline,0,1.790208,37,TRUE,TRUE
paper-165955-topk-5-depth-2,baseline_vector_search.cql + baseline_traversal.cql,measured,two_call_baseline,0,18.401208,1069,TRUE,TRUE
paper-165955-topk-10-depth-0,baseline_vector_search.cql + baseline_traversal.cql,measured,two_call_baseline,0,1.597541,10,TRUE,TRUE
paper-165955-topk-10-depth-1,baseline_vector_search.cql + baseline_traversal.cql,measured,two_call_baseline,0,2.610333,77,TRUE,TRUE
paper-165955-topk-10-depth-2,baseline_vector_search.cql + baseline_traversal.cql,measured,two_call_baseline,0,28.722459,1742,TRUE,TRUE
paper-50390-topk-1-depth-0,baseline_vector_search.cql + baseline_traversal.cql,measured,two_call_baseline,0,1.223625,1,TRUE,TRUE
paper-50390-topk-1-depth-1,baseline_vector_search.cql + baseline_traversal.cql,measured,two_call_baseline,0,1.396125,10,TRUE,TRUE
paper-50390-topk-1-depth-2,baseline_vector_search.cql + baseline_traversal.cql,measured,two_call_baseline,0,43.938833,2773,TRUE,TRUE
paper-50390-topk-3-depth-0,baseline_vector_search.cql + baseline_traversal.cql,measured,two_call_baseline,0,9.221917,3,TRUE,TRUE
paper-50390-topk-3-depth-1,baseline_vector_search.cql + baseline_traversal.cql,measured,two_call_baseline,0,1.697250,28,TRUE,TRUE
paper-50390-topk-3-depth-2,baseline_vector_search.cql + baseline_traversal.cql,measured,two_call_baseline,0,317.632958,19448,TRUE,TRUE
paper-50390-topk-5-depth-0,baseline_vector_search.cql + baseline_traversal.cql,measured,two_call_baseline,0,1.497833,5,TRUE,TRUE
paper-50390-topk-5-depth-1,baseline_vector_search.cql + baseline_traversal.cql,measured,two_call_baseline,0,3.205667,113,TRUE,TRUE
paper-50390-topk-5-depth-2,baseline_vector_search.cql + baseline_traversal.cql,measured,two_call_baseline,0,517.437875,31393,TRUE,TRUE
paper-50390-topk-10-depth-0,baseline_vector_search.cql + baseline_traversal.cql,measured,two_call_baseline,0,2.165375,10,TRUE,TRUE
paper-50390-topk-10-depth-1,baseline_vector_search.cql + baseline_traversal.cql,measured,two_call_baseline,0,4.742041,196,TRUE,TRUE
paper-50390-topk-10-depth-2,baseline_vector_search.cql + baseline_traversal.cql,measured,two_call_baseline,0,666.920000,39397,TRUE,TRUE
paper-138441-topk-1-depth-0,baseline_vector_search.cql + baseline_traversal.cql,measured,two_call_baseline,0,1.237917,1,TRUE,TRUE
paper-138441-topk-1-depth-1,baseline_vector_search.cql + baseline_traversal.cql,measured,two_call_baseline,0,1.457334,16,TRUE,TRUE
paper-138441-topk-1-depth-2,baseline_vector_search.cql + baseline_traversal.cql,measured,two_call_baseline,0,3.833292,167,TRUE,TRUE
paper-138441-topk-3-depth-0,baseline_vector_search.cql + baseline_traversal.cql,measured,two_call_baseline,0,1.314375,3,TRUE,TRUE
paper-138441-topk-3-depth-1,baseline_vector_search.cql + baseline_traversal.cql,measured,two_call_baseline,0,1.562833,25,TRUE,TRUE
paper-138441-topk-3-depth-2,baseline_vector_search.cql + baseline_traversal.cql,measured,two_call_baseline,0,5.257709,264,TRUE,TRUE
paper-138441-topk-5-depth-0,baseline_vector_search.cql + baseline_traversal.cql,measured,two_call_baseline,0,1.344416,5,TRUE,TRUE
paper-138441-topk-5-depth-1,baseline_vector_search.cql + baseline_traversal.cql,measured,two_call_baseline,0,2.178667,61,TRUE,TRUE
paper-138441-topk-5-depth-2,baseline_vector_search.cql + baseline_traversal.cql,measured,two_call_baseline,0,9.229750,520,TRUE,TRUE
paper-138441-topk-10-depth-0,baseline_vector_search.cql + baseline_traversal.cql,measured,two_call_baseline,0,1.690750,10,TRUE,TRUE
paper-138441-topk-10-depth-1,baseline_vector_search.cql + baseline_traversal.cql,measured,two_call_baseline,0,3.494500,129,TRUE,TRUE
paper-138441-topk-10-depth-2,baseline_vector_search.cql + baseline_traversal.cql,measured,two_call_baseline,0,35.597958,2178,TRUE,TRUE
paper-128943-topk-1-depth-0,baseline_vector_search.cql + baseline_traversal.cql,measured,two_call_baseline,0,1.186750,1,TRUE,TRUE
paper-128943-topk-1-depth-1,baseline_vector_search.cql + baseline_traversal.cql,measured,two_call_baseline,0,1.291000,12,TRUE,TRUE
paper-128943-topk-1-depth-2,baseline_vector_search.cql + baseline_traversal.cql,measured,two_call_baseline,0,308.566792,19361,TRUE,TRUE
paper-128943-topk-3-depth-0,baseline_vector_search.cql + baseline_traversal.cql,measured,two_call_baseline,0,1.610500,3,TRUE,TRUE
paper-128943-topk-3-depth-1,baseline_vector_search.cql + baseline_traversal.cql,measured,two_call_baseline,0,1.483833,19,TRUE,TRUE
paper-128943-topk-3-depth-2,baseline_vector_search.cql + baseline_traversal.cql,measured,two_call_baseline,0,324.211041,19610,TRUE,TRUE
paper-128943-topk-5-depth-0,baseline_vector_search.cql + baseline_traversal.cql,measured,two_call_baseline,0,1.571750,5,TRUE,TRUE
paper-128943-topk-5-depth-1,baseline_vector_search.cql + baseline_traversal.cql,measured,two_call_baseline,0,2.296333,49,TRUE,TRUE
paper-128943-topk-5-depth-2,baseline_vector_search.cql + baseline_traversal.cql,measured,two_call_baseline,0,394.232625,24086,TRUE,TRUE
paper-128943-topk-10-depth-0,baseline_vector_search.cql + baseline_traversal.cql,measured,two_call_baseline,0,1.695375,10,TRUE,TRUE
paper-128943-topk-10-depth-1,baseline_vector_search.cql + baseline_traversal.cql,measured,two_call_baseline,0,3.214292,110,TRUE,TRUE
paper-128943-topk-10-depth-2,baseline_vector_search.cql + baseline_traversal.cql,measured,two_call_baseline,0,603.201958,36417,TRUE,TRUE
paper-134693-topk-1-depth-0,baseline_vector_search.cql + baseline_traversal.cql,measured,two_call_baseline,0,1.194917,1,TRUE,TRUE
paper-134693-topk-1-depth-1,baseline_vector_search.cql + baseline_traversal.cql,measured,two_call_baseline,0,2.007583,52,TRUE,TRUE
paper-134693-topk-1-depth-2,baseline_vector_search.cql + baseline_traversal.cql,measured,two_call_baseline,0,397.119500,24698,TRUE,TRUE
paper-134693-topk-3-depth-0,baseline_vector_search.cql + baseline_traversal.cql,measured,two_call_baseline,0,1.436291,3,TRUE,TRUE
paper-134693-topk-3-depth-1,baseline_vector_search.cql + baseline_traversal.cql,measured,two_call_baseline,0,2.881208,102,TRUE,TRUE
paper-134693-topk-3-depth-2,baseline_vector_search.cql + baseline_traversal.cql,measured,two_call_baseline,0,571.542125,34256,TRUE,TRUE
paper-134693-topk-5-depth-0,baseline_vector_search.cql + baseline_traversal.cql,measured,two_call_baseline,0,1.558500,5,TRUE,TRUE
paper-134693-topk-5-depth-1,baseline_vector_search.cql + baseline_traversal.cql,measured,two_call_baseline,0,3.218792,108,TRUE,TRUE
paper-134693-topk-5-depth-2,baseline_vector_search.cql + baseline_traversal.cql,measured,two_call_baseline,0,582.900000,34267,TRUE,TRUE
paper-134693-topk-10-depth-0,baseline_vector_search.cql + baseline_traversal.cql,measured,two_call_baseline,0,1.876459,10,TRUE,TRUE
paper-134693-topk-10-depth-1,baseline_vector_search.cql + baseline_traversal.cql,measured,two_call_baseline,0,3.929875,147,TRUE,TRUE
paper-134693-topk-10-depth-2,baseline_vector_search.cql + baseline_traversal.cql,measured,two_call_baseline,0,606.583667,34785,TRUE,TRUE
paper-43177-topk-1-depth-0,baseline_vector_search.cql + baseline_traversal.cql,measured,two_call_baseline,0,1.317584,1,TRUE,TRUE
paper-43177-topk-1-depth-1,baseline_vector_search.cql + baseline_traversal.cql,measured,two_call_baseline,0,1.249542,2,TRUE,TRUE
paper-43177-topk-1-depth-2,baseline_vector_search.cql + baseline_traversal.cql,measured,two_call_baseline,0,4.424208,210,TRUE,TRUE
paper-43177-topk-3-depth-0,baseline_vector_search.cql + baseline_traversal.cql,measured,two_call_baseline,0,1.346667,3,TRUE,TRUE
paper-43177-topk-3-depth-1,baseline_vector_search.cql + baseline_traversal.cql,measured,two_call_baseline,0,1.790500,34,TRUE,TRUE
paper-43177-topk-3-depth-2,baseline_vector_search.cql + baseline_traversal.cql,measured,two_call_baseline,0,66.167375,4131,TRUE,TRUE
paper-43177-topk-5-depth-0,baseline_vector_search.cql + baseline_traversal.cql,measured,two_call_baseline,0,1.476583,5,TRUE,TRUE
paper-43177-topk-5-depth-1,baseline_vector_search.cql + baseline_traversal.cql,measured,two_call_baseline,0,2.375625,65,TRUE,TRUE
paper-43177-topk-5-depth-2,baseline_vector_search.cql + baseline_traversal.cql,measured,two_call_baseline,0,304.241125,18789,TRUE,TRUE
paper-43177-topk-10-depth-0,baseline_vector_search.cql + baseline_traversal.cql,measured,two_call_baseline,0,1.784458,10,TRUE,TRUE
paper-43177-topk-10-depth-1,baseline_vector_search.cql + baseline_traversal.cql,measured,two_call_baseline,0,3.049833,89,TRUE,TRUE
paper-43177-topk-10-depth-2,baseline_vector_search.cql + baseline_traversal.cql,measured,two_call_baseline,0,453.451500,27786,TRUE,TRUE
paper-52651-topk-1-depth-0,baseline_vector_search.cql + baseline_traversal.cql,measured,two_call_baseline,0,1.269167,1,TRUE,TRUE
paper-52651-topk-1-depth-1,baseline_vector_search.cql + baseline_traversal.cql,measured,two_call_baseline,0,1.328958,6,TRUE,TRUE
paper-52651-topk-1-depth-2,baseline_vector_search.cql + baseline_traversal.cql,measured,two_call_baseline,0,1.564000,25,TRUE,TRUE
paper-52651-topk-3-depth-0,baseline_vector_search.cql + baseline_traversal.cql,measured,two_call_baseline,0,1.504625,3,TRUE,TRUE
paper-52651-topk-3-depth-1,baseline_vector_search.cql + baseline_traversal.cql,measured,two_call_baseline,0,1.465583,12,TRUE,TRUE
paper-52651-topk-3-depth-2,baseline_vector_search.cql + baseline_traversal.cql,measured,two_call_baseline,0,1.893542,40,TRUE,TRUE
paper-52651-topk-5-depth-0,baseline_vector_search.cql + baseline_traversal.cql,measured,two_call_baseline,0,1.467083,5,TRUE,TRUE
paper-52651-topk-5-depth-1,baseline_vector_search.cql + baseline_traversal.cql,measured,two_call_baseline,0,1.715709,18,TRUE,TRUE
paper-52651-topk-5-depth-2,baseline_vector_search.cql + baseline_traversal.cql,measured,two_call_baseline,0,4.957708,228,TRUE,TRUE
paper-52651-topk-10-depth-0,baseline_vector_search.cql + baseline_traversal.cql,measured,two_call_baseline,0,1.770209,10,TRUE,TRUE
paper-52651-topk-10-depth-1,baseline_vector_search.cql + baseline_traversal.cql,measured,two_call_baseline,0,2.307000,37,TRUE,TRUE
paper-52651-topk-10-depth-2,baseline_vector_search.cql + baseline_traversal.cql,measured,two_call_baseline,0,8.584375,448,TRUE,TRUE
paper-155548-topk-1-depth-0,baseline_vector_search.cql + baseline_traversal.cql,measured,two_call_baseline,0,1.206208,1,TRUE,TRUE
paper-155548-topk-1-depth-1,baseline_vector_search.cql + baseline_traversal.cql,measured,two_call_baseline,0,1.286625,2,TRUE,TRUE
paper-155548-topk-1-depth-2,baseline_vector_search.cql + baseline_traversal.cql,measured,two_call_baseline,0,1.261625,5,TRUE,TRUE
paper-155548-topk-3-depth-0,baseline_vector_search.cql + baseline_traversal.cql,measured,two_call_baseline,0,1.357291,3,TRUE,TRUE
paper-155548-topk-3-depth-1,baseline_vector_search.cql + baseline_traversal.cql,measured,two_call_baseline,0,1.513958,14,TRUE,TRUE
paper-155548-topk-3-depth-2,baseline_vector_search.cql + baseline_traversal.cql,measured,two_call_baseline,0,237.452667,14965,TRUE,TRUE
paper-155548-topk-5-depth-0,baseline_vector_search.cql + baseline_traversal.cql,measured,two_call_baseline,0,1.532875,5,TRUE,TRUE
paper-155548-topk-5-depth-1,baseline_vector_search.cql + baseline_traversal.cql,measured,two_call_baseline,0,2.155500,52,TRUE,TRUE
paper-155548-topk-5-depth-2,baseline_vector_search.cql + baseline_traversal.cql,measured,two_call_baseline,0,280.047209,17489,TRUE,TRUE
paper-155548-topk-10-depth-0,baseline_vector_search.cql + baseline_traversal.cql,measured,two_call_baseline,0,2.347833,10,TRUE,TRUE
paper-155548-topk-10-depth-1,baseline_vector_search.cql + baseline_traversal.cql,measured,two_call_baseline,0,3.238750,91,TRUE,TRUE
paper-155548-topk-10-depth-2,baseline_vector_search.cql + baseline_traversal.cql,measured,two_call_baseline,0,503.896000,30862,TRUE,TRUE
paper-117096-topk-1-depth-0,baseline_vector_search.cql + baseline_traversal.cql,measured,two_call_baseline,0,1.329958,1,TRUE,TRUE
paper-117096-topk-1-depth-1,baseline_vector_search.cql + baseline_traversal.cql,measured,two_call_baseline,0,1.236750,4,TRUE,TRUE
paper-117096-topk-1-depth-2,baseline_vector_search.cql + baseline_traversal.cql,measured,two_call_baseline,0,2.391708,74,TRUE,TRUE
paper-117096-topk-3-depth-0,baseline_vector_search.cql + baseline_traversal.cql,measured,two_call_baseline,0,1.292209,3,TRUE,TRUE
paper-117096-topk-3-depth-1,baseline_vector_search.cql + baseline_traversal.cql,measured,two_call_baseline,0,1.341000,12,TRUE,TRUE
paper-117096-topk-3-depth-2,baseline_vector_search.cql + baseline_traversal.cql,measured,two_call_baseline,0,3.263167,129,TRUE,TRUE
paper-117096-topk-5-depth-0,baseline_vector_search.cql + baseline_traversal.cql,measured,two_call_baseline,0,1.389667,5,TRUE,TRUE
paper-117096-topk-5-depth-1,baseline_vector_search.cql + baseline_traversal.cql,measured,two_call_baseline,0,2.245833,54,TRUE,TRUE
paper-117096-topk-5-depth-2,baseline_vector_search.cql + baseline_traversal.cql,measured,two_call_baseline,0,56.067000,3483,TRUE,TRUE
paper-117096-topk-10-depth-0,baseline_vector_search.cql + baseline_traversal.cql,measured,two_call_baseline,0,1.807750,10,TRUE,TRUE
paper-117096-topk-10-depth-1,baseline_vector_search.cql + baseline_traversal.cql,measured,two_call_baseline,0,3.581625,120,TRUE,TRUE
paper-117096-topk-10-depth-2,baseline_vector_search.cql + baseline_traversal.cql,measured,two_call_baseline,0,452.163000,28004,TRUE,TRUE
paper-3867-topk-1-depth-0,baseline_vector_search.cql + baseline_traversal.cql,measured,two_call_baseline,0,1.236000,1,TRUE,TRUE
paper-3867-topk-1-depth-1,baseline_vector_search.cql + baseline_traversal.cql,measured,two_call_baseline,0,1.555083,25,TRUE,TRUE
paper-3867-topk-1-depth-2,baseline_vector_search.cql + baseline_traversal.cql,measured,two_call_baseline,0,95.060083,5961,TRUE,TRUE
paper-3867-topk-3-depth-0,baseline_vector_search.cql + baseline_traversal.cql,measured,two_call_baseline,0,1.477583,3,TRUE,TRUE
paper-3867-topk-3-depth-1,baseline_vector_search.cql + baseline_traversal.cql,measured,two_call_baseline,0,2.450625,72,TRUE,TRUE
paper-3867-topk-3-depth-2,baseline_vector_search.cql + baseline_traversal.cql,measured,two_call_baseline,0,467.144334,28979,TRUE,TRUE
paper-3867-topk-5-depth-0,baseline_vector_search.cql + baseline_traversal.cql,measured,two_call_baseline,0,1.417916,5,TRUE,TRUE
paper-3867-topk-5-depth-1,baseline_vector_search.cql + baseline_traversal.cql,measured,two_call_baseline,0,5.222209,243,TRUE,TRUE
paper-3867-topk-5-depth-2,baseline_vector_search.cql + baseline_traversal.cql,measured,two_call_baseline,0,578.322000,35501,TRUE,TRUE
paper-3867-topk-10-depth-0,baseline_vector_search.cql + baseline_traversal.cql,measured,two_call_baseline,0,1.981500,10,TRUE,TRUE
paper-3867-topk-10-depth-1,baseline_vector_search.cql + baseline_traversal.cql,measured,two_call_baseline,0,6.289209,303,TRUE,TRUE
paper-3867-topk-10-depth-2,baseline_vector_search.cql + baseline_traversal.cql,measured,two_call_baseline,0,665.134750,39620,TRUE,TRUE
paper-20390-topk-1-depth-0,baseline_vector_search.cql + baseline_traversal.cql,measured,two_call_baseline,0,1.262375,1,TRUE,TRUE
paper-20390-topk-1-depth-1,baseline_vector_search.cql + baseline_traversal.cql,measured,two_call_baseline,0,1.389167,8,TRUE,TRUE
paper-20390-topk-1-depth-2,baseline_vector_search.cql + baseline_traversal.cql,measured,two_call_baseline,0,1.685625,28,TRUE,TRUE
paper-20390-topk-3-depth-0,baseline_vector_search.cql + baseline_traversal.cql,measured,two_call_baseline,0,1.382708,3,TRUE,TRUE
paper-20390-topk-3-depth-1,baseline_vector_search.cql + baseline_traversal.cql,measured,two_call_baseline,0,1.743792,26,TRUE,TRUE
paper-20390-topk-3-depth-2,baseline_vector_search.cql + baseline_traversal.cql,measured,two_call_baseline,0,3.528083,132,TRUE,TRUE
paper-20390-topk-5-depth-0,baseline_vector_search.cql + baseline_traversal.cql,measured,two_call_baseline,0,1.484167,5,TRUE,TRUE
paper-20390-topk-5-depth-1,baseline_vector_search.cql + baseline_traversal.cql,measured,two_call_baseline,0,2.123792,41,TRUE,TRUE
paper-20390-topk-5-depth-2,baseline_vector_search.cql + baseline_traversal.cql,measured,two_call_baseline,0,19.639625,1191,TRUE,TRUE
paper-20390-topk-10-depth-0,baseline_vector_search.cql + baseline_traversal.cql,measured,two_call_baseline,0,1.770750,10,TRUE,TRUE
paper-20390-topk-10-depth-1,baseline_vector_search.cql + baseline_traversal.cql,measured,two_call_baseline,0,3.019584,93,TRUE,TRUE
paper-20390-topk-10-depth-2,baseline_vector_search.cql + baseline_traversal.cql,measured,two_call_baseline,0,26.132750,1567,TRUE,TRUE
paper-148696-topk-1-depth-0,baseline_vector_search.cql + baseline_traversal.cql,measured,two_call_baseline,0,1.204416,1,TRUE,TRUE
paper-148696-topk-1-depth-1,baseline_vector_search.cql + baseline_traversal.cql,measured,two_call_baseline,0,1.247666,10,TRUE,TRUE
paper-148696-topk-1-depth-2,baseline_vector_search.cql + baseline_traversal.cql,measured,two_call_baseline,0,8.214625,388,TRUE,TRUE
paper-148696-topk-3-depth-0,baseline_vector_search.cql + baseline_traversal.cql,measured,two_call_baseline,0,1.318333,3,TRUE,TRUE
paper-148696-topk-3-depth-1,baseline_vector_search.cql + baseline_traversal.cql,measured,two_call_baseline,0,2.112792,54,TRUE,TRUE
paper-148696-topk-3-depth-2,baseline_vector_search.cql + baseline_traversal.cql,measured,two_call_baseline,0,13.728416,823,TRUE,TRUE
paper-148696-topk-5-depth-0,baseline_vector_search.cql + baseline_traversal.cql,measured,two_call_baseline,0,1.392500,5,TRUE,TRUE
paper-148696-topk-5-depth-1,baseline_vector_search.cql + baseline_traversal.cql,measured,two_call_baseline,0,2.715416,75,TRUE,TRUE
paper-148696-topk-5-depth-2,baseline_vector_search.cql + baseline_traversal.cql,measured,two_call_baseline,0,23.184792,1426,TRUE,TRUE
paper-148696-topk-10-depth-0,baseline_vector_search.cql + baseline_traversal.cql,measured,two_call_baseline,0,1.773250,10,TRUE,TRUE
paper-148696-topk-10-depth-1,baseline_vector_search.cql + baseline_traversal.cql,measured,two_call_baseline,0,3.701584,133,TRUE,TRUE
paper-148696-topk-10-depth-2,baseline_vector_search.cql + baseline_traversal.cql,measured,two_call_baseline,0,37.705625,2269,TRUE,TRUE
paper-126765-topk-1-depth-0,baseline_vector_search.cql + baseline_traversal.cql,measured,two_call_baseline,0,1.183459,1,TRUE,TRUE
paper-126765-topk-1-depth-1,baseline_vector_search.cql + baseline_traversal.cql,measured,two_call_baseline,0,1.153250,3,TRUE,TRUE
paper-126765-topk-1-depth-2,baseline_vector_search.cql + baseline_traversal.cql,measured,two_call_baseline,0,1.188375,7,TRUE,TRUE
paper-126765-topk-3-depth-0,baseline_vector_search.cql + baseline_traversal.cql,measured,two_call_baseline,0,1.256666,3,TRUE,TRUE
paper-126765-topk-3-depth-1,baseline_vector_search.cql + baseline_traversal.cql,measured,two_call_baseline,0,1.603125,28,TRUE,TRUE
paper-126765-topk-3-depth-2,baseline_vector_search.cql + baseline_traversal.cql,measured,two_call_baseline,0,4.579125,215,TRUE,TRUE
paper-126765-topk-5-depth-0,baseline_vector_search.cql + baseline_traversal.cql,measured,two_call_baseline,0,1.385750,5,TRUE,TRUE
paper-126765-topk-5-depth-1,baseline_vector_search.cql + baseline_traversal.cql,measured,two_call_baseline,0,2.132584,57,TRUE,TRUE
paper-126765-topk-5-depth-2,baseline_vector_search.cql + baseline_traversal.cql,measured,two_call_baseline,0,7.647209,389,TRUE,TRUE
paper-126765-topk-10-depth-0,baseline_vector_search.cql + baseline_traversal.cql,measured,two_call_baseline,0,1.790583,10,TRUE,TRUE
paper-126765-topk-10-depth-1,baseline_vector_search.cql + baseline_traversal.cql,measured,two_call_baseline,0,3.103209,94,TRUE,TRUE
paper-126765-topk-10-depth-2,baseline_vector_search.cql + baseline_traversal.cql,measured,two_call_baseline,0,14.541750,850,TRUE,TRUE
paper-93768-topk-1-depth-0,baseline_vector_search.cql + baseline_traversal.cql,measured,two_call_baseline,0,1.194625,1,TRUE,TRUE
paper-93768-topk-1-depth-1,baseline_vector_search.cql + baseline_traversal.cql,measured,two_call_baseline,0,1.226584,5,TRUE,TRUE
paper-93768-topk-1-depth-2,baseline_vector_search.cql + baseline_traversal.cql,measured,two_call_baseline,0,1.368917,17,TRUE,TRUE
paper-93768-topk-3-depth-0,baseline_vector_search.cql + baseline_traversal.cql,measured,two_call_baseline,0,1.238000,3,TRUE,TRUE
paper-93768-topk-3-depth-1,baseline_vector_search.cql + baseline_traversal.cql,measured,two_call_baseline,0,1.532375,23,TRUE,TRUE
paper-93768-topk-3-depth-2,baseline_vector_search.cql + baseline_traversal.cql,measured,two_call_baseline,0,102.488958,6530,TRUE,TRUE
paper-93768-topk-5-depth-0,baseline_vector_search.cql + baseline_traversal.cql,measured,two_call_baseline,0,1.428958,5,TRUE,TRUE
paper-93768-topk-5-depth-1,baseline_vector_search.cql + baseline_traversal.cql,measured,two_call_baseline,0,1.812625,35,TRUE,TRUE
paper-93768-topk-5-depth-2,baseline_vector_search.cql + baseline_traversal.cql,measured,two_call_baseline,0,297.924750,18651,TRUE,TRUE
paper-93768-topk-10-depth-0,baseline_vector_search.cql + baseline_traversal.cql,measured,two_call_baseline,0,1.725833,10,TRUE,TRUE
paper-93768-topk-10-depth-1,baseline_vector_search.cql + baseline_traversal.cql,measured,two_call_baseline,0,2.349166,53,TRUE,TRUE
paper-93768-topk-10-depth-2,baseline_vector_search.cql + baseline_traversal.cql,measured,two_call_baseline,0,308.938792,19191,TRUE,TRUE
paper-163426-topk-1-depth-0,baseline_vector_search.cql + baseline_traversal.cql,measured,two_call_baseline,0,1.234917,1,TRUE,TRUE
paper-163426-topk-1-depth-1,baseline_vector_search.cql + baseline_traversal.cql,measured,two_call_baseline,0,1.533250,21,TRUE,TRUE
paper-163426-topk-1-depth-2,baseline_vector_search.cql + baseline_traversal.cql,measured,two_call_baseline,0,241.486500,15102,TRUE,TRUE
paper-163426-topk-3-depth-0,baseline_vector_search.cql + baseline_traversal.cql,measured,two_call_baseline,0,1.422167,3,TRUE,TRUE
paper-163426-topk-3-depth-1,baseline_vector_search.cql + baseline_traversal.cql,measured,two_call_baseline,0,2.015042,44,TRUE,TRUE
paper-163426-topk-3-depth-2,baseline_vector_search.cql + baseline_traversal.cql,measured,two_call_baseline,0,250.772917,15600,TRUE,TRUE
paper-163426-topk-5-depth-0,baseline_vector_search.cql + baseline_traversal.cql,measured,two_call_baseline,0,1.546541,5,TRUE,TRUE
paper-163426-topk-5-depth-1,baseline_vector_search.cql + baseline_traversal.cql,measured,two_call_baseline,0,3.924208,159,TRUE,TRUE
paper-163426-topk-5-depth-2,baseline_vector_search.cql + baseline_traversal.cql,measured,two_call_baseline,0,503.834958,30743,TRUE,TRUE
paper-163426-topk-10-depth-0,baseline_vector_search.cql + baseline_traversal.cql,measured,two_call_baseline,0,1.863709,10,TRUE,TRUE
paper-163426-topk-10-depth-1,baseline_vector_search.cql + baseline_traversal.cql,measured,two_call_baseline,0,5.336042,235,TRUE,TRUE
paper-163426-topk-10-depth-2,baseline_vector_search.cql + baseline_traversal.cql,measured,two_call_baseline,0,567.407791,33968,TRUE,TRUE
paper-46013-topk-1-depth-0,baseline_vector_search.cql + baseline_traversal.cql,measured,two_call_baseline,0,1.236083,1,TRUE,TRUE
paper-46013-topk-1-depth-1,baseline_vector_search.cql + baseline_traversal.cql,measured,two_call_baseline,0,1.749291,29,TRUE,TRUE
paper-46013-topk-1-depth-2,baseline_vector_search.cql + baseline_traversal.cql,measured,two_call_baseline,0,208.832458,13205,TRUE,TRUE
paper-46013-topk-3-depth-0,baseline_vector_search.cql + baseline_traversal.cql,measured,two_call_baseline,0,1.305375,3,TRUE,TRUE
paper-46013-topk-3-depth-1,baseline_vector_search.cql + baseline_traversal.cql,measured,two_call_baseline,0,2.192166,59,TRUE,TRUE
paper-46013-topk-3-depth-2,baseline_vector_search.cql + baseline_traversal.cql,measured,two_call_baseline,0,532.255250,32569,TRUE,TRUE
paper-46013-topk-5-depth-0,baseline_vector_search.cql + baseline_traversal.cql,measured,two_call_baseline,0,1.616833,5,TRUE,TRUE
paper-46013-topk-5-depth-1,baseline_vector_search.cql + baseline_traversal.cql,measured,two_call_baseline,0,3.813959,138,TRUE,TRUE
paper-46013-topk-5-depth-2,baseline_vector_search.cql + baseline_traversal.cql,measured,two_call_baseline,0,568.751500,34646,TRUE,TRUE
paper-46013-topk-10-depth-0,baseline_vector_search.cql + baseline_traversal.cql,measured,two_call_baseline,0,2.123542,10,TRUE,TRUE
paper-46013-topk-10-depth-1,baseline_vector_search.cql + baseline_traversal.cql,measured,two_call_baseline,0,4.652750,174,TRUE,TRUE
paper-46013-topk-10-depth-2,baseline_vector_search.cql + baseline_traversal.cql,measured,two_call_baseline,0,611.835792,36347,TRUE,TRUE
paper-142487-topk-1-depth-0,baseline_vector_search.cql + baseline_traversal.cql,measured,two_call_baseline,0,1.216000,1,TRUE,TRUE
paper-142487-topk-1-depth-1,baseline_vector_search.cql + baseline_traversal.cql,measured,two_call_baseline,0,1.460667,20,TRUE,TRUE
paper-142487-topk-1-depth-2,baseline_vector_search.cql + baseline_traversal.cql,measured,two_call_baseline,0,81.636625,5187,TRUE,TRUE
paper-142487-topk-3-depth-0,baseline_vector_search.cql + baseline_traversal.cql,measured,two_call_baseline,0,1.331875,3,TRUE,TRUE
paper-142487-topk-3-depth-1,baseline_vector_search.cql + baseline_traversal.cql,measured,two_call_baseline,0,2.833291,95,TRUE,TRUE
paper-142487-topk-3-depth-2,baseline_vector_search.cql + baseline_traversal.cql,measured,two_call_baseline,0,327.981042,20609,TRUE,TRUE
paper-142487-topk-5-depth-0,baseline_vector_search.cql + baseline_traversal.cql,measured,two_call_baseline,0,1.558958,5,TRUE,TRUE
paper-142487-topk-5-depth-1,baseline_vector_search.cql + baseline_traversal.cql,measured,two_call_baseline,0,3.072834,107,TRUE,TRUE
paper-142487-topk-5-depth-2,baseline_vector_search.cql + baseline_traversal.cql,measured,two_call_baseline,0,392.026250,24302,TRUE,TRUE
paper-142487-topk-10-depth-0,baseline_vector_search.cql + baseline_traversal.cql,measured,two_call_baseline,0,1.765708,10,TRUE,TRUE
paper-142487-topk-10-depth-1,baseline_vector_search.cql + baseline_traversal.cql,measured,two_call_baseline,0,3.879833,132,TRUE,TRUE
paper-142487-topk-10-depth-2,baseline_vector_search.cql + baseline_traversal.cql,measured,two_call_baseline,0,403.648500,24979,TRUE,TRUE
paper-106627-topk-1-depth-0,baseline_vector_search.cql + baseline_traversal.cql,measured,two_call_baseline,0,1.318083,1,TRUE,TRUE
paper-106627-topk-1-depth-1,baseline_vector_search.cql + baseline_traversal.cql,measured,two_call_baseline,0,1.253500,7,TRUE,TRUE
paper-106627-topk-1-depth-2,baseline_vector_search.cql + baseline_traversal.cql,measured,two_call_baseline,0,230.938750,14546,TRUE,TRUE
paper-106627-topk-3-depth-0,baseline_vector_search.cql + baseline_traversal.cql,measured,two_call_baseline,0,1.446333,3,TRUE,TRUE
paper-106627-topk-3-depth-1,baseline_vector_search.cql + baseline_traversal.cql,measured,two_call_baseline,0,2.044708,50,TRUE,TRUE
paper-106627-topk-3-depth-2,baseline_vector_search.cql + baseline_traversal.cql,measured,two_call_baseline,0,322.670167,20417,TRUE,TRUE
paper-106627-topk-5-depth-0,baseline_vector_search.cql + baseline_traversal.cql,measured,two_call_baseline,0,1.765792,5,TRUE,TRUE
paper-106627-topk-5-depth-1,baseline_vector_search.cql + baseline_traversal.cql,measured,two_call_baseline,0,2.712833,69,TRUE,TRUE
paper-106627-topk-5-depth-2,baseline_vector_search.cql + baseline_traversal.cql,measured,two_call_baseline,0,334.191000,20868,TRUE,TRUE
paper-106627-topk-10-depth-0,baseline_vector_search.cql + baseline_traversal.cql,measured,two_call_baseline,0,1.996000,10,TRUE,TRUE
paper-106627-topk-10-depth-1,baseline_vector_search.cql + baseline_traversal.cql,measured,two_call_baseline,0,3.669708,121,TRUE,TRUE
paper-106627-topk-10-depth-2,baseline_vector_search.cql + baseline_traversal.cql,measured,two_call_baseline,0,375.983208,23292,TRUE,TRUE
paper-113616-topk-1-depth-0,baseline_vector_search.cql + baseline_traversal.cql,measured,two_call_baseline,0,1.238542,1,TRUE,TRUE
paper-113616-topk-1-depth-1,baseline_vector_search.cql + baseline_traversal.cql,measured,two_call_baseline,0,1.286625,9,TRUE,TRUE
paper-113616-topk-1-depth-2,baseline_vector_search.cql + baseline_traversal.cql,measured,two_call_baseline,0,95.025291,6001,TRUE,TRUE
paper-113616-topk-3-depth-0,baseline_vector_search.cql + baseline_traversal.cql,measured,two_call_baseline,0,1.343667,3,TRUE,TRUE
paper-113616-topk-3-depth-1,baseline_vector_search.cql + baseline_traversal.cql,measured,two_call_baseline,0,1.555042,19,TRUE,TRUE
paper-113616-topk-3-depth-2,baseline_vector_search.cql + baseline_traversal.cql,measured,two_call_baseline,0,102.796417,6477,TRUE,TRUE
paper-113616-topk-5-depth-0,baseline_vector_search.cql + baseline_traversal.cql,measured,two_call_baseline,0,1.566666,5,TRUE,TRUE
paper-113616-topk-5-depth-1,baseline_vector_search.cql + baseline_traversal.cql,measured,two_call_baseline,0,2.117625,43,TRUE,TRUE
paper-113616-topk-5-depth-2,baseline_vector_search.cql + baseline_traversal.cql,measured,two_call_baseline,0,346.030250,20592,TRUE,TRUE
paper-113616-topk-10-depth-0,baseline_vector_search.cql + baseline_traversal.cql,measured,two_call_baseline,0,2.262083,10,TRUE,TRUE
paper-113616-topk-10-depth-1,baseline_vector_search.cql + baseline_traversal.cql,measured,two_call_baseline,0,4.271541,129,TRUE,TRUE
paper-113616-topk-10-depth-2,baseline_vector_search.cql + baseline_traversal.cql,measured,two_call_baseline,0,542.644916,33102,TRUE,TRUE
paper-3796-topk-1-depth-0,baseline_vector_search.cql + baseline_traversal.cql,measured,two_call_baseline,0,1.325417,1,TRUE,TRUE
paper-3796-topk-1-depth-1,baseline_vector_search.cql + baseline_traversal.cql,measured,two_call_baseline,0,1.359583,13,TRUE,TRUE
paper-3796-topk-1-depth-2,baseline_vector_search.cql + baseline_traversal.cql,measured,two_call_baseline,0,55.886250,3546,TRUE,TRUE
paper-3796-topk-3-depth-0,baseline_vector_search.cql + baseline_traversal.cql,measured,two_call_baseline,0,1.444667,3,TRUE,TRUE
paper-3796-topk-3-depth-1,baseline_vector_search.cql + baseline_traversal.cql,measured,two_call_baseline,0,1.624541,23,TRUE,TRUE
paper-3796-topk-3-depth-2,baseline_vector_search.cql + baseline_traversal.cql,measured,two_call_baseline,0,57.609458,3624,TRUE,TRUE
paper-3796-topk-5-depth-0,baseline_vector_search.cql + baseline_traversal.cql,measured,two_call_baseline,0,1.505750,5,TRUE,TRUE
paper-3796-topk-5-depth-1,baseline_vector_search.cql + baseline_traversal.cql,measured,two_call_baseline,0,1.818583,31,TRUE,TRUE
paper-3796-topk-5-depth-2,baseline_vector_search.cql + baseline_traversal.cql,measured,two_call_baseline,0,79.736250,4984,TRUE,TRUE
paper-3796-topk-10-depth-0,baseline_vector_search.cql + baseline_traversal.cql,measured,two_call_baseline,0,1.731208,10,TRUE,TRUE
paper-3796-topk-10-depth-1,baseline_vector_search.cql + baseline_traversal.cql,measured,two_call_baseline,0,3.072084,76,TRUE,TRUE
paper-3796-topk-10-depth-2,baseline_vector_search.cql + baseline_traversal.cql,measured,two_call_baseline,0,148.119375,9080,TRUE,TRUE
paper-116258-topk-1-depth-0,baseline_vector_search.cql + baseline_traversal.cql,measured,two_call_baseline,0,1.171958,1,TRUE,TRUE
paper-116258-topk-1-depth-1,baseline_vector_search.cql + baseline_traversal.cql,measured,two_call_baseline,0,1.185083,3,TRUE,TRUE
paper-116258-topk-1-depth-2,baseline_vector_search.cql + baseline_traversal.cql,measured,two_call_baseline,0,1.417666,9,TRUE,TRUE
paper-116258-topk-3-depth-0,baseline_vector_search.cql + baseline_traversal.cql,measured,two_call_baseline,0,1.306125,3,TRUE,TRUE
paper-116258-topk-3-depth-1,baseline_vector_search.cql + baseline_traversal.cql,measured,two_call_baseline,0,1.399083,15,TRUE,TRUE
paper-116258-topk-3-depth-2,baseline_vector_search.cql + baseline_traversal.cql,measured,two_call_baseline,0,2.930667,79,TRUE,TRUE
paper-116258-topk-5-depth-0,baseline_vector_search.cql + baseline_traversal.cql,measured,two_call_baseline,0,1.336292,5,TRUE,TRUE
paper-116258-topk-5-depth-1,baseline_vector_search.cql + baseline_traversal.cql,measured,two_call_baseline,0,1.654416,25,TRUE,TRUE
paper-116258-topk-5-depth-2,baseline_vector_search.cql + baseline_traversal.cql,measured,two_call_baseline,0,3.444542,141,TRUE,TRUE
paper-116258-topk-10-depth-0,baseline_vector_search.cql + baseline_traversal.cql,measured,two_call_baseline,0,1.656958,10,TRUE,TRUE
paper-116258-topk-10-depth-1,baseline_vector_search.cql + baseline_traversal.cql,measured,two_call_baseline,0,3.027750,95,TRUE,TRUE
paper-116258-topk-10-depth-2,baseline_vector_search.cql + baseline_traversal.cql,measured,two_call_baseline,0,16.935959,1004,TRUE,TRUE
paper-107118-topk-1-depth-0,baseline_vector_search.cql + baseline_traversal.cql,measured,two_call_baseline,0,1.206208,1,TRUE,TRUE
paper-107118-topk-1-depth-1,baseline_vector_search.cql + baseline_traversal.cql,measured,two_call_baseline,0,1.423583,19,TRUE,TRUE
paper-107118-topk-1-depth-2,baseline_vector_search.cql + baseline_traversal.cql,measured,two_call_baseline,0,273.905166,17157,TRUE,TRUE
paper-107118-topk-3-depth-0,baseline_vector_search.cql + baseline_traversal.cql,measured,two_call_baseline,0,1.418000,3,TRUE,TRUE
paper-107118-topk-3-depth-1,baseline_vector_search.cql + baseline_traversal.cql,measured,two_call_baseline,0,2.991625,88,TRUE,TRUE
paper-107118-topk-3-depth-2,baseline_vector_search.cql + baseline_traversal.cql,measured,two_call_baseline,0,476.668542,27949,TRUE,TRUE
paper-107118-topk-5-depth-0,baseline_vector_search.cql + baseline_traversal.cql,measured,two_call_baseline,0,1.537125,5,TRUE,TRUE
paper-107118-topk-5-depth-1,baseline_vector_search.cql + baseline_traversal.cql,measured,two_call_baseline,0,3.065625,104,TRUE,TRUE
paper-107118-topk-5-depth-2,baseline_vector_search.cql + baseline_traversal.cql,measured,two_call_baseline,0,484.419750,29815,TRUE,TRUE
paper-107118-topk-10-depth-0,baseline_vector_search.cql + baseline_traversal.cql,measured,two_call_baseline,0,1.919625,10,TRUE,TRUE
paper-107118-topk-10-depth-1,baseline_vector_search.cql + baseline_traversal.cql,measured,two_call_baseline,0,6.141917,286,TRUE,TRUE
paper-107118-topk-10-depth-2,baseline_vector_search.cql + baseline_traversal.cql,measured,two_call_baseline,0,704.782084,41546,TRUE,TRUE
paper-47269-topk-1-depth-0,baseline_vector_search.cql + baseline_traversal.cql,measured,two_call_baseline,0,1.293375,1,TRUE,TRUE
paper-47269-topk-1-depth-1,baseline_vector_search.cql + baseline_traversal.cql,measured,two_call_baseline,0,1.278083,7,TRUE,TRUE
paper-47269-topk-1-depth-2,baseline_vector_search.cql + baseline_traversal.cql,measured,two_call_baseline,0,208.518959,13052,TRUE,TRUE
paper-47269-topk-3-depth-0,baseline_vector_search.cql + baseline_traversal.cql,measured,two_call_baseline,0,1.495458,3,TRUE,TRUE
paper-47269-topk-3-depth-1,baseline_vector_search.cql + baseline_traversal.cql,measured,two_call_baseline,0,1.623416,24,TRUE,TRUE
paper-47269-topk-3-depth-2,baseline_vector_search.cql + baseline_traversal.cql,measured,two_call_baseline,0,509.279708,31018,TRUE,TRUE
paper-47269-topk-5-depth-0,baseline_vector_search.cql + baseline_traversal.cql,measured,two_call_baseline,0,1.575500,5,TRUE,TRUE
paper-47269-topk-5-depth-1,baseline_vector_search.cql + baseline_traversal.cql,measured,two_call_baseline,0,4.316708,105,TRUE,TRUE
paper-47269-topk-5-depth-2,baseline_vector_search.cql + baseline_traversal.cql,measured,two_call_baseline,0,533.456208,32212,TRUE,TRUE
paper-47269-topk-10-depth-0,baseline_vector_search.cql + baseline_traversal.cql,measured,two_call_baseline,0,1.867167,10,TRUE,TRUE
paper-47269-topk-10-depth-1,baseline_vector_search.cql + baseline_traversal.cql,measured,two_call_baseline,0,4.364875,169,TRUE,TRUE
paper-47269-topk-10-depth-2,baseline_vector_search.cql + baseline_traversal.cql,measured,two_call_baseline,0,594.522084,34837,TRUE,TRUE
paper-81740-topk-1-depth-0,baseline_vector_search.cql + baseline_traversal.cql,measured,two_call_baseline,0,1.256250,1,TRUE,TRUE
paper-81740-topk-1-depth-1,baseline_vector_search.cql + baseline_traversal.cql,measured,two_call_baseline,0,1.222292,2,TRUE,TRUE
paper-81740-topk-1-depth-2,baseline_vector_search.cql + baseline_traversal.cql,measured,two_call_baseline,0,1.661792,31,TRUE,TRUE
paper-81740-topk-3-depth-0,baseline_vector_search.cql + baseline_traversal.cql,measured,two_call_baseline,0,1.310750,3,TRUE,TRUE
paper-81740-topk-3-depth-1,baseline_vector_search.cql + baseline_traversal.cql,measured,two_call_baseline,0,1.662417,28,TRUE,TRUE
paper-81740-topk-3-depth-2,baseline_vector_search.cql + baseline_traversal.cql,measured,two_call_baseline,0,10.491042,581,TRUE,TRUE
paper-81740-topk-5-depth-0,baseline_vector_search.cql + baseline_traversal.cql,measured,two_call_baseline,0,1.496334,5,TRUE,TRUE
paper-81740-topk-5-depth-1,baseline_vector_search.cql + baseline_traversal.cql,measured,two_call_baseline,0,1.884125,37,TRUE,TRUE
paper-81740-topk-5-depth-2,baseline_vector_search.cql + baseline_traversal.cql,measured,two_call_baseline,0,11.142583,636,TRUE,TRUE
paper-81740-topk-10-depth-0,baseline_vector_search.cql + baseline_traversal.cql,measured,two_call_baseline,0,1.827709,10,TRUE,TRUE
paper-81740-topk-10-depth-1,baseline_vector_search.cql + baseline_traversal.cql,measured,two_call_baseline,0,2.863000,79,TRUE,TRUE
paper-81740-topk-10-depth-2,baseline_vector_search.cql + baseline_traversal.cql,measured,two_call_baseline,0,20.749833,1234,TRUE,TRUE
paper-82592-topk-1-depth-0,baseline_vector_search.cql + baseline_traversal.cql,measured,two_call_baseline,0,1.172833,1,TRUE,TRUE
paper-82592-topk-1-depth-1,baseline_vector_search.cql + baseline_traversal.cql,measured,two_call_baseline,0,1.287041,13,TRUE,TRUE
paper-82592-topk-1-depth-2,baseline_vector_search.cql + baseline_traversal.cql,measured,two_call_baseline,0,226.449417,14217,TRUE,TRUE
paper-82592-topk-3-depth-0,baseline_vector_search.cql + baseline_traversal.cql,measured,two_call_baseline,0,1.301750,3,TRUE,TRUE
paper-82592-topk-3-depth-1,baseline_vector_search.cql + baseline_traversal.cql,measured,two_call_baseline,0,4.171708,181,TRUE,TRUE
paper-82592-topk-3-depth-2,baseline_vector_search.cql + baseline_traversal.cql,measured,two_call_baseline,0,322.536083,19981,TRUE,TRUE
paper-82592-topk-5-depth-0,baseline_vector_search.cql + baseline_traversal.cql,measured,two_call_baseline,0,1.397750,5,TRUE,TRUE
paper-82592-topk-5-depth-1,baseline_vector_search.cql + baseline_traversal.cql,measured,two_call_baseline,0,4.485791,208,TRUE,TRUE
paper-82592-topk-5-depth-2,baseline_vector_search.cql + baseline_traversal.cql,measured,two_call_baseline,0,337.325542,20454,TRUE,TRUE
paper-82592-topk-10-depth-0,baseline_vector_search.cql + baseline_traversal.cql,measured,two_call_baseline,0,1.641250,10,TRUE,TRUE
paper-82592-topk-10-depth-1,baseline_vector_search.cql + baseline_traversal.cql,measured,two_call_baseline,0,5.603000,266,TRUE,TRUE
paper-82592-topk-10-depth-2,baseline_vector_search.cql + baseline_traversal.cql,measured,two_call_baseline,0,532.076416,32057,TRUE,TRUE
paper-74258-topk-1-depth-0,baseline_vector_search.cql + baseline_traversal.cql,measured,two_call_baseline,0,1.258625,1,TRUE,TRUE
paper-74258-topk-1-depth-1,baseline_vector_search.cql + baseline_traversal.cql,measured,two_call_baseline,0,1.753583,37,TRUE,TRUE
paper-74258-topk-1-depth-2,baseline_vector_search.cql + baseline_traversal.cql,measured,two_call_baseline,0,340.500292,21196,TRUE,TRUE
paper-74258-topk-3-depth-0,baseline_vector_search.cql + baseline_traversal.cql,measured,two_call_baseline,0,1.418292,3,TRUE,TRUE
paper-74258-topk-3-depth-1,baseline_vector_search.cql + baseline_traversal.cql,measured,two_call_baseline,0,2.023333,53,TRUE,TRUE
paper-74258-topk-3-depth-2,baseline_vector_search.cql + baseline_traversal.cql,measured,two_call_baseline,0,389.033000,21746,TRUE,TRUE
paper-74258-topk-5-depth-0,baseline_vector_search.cql + baseline_traversal.cql,measured,two_call_baseline,0,1.576167,5,TRUE,TRUE
paper-74258-topk-5-depth-1,baseline_vector_search.cql + baseline_traversal.cql,measured,two_call_baseline,0,2.839084,86,TRUE,TRUE
paper-74258-topk-5-depth-2,baseline_vector_search.cql + baseline_traversal.cql,measured,two_call_baseline,0,439.532500,26158,TRUE,TRUE
paper-74258-topk-10-depth-0,baseline_vector_search.cql + baseline_traversal.cql,measured,two_call_baseline,0,2.075334,10,TRUE,TRUE
paper-74258-topk-10-depth-1,baseline_vector_search.cql + baseline_traversal.cql,measured,two_call_baseline,0,3.916084,136,TRUE,TRUE
paper-74258-topk-10-depth-2,baseline_vector_search.cql + baseline_traversal.cql,measured,two_call_baseline,0,529.551250,31726,TRUE,TRUE
paper-165938-topk-1-depth-0,baseline_vector_search.cql + baseline_traversal.cql,measured,two_call_baseline,0,1.356875,1,TRUE,TRUE
paper-165938-topk-1-depth-1,baseline_vector_search.cql + baseline_traversal.cql,measured,two_call_baseline,0,1.252708,8,TRUE,TRUE
paper-165938-topk-1-depth-2,baseline_vector_search.cql + baseline_traversal.cql,measured,two_call_baseline,0,15.542375,951,TRUE,TRUE
paper-165938-topk-3-depth-0,baseline_vector_search.cql + baseline_traversal.cql,measured,two_call_baseline,0,1.431292,3,TRUE,TRUE
paper-165938-topk-3-depth-1,baseline_vector_search.cql + baseline_traversal.cql,measured,two_call_baseline,0,1.724459,20,TRUE,TRUE
paper-165938-topk-3-depth-2,baseline_vector_search.cql + baseline_traversal.cql,measured,two_call_baseline,0,25.923292,1604,TRUE,TRUE
paper-165938-topk-5-depth-0,baseline_vector_search.cql + baseline_traversal.cql,measured,two_call_baseline,0,1.484458,5,TRUE,TRUE
paper-165938-topk-5-depth-1,baseline_vector_search.cql + baseline_traversal.cql,measured,two_call_baseline,0,1.935000,29,TRUE,TRUE
paper-165938-topk-5-depth-2,baseline_vector_search.cql + baseline_traversal.cql,measured,two_call_baseline,0,35.878500,2077,TRUE,TRUE
paper-165938-topk-10-depth-0,baseline_vector_search.cql + baseline_traversal.cql,measured,two_call_baseline,0,2.079708,10,TRUE,TRUE
paper-165938-topk-10-depth-1,baseline_vector_search.cql + baseline_traversal.cql,measured,two_call_baseline,0,3.837541,113,TRUE,TRUE
paper-165938-topk-10-depth-2,baseline_vector_search.cql + baseline_traversal.cql,measured,two_call_baseline,0,299.435375,18523,TRUE,TRUE
paper-30317-topk-1-depth-0,baseline_vector_search.cql + baseline_traversal.cql,measured,two_call_baseline,0,1.338916,1,TRUE,TRUE
paper-30317-topk-1-depth-1,baseline_vector_search.cql + baseline_traversal.cql,measured,two_call_baseline,0,1.204958,2,TRUE,TRUE
paper-30317-topk-1-depth-2,baseline_vector_search.cql + baseline_traversal.cql,measured,two_call_baseline,0,1.362041,13,TRUE,TRUE
paper-30317-topk-3-depth-0,baseline_vector_search.cql + baseline_traversal.cql,measured,two_call_baseline,0,1.338208,3,TRUE,TRUE
paper-30317-topk-3-depth-1,baseline_vector_search.cql + baseline_traversal.cql,measured,two_call_baseline,0,1.375458,10,TRUE,TRUE
paper-30317-topk-3-depth-2,baseline_vector_search.cql + baseline_traversal.cql,measured,two_call_baseline,0,2.880541,87,TRUE,TRUE
paper-30317-topk-5-depth-0,baseline_vector_search.cql + baseline_traversal.cql,measured,two_call_baseline,0,1.409625,5,TRUE,TRUE
paper-30317-topk-5-depth-1,baseline_vector_search.cql + baseline_traversal.cql,measured,two_call_baseline,0,1.574834,17,TRUE,TRUE
paper-30317-topk-5-depth-2,baseline_vector_search.cql + baseline_traversal.cql,measured,two_call_baseline,0,2.924042,104,TRUE,TRUE
paper-30317-topk-10-depth-0,baseline_vector_search.cql + baseline_traversal.cql,measured,two_call_baseline,0,1.720625,10,TRUE,TRUE
paper-30317-topk-10-depth-1,baseline_vector_search.cql + baseline_traversal.cql,measured,two_call_baseline,0,2.366833,46,TRUE,TRUE
paper-30317-topk-10-depth-2,baseline_vector_search.cql + baseline_traversal.cql,measured,two_call_baseline,0,7.016709,308,TRUE,TRUE
paper-3734-topk-1-depth-0,baseline_vector_search.cql + baseline_traversal.cql,measured,two_call_baseline,0,1.258375,1,TRUE,TRUE
paper-3734-topk-1-depth-1,baseline_vector_search.cql + baseline_traversal.cql,measured,two_call_baseline,0,1.606791,23,TRUE,TRUE
paper-3734-topk-1-depth-2,baseline_vector_search.cql + baseline_traversal.cql,measured,two_call_baseline,0,11.376667,642,TRUE,TRUE
paper-3734-topk-3-depth-0,baseline_vector_search.cql + baseline_traversal.cql,measured,two_call_baseline,0,1.351042,3,TRUE,TRUE
paper-3734-topk-3-depth-1,baseline_vector_search.cql + baseline_traversal.cql,measured,two_call_baseline,0,1.501875,15,TRUE,TRUE
paper-3734-topk-3-depth-2,baseline_vector_search.cql + baseline_traversal.cql,measured,two_call_baseline,0,7.427791,398,TRUE,TRUE
paper-3734-topk-5-depth-0,baseline_vector_search.cql + baseline_traversal.cql,measured,two_call_baseline,0,1.412166,5,TRUE,TRUE
paper-3734-topk-5-depth-1,baseline_vector_search.cql + baseline_traversal.cql,measured,two_call_baseline,0,1.715250,26,TRUE,TRUE
paper-3734-topk-5-depth-2,baseline_vector_search.cql + baseline_traversal.cql,measured,two_call_baseline,0,17.705666,1048,TRUE,TRUE
paper-3734-topk-10-depth-0,baseline_vector_search.cql + baseline_traversal.cql,measured,two_call_baseline,0,1.805208,10,TRUE,TRUE
paper-3734-topk-10-depth-1,baseline_vector_search.cql + baseline_traversal.cql,measured,two_call_baseline,0,2.648666,69,TRUE,TRUE
paper-3734-topk-10-depth-2,baseline_vector_search.cql + baseline_traversal.cql,measured,two_call_baseline,0,27.189875,1628,TRUE,TRUE
paper-136213-topk-1-depth-0,baseline_vector_search.cql + baseline_traversal.cql,measured,two_call_baseline,0,1.229416,1,TRUE,TRUE
paper-136213-topk-1-depth-1,baseline_vector_search.cql + baseline_traversal.cql,measured,two_call_baseline,0,1.249959,8,TRUE,TRUE
paper-136213-topk-1-depth-2,baseline_vector_search.cql + baseline_traversal.cql,measured,two_call_baseline,0,60.377750,3836,TRUE,TRUE
paper-136213-topk-3-depth-0,baseline_vector_search.cql + baseline_traversal.cql,measured,two_call_baseline,0,1.371458,3,TRUE,TRUE
paper-136213-topk-3-depth-1,baseline_vector_search.cql + baseline_traversal.cql,measured,two_call_baseline,0,1.602625,21,TRUE,TRUE
paper-136213-topk-3-depth-2,baseline_vector_search.cql + baseline_traversal.cql,measured,two_call_baseline,0,65.642541,4120,TRUE,TRUE
paper-136213-topk-5-depth-0,baseline_vector_search.cql + baseline_traversal.cql,measured,two_call_baseline,0,1.440417,5,TRUE,TRUE
paper-136213-topk-5-depth-1,baseline_vector_search.cql + baseline_traversal.cql,measured,two_call_baseline,0,1.842625,30,TRUE,TRUE
paper-136213-topk-5-depth-2,baseline_vector_search.cql + baseline_traversal.cql,measured,two_call_baseline,0,68.362791,4293,TRUE,TRUE
paper-136213-topk-10-depth-0,baseline_vector_search.cql + baseline_traversal.cql,measured,two_call_baseline,0,1.818584,10,TRUE,TRUE
paper-136213-topk-10-depth-1,baseline_vector_search.cql + baseline_traversal.cql,measured,two_call_baseline,0,3.533375,124,TRUE,TRUE
paper-136213-topk-10-depth-2,baseline_vector_search.cql + baseline_traversal.cql,measured,two_call_baseline,0,341.749792,21158,TRUE,TRUE
paper-115974-topk-1-depth-0,baseline_vector_search.cql + baseline_traversal.cql,measured,two_call_baseline,0,1.257541,1,TRUE,TRUE
paper-115974-topk-1-depth-1,baseline_vector_search.cql + baseline_traversal.cql,measured,two_call_baseline,0,1.323292,2,TRUE,TRUE
paper-115974-topk-1-depth-2,baseline_vector_search.cql + baseline_traversal.cql,measured,two_call_baseline,0,1.162708,4,TRUE,TRUE
paper-115974-topk-3-depth-0,baseline_vector_search.cql + baseline_traversal.cql,measured,two_call_baseline,0,1.311500,3,TRUE,TRUE
paper-115974-topk-3-depth-1,baseline_vector_search.cql + baseline_traversal.cql,measured,two_call_baseline,0,1.446792,6,TRUE,TRUE
paper-115974-topk-3-depth-2,baseline_vector_search.cql + baseline_traversal.cql,measured,two_call_baseline,0,1.471000,16,TRUE,TRUE
paper-115974-topk-5-depth-0,baseline_vector_search.cql + baseline_traversal.cql,measured,two_call_baseline,0,1.501875,5,TRUE,TRUE
paper-115974-topk-5-depth-1,baseline_vector_search.cql + baseline_traversal.cql,measured,two_call_baseline,0,1.411125,10,TRUE,TRUE
paper-115974-topk-5-depth-2,baseline_vector_search.cql + baseline_traversal.cql,measured,two_call_baseline,0,4.582917,205,TRUE,TRUE
paper-115974-topk-10-depth-0,baseline_vector_search.cql + baseline_traversal.cql,measured,two_call_baseline,0,1.808834,10,TRUE,TRUE
paper-115974-topk-10-depth-1,baseline_vector_search.cql + baseline_traversal.cql,measured,two_call_baseline,0,1.892875,24,TRUE,TRUE
paper-115974-topk-10-depth-2,baseline_vector_search.cql + baseline_traversal.cql,measured,two_call_baseline,0,8.762125,465,TRUE,TRUE
paper-52280-topk-1-depth-0,baseline_vector_search.cql + baseline_traversal.cql,measured,two_call_baseline,0,1.225916,1,TRUE,TRUE
paper-52280-topk-1-depth-1,baseline_vector_search.cql + baseline_traversal.cql,measured,two_call_baseline,0,1.339000,12,TRUE,TRUE
paper-52280-topk-1-depth-2,baseline_vector_search.cql + baseline_traversal.cql,measured,two_call_baseline,0,223.024875,14181,TRUE,TRUE
paper-52280-topk-3-depth-0,baseline_vector_search.cql + baseline_traversal.cql,measured,two_call_baseline,0,1.337625,3,TRUE,TRUE
paper-52280-topk-3-depth-1,baseline_vector_search.cql + baseline_traversal.cql,measured,two_call_baseline,0,2.221541,60,TRUE,TRUE
paper-52280-topk-3-depth-2,baseline_vector_search.cql + baseline_traversal.cql,measured,two_call_baseline,0,274.839500,16914,TRUE,TRUE
paper-52280-topk-5-depth-0,baseline_vector_search.cql + baseline_traversal.cql,measured,two_call_baseline,0,1.543459,5,TRUE,TRUE
paper-52280-topk-5-depth-1,baseline_vector_search.cql + baseline_traversal.cql,measured,two_call_baseline,0,2.937958,93,TRUE,TRUE
paper-52280-topk-5-depth-2,baseline_vector_search.cql + baseline_traversal.cql,measured,two_call_baseline,0,450.065042,27419,TRUE,TRUE
paper-52280-topk-10-depth-0,baseline_vector_search.cql + baseline_traversal.cql,measured,two_call_baseline,0,1.970333,10,TRUE,TRUE
paper-52280-topk-10-depth-1,baseline_vector_search.cql + baseline_traversal.cql,measured,two_call_baseline,0,3.922416,143,TRUE,TRUE
paper-52280-topk-10-depth-2,baseline_vector_search.cql + baseline_traversal.cql,measured,two_call_baseline,0,540.540042,31456,TRUE,TRUE
paper-35080-topk-1-depth-0,baseline_vector_search.cql + baseline_traversal.cql,measured,two_call_baseline,0,1.279042,1,TRUE,TRUE
paper-35080-topk-1-depth-1,baseline_vector_search.cql + baseline_traversal.cql,measured,two_call_baseline,0,1.144417,3,TRUE,TRUE
paper-35080-topk-1-depth-2,baseline_vector_search.cql + baseline_traversal.cql,measured,two_call_baseline,0,1.147958,6,TRUE,TRUE
paper-35080-topk-3-depth-0,baseline_vector_search.cql + baseline_traversal.cql,measured,two_call_baseline,0,1.230167,3,TRUE,TRUE
paper-35080-topk-3-depth-1,baseline_vector_search.cql + baseline_traversal.cql,measured,two_call_baseline,0,1.384000,13,TRUE,TRUE
paper-35080-topk-3-depth-2,baseline_vector_search.cql + baseline_traversal.cql,measured,two_call_baseline,0,232.028375,14692,TRUE,TRUE
paper-35080-topk-5-depth-0,baseline_vector_search.cql + baseline_traversal.cql,measured,two_call_baseline,0,1.542625,5,TRUE,TRUE
paper-35080-topk-5-depth-1,baseline_vector_search.cql + baseline_traversal.cql,measured,two_call_baseline,0,2.322791,61,TRUE,TRUE
paper-35080-topk-5-depth-2,baseline_vector_search.cql + baseline_traversal.cql,measured,two_call_baseline,0,477.995917,29475,TRUE,TRUE
paper-35080-topk-10-depth-0,baseline_vector_search.cql + baseline_traversal.cql,measured,two_call_baseline,0,1.801416,10,TRUE,TRUE
paper-35080-topk-10-depth-1,baseline_vector_search.cql + baseline_traversal.cql,measured,two_call_baseline,0,3.217917,94,TRUE,TRUE
paper-35080-topk-10-depth-2,baseline_vector_search.cql + baseline_traversal.cql,measured,two_call_baseline,0,541.739959,32190,TRUE,TRUE
paper-165862-topk-1-depth-0,baseline_vector_search.cql + baseline_traversal.cql,measured,two_call_baseline,0,1.252042,1,TRUE,TRUE
paper-165862-topk-1-depth-1,baseline_vector_search.cql + baseline_traversal.cql,measured,two_call_baseline,0,1.429416,17,TRUE,TRUE
paper-165862-topk-1-depth-2,baseline_vector_search.cql + baseline_traversal.cql,measured,two_call_baseline,0,90.653250,5647,TRUE,TRUE
paper-165862-topk-3-depth-0,baseline_vector_search.cql + baseline_traversal.cql,measured,two_call_baseline,0,1.302958,3,TRUE,TRUE
paper-165862-topk-3-depth-1,baseline_vector_search.cql + baseline_traversal.cql,measured,two_call_baseline,0,2.247666,65,TRUE,TRUE
paper-165862-topk-3-depth-2,baseline_vector_search.cql + baseline_traversal.cql,measured,two_call_baseline,0,331.212125,20686,TRUE,TRUE
paper-165862-topk-5-depth-0,baseline_vector_search.cql + baseline_traversal.cql,measured,two_call_baseline,0,1.473708,5,TRUE,TRUE
paper-165862-topk-5-depth-1,baseline_vector_search.cql + baseline_traversal.cql,measured,two_call_baseline,0,2.748209,88,TRUE,TRUE
paper-165862-topk-5-depth-2,baseline_vector_search.cql + baseline_traversal.cql,measured,two_call_baseline,0,408.083167,25147,TRUE,TRUE
paper-165862-topk-10-depth-0,baseline_vector_search.cql + baseline_traversal.cql,measured,two_call_baseline,0,1.725916,10,TRUE,TRUE
paper-165862-topk-10-depth-1,baseline_vector_search.cql + baseline_traversal.cql,measured,two_call_baseline,0,4.551666,187,TRUE,TRUE
paper-165862-topk-10-depth-2,baseline_vector_search.cql + baseline_traversal.cql,measured,two_call_baseline,0,628.674583,37792,TRUE,TRUE
paper-93501-topk-1-depth-0,baseline_vector_search.cql + baseline_traversal.cql,measured,two_call_baseline,0,1.218917,1,TRUE,TRUE
paper-93501-topk-1-depth-1,baseline_vector_search.cql + baseline_traversal.cql,measured,two_call_baseline,0,1.552584,30,TRUE,TRUE
paper-93501-topk-1-depth-2,baseline_vector_search.cql + baseline_traversal.cql,measured,two_call_baseline,0,396.516417,24952,TRUE,TRUE
paper-93501-topk-3-depth-0,baseline_vector_search.cql + baseline_traversal.cql,measured,two_call_baseline,0,1.386125,3,TRUE,TRUE
paper-93501-topk-3-depth-1,baseline_vector_search.cql + baseline_traversal.cql,measured,two_call_baseline,0,2.598584,79,TRUE,TRUE
paper-93501-topk-3-depth-2,baseline_vector_search.cql + baseline_traversal.cql,measured,two_call_baseline,0,418.267292,26130,TRUE,TRUE
paper-93501-topk-5-depth-0,baseline_vector_search.cql + baseline_traversal.cql,measured,two_call_baseline,0,1.446250,5,TRUE,TRUE
paper-93501-topk-5-depth-1,baseline_vector_search.cql + baseline_traversal.cql,measured,two_call_baseline,0,2.950458,104,TRUE,TRUE
paper-93501-topk-5-depth-2,baseline_vector_search.cql + baseline_traversal.cql,measured,two_call_baseline,0,437.504042,27185,TRUE,TRUE
paper-93501-topk-10-depth-0,baseline_vector_search.cql + baseline_traversal.cql,measured,two_call_baseline,0,1.706167,10,TRUE,TRUE
paper-93501-topk-10-depth-1,baseline_vector_search.cql + baseline_traversal.cql,measured,two_call_baseline,0,4.823500,189,TRUE,TRUE
paper-93501-topk-10-depth-2,baseline_vector_search.cql + baseline_traversal.cql,measured,two_call_baseline,0,536.678708,32109,TRUE,TRUE
paper-120133-topk-1-depth-0,baseline_vector_search.cql + baseline_traversal.cql,measured,two_call_baseline,0,1.301625,1,TRUE,TRUE
paper-120133-topk-1-depth-1,baseline_vector_search.cql + baseline_traversal.cql,measured,two_call_baseline,0,1.328375,8,TRUE,TRUE
paper-120133-topk-1-depth-2,baseline_vector_search.cql + baseline_traversal.cql,measured,two_call_baseline,0,60.125292,3834,TRUE,TRUE
paper-120133-topk-3-depth-0,baseline_vector_search.cql + baseline_traversal.cql,measured,two_call_baseline,0,1.366167,3,TRUE,TRUE
paper-120133-topk-3-depth-1,baseline_vector_search.cql + baseline_traversal.cql,measured,two_call_baseline,0,1.757250,31,TRUE,TRUE
paper-120133-topk-3-depth-2,baseline_vector_search.cql + baseline_traversal.cql,measured,two_call_baseline,0,63.051334,3992,TRUE,TRUE
paper-120133-topk-5-depth-0,baseline_vector_search.cql + baseline_traversal.cql,measured,two_call_baseline,0,1.548625,5,TRUE,TRUE
paper-120133-topk-5-depth-1,baseline_vector_search.cql + baseline_traversal.cql,measured,two_call_baseline,0,2.188792,42,TRUE,TRUE
paper-120133-topk-5-depth-2,baseline_vector_search.cql + baseline_traversal.cql,measured,two_call_baseline,0,66.874416,4181,TRUE,TRUE
paper-120133-topk-10-depth-0,baseline_vector_search.cql + baseline_traversal.cql,measured,two_call_baseline,0,1.760459,10,TRUE,TRUE
paper-120133-topk-10-depth-1,baseline_vector_search.cql + baseline_traversal.cql,measured,two_call_baseline,0,2.775292,70,TRUE,TRUE
paper-120133-topk-10-depth-2,baseline_vector_search.cql + baseline_traversal.cql,measured,two_call_baseline,0,78.666125,4954,TRUE,TRUE
paper-129199-topk-1-depth-0,baseline_vector_search.cql + baseline_traversal.cql,measured,two_call_baseline,0,1.255958,1,TRUE,TRUE
paper-129199-topk-1-depth-1,baseline_vector_search.cql + baseline_traversal.cql,measured,two_call_baseline,0,1.199417,3,TRUE,TRUE
paper-129199-topk-1-depth-2,baseline_vector_search.cql + baseline_traversal.cql,measured,two_call_baseline,0,1.309375,10,TRUE,TRUE
paper-129199-topk-3-depth-0,baseline_vector_search.cql + baseline_traversal.cql,measured,two_call_baseline,0,1.318292,3,TRUE,TRUE
paper-129199-topk-3-depth-1,baseline_vector_search.cql + baseline_traversal.cql,measured,two_call_baseline,0,1.546833,21,TRUE,TRUE
paper-129199-topk-3-depth-2,baseline_vector_search.cql + baseline_traversal.cql,measured,two_call_baseline,0,3.928000,162,TRUE,TRUE
paper-129199-topk-5-depth-0,baseline_vector_search.cql + baseline_traversal.cql,measured,two_call_baseline,0,1.443958,5,TRUE,TRUE
paper-129199-topk-5-depth-1,baseline_vector_search.cql + baseline_traversal.cql,measured,two_call_baseline,0,1.828166,28,TRUE,TRUE
paper-129199-topk-5-depth-2,baseline_vector_search.cql + baseline_traversal.cql,measured,two_call_baseline,0,4.737583,210,TRUE,TRUE
paper-129199-topk-10-depth-0,baseline_vector_search.cql + baseline_traversal.cql,measured,two_call_baseline,0,1.797209,10,TRUE,TRUE
paper-129199-topk-10-depth-1,baseline_vector_search.cql + baseline_traversal.cql,measured,two_call_baseline,0,2.515292,53,TRUE,TRUE
paper-129199-topk-10-depth-2,baseline_vector_search.cql + baseline_traversal.cql,measured,two_call_baseline,0,33.848791,1788,TRUE,TRUE
paper-119674-topk-1-depth-0,baseline_vector_search.cql + baseline_traversal.cql,measured,two_call_baseline,0,1.174208,1,TRUE,TRUE
paper-119674-topk-1-depth-1,baseline_vector_search.cql + baseline_traversal.cql,measured,two_call_baseline,0,1.225458,5,TRUE,TRUE
paper-119674-topk-1-depth-2,baseline_vector_search.cql + baseline_traversal.cql,measured,two_call_baseline,0,220.745833,13781,TRUE,TRUE
paper-119674-topk-3-depth-0,baseline_vector_search.cql + baseline_traversal.cql,measured,two_call_baseline,0,1.460667,3,TRUE,TRUE
paper-119674-topk-3-depth-1,baseline_vector_search.cql + baseline_traversal.cql,measured,two_call_baseline,0,1.671458,24,TRUE,TRUE
paper-119674-topk-3-depth-2,baseline_vector_search.cql + baseline_traversal.cql,measured,two_call_baseline,0,226.490709,14213,TRUE,TRUE
paper-119674-topk-5-depth-0,baseline_vector_search.cql + baseline_traversal.cql,measured,two_call_baseline,0,1.498500,5,TRUE,TRUE
paper-119674-topk-5-depth-1,baseline_vector_search.cql + baseline_traversal.cql,measured,two_call_baseline,0,2.016291,41,TRUE,TRUE
paper-119674-topk-5-depth-2,baseline_vector_search.cql + baseline_traversal.cql,measured,two_call_baseline,0,239.723917,14854,TRUE,TRUE
paper-119674-topk-10-depth-0,baseline_vector_search.cql + baseline_traversal.cql,measured,two_call_baseline,0,2.041000,10,TRUE,TRUE
paper-119674-topk-10-depth-1,baseline_vector_search.cql + baseline_traversal.cql,measured,two_call_baseline,0,3.235833,97,TRUE,TRUE
paper-119674-topk-10-depth-2,baseline_vector_search.cql + baseline_traversal.cql,measured,two_call_baseline,0,467.091666,28785,TRUE,TRUE
paper-156668-topk-1-depth-0,baseline_vector_search.cql + baseline_traversal.cql,measured,two_call_baseline,0,1.313375,1,TRUE,TRUE
paper-156668-topk-1-depth-1,baseline_vector_search.cql + baseline_traversal.cql,measured,two_call_baseline,0,1.190000,2,TRUE,TRUE
paper-156668-topk-1-depth-2,baseline_vector_search.cql + baseline_traversal.cql,measured,two_call_baseline,0,1.223959,8,TRUE,TRUE
paper-156668-topk-3-depth-0,baseline_vector_search.cql + baseline_traversal.cql,measured,two_call_baseline,0,1.301500,3,TRUE,TRUE
paper-156668-topk-3-depth-1,baseline_vector_search.cql + baseline_traversal.cql,measured,two_call_baseline,0,1.329250,8,TRUE,TRUE
paper-156668-topk-3-depth-2,baseline_vector_search.cql + baseline_traversal.cql,measured,two_call_baseline,0,1.885959,40,TRUE,TRUE
paper-156668-topk-5-depth-0,baseline_vector_search.cql + baseline_traversal.cql,measured,two_call_baseline,0,1.412916,5,TRUE,TRUE
paper-156668-topk-5-depth-1,baseline_vector_search.cql + baseline_traversal.cql,measured,two_call_baseline,0,1.742250,22,TRUE,TRUE
paper-156668-topk-5-depth-2,baseline_vector_search.cql + baseline_traversal.cql,measured,two_call_baseline,0,3.553875,137,TRUE,TRUE
paper-156668-topk-10-depth-0,baseline_vector_search.cql + baseline_traversal.cql,measured,two_call_baseline,0,1.740667,10,TRUE,TRUE
paper-156668-topk-10-depth-1,baseline_vector_search.cql + baseline_traversal.cql,measured,two_call_baseline,0,2.164583,40,TRUE,TRUE
paper-156668-topk-10-depth-2,baseline_vector_search.cql + baseline_traversal.cql,measured,two_call_baseline,0,32.401625,1939,TRUE,TRUE
paper-154208-topk-1-depth-0,baseline_vector_search.cql + baseline_traversal.cql,measured,two_call_baseline,0,1.212500,1,TRUE,TRUE
paper-154208-topk-1-depth-1,baseline_vector_search.cql + baseline_traversal.cql,measured,two_call_baseline,0,1.205333,3,TRUE,TRUE
paper-154208-topk-1-depth-2,baseline_vector_search.cql + baseline_traversal.cql,measured,two_call_baseline,0,1.389916,17,TRUE,TRUE
paper-154208-topk-3-depth-0,baseline_vector_search.cql + baseline_traversal.cql,measured,two_call_baseline,0,1.262541,3,TRUE,TRUE
paper-154208-topk-3-depth-1,baseline_vector_search.cql + baseline_traversal.cql,measured,two_call_baseline,0,1.512208,21,TRUE,TRUE
paper-154208-topk-3-depth-2,baseline_vector_search.cql + baseline_traversal.cql,measured,two_call_baseline,0,240.805667,15122,TRUE,TRUE
paper-154208-topk-5-depth-0,baseline_vector_search.cql + baseline_traversal.cql,measured,two_call_baseline,0,1.510000,5,TRUE,TRUE
paper-154208-topk-5-depth-1,baseline_vector_search.cql + baseline_traversal.cql,measured,two_call_baseline,0,1.776916,26,TRUE,TRUE
paper-154208-topk-5-depth-2,baseline_vector_search.cql + baseline_traversal.cql,measured,two_call_baseline,0,242.735583,15133,TRUE,TRUE
paper-154208-topk-10-depth-0,baseline_vector_search.cql + baseline_traversal.cql,measured,two_call_baseline,0,1.857042,10,TRUE,TRUE
paper-154208-topk-10-depth-1,baseline_vector_search.cql + baseline_traversal.cql,measured,two_call_baseline,0,3.393167,108,TRUE,TRUE
paper-154208-topk-10-depth-2,baseline_vector_search.cql + baseline_traversal.cql,measured,two_call_baseline,0,396.952458,24621,TRUE,TRUE
paper-130914-topk-1-depth-0,baseline_vector_search.cql + baseline_traversal.cql,measured,two_call_baseline,0,1.250792,1,TRUE,TRUE
paper-130914-topk-1-depth-1,baseline_vector_search.cql + baseline_traversal.cql,measured,two_call_baseline,0,1.604083,24,TRUE,TRUE
paper-130914-topk-1-depth-2,baseline_vector_search.cql + baseline_traversal.cql,measured,two_call_baseline,0,220.904292,14041,TRUE,TRUE
paper-130914-topk-3-depth-0,baseline_vector_search.cql + baseline_traversal.cql,measured,two_call_baseline,0,1.386375,3,TRUE,TRUE
paper-130914-topk-3-depth-1,baseline_vector_search.cql + baseline_traversal.cql,measured,two_call_baseline,0,2.914292,92,TRUE,TRUE
paper-130914-topk-3-depth-2,baseline_vector_search.cql + baseline_traversal.cql,measured,two_call_baseline,0,308.101875,18965,TRUE,TRUE
paper-130914-topk-5-depth-0,baseline_vector_search.cql + baseline_traversal.cql,measured,two_call_baseline,0,1.487334,5,TRUE,TRUE
paper-130914-topk-5-depth-1,baseline_vector_search.cql + baseline_traversal.cql,measured,two_call_baseline,0,3.354084,130,TRUE,TRUE
paper-130914-topk-5-depth-2,baseline_vector_search.cql + baseline_traversal.cql,measured,two_call_baseline,0,504.091583,30416,TRUE,TRUE
paper-130914-topk-10-depth-0,baseline_vector_search.cql + baseline_traversal.cql,measured,two_call_baseline,0,1.769875,10,TRUE,TRUE
paper-130914-topk-10-depth-1,baseline_vector_search.cql + baseline_traversal.cql,measured,two_call_baseline,0,6.321708,300,TRUE,TRUE
paper-130914-topk-10-depth-2,baseline_vector_search.cql + baseline_traversal.cql,measured,two_call_baseline,0,605.995250,35271,TRUE,TRUE
paper-55074-topk-1-depth-0,baseline_vector_search.cql + baseline_traversal.cql,measured,two_call_baseline,0,1.267459,1,TRUE,TRUE
paper-55074-topk-1-depth-1,baseline_vector_search.cql + baseline_traversal.cql,measured,two_call_baseline,0,1.176708,4,TRUE,TRUE
paper-55074-topk-1-depth-2,baseline_vector_search.cql + baseline_traversal.cql,measured,two_call_baseline,0,52.807333,3301,TRUE,TRUE
paper-55074-topk-3-depth-0,baseline_vector_search.cql + baseline_traversal.cql,measured,two_call_baseline,0,1.308375,3,TRUE,TRUE
paper-55074-topk-3-depth-1,baseline_vector_search.cql + baseline_traversal.cql,measured,two_call_baseline,0,1.453500,13,TRUE,TRUE
paper-55074-topk-3-depth-2,baseline_vector_search.cql + baseline_traversal.cql,measured,two_call_baseline,0,357.541833,22474,TRUE,TRUE
paper-55074-topk-5-depth-0,baseline_vector_search.cql + baseline_traversal.cql,measured,two_call_baseline,0,1.539666,5,TRUE,TRUE
paper-55074-topk-5-depth-1,baseline_vector_search.cql + baseline_traversal.cql,measured,two_call_baseline,0,1.714167,24,TRUE,TRUE
paper-55074-topk-5-depth-2,baseline_vector_search.cql + baseline_traversal.cql,measured,two_call_baseline,0,419.793583,26019,TRUE,TRUE
paper-55074-topk-10-depth-0,baseline_vector_search.cql + baseline_traversal.cql,measured,two_call_baseline,0,1.702625,10,TRUE,TRUE
paper-55074-topk-10-depth-1,baseline_vector_search.cql + baseline_traversal.cql,measured,two_call_baseline,0,2.899250,95,TRUE,TRUE
paper-55074-topk-10-depth-2,baseline_vector_search.cql + baseline_traversal.cql,measured,two_call_baseline,0,360.971333,22061,TRUE,TRUE
paper-4607-topk-1-depth-0,baseline_vector_search.cql + baseline_traversal.cql,measured,two_call_baseline,0,1.220750,1,TRUE,TRUE
paper-4607-topk-1-depth-1,baseline_vector_search.cql + baseline_traversal.cql,measured,two_call_baseline,0,1.214041,6,TRUE,TRUE
paper-4607-topk-1-depth-2,baseline_vector_search.cql + baseline_traversal.cql,measured,two_call_baseline,0,1.441208,22,TRUE,TRUE
paper-4607-topk-3-depth-0,baseline_vector_search.cql + baseline_traversal.cql,measured,two_call_baseline,0,1.250166,3,TRUE,TRUE
paper-4607-topk-3-depth-1,baseline_vector_search.cql + baseline_traversal.cql,measured,two_call_baseline,0,1.260459,8,TRUE,TRUE
paper-4607-topk-3-depth-2,baseline_vector_search.cql + baseline_traversal.cql,measured,two_call_baseline,0,2.468208,80,TRUE,TRUE
paper-4607-topk-5-depth-0,baseline_vector_search.cql + baseline_traversal.cql,measured,two_call_baseline,0,1.363250,5,TRUE,TRUE
paper-4607-topk-5-depth-1,baseline_vector_search.cql + baseline_traversal.cql,measured,two_call_baseline,0,1.658708,26,TRUE,TRUE
paper-4607-topk-5-depth-2,baseline_vector_search.cql + baseline_traversal.cql,measured,two_call_baseline,0,4.236333,189,TRUE,TRUE
paper-4607-topk-10-depth-0,baseline_vector_search.cql + baseline_traversal.cql,measured,two_call_baseline,0,1.695333,10,TRUE,TRUE
paper-4607-topk-10-depth-1,baseline_vector_search.cql + baseline_traversal.cql,measured,two_call_baseline,0,2.427000,55,TRUE,TRUE
paper-4607-topk-10-depth-2,baseline_vector_search.cql + baseline_traversal.cql,measured,two_call_baseline,0,7.355666,380,TRUE,TRUE
paper-36942-topk-1-depth-0,baseline_vector_search.cql + baseline_traversal.cql,measured,two_call_baseline,0,1.153125,1,TRUE,TRUE
paper-36942-topk-1-depth-1,baseline_vector_search.cql + baseline_traversal.cql,measured,two_call_baseline,0,1.530125,26,TRUE,TRUE
paper-36942-topk-1-depth-2,baseline_vector_search.cql + baseline_traversal.cql,measured,two_call_baseline,0,317.155000,19975,TRUE,TRUE
paper-36942-topk-3-depth-0,baseline_vector_search.cql + baseline_traversal.cql,measured,two_call_baseline,0,1.346167,3,TRUE,TRUE
paper-36942-topk-3-depth-1,baseline_vector_search.cql + baseline_traversal.cql,measured,two_call_baseline,0,2.134917,58,TRUE,TRUE
paper-36942-topk-3-depth-2,baseline_vector_search.cql + baseline_traversal.cql,measured,two_call_baseline,0,358.273959,21899,TRUE,TRUE
paper-36942-topk-5-depth-0,baseline_vector_search.cql + baseline_traversal.cql,measured,two_call_baseline,0,1.459000,5,TRUE,TRUE
paper-36942-topk-5-depth-1,baseline_vector_search.cql + baseline_traversal.cql,measured,two_call_baseline,0,3.194292,120,TRUE,TRUE
paper-36942-topk-5-depth-2,baseline_vector_search.cql + baseline_traversal.cql,measured,two_call_baseline,0,394.594333,23766,TRUE,TRUE
paper-36942-topk-10-depth-0,baseline_vector_search.cql + baseline_traversal.cql,measured,two_call_baseline,0,1.726667,10,TRUE,TRUE
paper-36942-topk-10-depth-1,baseline_vector_search.cql + baseline_traversal.cql,measured,two_call_baseline,0,9.724666,533,TRUE,TRUE
paper-36942-topk-10-depth-2,baseline_vector_search.cql + baseline_traversal.cql,measured,two_call_baseline,0,587.427208,34336,TRUE,TRUE
paper-125079-topk-1-depth-0,baseline_vector_search.cql + baseline_traversal.cql,measured,two_call_baseline,0,1.243208,1,TRUE,TRUE
paper-125079-topk-1-depth-1,baseline_vector_search.cql + baseline_traversal.cql,measured,two_call_baseline,0,1.203167,10,TRUE,TRUE
paper-125079-topk-1-depth-2,baseline_vector_search.cql + baseline_traversal.cql,measured,two_call_baseline,0,3.078083,122,TRUE,TRUE
paper-125079-topk-3-depth-0,baseline_vector_search.cql + baseline_traversal.cql,measured,two_call_baseline,0,1.419041,3,TRUE,TRUE
paper-125079-topk-3-depth-1,baseline_vector_search.cql + baseline_traversal.cql,measured,two_call_baseline,0,1.563417,22,TRUE,TRUE
paper-125079-topk-3-depth-2,baseline_vector_search.cql + baseline_traversal.cql,measured,two_call_baseline,0,3.956750,171,TRUE,TRUE
paper-125079-topk-5-depth-0,baseline_vector_search.cql + baseline_traversal.cql,measured,two_call_baseline,0,1.473291,5,TRUE,TRUE
paper-125079-topk-5-depth-1,baseline_vector_search.cql + baseline_traversal.cql,measured,two_call_baseline,0,2.020792,42,TRUE,TRUE
paper-125079-topk-5-depth-2,baseline_vector_search.cql + baseline_traversal.cql,measured,two_call_baseline,0,6.267292,323,TRUE,TRUE
paper-125079-topk-10-depth-0,baseline_vector_search.cql + baseline_traversal.cql,measured,two_call_baseline,0,1.577375,10,TRUE,TRUE
paper-125079-topk-10-depth-1,baseline_vector_search.cql + baseline_traversal.cql,measured,two_call_baseline,0,4.131083,172,TRUE,TRUE
paper-125079-topk-10-depth-2,baseline_vector_search.cql + baseline_traversal.cql,measured,two_call_baseline,0,270.217791,16908,TRUE,TRUE
paper-87154-topk-1-depth-0,baseline_vector_search.cql + baseline_traversal.cql,measured,two_call_baseline,0,1.222875,1,TRUE,TRUE
paper-87154-topk-1-depth-1,baseline_vector_search.cql + baseline_traversal.cql,measured,two_call_baseline,0,1.155542,5,TRUE,TRUE
paper-87154-topk-1-depth-2,baseline_vector_search.cql + baseline_traversal.cql,measured,two_call_baseline,0,1.601875,32,TRUE,TRUE
paper-87154-topk-3-depth-0,baseline_vector_search.cql + baseline_traversal.cql,measured,two_call_baseline,0,1.257500,3,TRUE,TRUE
paper-87154-topk-3-depth-1,baseline_vector_search.cql + baseline_traversal.cql,measured,two_call_baseline,0,1.311625,8,TRUE,TRUE
paper-87154-topk-3-depth-2,baseline_vector_search.cql + baseline_traversal.cql,measured,two_call_baseline,0,9.634459,550,TRUE,TRUE
paper-87154-topk-5-depth-0,baseline_vector_search.cql + baseline_traversal.cql,measured,two_call_baseline,0,1.429750,5,TRUE,TRUE
paper-87154-topk-5-depth-1,baseline_vector_search.cql + baseline_traversal.cql,measured,two_call_baseline,0,1.595208,15,TRUE,TRUE
paper-87154-topk-5-depth-2,baseline_vector_search.cql + baseline_traversal.cql,measured,two_call_baseline,0,10.547625,589,TRUE,TRUE
paper-87154-topk-10-depth-0,baseline_vector_search.cql + baseline_traversal.cql,measured,two_call_baseline,0,1.829209,10,TRUE,TRUE
paper-87154-topk-10-depth-1,baseline_vector_search.cql + baseline_traversal.cql,measured,two_call_baseline,0,2.302250,30,TRUE,TRUE
paper-87154-topk-10-depth-2,baseline_vector_search.cql + baseline_traversal.cql,measured,two_call_baseline,0,12.279125,698,TRUE,TRUE
paper-110599-topk-1-depth-0,baseline_vector_search.cql + baseline_traversal.cql,measured,two_call_baseline,0,1.182292,1,TRUE,TRUE
paper-110599-topk-1-depth-1,baseline_vector_search.cql + baseline_traversal.cql,measured,two_call_baseline,0,1.201500,3,TRUE,TRUE
paper-110599-topk-1-depth-2,baseline_vector_search.cql + baseline_traversal.cql,measured,two_call_baseline,0,40.811084,2603,TRUE,TRUE
paper-110599-topk-3-depth-0,baseline_vector_search.cql + baseline_traversal.cql,measured,two_call_baseline,0,1.343250,3,TRUE,TRUE
paper-110599-topk-3-depth-1,baseline_vector_search.cql + baseline_traversal.cql,measured,two_call_baseline,0,2.144208,59,TRUE,TRUE
paper-110599-topk-3-depth-2,baseline_vector_search.cql + baseline_traversal.cql,measured,two_call_baseline,0,342.877375,21436,TRUE,TRUE
paper-110599-topk-5-depth-0,baseline_vector_search.cql + baseline_traversal.cql,measured,two_call_baseline,0,1.487667,5,TRUE,TRUE
paper-110599-topk-5-depth-1,baseline_vector_search.cql + baseline_traversal.cql,measured,two_call_baseline,0,2.837292,95,TRUE,TRUE
paper-110599-topk-5-depth-2,baseline_vector_search.cql + baseline_traversal.cql,measured,two_call_baseline,0,501.024916,30825,TRUE,TRUE
paper-110599-topk-10-depth-0,baseline_vector_search.cql + baseline_traversal.cql,measured,two_call_baseline,0,1.829459,10,TRUE,TRUE
paper-110599-topk-10-depth-1,baseline_vector_search.cql + baseline_traversal.cql,measured,two_call_baseline,0,3.657541,134,TRUE,TRUE
paper-110599-topk-10-depth-2,baseline_vector_search.cql + baseline_traversal.cql,measured,two_call_baseline,0,549.591958,33096,TRUE,TRUE
paper-8646-topk-1-depth-0,baseline_vector_search.cql + baseline_traversal.cql,measured,two_call_baseline,0,1.247875,1,TRUE,TRUE
paper-8646-topk-1-depth-1,baseline_vector_search.cql + baseline_traversal.cql,measured,two_call_baseline,0,1.224083,4,TRUE,TRUE
paper-8646-topk-1-depth-2,baseline_vector_search.cql + baseline_traversal.cql,measured,two_call_baseline,0,10.923167,639,TRUE,TRUE
paper-8646-topk-3-depth-0,baseline_vector_search.cql + baseline_traversal.cql,measured,two_call_baseline,0,1.391167,3,TRUE,TRUE
paper-8646-topk-3-depth-1,baseline_vector_search.cql + baseline_traversal.cql,measured,two_call_baseline,0,1.653167,23,TRUE,TRUE
paper-8646-topk-3-depth-2,baseline_vector_search.cql + baseline_traversal.cql,measured,two_call_baseline,0,107.436375,6829,TRUE,TRUE
paper-8646-topk-5-depth-0,baseline_vector_search.cql + baseline_traversal.cql,measured,two_call_baseline,0,1.526500,5,TRUE,TRUE
paper-8646-topk-5-depth-1,baseline_vector_search.cql + baseline_traversal.cql,measured,two_call_baseline,0,2.296500,58,TRUE,TRUE
paper-8646-topk-5-depth-2,baseline_vector_search.cql + baseline_traversal.cql,measured,two_call_baseline,0,198.743125,12413,TRUE,TRUE
paper-8646-topk-10-depth-0,baseline_vector_search.cql + baseline_traversal.cql,measured,two_call_baseline,0,1.936042,10,TRUE,TRUE
paper-8646-topk-10-depth-1,baseline_vector_search.cql + baseline_traversal.cql,measured,two_call_baseline,0,3.488167,117,TRUE,TRUE
paper-8646-topk-10-depth-2,baseline_vector_search.cql + baseline_traversal.cql,measured,two_call_baseline,0,239.801167,14738,TRUE,TRUE
paper-37671-topk-1-depth-0,baseline_vector_search.cql + baseline_traversal.cql,measured,two_call_baseline,0,1.311208,1,TRUE,TRUE
paper-37671-topk-1-depth-1,baseline_vector_search.cql + baseline_traversal.cql,measured,two_call_baseline,0,1.525125,21,TRUE,TRUE
paper-37671-topk-1-depth-2,baseline_vector_search.cql + baseline_traversal.cql,measured,two_call_baseline,0,34.918958,2191,TRUE,TRUE
paper-37671-topk-3-depth-0,baseline_vector_search.cql + baseline_traversal.cql,measured,two_call_baseline,0,1.354416,3,TRUE,TRUE
paper-37671-topk-3-depth-1,baseline_vector_search.cql + baseline_traversal.cql,measured,two_call_baseline,0,2.868083,104,TRUE,TRUE
paper-37671-topk-3-depth-2,baseline_vector_search.cql + baseline_traversal.cql,measured,two_call_baseline,0,349.190375,21948,TRUE,TRUE
paper-37671-topk-5-depth-0,baseline_vector_search.cql + baseline_traversal.cql,measured,two_call_baseline,0,1.495875,5,TRUE,TRUE
paper-37671-topk-5-depth-1,baseline_vector_search.cql + baseline_traversal.cql,measured,two_call_baseline,0,4.742917,217,TRUE,TRUE
paper-37671-topk-5-depth-2,baseline_vector_search.cql + baseline_traversal.cql,measured,two_call_baseline,0,469.665083,27430,TRUE,TRUE
paper-37671-topk-10-depth-0,baseline_vector_search.cql + baseline_traversal.cql,measured,two_call_baseline,0,1.973917,10,TRUE,TRUE
paper-37671-topk-10-depth-1,baseline_vector_search.cql + baseline_traversal.cql,measured,two_call_baseline,0,7.216125,342,TRUE,TRUE
paper-37671-topk-10-depth-2,baseline_vector_search.cql + baseline_traversal.cql,measured,two_call_baseline,0,564.858375,31773,TRUE,TRUE
paper-161362-topk-1-depth-0,baseline_vector_search.cql + baseline_traversal.cql,measured,two_call_baseline,0,1.345625,1,TRUE,TRUE
paper-161362-topk-1-depth-1,baseline_vector_search.cql + baseline_traversal.cql,measured,two_call_baseline,0,1.207791,4,TRUE,TRUE
paper-161362-topk-1-depth-2,baseline_vector_search.cql + baseline_traversal.cql,measured,two_call_baseline,0,9.009125,517,TRUE,TRUE
paper-161362-topk-3-depth-0,baseline_vector_search.cql + baseline_traversal.cql,measured,two_call_baseline,0,1.375959,3,TRUE,TRUE
paper-161362-topk-3-depth-1,baseline_vector_search.cql + baseline_traversal.cql,measured,two_call_baseline,0,2.008042,45,TRUE,TRUE
paper-161362-topk-3-depth-2,baseline_vector_search.cql + baseline_traversal.cql,measured,two_call_baseline,0,422.851500,25616,TRUE,TRUE
paper-161362-topk-5-depth-0,baseline_vector_search.cql + baseline_traversal.cql,measured,two_call_baseline,0,1.497709,5,TRUE,TRUE
paper-161362-topk-5-depth-1,baseline_vector_search.cql + baseline_traversal.cql,measured,two_call_baseline,0,2.394083,66,TRUE,TRUE
paper-161362-topk-5-depth-2,baseline_vector_search.cql + baseline_traversal.cql,measured,two_call_baseline,0,424.557875,26051,TRUE,TRUE
paper-161362-topk-10-depth-0,baseline_vector_search.cql + baseline_traversal.cql,measured,two_call_baseline,0,1.833875,10,TRUE,TRUE
paper-161362-topk-10-depth-1,baseline_vector_search.cql + baseline_traversal.cql,measured,two_call_baseline,0,4.577125,187,TRUE,TRUE
paper-161362-topk-10-depth-2,baseline_vector_search.cql + baseline_traversal.cql,measured,two_call_baseline,0,597.162833,35485,TRUE,TRUE
paper-135666-topk-1-depth-0,baseline_vector_search.cql + baseline_traversal.cql,measured,two_call_baseline,0,1.172250,1,TRUE,TRUE
paper-135666-topk-1-depth-1,baseline_vector_search.cql + baseline_traversal.cql,measured,two_call_baseline,0,1.174709,3,TRUE,TRUE
paper-135666-topk-1-depth-2,baseline_vector_search.cql + baseline_traversal.cql,measured,two_call_baseline,0,3.734500,165,TRUE,TRUE
paper-135666-topk-3-depth-0,baseline_vector_search.cql + baseline_traversal.cql,measured,two_call_baseline,0,1.322541,3,TRUE,TRUE
paper-135666-topk-3-depth-1,baseline_vector_search.cql + baseline_traversal.cql,measured,two_call_baseline,0,1.359542,10,TRUE,TRUE
paper-135666-topk-3-depth-2,baseline_vector_search.cql + baseline_traversal.cql,measured,two_call_baseline,0,33.491125,2082,TRUE,TRUE
paper-135666-topk-5-depth-0,baseline_vector_search.cql + baseline_traversal.cql,measured,two_call_baseline,0,1.438708,5,TRUE,TRUE
paper-135666-topk-5-depth-1,baseline_vector_search.cql + baseline_traversal.cql,measured,two_call_baseline,0,1.810208,31,TRUE,TRUE
paper-135666-topk-5-depth-2,baseline_vector_search.cql + baseline_traversal.cql,measured,two_call_baseline,0,246.174000,15322,TRUE,TRUE
paper-135666-topk-10-depth-0,baseline_vector_search.cql + baseline_traversal.cql,measured,two_call_baseline,0,1.932375,10,TRUE,TRUE
paper-135666-topk-10-depth-1,baseline_vector_search.cql + baseline_traversal.cql,measured,two_call_baseline,0,4.876334,203,TRUE,TRUE
paper-135666-topk-10-depth-2,baseline_vector_search.cql + baseline_traversal.cql,measured,two_call_baseline,0,513.130083,31247,TRUE,TRUE
paper-73696-topk-1-depth-0,baseline_vector_search.cql + baseline_traversal.cql,measured,two_call_baseline,0,1.348417,1,TRUE,TRUE
paper-73696-topk-1-depth-1,baseline_vector_search.cql + baseline_traversal.cql,measured,two_call_baseline,0,3.717958,164,TRUE,TRUE
paper-73696-topk-1-depth-2,baseline_vector_search.cql + baseline_traversal.cql,measured,two_call_baseline,0,17.891750,1083,TRUE,TRUE
paper-73696-topk-3-depth-0,baseline_vector_search.cql + baseline_traversal.cql,measured,two_call_baseline,0,1.224208,3,TRUE,TRUE
paper-73696-topk-3-depth-1,baseline_vector_search.cql + baseline_traversal.cql,measured,two_call_baseline,0,4.081042,181,TRUE,TRUE
paper-73696-topk-3-depth-2,baseline_vector_search.cql + baseline_traversal.cql,measured,two_call_baseline,0,26.101000,1621,TRUE,TRUE
paper-73696-topk-5-depth-0,baseline_vector_search.cql + baseline_traversal.cql,measured,two_call_baseline,0,1.477292,5,TRUE,TRUE
paper-73696-topk-5-depth-1,baseline_vector_search.cql + baseline_traversal.cql,measured,two_call_baseline,0,4.269958,191,TRUE,TRUE
paper-73696-topk-5-depth-2,baseline_vector_search.cql + baseline_traversal.cql,measured,two_call_baseline,0,27.599917,1700,TRUE,TRUE
paper-73696-topk-10-depth-0,baseline_vector_search.cql + baseline_traversal.cql,measured,two_call_baseline,0,2.009875,10,TRUE,TRUE
paper-73696-topk-10-depth-1,baseline_vector_search.cql + baseline_traversal.cql,measured,two_call_baseline,0,5.814833,240,TRUE,TRUE
paper-73696-topk-10-depth-2,baseline_vector_search.cql + baseline_traversal.cql,measured,two_call_baseline,0,52.570125,3114,TRUE,TRUE
paper-64420-topk-1-depth-0,baseline_vector_search.cql + baseline_traversal.cql,measured,two_call_baseline,0,1.224542,1,TRUE,TRUE
paper-64420-topk-1-depth-1,baseline_vector_search.cql + baseline_traversal.cql,measured,two_call_baseline,0,1.208833,4,TRUE,TRUE
paper-64420-topk-1-depth-2,baseline_vector_search.cql + baseline_traversal.cql,measured,two_call_baseline,0,86.210584,5461,TRUE,TRUE
paper-64420-topk-3-depth-0,baseline_vector_search.cql + baseline_traversal.cql,measured,two_call_baseline,0,1.385792,3,TRUE,TRUE
paper-64420-topk-3-depth-1,baseline_vector_search.cql + baseline_traversal.cql,measured,two_call_baseline,0,1.902333,40,TRUE,TRUE
paper-64420-topk-3-depth-2,baseline_vector_search.cql + baseline_traversal.cql,measured,two_call_baseline,0,92.019500,5758,TRUE,TRUE
paper-64420-topk-5-depth-0,baseline_vector_search.cql + baseline_traversal.cql,measured,two_call_baseline,0,1.497583,5,TRUE,TRUE
paper-64420-topk-5-depth-1,baseline_vector_search.cql + baseline_traversal.cql,measured,two_call_baseline,0,2.113875,45,TRUE,TRUE
paper-64420-topk-5-depth-2,baseline_vector_search.cql + baseline_traversal.cql,measured,two_call_baseline,0,99.568542,6256,TRUE,TRUE
paper-64420-topk-10-depth-0,baseline_vector_search.cql + baseline_traversal.cql,measured,two_call_baseline,0,1.810583,10,TRUE,TRUE
paper-64420-topk-10-depth-1,baseline_vector_search.cql + baseline_traversal.cql,measured,two_call_baseline,0,2.876333,83,TRUE,TRUE
paper-64420-topk-10-depth-2,baseline_vector_search.cql + baseline_traversal.cql,measured,two_call_baseline,0,174.640416,10736,TRUE,TRUE
paper-126167-topk-1-depth-0,baseline_vector_search.cql + baseline_traversal.cql,measured,two_call_baseline,0,1.163833,1,TRUE,TRUE
paper-126167-topk-1-depth-1,baseline_vector_search.cql + baseline_traversal.cql,measured,two_call_baseline,0,2.251250,61,TRUE,TRUE
paper-126167-topk-1-depth-2,baseline_vector_search.cql + baseline_traversal.cql,measured,two_call_baseline,0,335.220167,20960,TRUE,TRUE
paper-126167-topk-3-depth-0,baseline_vector_search.cql + baseline_traversal.cql,measured,two_call_baseline,0,1.422041,3,TRUE,TRUE
paper-126167-topk-3-depth-1,baseline_vector_search.cql + baseline_traversal.cql,measured,two_call_baseline,0,3.186458,122,TRUE,TRUE
paper-126167-topk-3-depth-2,baseline_vector_search.cql + baseline_traversal.cql,measured,two_call_baseline,0,401.397959,21916,TRUE,TRUE
paper-126167-topk-5-depth-0,baseline_vector_search.cql + baseline_traversal.cql,measured,two_call_baseline,0,1.609459,5,TRUE,TRUE
paper-126167-topk-5-depth-1,baseline_vector_search.cql + baseline_traversal.cql,measured,two_call_baseline,0,4.081208,162,TRUE,TRUE
paper-126167-topk-5-depth-2,baseline_vector_search.cql + baseline_traversal.cql,measured,two_call_baseline,0,535.805166,32048,TRUE,TRUE
paper-126167-topk-10-depth-0,baseline_vector_search.cql + baseline_traversal.cql,measured,two_call_baseline,0,2.105750,10,TRUE,TRUE
paper-126167-topk-10-depth-1,baseline_vector_search.cql + baseline_traversal.cql,measured,two_call_baseline,0,7.617375,384,TRUE,TRUE
paper-126167-topk-10-depth-2,baseline_vector_search.cql + baseline_traversal.cql,measured,two_call_baseline,0,656.167500,38570,TRUE,TRUE
paper-393-topk-1-depth-0,baseline_vector_search.cql + baseline_traversal.cql,measured,two_call_baseline,0,1.227875,1,TRUE,TRUE
paper-393-topk-1-depth-1,baseline_vector_search.cql + baseline_traversal.cql,measured,two_call_baseline,0,1.303167,11,TRUE,TRUE
paper-393-topk-1-depth-2,baseline_vector_search.cql + baseline_traversal.cql,measured,two_call_baseline,0,2.181208,68,TRUE,TRUE
paper-393-topk-3-depth-0,baseline_vector_search.cql + baseline_traversal.cql,measured,two_call_baseline,0,1.244333,3,TRUE,TRUE
paper-393-topk-3-depth-1,baseline_vector_search.cql + baseline_traversal.cql,measured,two_call_baseline,0,1.671208,28,TRUE,TRUE
paper-393-topk-3-depth-2,baseline_vector_search.cql + baseline_traversal.cql,measured,two_call_baseline,0,205.106208,12920,TRUE,TRUE
paper-393-topk-5-depth-0,baseline_vector_search.cql + baseline_traversal.cql,measured,two_call_baseline,0,1.440417,5,TRUE,TRUE
paper-393-topk-5-depth-1,baseline_vector_search.cql + baseline_traversal.cql,measured,two_call_baseline,0,3.409416,43,TRUE,TRUE
paper-393-topk-5-depth-2,baseline_vector_search.cql + baseline_traversal.cql,measured,two_call_baseline,0,356.164833,22150,TRUE,TRUE
paper-393-topk-10-depth-0,baseline_vector_search.cql + baseline_traversal.cql,measured,two_call_baseline,0,1.959209,10,TRUE,TRUE
paper-393-topk-10-depth-1,baseline_vector_search.cql + baseline_traversal.cql,measured,two_call_baseline,0,3.164750,96,TRUE,TRUE
paper-393-topk-10-depth-2,baseline_vector_search.cql + baseline_traversal.cql,measured,two_call_baseline,0,2796.776625,24687,TRUE,TRUE
paper-162048-topk-1-depth-0,baseline_vector_search.cql + baseline_traversal.cql,measured,two_call_baseline,0,1.750833,1,TRUE,TRUE
paper-162048-topk-1-depth-1,baseline_vector_search.cql + baseline_traversal.cql,measured,two_call_baseline,0,1.310042,7,TRUE,TRUE
paper-162048-topk-1-depth-2,baseline_vector_search.cql + baseline_traversal.cql,measured,two_call_baseline,0,2.818458,103,TRUE,TRUE
paper-162048-topk-3-depth-0,baseline_vector_search.cql + baseline_traversal.cql,measured,two_call_baseline,0,1.249292,3,TRUE,TRUE
paper-162048-topk-3-depth-1,baseline_vector_search.cql + baseline_traversal.cql,measured,two_call_baseline,0,2.862375,104,TRUE,TRUE
paper-162048-topk-3-depth-2,baseline_vector_search.cql + baseline_traversal.cql,measured,two_call_baseline,0,511.048958,30518,TRUE,TRUE
paper-162048-topk-5-depth-0,baseline_vector_search.cql + baseline_traversal.cql,measured,two_call_baseline,0,1.590458,5,TRUE,TRUE
paper-162048-topk-5-depth-1,baseline_vector_search.cql + baseline_traversal.cql,measured,two_call_baseline,0,3.646417,136,TRUE,TRUE
paper-162048-topk-5-depth-2,baseline_vector_search.cql + baseline_traversal.cql,measured,two_call_baseline,0,552.914917,33732,TRUE,TRUE
paper-162048-topk-10-depth-0,baseline_vector_search.cql + baseline_traversal.cql,measured,two_call_baseline,0,1.796375,10,TRUE,TRUE
paper-162048-topk-10-depth-1,baseline_vector_search.cql + baseline_traversal.cql,measured,two_call_baseline,0,4.909875,210,TRUE,TRUE
paper-162048-topk-10-depth-2,baseline_vector_search.cql + baseline_traversal.cql,measured,two_call_baseline,0,626.062625,37574,TRUE,TRUE
paper-155675-topk-1-depth-0,baseline_vector_search.cql + baseline_traversal.cql,measured,two_call_baseline,0,1.277208,1,TRUE,TRUE
paper-155675-topk-1-depth-1,baseline_vector_search.cql + baseline_traversal.cql,measured,two_call_baseline,0,1.509125,22,TRUE,TRUE
paper-155675-topk-1-depth-2,baseline_vector_search.cql + baseline_traversal.cql,measured,two_call_baseline,0,22.128666,1345,TRUE,TRUE
paper-155675-topk-3-depth-0,baseline_vector_search.cql + baseline_traversal.cql,measured,two_call_baseline,0,1.500375,3,TRUE,TRUE
paper-155675-topk-3-depth-1,baseline_vector_search.cql + baseline_traversal.cql,measured,two_call_baseline,0,2.952500,109,TRUE,TRUE
paper-155675-topk-3-depth-2,baseline_vector_search.cql + baseline_traversal.cql,measured,two_call_baseline,0,429.757083,26926,TRUE,TRUE
paper-155675-topk-5-depth-0,baseline_vector_search.cql + baseline_traversal.cql,measured,two_call_baseline,0,1.461500,5,TRUE,TRUE
paper-155675-topk-5-depth-1,baseline_vector_search.cql + baseline_traversal.cql,measured,two_call_baseline,0,3.697083,143,TRUE,TRUE
paper-155675-topk-5-depth-2,baseline_vector_search.cql + baseline_traversal.cql,measured,two_call_baseline,0,464.547333,28682,TRUE,TRUE
paper-155675-topk-10-depth-0,baseline_vector_search.cql + baseline_traversal.cql,measured,two_call_baseline,0,1.930041,10,TRUE,TRUE
paper-155675-topk-10-depth-1,baseline_vector_search.cql + baseline_traversal.cql,measured,two_call_baseline,0,5.365834,231,TRUE,TRUE
paper-155675-topk-10-depth-2,baseline_vector_search.cql + baseline_traversal.cql,measured,two_call_baseline,0,551.786417,33271,TRUE,TRUE
paper-106929-topk-1-depth-0,baseline_vector_search.cql + baseline_traversal.cql,measured,two_call_baseline,0,1.307750,1,TRUE,TRUE
paper-106929-topk-1-depth-1,baseline_vector_search.cql + baseline_traversal.cql,measured,two_call_baseline,0,3.366000,140,TRUE,TRUE
paper-106929-topk-1-depth-2,baseline_vector_search.cql + baseline_traversal.cql,measured,two_call_baseline,0,111.538459,7017,TRUE,TRUE
paper-106929-topk-3-depth-0,baseline_vector_search.cql + baseline_traversal.cql,measured,two_call_baseline,0,1.272750,3,TRUE,TRUE
paper-106929-topk-3-depth-1,baseline_vector_search.cql + baseline_traversal.cql,measured,two_call_baseline,0,4.054500,173,TRUE,TRUE
paper-106929-topk-3-depth-2,baseline_vector_search.cql + baseline_traversal.cql,measured,two_call_baseline,0,258.376541,16219,TRUE,TRUE
paper-106929-topk-5-depth-0,baseline_vector_search.cql + baseline_traversal.cql,measured,two_call_baseline,0,1.480000,5,TRUE,TRUE
paper-106929-topk-5-depth-1,baseline_vector_search.cql + baseline_traversal.cql,measured,two_call_baseline,0,4.483917,198,TRUE,TRUE
paper-106929-topk-5-depth-2,baseline_vector_search.cql + baseline_traversal.cql,measured,two_call_baseline,0,429.633000,26428,TRUE,TRUE
paper-106929-topk-10-depth-0,baseline_vector_search.cql + baseline_traversal.cql,measured,two_call_baseline,0,1.932333,10,TRUE,TRUE
paper-106929-topk-10-depth-1,baseline_vector_search.cql + baseline_traversal.cql,measured,two_call_baseline,0,5.546125,250,TRUE,TRUE
paper-106929-topk-10-depth-2,baseline_vector_search.cql + baseline_traversal.cql,measured,two_call_baseline,0,464.549792,28418,TRUE,TRUE
paper-39253-topk-1-depth-0,baseline_vector_search.cql + baseline_traversal.cql,measured,two_call_baseline,0,1.389250,1,TRUE,TRUE
paper-39253-topk-1-depth-1,baseline_vector_search.cql + baseline_traversal.cql,measured,two_call_baseline,0,1.288917,9,TRUE,TRUE
paper-39253-topk-1-depth-2,baseline_vector_search.cql + baseline_traversal.cql,measured,two_call_baseline,0,125.144584,7518,TRUE,TRUE
paper-39253-topk-3-depth-0,baseline_vector_search.cql + baseline_traversal.cql,measured,two_call_baseline,0,1.522333,3,TRUE,TRUE
paper-39253-topk-3-depth-1,baseline_vector_search.cql + baseline_traversal.cql,measured,two_call_baseline,0,1.582417,19,TRUE,TRUE
paper-39253-topk-3-depth-2,baseline_vector_search.cql + baseline_traversal.cql,measured,two_call_baseline,0,227.949583,13978,TRUE,TRUE
paper-39253-topk-5-depth-0,baseline_vector_search.cql + baseline_traversal.cql,measured,two_call_baseline,0,1.569666,5,TRUE,TRUE
paper-39253-topk-5-depth-1,baseline_vector_search.cql + baseline_traversal.cql,measured,two_call_baseline,0,1.872875,32,TRUE,TRUE
paper-39253-topk-5-depth-2,baseline_vector_search.cql + baseline_traversal.cql,measured,two_call_baseline,0,226.809000,14064,TRUE,TRUE
paper-39253-topk-10-depth-0,baseline_vector_search.cql + baseline_traversal.cql,measured,two_call_baseline,0,1.953666,10,TRUE,TRUE
paper-39253-topk-10-depth-1,baseline_vector_search.cql + baseline_traversal.cql,measured,two_call_baseline,0,4.026375,91,TRUE,TRUE
paper-39253-topk-10-depth-2,baseline_vector_search.cql + baseline_traversal.cql,measured,two_call_baseline,0,251.311750,15075,TRUE,TRUE
paper-83316-topk-1-depth-0,baseline_vector_search.cql + baseline_traversal.cql,measured,two_call_baseline,0,1.207708,1,TRUE,TRUE
paper-83316-topk-1-depth-1,baseline_vector_search.cql + baseline_traversal.cql,measured,two_call_baseline,0,1.207334,5,TRUE,TRUE
paper-83316-topk-1-depth-2,baseline_vector_search.cql + baseline_traversal.cql,measured,two_call_baseline,0,28.512292,1760,TRUE,TRUE
paper-83316-topk-3-depth-0,baseline_vector_search.cql + baseline_traversal.cql,measured,two_call_baseline,0,1.219375,3,TRUE,TRUE
paper-83316-topk-3-depth-1,baseline_vector_search.cql + baseline_traversal.cql,measured,two_call_baseline,0,1.451250,11,TRUE,TRUE
paper-83316-topk-3-depth-2,baseline_vector_search.cql + baseline_traversal.cql,measured,two_call_baseline,0,33.797875,2058,TRUE,TRUE
paper-83316-topk-5-depth-0,baseline_vector_search.cql + baseline_traversal.cql,measured,two_call_baseline,0,1.423041,5,TRUE,TRUE
paper-83316-topk-5-depth-1,baseline_vector_search.cql + baseline_traversal.cql,measured,two_call_baseline,0,1.752208,25,TRUE,TRUE
paper-83316-topk-5-depth-2,baseline_vector_search.cql + baseline_traversal.cql,measured,two_call_baseline,0,37.393791,2358,TRUE,TRUE
paper-83316-topk-10-depth-0,baseline_vector_search.cql + baseline_traversal.cql,measured,two_call_baseline,0,1.721917,10,TRUE,TRUE
paper-83316-topk-10-depth-1,baseline_vector_search.cql + baseline_traversal.cql,measured,two_call_baseline,0,2.110208,39,TRUE,TRUE
paper-83316-topk-10-depth-2,baseline_vector_search.cql + baseline_traversal.cql,measured,two_call_baseline,0,130.340625,8008,TRUE,TRUE
paper-46468-topk-1-depth-0,baseline_vector_search.cql + baseline_traversal.cql,measured,two_call_baseline,0,1.205000,1,TRUE,TRUE
paper-46468-topk-1-depth-1,baseline_vector_search.cql + baseline_traversal.cql,measured,two_call_baseline,0,1.320250,13,TRUE,TRUE
paper-46468-topk-1-depth-2,baseline_vector_search.cql + baseline_traversal.cql,measured,two_call_baseline,0,1.965791,50,TRUE,TRUE
paper-46468-topk-3-depth-0,baseline_vector_search.cql + baseline_traversal.cql,measured,two_call_baseline,0,1.286417,3,TRUE,TRUE
paper-46468-topk-3-depth-1,baseline_vector_search.cql + baseline_traversal.cql,measured,two_call_baseline,0,1.683917,20,TRUE,TRUE
paper-46468-topk-3-depth-2,baseline_vector_search.cql + baseline_traversal.cql,measured,two_call_baseline,0,2.511875,83,TRUE,TRUE
paper-46468-topk-5-depth-0,baseline_vector_search.cql + baseline_traversal.cql,measured,two_call_baseline,0,1.366500,5,TRUE,TRUE
paper-46468-topk-5-depth-1,baseline_vector_search.cql + baseline_traversal.cql,measured,two_call_baseline,0,1.623000,26,TRUE,TRUE
paper-46468-topk-5-depth-2,baseline_vector_search.cql + baseline_traversal.cql,measured,two_call_baseline,0,2.792209,93,TRUE,TRUE
paper-46468-topk-10-depth-0,baseline_vector_search.cql + baseline_traversal.cql,measured,two_call_baseline,0,1.754375,10,TRUE,TRUE
paper-46468-topk-10-depth-1,baseline_vector_search.cql + baseline_traversal.cql,measured,two_call_baseline,0,2.282291,52,TRUE,TRUE
paper-46468-topk-10-depth-2,baseline_vector_search.cql + baseline_traversal.cql,measured,two_call_baseline,0,4.792916,200,TRUE,TRUE
paper-156091-topk-1-depth-0,baseline_vector_search.cql + baseline_traversal.cql,measured,two_call_baseline,0,1.174958,1,TRUE,TRUE
paper-156091-topk-1-depth-1,baseline_vector_search.cql + baseline_traversal.cql,measured,two_call_baseline,0,1.347625,14,TRUE,TRUE
paper-156091-topk-1-depth-2,baseline_vector_search.cql + baseline_traversal.cql,measured,two_call_baseline,0,96.272292,6032,TRUE,TRUE
paper-156091-topk-3-depth-0,baseline_vector_search.cql + baseline_traversal.cql,measured,two_call_baseline,0,1.309917,3,TRUE,TRUE
paper-156091-topk-3-depth-1,baseline_vector_search.cql + baseline_traversal.cql,measured,two_call_baseline,0,2.821625,95,TRUE,TRUE
paper-156091-topk-3-depth-2,baseline_vector_search.cql + baseline_traversal.cql,measured,two_call_baseline,0,306.117042,18487,TRUE,TRUE
paper-156091-topk-5-depth-0,baseline_vector_search.cql + baseline_traversal.cql,measured,two_call_baseline,0,1.583625,5,TRUE,TRUE
paper-156091-topk-5-depth-1,baseline_vector_search.cql + baseline_traversal.cql,measured,two_call_baseline,0,3.462250,118,TRUE,TRUE
paper-156091-topk-5-depth-2,baseline_vector_search.cql + baseline_traversal.cql,measured,two_call_baseline,0,543.116500,32493,TRUE,TRUE
paper-156091-topk-10-depth-0,baseline_vector_search.cql + baseline_traversal.cql,measured,two_call_baseline,0,1.892834,10,TRUE,TRUE
paper-156091-topk-10-depth-1,baseline_vector_search.cql + baseline_traversal.cql,measured,two_call_baseline,0,3.836542,142,TRUE,TRUE
paper-156091-topk-10-depth-2,baseline_vector_search.cql + baseline_traversal.cql,measured,two_call_baseline,0,567.269667,33194,TRUE,TRUE
paper-168019-topk-1-depth-0,baseline_vector_search.cql + baseline_traversal.cql,measured,two_call_baseline,0,1.252458,1,TRUE,TRUE
paper-168019-topk-1-depth-1,baseline_vector_search.cql + baseline_traversal.cql,measured,two_call_baseline,0,1.299917,10,TRUE,TRUE
paper-168019-topk-1-depth-2,baseline_vector_search.cql + baseline_traversal.cql,measured,two_call_baseline,0,11.125917,657,TRUE,TRUE
paper-168019-topk-3-depth-0,baseline_vector_search.cql + baseline_traversal.cql,measured,two_call_baseline,0,1.358834,3,TRUE,TRUE
paper-168019-topk-3-depth-1,baseline_vector_search.cql + baseline_traversal.cql,measured,two_call_baseline,0,1.909500,40,TRUE,TRUE
paper-168019-topk-3-depth-2,baseline_vector_search.cql + baseline_traversal.cql,measured,two_call_baseline,0,242.149625,15123,TRUE,TRUE
paper-168019-topk-5-depth-0,baseline_vector_search.cql + baseline_traversal.cql,measured,two_call_baseline,0,1.554750,5,TRUE,TRUE
paper-168019-topk-5-depth-1,baseline_vector_search.cql + baseline_traversal.cql,measured,two_call_baseline,0,2.277083,46,TRUE,TRUE
paper-168019-topk-5-depth-2,baseline_vector_search.cql + baseline_traversal.cql,measured,two_call_baseline,0,241.267250,15143,TRUE,TRUE
paper-168019-topk-10-depth-0,baseline_vector_search.cql + baseline_traversal.cql,measured,two_call_baseline,0,1.891375,10,TRUE,TRUE
paper-168019-topk-10-depth-1,baseline_vector_search.cql + baseline_traversal.cql,measured,two_call_baseline,0,2.689334,74,TRUE,TRUE
paper-168019-topk-10-depth-2,baseline_vector_search.cql + baseline_traversal.cql,measured,two_call_baseline,0,328.390500,20242,TRUE,TRUE
paper-146975-topk-1-depth-0,baseline_vector_search.cql + baseline_traversal.cql,measured,two_call_baseline,0,1.224500,1,TRUE,TRUE
paper-146975-topk-1-depth-1,baseline_vector_search.cql + baseline_traversal.cql,measured,two_call_baseline,0,1.242833,5,TRUE,TRUE
paper-146975-topk-1-depth-2,baseline_vector_search.cql + baseline_traversal.cql,measured,two_call_baseline,0,1.570000,22,TRUE,TRUE
paper-146975-topk-3-depth-0,baseline_vector_search.cql + baseline_traversal.cql,measured,two_call_baseline,0,1.377833,3,TRUE,TRUE
paper-146975-topk-3-depth-1,baseline_vector_search.cql + baseline_traversal.cql,measured,two_call_baseline,0,1.494083,12,TRUE,TRUE
paper-146975-topk-3-depth-2,baseline_vector_search.cql + baseline_traversal.cql,measured,two_call_baseline,0,2.404958,69,TRUE,TRUE
paper-146975-topk-5-depth-0,baseline_vector_search.cql + baseline_traversal.cql,measured,two_call_baseline,0,1.512875,5,TRUE,TRUE
paper-146975-topk-5-depth-1,baseline_vector_search.cql + baseline_traversal.cql,measured,two_call_baseline,0,1.975750,31,TRUE,TRUE
paper-146975-topk-5-depth-2,baseline_vector_search.cql + baseline_traversal.cql,measured,two_call_baseline,0,4.262541,182,TRUE,TRUE
paper-146975-topk-10-depth-0,baseline_vector_search.cql + baseline_traversal.cql,measured,two_call_baseline,0,1.837042,10,TRUE,TRUE
paper-146975-topk-10-depth-1,baseline_vector_search.cql + baseline_traversal.cql,measured,two_call_baseline,0,3.373458,110,TRUE,TRUE
paper-146975-topk-10-depth-2,baseline_vector_search.cql + baseline_traversal.cql,measured,two_call_baseline,0,118.682500,7407,TRUE,TRUE
paper-66674-topk-1-depth-0,baseline_vector_search.cql + baseline_traversal.cql,measured,two_call_baseline,0,1.263417,1,TRUE,TRUE
paper-66674-topk-1-depth-1,baseline_vector_search.cql + baseline_traversal.cql,measured,two_call_baseline,0,9.961375,563,TRUE,TRUE
paper-66674-topk-1-depth-2,baseline_vector_search.cql + baseline_traversal.cql,measured,two_call_baseline,0,68.086959,4118,TRUE,TRUE
paper-66674-topk-3-depth-0,baseline_vector_search.cql + baseline_traversal.cql,measured,two_call_baseline,0,1.342542,3,TRUE,TRUE
paper-66674-topk-3-depth-1,baseline_vector_search.cql + baseline_traversal.cql,measured,two_call_baseline,0,11.203417,644,TRUE,TRUE
paper-66674-topk-3-depth-2,baseline_vector_search.cql + baseline_traversal.cql,measured,two_call_baseline,0,72.023167,4479,TRUE,TRUE
paper-66674-topk-5-depth-0,baseline_vector_search.cql + baseline_traversal.cql,measured,two_call_baseline,0,1.420458,5,TRUE,TRUE
paper-66674-topk-5-depth-1,baseline_vector_search.cql + baseline_traversal.cql,measured,two_call_baseline,0,11.407250,661,TRUE,TRUE
paper-66674-topk-5-depth-2,baseline_vector_search.cql + baseline_traversal.cql,measured,two_call_baseline,0,77.869208,4850,TRUE,TRUE
paper-66674-topk-10-depth-0,baseline_vector_search.cql + baseline_traversal.cql,measured,two_call_baseline,0,1.662584,10,TRUE,TRUE
paper-66674-topk-10-depth-1,baseline_vector_search.cql + baseline_traversal.cql,measured,two_call_baseline,0,12.343792,700,TRUE,TRUE
paper-66674-topk-10-depth-2,baseline_vector_search.cql + baseline_traversal.cql,measured,two_call_baseline,0,82.127875,5015,TRUE,TRUE
paper-143687-topk-1-depth-0,baseline_vector_search.cql + baseline_traversal.cql,measured,two_call_baseline,0,1.202250,1,TRUE,TRUE
paper-143687-topk-1-depth-1,baseline_vector_search.cql + baseline_traversal.cql,measured,two_call_baseline,0,1.590709,26,TRUE,TRUE
paper-143687-topk-1-depth-2,baseline_vector_search.cql + baseline_traversal.cql,measured,two_call_baseline,0,292.089833,18286,TRUE,TRUE
paper-143687-topk-3-depth-0,baseline_vector_search.cql + baseline_traversal.cql,measured,two_call_baseline,0,1.397208,3,TRUE,TRUE
paper-143687-topk-3-depth-1,baseline_vector_search.cql + baseline_traversal.cql,measured,two_call_baseline,0,1.861917,38,TRUE,TRUE
paper-143687-topk-3-depth-2,baseline_vector_search.cql + baseline_traversal.cql,measured,two_call_baseline,0,294.956916,18399,TRUE,TRUE
paper-143687-topk-5-depth-0,baseline_vector_search.cql + baseline_traversal.cql,measured,two_call_baseline,0,1.525459,5,TRUE,TRUE
paper-143687-topk-5-depth-1,baseline_vector_search.cql + baseline_traversal.cql,measured,two_call_baseline,0,4.579084,196,TRUE,TRUE
paper-143687-topk-5-depth-2,baseline_vector_search.cql + baseline_traversal.cql,measured,two_call_baseline,0,361.045000,22371,TRUE,TRUE
paper-143687-topk-10-depth-0,baseline_vector_search.cql + baseline_traversal.cql,measured,two_call_baseline,0,1.912209,10,TRUE,TRUE
paper-143687-topk-10-depth-1,baseline_vector_search.cql + baseline_traversal.cql,measured,two_call_baseline,0,6.252791,299,TRUE,TRUE
paper-143687-topk-10-depth-2,baseline_vector_search.cql + baseline_traversal.cql,measured,two_call_baseline,0,620.042375,37862,TRUE,TRUE
paper-56366-topk-1-depth-0,baseline_vector_search.cql + baseline_traversal.cql,measured,two_call_baseline,0,1.206250,1,TRUE,TRUE
paper-56366-topk-1-depth-1,baseline_vector_search.cql + baseline_traversal.cql,measured,two_call_baseline,0,1.521250,8,TRUE,TRUE
paper-56366-topk-1-depth-2,baseline_vector_search.cql + baseline_traversal.cql,measured,two_call_baseline,0,1.941333,54,TRUE,TRUE
paper-56366-topk-3-depth-0,baseline_vector_search.cql + baseline_traversal.cql,measured,two_call_baseline,0,1.214083,3,TRUE,TRUE
paper-56366-topk-3-depth-1,baseline_vector_search.cql + baseline_traversal.cql,measured,two_call_baseline,0,1.466708,20,TRUE,TRUE
paper-56366-topk-3-depth-2,baseline_vector_search.cql + baseline_traversal.cql,measured,two_call_baseline,0,9.571625,538,TRUE,TRUE
paper-56366-topk-5-depth-0,baseline_vector_search.cql + baseline_traversal.cql,measured,two_call_baseline,0,1.325584,5,TRUE,TRUE
paper-56366-topk-5-depth-1,baseline_vector_search.cql + baseline_traversal.cql,measured,two_call_baseline,0,1.765333,24,TRUE,TRUE
paper-56366-topk-5-depth-2,baseline_vector_search.cql + baseline_traversal.cql,measured,two_call_baseline,0,9.697458,552,TRUE,TRUE
paper-56366-topk-10-depth-0,baseline_vector_search.cql + baseline_traversal.cql,measured,two_call_baseline,0,1.638875,10,TRUE,TRUE
paper-56366-topk-10-depth-1,baseline_vector_search.cql + baseline_traversal.cql,measured,two_call_baseline,0,2.547417,67,TRUE,TRUE
paper-56366-topk-10-depth-2,baseline_vector_search.cql + baseline_traversal.cql,measured,two_call_baseline,0,53.969292,3327,TRUE,TRUE
paper-15025-topk-1-depth-0,baseline_vector_search.cql + baseline_traversal.cql,measured,two_call_baseline,0,1.204584,1,TRUE,TRUE
paper-15025-topk-1-depth-1,baseline_vector_search.cql + baseline_traversal.cql,measured,two_call_baseline,0,1.223458,6,TRUE,TRUE
paper-15025-topk-1-depth-2,baseline_vector_search.cql + baseline_traversal.cql,measured,two_call_baseline,0,326.466166,19386,TRUE,TRUE
paper-15025-topk-3-depth-0,baseline_vector_search.cql + baseline_traversal.cql,measured,two_call_baseline,0,1.536917,3,TRUE,TRUE
paper-15025-topk-3-depth-1,baseline_vector_search.cql + baseline_traversal.cql,measured,two_call_baseline,0,2.585791,26,TRUE,TRUE
paper-15025-topk-3-depth-2,baseline_vector_search.cql + baseline_traversal.cql,measured,two_call_baseline,0,343.325667,21170,TRUE,TRUE
paper-15025-topk-5-depth-0,baseline_vector_search.cql + baseline_traversal.cql,measured,two_call_baseline,0,1.545208,5,TRUE,TRUE
paper-15025-topk-5-depth-1,baseline_vector_search.cql + baseline_traversal.cql,measured,two_call_baseline,0,1.946875,33,TRUE,TRUE
paper-15025-topk-5-depth-2,baseline_vector_search.cql + baseline_traversal.cql,measured,two_call_baseline,0,343.371459,21270,TRUE,TRUE
paper-15025-topk-10-depth-0,baseline_vector_search.cql + baseline_traversal.cql,measured,two_call_baseline,0,1.862209,10,TRUE,TRUE
paper-15025-topk-10-depth-1,baseline_vector_search.cql + baseline_traversal.cql,measured,two_call_baseline,0,2.840916,78,TRUE,TRUE
paper-15025-topk-10-depth-2,baseline_vector_search.cql + baseline_traversal.cql,measured,two_call_baseline,0,382.779459,23542,TRUE,TRUE
paper-132217-topk-1-depth-0,baseline_vector_search.cql + baseline_traversal.cql,measured,two_call_baseline,0,1.299625,1,TRUE,TRUE
paper-132217-topk-1-depth-1,baseline_vector_search.cql + baseline_traversal.cql,measured,two_call_baseline,0,1.321416,6,TRUE,TRUE
paper-132217-topk-1-depth-2,baseline_vector_search.cql + baseline_traversal.cql,measured,two_call_baseline,0,35.453250,2107,TRUE,TRUE
paper-132217-topk-3-depth-0,baseline_vector_search.cql + baseline_traversal.cql,measured,two_call_baseline,0,1.388542,3,TRUE,TRUE
paper-132217-topk-3-depth-1,baseline_vector_search.cql + baseline_traversal.cql,measured,two_call_baseline,0,2.414625,70,TRUE,TRUE
paper-132217-topk-3-depth-2,baseline_vector_search.cql + baseline_traversal.cql,measured,two_call_baseline,0,282.412958,17634,TRUE,TRUE
paper-132217-topk-5-depth-0,baseline_vector_search.cql + baseline_traversal.cql,measured,two_call_baseline,0,1.739208,5,TRUE,TRUE
paper-132217-topk-5-depth-1,baseline_vector_search.cql + baseline_traversal.cql,measured,two_call_baseline,0,3.112542,88,TRUE,TRUE
paper-132217-topk-5-depth-2,baseline_vector_search.cql + baseline_traversal.cql,measured,two_call_baseline,0,359.913291,21730,TRUE,TRUE
paper-132217-topk-10-depth-0,baseline_vector_search.cql + baseline_traversal.cql,measured,two_call_baseline,0,2.275500,10,TRUE,TRUE
paper-132217-topk-10-depth-1,baseline_vector_search.cql + baseline_traversal.cql,measured,two_call_baseline,0,5.251417,170,TRUE,TRUE
paper-132217-topk-10-depth-2,baseline_vector_search.cql + baseline_traversal.cql,measured,two_call_baseline,0,538.623084,32290,TRUE,TRUE
paper-88675-topk-1-depth-0,baseline_vector_search.cql + baseline_traversal.cql,measured,two_call_baseline,0,1.261209,1,TRUE,TRUE
paper-88675-topk-1-depth-1,baseline_vector_search.cql + baseline_traversal.cql,measured,two_call_baseline,0,1.378834,14,TRUE,TRUE
paper-88675-topk-1-depth-2,baseline_vector_search.cql + baseline_traversal.cql,measured,two_call_baseline,0,220.010333,13834,TRUE,TRUE
paper-88675-topk-3-depth-0,baseline_vector_search.cql + baseline_traversal.cql,measured,two_call_baseline,0,1.575833,3,TRUE,TRUE
paper-88675-topk-3-depth-1,baseline_vector_search.cql + baseline_traversal.cql,measured,two_call_baseline,0,2.016417,31,TRUE,TRUE
paper-88675-topk-3-depth-2,baseline_vector_search.cql + baseline_traversal.cql,measured,two_call_baseline,0,261.406792,16362,TRUE,TRUE
paper-88675-topk-5-depth-0,baseline_vector_search.cql + baseline_traversal.cql,measured,two_call_baseline,0,1.447541,5,TRUE,TRUE
paper-88675-topk-5-depth-1,baseline_vector_search.cql + baseline_traversal.cql,measured,two_call_baseline,0,2.261750,53,TRUE,TRUE
paper-88675-topk-5-depth-2,baseline_vector_search.cql + baseline_traversal.cql,measured,two_call_baseline,0,274.094458,16969,TRUE,TRUE
paper-88675-topk-10-depth-0,baseline_vector_search.cql + baseline_traversal.cql,measured,two_call_baseline,0,1.914792,10,TRUE,TRUE
paper-88675-topk-10-depth-1,baseline_vector_search.cql + baseline_traversal.cql,measured,two_call_baseline,0,4.026958,148,TRUE,TRUE
paper-88675-topk-10-depth-2,baseline_vector_search.cql + baseline_traversal.cql,measured,two_call_baseline,0,457.360833,27617,TRUE,TRUE
paper-44352-topk-1-depth-0,baseline_vector_search.cql + baseline_traversal.cql,measured,two_call_baseline,0,1.282125,1,TRUE,TRUE
paper-44352-topk-1-depth-1,baseline_vector_search.cql + baseline_traversal.cql,measured,two_call_baseline,0,1.344792,3,TRUE,TRUE
paper-44352-topk-1-depth-2,baseline_vector_search.cql + baseline_traversal.cql,measured,two_call_baseline,0,1.227875,8,TRUE,TRUE
paper-44352-topk-3-depth-0,baseline_vector_search.cql + baseline_traversal.cql,measured,two_call_baseline,0,1.364375,3,TRUE,TRUE
paper-44352-topk-3-depth-1,baseline_vector_search.cql + baseline_traversal.cql,measured,two_call_baseline,0,1.539542,13,TRUE,TRUE
paper-44352-topk-3-depth-2,baseline_vector_search.cql + baseline_traversal.cql,measured,two_call_baseline,0,2.371916,70,TRUE,TRUE
paper-44352-topk-5-depth-0,baseline_vector_search.cql + baseline_traversal.cql,measured,two_call_baseline,0,1.467250,5,TRUE,TRUE
paper-44352-topk-5-depth-1,baseline_vector_search.cql + baseline_traversal.cql,measured,two_call_baseline,0,1.653375,22,TRUE,TRUE
paper-44352-topk-5-depth-2,baseline_vector_search.cql + baseline_traversal.cql,measured,two_call_baseline,0,3.163625,103,TRUE,TRUE
paper-44352-topk-10-depth-0,baseline_vector_search.cql + baseline_traversal.cql,measured,two_call_baseline,0,1.670875,10,TRUE,TRUE
paper-44352-topk-10-depth-1,baseline_vector_search.cql + baseline_traversal.cql,measured,two_call_baseline,0,2.821666,80,TRUE,TRUE
paper-44352-topk-10-depth-2,baseline_vector_search.cql + baseline_traversal.cql,measured,two_call_baseline,0,20.882750,1251,TRUE,TRUE
paper-48577-topk-1-depth-0,baseline_vector_search.cql + baseline_traversal.cql,measured,two_call_baseline,0,1.217417,1,TRUE,TRUE
paper-48577-topk-1-depth-1,baseline_vector_search.cql + baseline_traversal.cql,measured,two_call_baseline,0,1.270875,4,TRUE,TRUE
paper-48577-topk-1-depth-2,baseline_vector_search.cql + baseline_traversal.cql,measured,two_call_baseline,0,1.338167,10,TRUE,TRUE
paper-48577-topk-3-depth-0,baseline_vector_search.cql + baseline_traversal.cql,measured,two_call_baseline,0,1.261584,3,TRUE,TRUE
paper-48577-topk-3-depth-1,baseline_vector_search.cql + baseline_traversal.cql,measured,two_call_baseline,0,1.449000,16,TRUE,TRUE
paper-48577-topk-3-depth-2,baseline_vector_search.cql + baseline_traversal.cql,measured,two_call_baseline,0,2.114709,51,TRUE,TRUE
paper-48577-topk-5-depth-0,baseline_vector_search.cql + baseline_traversal.cql,measured,two_call_baseline,0,1.515875,5,TRUE,TRUE
paper-48577-topk-5-depth-1,baseline_vector_search.cql + baseline_traversal.cql,measured,two_call_baseline,0,1.679500,23,TRUE,TRUE
paper-48577-topk-5-depth-2,baseline_vector_search.cql + baseline_traversal.cql,measured,two_call_baseline,0,4.319792,183,TRUE,TRUE
paper-48577-topk-10-depth-0,baseline_vector_search.cql + baseline_traversal.cql,measured,two_call_baseline,0,1.825667,10,TRUE,TRUE
paper-48577-topk-10-depth-1,baseline_vector_search.cql + baseline_traversal.cql,measured,two_call_baseline,0,2.286334,44,TRUE,TRUE
paper-48577-topk-10-depth-2,baseline_vector_search.cql + baseline_traversal.cql,measured,two_call_baseline,0,8.159375,411,TRUE,TRUE
paper-25595-topk-1-depth-0,baseline_vector_search.cql + baseline_traversal.cql,measured,two_call_baseline,0,1.203458,1,TRUE,TRUE
paper-25595-topk-1-depth-1,baseline_vector_search.cql + baseline_traversal.cql,measured,two_call_baseline,0,1.165208,6,TRUE,TRUE
paper-25595-topk-1-depth-2,baseline_vector_search.cql + baseline_traversal.cql,measured,two_call_baseline,0,1.553208,29,TRUE,TRUE
paper-25595-topk-3-depth-0,baseline_vector_search.cql + baseline_traversal.cql,measured,two_call_baseline,0,1.226083,3,TRUE,TRUE
paper-25595-topk-3-depth-1,baseline_vector_search.cql + baseline_traversal.cql,measured,two_call_baseline,0,1.317125,8,TRUE,TRUE
paper-25595-topk-3-depth-2,baseline_vector_search.cql + baseline_traversal.cql,measured,two_call_baseline,0,2.173750,53,TRUE,TRUE
paper-25595-topk-5-depth-0,baseline_vector_search.cql + baseline_traversal.cql,measured,two_call_baseline,0,1.371875,5,TRUE,TRUE
paper-25595-topk-5-depth-1,baseline_vector_search.cql + baseline_traversal.cql,measured,two_call_baseline,0,1.505542,16,TRUE,TRUE
paper-25595-topk-5-depth-2,baseline_vector_search.cql + baseline_traversal.cql,measured,two_call_baseline,0,2.970750,109,TRUE,TRUE
paper-25595-topk-10-depth-0,baseline_vector_search.cql + baseline_traversal.cql,measured,two_call_baseline,0,1.669000,10,TRUE,TRUE
paper-25595-topk-10-depth-1,baseline_vector_search.cql + baseline_traversal.cql,measured,two_call_baseline,0,2.218000,44,TRUE,TRUE
paper-25595-topk-10-depth-2,baseline_vector_search.cql + baseline_traversal.cql,measured,two_call_baseline,0,5.832833,274,TRUE,TRUE
paper-42366-topk-1-depth-0,baseline_vector_search.cql + baseline_traversal.cql,measured,two_call_baseline,0,1.229708,1,TRUE,TRUE
paper-42366-topk-1-depth-1,baseline_vector_search.cql + baseline_traversal.cql,measured,two_call_baseline,0,1.304875,12,TRUE,TRUE
paper-42366-topk-1-depth-2,baseline_vector_search.cql + baseline_traversal.cql,measured,two_call_baseline,0,21.472917,1329,TRUE,TRUE
paper-42366-topk-3-depth-0,baseline_vector_search.cql + baseline_traversal.cql,measured,two_call_baseline,0,1.381833,3,TRUE,TRUE
paper-42366-topk-3-depth-1,baseline_vector_search.cql + baseline_traversal.cql,measured,two_call_baseline,0,2.153041,59,TRUE,TRUE
paper-42366-topk-3-depth-2,baseline_vector_search.cql + baseline_traversal.cql,measured,two_call_baseline,0,144.301000,9072,TRUE,TRUE
paper-42366-topk-5-depth-0,baseline_vector_search.cql + baseline_traversal.cql,measured,two_call_baseline,0,1.545667,5,TRUE,TRUE
paper-42366-topk-5-depth-1,baseline_vector_search.cql + baseline_traversal.cql,measured,two_call_baseline,0,2.764791,91,TRUE,TRUE
paper-42366-topk-5-depth-2,baseline_vector_search.cql + baseline_traversal.cql,measured,two_call_baseline,0,370.126166,23211,TRUE,TRUE
paper-42366-topk-10-depth-0,baseline_vector_search.cql + baseline_traversal.cql,measured,two_call_baseline,0,1.959667,10,TRUE,TRUE
paper-42366-topk-10-depth-1,baseline_vector_search.cql + baseline_traversal.cql,measured,two_call_baseline,0,3.755584,125,TRUE,TRUE
paper-42366-topk-10-depth-2,baseline_vector_search.cql + baseline_traversal.cql,measured,two_call_baseline,0,387.247958,24002,TRUE,TRUE
paper-109198-topk-1-depth-0,baseline_vector_search.cql + baseline_traversal.cql,measured,two_call_baseline,0,1.316958,1,TRUE,TRUE
paper-109198-topk-1-depth-1,baseline_vector_search.cql + baseline_traversal.cql,measured,two_call_baseline,0,1.737000,37,TRUE,TRUE
paper-109198-topk-1-depth-2,baseline_vector_search.cql + baseline_traversal.cql,measured,two_call_baseline,0,443.037625,27708,TRUE,TRUE
paper-109198-topk-3-depth-0,baseline_vector_search.cql + baseline_traversal.cql,measured,two_call_baseline,0,1.363291,3,TRUE,TRUE
paper-109198-topk-3-depth-1,baseline_vector_search.cql + baseline_traversal.cql,measured,two_call_baseline,0,4.429875,203,TRUE,TRUE
paper-109198-topk-3-depth-2,baseline_vector_search.cql + baseline_traversal.cql,measured,two_call_baseline,0,547.755000,33352,TRUE,TRUE
paper-109198-topk-5-depth-0,baseline_vector_search.cql + baseline_traversal.cql,measured,two_call_baseline,0,1.559917,5,TRUE,TRUE
paper-109198-topk-5-depth-1,baseline_vector_search.cql + baseline_traversal.cql,measured,two_call_baseline,0,6.554167,330,TRUE,TRUE
paper-109198-topk-5-depth-2,baseline_vector_search.cql + baseline_traversal.cql,measured,two_call_baseline,0,566.396000,34379,TRUE,TRUE
paper-109198-topk-10-depth-0,baseline_vector_search.cql + baseline_traversal.cql,measured,two_call_baseline,0,1.857584,10,TRUE,TRUE
paper-109198-topk-10-depth-1,baseline_vector_search.cql + baseline_traversal.cql,measured,two_call_baseline,0,9.654208,512,TRUE,TRUE
paper-109198-topk-10-depth-2,baseline_vector_search.cql + baseline_traversal.cql,measured,two_call_baseline,0,624.482292,35813,TRUE,TRUE
paper-106428-topk-1-depth-0,baseline_vector_search.cql + baseline_traversal.cql,measured,two_call_baseline,0,1.339250,1,TRUE,TRUE
paper-106428-topk-1-depth-1,baseline_vector_search.cql + baseline_traversal.cql,measured,two_call_baseline,0,1.251125,11,TRUE,TRUE
paper-106428-topk-1-depth-2,baseline_vector_search.cql + baseline_traversal.cql,measured,two_call_baseline,0,109.427750,6912,TRUE,TRUE
paper-106428-topk-3-depth-0,baseline_vector_search.cql + baseline_traversal.cql,measured,two_call_baseline,0,1.424500,3,TRUE,TRUE
paper-106428-topk-3-depth-1,baseline_vector_search.cql + baseline_traversal.cql,measured,two_call_baseline,0,2.016625,46,TRUE,TRUE
paper-106428-topk-3-depth-2,baseline_vector_search.cql + baseline_traversal.cql,measured,two_call_baseline,0,363.891000,22723,TRUE,TRUE
paper-106428-topk-5-depth-0,baseline_vector_search.cql + baseline_traversal.cql,measured,two_call_baseline,0,1.533417,5,TRUE,TRUE
paper-106428-topk-5-depth-1,baseline_vector_search.cql + baseline_traversal.cql,measured,two_call_baseline,0,3.267500,111,TRUE,TRUE
paper-106428-topk-5-depth-2,baseline_vector_search.cql + baseline_traversal.cql,measured,two_call_baseline,0,512.639208,31443,TRUE,TRUE
paper-106428-topk-10-depth-0,baseline_vector_search.cql + baseline_traversal.cql,measured,two_call_baseline,0,1.890083,10,TRUE,TRUE
paper-106428-topk-10-depth-1,baseline_vector_search.cql + baseline_traversal.cql,measured,two_call_baseline,0,4.699292,193,TRUE,TRUE
paper-106428-topk-10-depth-2,baseline_vector_search.cql + baseline_traversal.cql,measured,two_call_baseline,0,567.769500,33953,TRUE,TRUE
paper-113554-topk-1-depth-0,baseline_vector_search.cql + baseline_traversal.cql,measured,two_call_baseline,0,1.218166,1,TRUE,TRUE
paper-113554-topk-1-depth-1,baseline_vector_search.cql + baseline_traversal.cql,measured,two_call_baseline,0,1.241125,9,TRUE,TRUE
paper-113554-topk-1-depth-2,baseline_vector_search.cql + baseline_traversal.cql,measured,two_call_baseline,0,45.392625,2854,TRUE,TRUE
paper-113554-topk-3-depth-0,baseline_vector_search.cql + baseline_traversal.cql,measured,two_call_baseline,0,1.249834,3,TRUE,TRUE
paper-113554-topk-3-depth-1,baseline_vector_search.cql + baseline_traversal.cql,measured,two_call_baseline,0,2.326833,72,TRUE,TRUE
paper-113554-topk-3-depth-2,baseline_vector_search.cql + baseline_traversal.cql,measured,two_call_baseline,0,356.177916,22229,TRUE,TRUE
paper-113554-topk-5-depth-0,baseline_vector_search.cql + baseline_traversal.cql,measured,two_call_baseline,0,1.394708,5,TRUE,TRUE
paper-113554-topk-5-depth-1,baseline_vector_search.cql + baseline_traversal.cql,measured,two_call_baseline,0,3.903333,162,TRUE,TRUE
paper-113554-topk-5-depth-2,baseline_vector_search.cql + baseline_traversal.cql,measured,two_call_baseline,0,519.159875,31623,TRUE,TRUE
paper-113554-topk-10-depth-0,baseline_vector_search.cql + baseline_traversal.cql,measured,two_call_baseline,0,1.696709,10,TRUE,TRUE
paper-113554-topk-10-depth-1,baseline_vector_search.cql + baseline_traversal.cql,measured,two_call_baseline,0,5.608125,265,TRUE,TRUE
paper-113554-topk-10-depth-2,baseline_vector_search.cql + baseline_traversal.cql,measured,two_call_baseline,0,656.337542,38357,TRUE,TRUE
paper-77462-topk-1-depth-0,baseline_vector_search.cql + baseline_traversal.cql,measured,two_call_baseline,0,1.268000,1,TRUE,TRUE
paper-77462-topk-1-depth-1,baseline_vector_search.cql + baseline_traversal.cql,measured,two_call_baseline,0,1.201292,6,TRUE,TRUE
paper-77462-topk-1-depth-2,baseline_vector_search.cql + baseline_traversal.cql,measured,two_call_baseline,0,2.352416,80,TRUE,TRUE
paper-77462-topk-3-depth-0,baseline_vector_search.cql + baseline_traversal.cql,measured,two_call_baseline,0,1.207625,3,TRUE,TRUE
paper-77462-topk-3-depth-1,baseline_vector_search.cql + baseline_traversal.cql,measured,two_call_baseline,0,1.379625,13,TRUE,TRUE
paper-77462-topk-3-depth-2,baseline_vector_search.cql + baseline_traversal.cql,measured,two_call_baseline,0,3.001375,112,TRUE,TRUE
paper-77462-topk-5-depth-0,baseline_vector_search.cql + baseline_traversal.cql,measured,two_call_baseline,0,1.363917,5,TRUE,TRUE
paper-77462-topk-5-depth-1,baseline_vector_search.cql + baseline_traversal.cql,measured,two_call_baseline,0,1.621375,22,TRUE,TRUE
paper-77462-topk-5-depth-2,baseline_vector_search.cql + baseline_traversal.cql,measured,two_call_baseline,0,18.744375,1135,TRUE,TRUE
paper-77462-topk-10-depth-0,baseline_vector_search.cql + baseline_traversal.cql,measured,two_call_baseline,0,1.610000,10,TRUE,TRUE
paper-77462-topk-10-depth-1,baseline_vector_search.cql + baseline_traversal.cql,measured,two_call_baseline,0,2.053875,38,TRUE,TRUE
paper-77462-topk-10-depth-2,baseline_vector_search.cql + baseline_traversal.cql,measured,two_call_baseline,0,23.018625,1365,TRUE,TRUE
paper-126402-topk-1-depth-0,baseline_vector_search.cql + baseline_traversal.cql,measured,two_call_baseline,0,1.240125,1,TRUE,TRUE
paper-126402-topk-1-depth-1,baseline_vector_search.cql + baseline_traversal.cql,measured,two_call_baseline,0,1.300792,5,TRUE,TRUE
paper-126402-topk-1-depth-2,baseline_vector_search.cql + baseline_traversal.cql,measured,two_call_baseline,0,66.050375,4178,TRUE,TRUE
paper-126402-topk-3-depth-0,baseline_vector_search.cql + baseline_traversal.cql,measured,two_call_baseline,0,1.281417,3,TRUE,TRUE
paper-126402-topk-3-depth-1,baseline_vector_search.cql + baseline_traversal.cql,measured,two_call_baseline,0,1.990875,43,TRUE,TRUE
paper-126402-topk-3-depth-2,baseline_vector_search.cql + baseline_traversal.cql,measured,two_call_baseline,0,334.485459,20920,TRUE,TRUE
paper-126402-topk-5-depth-0,baseline_vector_search.cql + baseline_traversal.cql,measured,two_call_baseline,0,1.596834,5,TRUE,TRUE
paper-126402-topk-5-depth-1,baseline_vector_search.cql + baseline_traversal.cql,measured,two_call_baseline,0,2.783166,89,TRUE,TRUE
paper-126402-topk-5-depth-2,baseline_vector_search.cql + baseline_traversal.cql,measured,two_call_baseline,0,470.792375,28781,TRUE,TRUE
paper-126402-topk-10-depth-0,baseline_vector_search.cql + baseline_traversal.cql,measured,two_call_baseline,0,1.858917,10,TRUE,TRUE
paper-126402-topk-10-depth-1,baseline_vector_search.cql + baseline_traversal.cql,measured,two_call_baseline,0,4.926000,210,TRUE,TRUE
paper-126402-topk-10-depth-2,baseline_vector_search.cql + baseline_traversal.cql,measured,two_call_baseline,0,607.198375,36296,TRUE,TRUE
paper-49111-topk-1-depth-0,baseline_vector_search.cql + baseline_traversal.cql,measured,two_call_baseline,0,1.217916,1,TRUE,TRUE
paper-49111-topk-1-depth-1,baseline_vector_search.cql + baseline_traversal.cql,measured,two_call_baseline,0,1.152542,2,TRUE,TRUE
paper-49111-topk-1-depth-2,baseline_vector_search.cql + baseline_traversal.cql,measured,two_call_baseline,0,1.254625,8,TRUE,TRUE
paper-49111-topk-3-depth-0,baseline_vector_search.cql + baseline_traversal.cql,measured,two_call_baseline,0,1.469250,3,TRUE,TRUE
paper-49111-topk-3-depth-1,baseline_vector_search.cql + baseline_traversal.cql,measured,two_call_baseline,0,1.364708,8,TRUE,TRUE
paper-49111-topk-3-depth-2,baseline_vector_search.cql + baseline_traversal.cql,measured,two_call_baseline,0,3.912334,170,TRUE,TRUE
paper-49111-topk-5-depth-0,baseline_vector_search.cql + baseline_traversal.cql,measured,two_call_baseline,0,1.472500,5,TRUE,TRUE
paper-49111-topk-5-depth-1,baseline_vector_search.cql + baseline_traversal.cql,measured,two_call_baseline,0,1.870208,36,TRUE,TRUE
paper-49111-topk-5-depth-2,baseline_vector_search.cql + baseline_traversal.cql,measured,two_call_baseline,0,229.106709,14173,TRUE,TRUE
paper-49111-topk-10-depth-0,baseline_vector_search.cql + baseline_traversal.cql,measured,two_call_baseline,0,1.778291,10,TRUE,TRUE
paper-49111-topk-10-depth-1,baseline_vector_search.cql + baseline_traversal.cql,measured,two_call_baseline,0,3.129625,107,TRUE,TRUE
paper-49111-topk-10-depth-2,baseline_vector_search.cql + baseline_traversal.cql,measured,two_call_baseline,0,317.004375,19036,TRUE,TRUE
paper-128918-topk-1-depth-0,baseline_vector_search.cql + baseline_traversal.cql,measured,two_call_baseline,0,1.188042,1,TRUE,TRUE
paper-128918-topk-1-depth-1,baseline_vector_search.cql + baseline_traversal.cql,measured,two_call_baseline,0,1.213291,4,TRUE,TRUE
paper-128918-topk-1-depth-2,baseline_vector_search.cql + baseline_traversal.cql,measured,two_call_baseline,0,1.597750,26,TRUE,TRUE
paper-128918-topk-3-depth-0,baseline_vector_search.cql + baseline_traversal.cql,measured,two_call_baseline,0,1.273291,3,TRUE,TRUE
paper-128918-topk-3-depth-1,baseline_vector_search.cql + baseline_traversal.cql,measured,two_call_baseline,0,1.509459,17,TRUE,TRUE
paper-128918-topk-3-depth-2,baseline_vector_search.cql + baseline_traversal.cql,measured,two_call_baseline,0,3.679125,138,TRUE,TRUE
paper-128918-topk-5-depth-0,baseline_vector_search.cql + baseline_traversal.cql,measured,two_call_baseline,0,1.482959,5,TRUE,TRUE
paper-128918-topk-5-depth-1,baseline_vector_search.cql + baseline_traversal.cql,measured,two_call_baseline,0,10.702166,21,TRUE,TRUE
paper-128918-topk-5-depth-2,baseline_vector_search.cql + baseline_traversal.cql,measured,two_call_baseline,0,5.408125,221,TRUE,TRUE
paper-128918-topk-10-depth-0,baseline_vector_search.cql + baseline_traversal.cql,measured,two_call_baseline,0,1.872917,10,TRUE,TRUE
paper-128918-topk-10-depth-1,baseline_vector_search.cql + baseline_traversal.cql,measured,two_call_baseline,0,3.307500,60,TRUE,TRUE
paper-128918-topk-10-depth-2,baseline_vector_search.cql + baseline_traversal.cql,measured,two_call_baseline,0,30.477167,1582,TRUE,TRUE
paper-78007-topk-1-depth-0,baseline_vector_search.cql + baseline_traversal.cql,measured,two_call_baseline,0,1.264208,1,TRUE,TRUE
paper-78007-topk-1-depth-1,baseline_vector_search.cql + baseline_traversal.cql,measured,two_call_baseline,0,1.273375,9,TRUE,TRUE
paper-78007-topk-1-depth-2,baseline_vector_search.cql + baseline_traversal.cql,measured,two_call_baseline,0,1.865875,45,TRUE,TRUE
paper-78007-topk-3-depth-0,baseline_vector_search.cql + baseline_traversal.cql,measured,two_call_baseline,0,1.312375,3,TRUE,TRUE
paper-78007-topk-3-depth-1,baseline_vector_search.cql + baseline_traversal.cql,measured,two_call_baseline,0,1.723958,26,TRUE,TRUE
paper-78007-topk-3-depth-2,baseline_vector_search.cql + baseline_traversal.cql,measured,two_call_baseline,0,4.031042,173,TRUE,TRUE
paper-78007-topk-5-depth-0,baseline_vector_search.cql + baseline_traversal.cql,measured,two_call_baseline,0,1.469708,5,TRUE,TRUE
paper-78007-topk-5-depth-1,baseline_vector_search.cql + baseline_traversal.cql,measured,two_call_baseline,0,1.781625,29,TRUE,TRUE
paper-78007-topk-5-depth-2,baseline_vector_search.cql + baseline_traversal.cql,measured,two_call_baseline,0,4.191375,178,TRUE,TRUE
paper-78007-topk-10-depth-0,baseline_vector_search.cql + baseline_traversal.cql,measured,two_call_baseline,0,1.748375,10,TRUE,TRUE
paper-78007-topk-10-depth-1,baseline_vector_search.cql + baseline_traversal.cql,measured,two_call_baseline,0,2.910792,77,TRUE,TRUE
paper-78007-topk-10-depth-2,baseline_vector_search.cql + baseline_traversal.cql,measured,two_call_baseline,0,9.406875,509,TRUE,TRUE
paper-110570-topk-1-depth-0,baseline_vector_search.cql + baseline_traversal.cql,measured,two_call_baseline,0,1.231667,1,TRUE,TRUE
paper-110570-topk-1-depth-1,baseline_vector_search.cql + baseline_traversal.cql,measured,two_call_baseline,0,1.202542,4,TRUE,TRUE
paper-110570-topk-1-depth-2,baseline_vector_search.cql + baseline_traversal.cql,measured,two_call_baseline,0,4.589458,193,TRUE,TRUE
paper-110570-topk-3-depth-0,baseline_vector_search.cql + baseline_traversal.cql,measured,two_call_baseline,0,1.486291,3,TRUE,TRUE
paper-110570-topk-3-depth-1,baseline_vector_search.cql + baseline_traversal.cql,measured,two_call_baseline,0,1.586292,14,TRUE,TRUE
paper-110570-topk-3-depth-2,baseline_vector_search.cql + baseline_traversal.cql,measured,two_call_baseline,0,13.315875,756,TRUE,TRUE
paper-110570-topk-5-depth-0,baseline_vector_search.cql + baseline_traversal.cql,measured,two_call_baseline,0,1.604125,5,TRUE,TRUE
paper-110570-topk-5-depth-1,baseline_vector_search.cql + baseline_traversal.cql,measured,two_call_baseline,0,1.729416,19,TRUE,TRUE
paper-110570-topk-5-depth-2,baseline_vector_search.cql + baseline_traversal.cql,measured,two_call_baseline,0,13.757208,767,TRUE,TRUE
paper-110570-topk-10-depth-0,baseline_vector_search.cql + baseline_traversal.cql,measured,two_call_baseline,0,1.853459,10,TRUE,TRUE
paper-110570-topk-10-depth-1,baseline_vector_search.cql + baseline_traversal.cql,measured,two_call_baseline,0,2.313459,42,TRUE,TRUE
paper-110570-topk-10-depth-2,baseline_vector_search.cql + baseline_traversal.cql,measured,two_call_baseline,0,250.552334,15650,TRUE,TRUE
paper-27746-topk-1-depth-0,baseline_vector_search.cql + baseline_traversal.cql,measured,two_call_baseline,0,1.251791,1,TRUE,TRUE
paper-27746-topk-1-depth-1,baseline_vector_search.cql + baseline_traversal.cql,measured,two_call_baseline,0,1.177208,2,TRUE,TRUE
paper-27746-topk-1-depth-2,baseline_vector_search.cql + baseline_traversal.cql,measured,two_call_baseline,0,1.182292,5,TRUE,TRUE
paper-27746-topk-3-depth-0,baseline_vector_search.cql + baseline_traversal.cql,measured,two_call_baseline,0,1.230291,3,TRUE,TRUE
paper-27746-topk-3-depth-1,baseline_vector_search.cql + baseline_traversal.cql,measured,two_call_baseline,0,2.064750,57,TRUE,TRUE
paper-27746-topk-3-depth-2,baseline_vector_search.cql + baseline_traversal.cql,measured,two_call_baseline,0,252.005458,15701,TRUE,TRUE
paper-27746-topk-5-depth-0,baseline_vector_search.cql + baseline_traversal.cql,measured,two_call_baseline,0,1.519375,5,TRUE,TRUE
paper-27746-topk-5-depth-1,baseline_vector_search.cql + baseline_traversal.cql,measured,two_call_baseline,0,2.531625,76,TRUE,TRUE
paper-27746-topk-5-depth-2,baseline_vector_search.cql + baseline_traversal.cql,measured,two_call_baseline,0,334.146833,20899,TRUE,TRUE
paper-27746-topk-10-depth-0,baseline_vector_search.cql + baseline_traversal.cql,measured,two_call_baseline,0,1.709459,10,TRUE,TRUE
paper-27746-topk-10-depth-1,baseline_vector_search.cql + baseline_traversal.cql,measured,two_call_baseline,0,3.727000,138,TRUE,TRUE
paper-27746-topk-10-depth-2,baseline_vector_search.cql + baseline_traversal.cql,measured,two_call_baseline,0,365.744791,22846,TRUE,TRUE
paper-99815-topk-1-depth-0,baseline_vector_search.cql + baseline_traversal.cql,measured,two_call_baseline,0,1.243292,1,TRUE,TRUE
paper-99815-topk-1-depth-1,baseline_vector_search.cql + baseline_traversal.cql,measured,two_call_baseline,0,1.335791,14,TRUE,TRUE
paper-99815-topk-1-depth-2,baseline_vector_search.cql + baseline_traversal.cql,measured,two_call_baseline,0,1.996542,53,TRUE,TRUE
paper-99815-topk-3-depth-0,baseline_vector_search.cql + baseline_traversal.cql,measured,two_call_baseline,0,1.303292,3,TRUE,TRUE
paper-99815-topk-3-depth-1,baseline_vector_search.cql + baseline_traversal.cql,measured,two_call_baseline,0,1.818667,33,TRUE,TRUE
paper-99815-topk-3-depth-2,baseline_vector_search.cql + baseline_traversal.cql,measured,two_call_baseline,0,62.714166,3905,TRUE,TRUE
paper-99815-topk-5-depth-0,baseline_vector_search.cql + baseline_traversal.cql,measured,two_call_baseline,0,1.557875,5,TRUE,TRUE
paper-99815-topk-5-depth-1,baseline_vector_search.cql + baseline_traversal.cql,measured,two_call_baseline,0,2.106916,44,TRUE,TRUE
paper-99815-topk-5-depth-2,baseline_vector_search.cql + baseline_traversal.cql,measured,two_call_baseline,0,62.939542,3918,TRUE,TRUE
paper-99815-topk-10-depth-0,baseline_vector_search.cql + baseline_traversal.cql,measured,two_call_baseline,0,1.775792,10,TRUE,TRUE
paper-99815-topk-10-depth-1,baseline_vector_search.cql + baseline_traversal.cql,measured,two_call_baseline,0,2.606916,68,TRUE,TRUE
paper-99815-topk-10-depth-2,baseline_vector_search.cql + baseline_traversal.cql,measured,two_call_baseline,0,74.797458,4721,TRUE,TRUE
paper-94455-topk-1-depth-0,baseline_vector_search.cql + baseline_traversal.cql,measured,two_call_baseline,0,1.219917,1,TRUE,TRUE
paper-94455-topk-1-depth-1,baseline_vector_search.cql + baseline_traversal.cql,measured,two_call_baseline,0,1.165958,2,TRUE,TRUE
paper-94455-topk-1-depth-2,baseline_vector_search.cql + baseline_traversal.cql,measured,two_call_baseline,0,1.214458,7,TRUE,TRUE
paper-94455-topk-3-depth-0,baseline_vector_search.cql + baseline_traversal.cql,measured,two_call_baseline,0,1.246375,3,TRUE,TRUE
paper-94455-topk-3-depth-1,baseline_vector_search.cql + baseline_traversal.cql,measured,two_call_baseline,0,1.377500,10,TRUE,TRUE
paper-94455-topk-3-depth-2,baseline_vector_search.cql + baseline_traversal.cql,measured,two_call_baseline,0,1.614000,24,TRUE,TRUE
paper-94455-topk-5-depth-0,baseline_vector_search.cql + baseline_traversal.cql,measured,two_call_baseline,0,1.366208,5,TRUE,TRUE
paper-94455-topk-5-depth-1,baseline_vector_search.cql + baseline_traversal.cql,measured,two_call_baseline,0,1.683042,27,TRUE,TRUE
paper-94455-topk-5-depth-2,baseline_vector_search.cql + baseline_traversal.cql,measured,two_call_baseline,0,319.967583,19961,TRUE,TRUE
paper-94455-topk-10-depth-0,baseline_vector_search.cql + baseline_traversal.cql,measured,two_call_baseline,0,1.807542,10,TRUE,TRUE
paper-94455-topk-10-depth-1,baseline_vector_search.cql + baseline_traversal.cql,measured,two_call_baseline,0,3.581041,125,TRUE,TRUE
paper-94455-topk-10-depth-2,baseline_vector_search.cql + baseline_traversal.cql,measured,two_call_baseline,0,447.459917,27405,TRUE,TRUE
paper-46460-topk-1-depth-0,baseline_vector_search.cql + baseline_traversal.cql,measured,two_call_baseline,0,1.259500,1,TRUE,TRUE
paper-46460-topk-1-depth-1,baseline_vector_search.cql + baseline_traversal.cql,measured,two_call_baseline,0,1.188667,5,TRUE,TRUE
paper-46460-topk-1-depth-2,baseline_vector_search.cql + baseline_traversal.cql,measured,two_call_baseline,0,79.858959,5030,TRUE,TRUE
paper-46460-topk-3-depth-0,baseline_vector_search.cql + baseline_traversal.cql,measured,two_call_baseline,0,1.395375,3,TRUE,TRUE
paper-46460-topk-3-depth-1,baseline_vector_search.cql + baseline_traversal.cql,measured,two_call_baseline,0,2.022667,46,TRUE,TRUE
paper-46460-topk-3-depth-2,baseline_vector_search.cql + baseline_traversal.cql,measured,two_call_baseline,0,305.537083,18952,TRUE,TRUE
paper-46460-topk-5-depth-0,baseline_vector_search.cql + baseline_traversal.cql,measured,two_call_baseline,0,1.611042,5,TRUE,TRUE
paper-46460-topk-5-depth-1,baseline_vector_search.cql + baseline_traversal.cql,measured,two_call_baseline,0,2.663625,84,TRUE,TRUE
paper-46460-topk-5-depth-2,baseline_vector_search.cql + baseline_traversal.cql,measured,two_call_baseline,0,423.290500,25934,TRUE,TRUE
paper-46460-topk-10-depth-0,baseline_vector_search.cql + baseline_traversal.cql,measured,two_call_baseline,0,1.844708,10,TRUE,TRUE
paper-46460-topk-10-depth-1,baseline_vector_search.cql + baseline_traversal.cql,measured,two_call_baseline,0,3.380750,108,TRUE,TRUE
paper-46460-topk-10-depth-2,baseline_vector_search.cql + baseline_traversal.cql,measured,two_call_baseline,0,543.260458,32829,TRUE,TRUE
paper-114370-topk-1-depth-0,baseline_vector_search.cql + baseline_traversal.cql,measured,two_call_baseline,0,1.266834,1,TRUE,TRUE
paper-114370-topk-1-depth-1,baseline_vector_search.cql + baseline_traversal.cql,measured,two_call_baseline,0,1.296250,11,TRUE,TRUE
paper-114370-topk-1-depth-2,baseline_vector_search.cql + baseline_traversal.cql,measured,two_call_baseline,0,275.183125,17296,TRUE,TRUE
paper-114370-topk-3-depth-0,baseline_vector_search.cql + baseline_traversal.cql,measured,two_call_baseline,0,1.339833,3,TRUE,TRUE
paper-114370-topk-3-depth-1,baseline_vector_search.cql + baseline_traversal.cql,measured,two_call_baseline,0,2.335833,69,TRUE,TRUE
paper-114370-topk-3-depth-2,baseline_vector_search.cql + baseline_traversal.cql,measured,two_call_baseline,0,344.242958,21413,TRUE,TRUE
paper-114370-topk-5-depth-0,baseline_vector_search.cql + baseline_traversal.cql,measured,two_call_baseline,0,1.441542,5,TRUE,TRUE
paper-114370-topk-5-depth-1,baseline_vector_search.cql + baseline_traversal.cql,measured,two_call_baseline,0,2.940167,90,TRUE,TRUE
paper-114370-topk-5-depth-2,baseline_vector_search.cql + baseline_traversal.cql,measured,two_call_baseline,0,373.220417,22820,TRUE,TRUE
paper-114370-topk-10-depth-0,baseline_vector_search.cql + baseline_traversal.cql,measured,two_call_baseline,0,1.905917,10,TRUE,TRUE
paper-114370-topk-10-depth-1,baseline_vector_search.cql + baseline_traversal.cql,measured,two_call_baseline,0,4.711000,192,TRUE,TRUE
paper-114370-topk-10-depth-2,baseline_vector_search.cql + baseline_traversal.cql,measured,two_call_baseline,0,636.345584,38240,TRUE,TRUE
paper-134361-topk-1-depth-0,baseline_vector_search.cql + baseline_traversal.cql,measured,two_call_baseline,0,1.444167,1,TRUE,TRUE
paper-134361-topk-1-depth-1,baseline_vector_search.cql + baseline_traversal.cql,measured,two_call_baseline,0,1.466834,17,TRUE,TRUE
paper-134361-topk-1-depth-2,baseline_vector_search.cql + baseline_traversal.cql,measured,two_call_baseline,0,221.962167,13948,TRUE,TRUE
paper-134361-topk-3-depth-0,baseline_vector_search.cql + baseline_traversal.cql,measured,two_call_baseline,0,1.327292,3,TRUE,TRUE
paper-134361-topk-3-depth-1,baseline_vector_search.cql + baseline_traversal.cql,measured,two_call_baseline,0,2.090708,55,TRUE,TRUE
paper-134361-topk-3-depth-2,baseline_vector_search.cql + baseline_traversal.cql,measured,two_call_baseline,0,477.034917,29399,TRUE,TRUE
paper-134361-topk-5-depth-0,baseline_vector_search.cql + baseline_traversal.cql,measured,two_call_baseline,0,1.518500,5,TRUE,TRUE
paper-134361-topk-5-depth-1,baseline_vector_search.cql + baseline_traversal.cql,measured,two_call_baseline,0,2.784042,89,TRUE,TRUE
paper-134361-topk-5-depth-2,baseline_vector_search.cql + baseline_traversal.cql,measured,two_call_baseline,0,522.491375,31002,TRUE,TRUE
paper-134361-topk-10-depth-0,baseline_vector_search.cql + baseline_traversal.cql,measured,two_call_baseline,0,1.724375,10,TRUE,TRUE
paper-134361-topk-10-depth-1,baseline_vector_search.cql + baseline_traversal.cql,measured,two_call_baseline,0,4.273083,169,TRUE,TRUE
paper-134361-topk-10-depth-2,baseline_vector_search.cql + baseline_traversal.cql,measured,two_call_baseline,0,610.597208,34258,TRUE,TRUE
paper-146319-topk-1-depth-0,baseline_vector_search.cql + baseline_traversal.cql,measured,two_call_baseline,0,1.282667,1,TRUE,TRUE
paper-146319-topk-1-depth-1,baseline_vector_search.cql + baseline_traversal.cql,measured,two_call_baseline,0,1.521042,22,TRUE,TRUE
paper-146319-topk-1-depth-2,baseline_vector_search.cql + baseline_traversal.cql,measured,two_call_baseline,0,230.704958,14588,TRUE,TRUE
paper-146319-topk-3-depth-0,baseline_vector_search.cql + baseline_traversal.cql,measured,two_call_baseline,0,1.310583,3,TRUE,TRUE
paper-146319-topk-3-depth-1,baseline_vector_search.cql + baseline_traversal.cql,measured,two_call_baseline,0,2.263666,67,TRUE,TRUE
paper-146319-topk-3-depth-2,baseline_vector_search.cql + baseline_traversal.cql,measured,two_call_baseline,0,440.449458,26927,TRUE,TRUE
paper-146319-topk-5-depth-0,baseline_vector_search.cql + baseline_traversal.cql,measured,two_call_baseline,0,1.538542,5,TRUE,TRUE
paper-146319-topk-5-depth-1,baseline_vector_search.cql + baseline_traversal.cql,measured,two_call_baseline,0,11.004250,635,TRUE,TRUE
paper-146319-topk-5-depth-2,baseline_vector_search.cql + baseline_traversal.cql,measured,two_call_baseline,0,574.344167,34141,TRUE,TRUE
paper-146319-topk-10-depth-0,baseline_vector_search.cql + baseline_traversal.cql,measured,two_call_baseline,0,1.819500,10,TRUE,TRUE
paper-146319-topk-10-depth-1,baseline_vector_search.cql + baseline_traversal.cql,measured,two_call_baseline,0,13.881666,808,TRUE,TRUE
paper-146319-topk-10-depth-2,baseline_vector_search.cql + baseline_traversal.cql,measured,two_call_baseline,0,676.946541,39450,TRUE,TRUE
paper-30176-topk-1-depth-0,baseline_vector_search.cql + baseline_traversal.cql,measured,two_call_baseline,0,1.211209,1,TRUE,TRUE
paper-30176-topk-1-depth-1,baseline_vector_search.cql + baseline_traversal.cql,measured,two_call_baseline,0,1.365083,18,TRUE,TRUE
paper-30176-topk-1-depth-2,baseline_vector_search.cql + baseline_traversal.cql,measured,two_call_baseline,0,109.239125,6950,TRUE,TRUE
paper-30176-topk-3-depth-0,baseline_vector_search.cql + baseline_traversal.cql,measured,two_call_baseline,0,1.518167,3,TRUE,TRUE
paper-30176-topk-3-depth-1,baseline_vector_search.cql + baseline_traversal.cql,measured,two_call_baseline,0,1.761167,28,TRUE,TRUE
paper-30176-topk-3-depth-2,baseline_vector_search.cql + baseline_traversal.cql,measured,two_call_baseline,0,287.860125,17781,TRUE,TRUE
paper-30176-topk-5-depth-0,baseline_vector_search.cql + baseline_traversal.cql,measured,two_call_baseline,0,1.509375,5,TRUE,TRUE
paper-30176-topk-5-depth-1,baseline_vector_search.cql + baseline_traversal.cql,measured,two_call_baseline,0,2.408083,67,TRUE,TRUE
paper-30176-topk-5-depth-2,baseline_vector_search.cql + baseline_traversal.cql,measured,two_call_baseline,0,482.428500,29931,TRUE,TRUE
paper-30176-topk-10-depth-0,baseline_vector_search.cql + baseline_traversal.cql,measured,two_call_baseline,0,1.717208,10,TRUE,TRUE
paper-30176-topk-10-depth-1,baseline_vector_search.cql + baseline_traversal.cql,measured,two_call_baseline,0,3.246833,113,TRUE,TRUE
paper-30176-topk-10-depth-2,baseline_vector_search.cql + baseline_traversal.cql,measured,two_call_baseline,0,508.212125,31476,TRUE,TRUE
paper-110594-topk-1-depth-0,baseline_vector_search.cql + baseline_traversal.cql,measured,two_call_baseline,0,1.225208,1,TRUE,TRUE
paper-110594-topk-1-depth-1,baseline_vector_search.cql + baseline_traversal.cql,measured,two_call_baseline,0,1.387334,8,TRUE,TRUE
paper-110594-topk-1-depth-2,baseline_vector_search.cql + baseline_traversal.cql,measured,two_call_baseline,0,9.269375,515,TRUE,TRUE
paper-110594-topk-3-depth-0,baseline_vector_search.cql + baseline_traversal.cql,measured,two_call_baseline,0,1.423000,3,TRUE,TRUE
paper-110594-topk-3-depth-1,baseline_vector_search.cql + baseline_traversal.cql,measured,two_call_baseline,0,2.210333,57,TRUE,TRUE
paper-110594-topk-3-depth-2,baseline_vector_search.cql + baseline_traversal.cql,measured,two_call_baseline,0,334.812167,20650,TRUE,TRUE
paper-110594-topk-5-depth-0,baseline_vector_search.cql + baseline_traversal.cql,measured,two_call_baseline,0,1.575167,5,TRUE,TRUE
paper-110594-topk-5-depth-1,baseline_vector_search.cql + baseline_traversal.cql,measured,two_call_baseline,0,4.286209,172,TRUE,TRUE
paper-110594-topk-5-depth-2,baseline_vector_search.cql + baseline_traversal.cql,measured,two_call_baseline,0,370.790584,22459,TRUE,TRUE
paper-110594-topk-10-depth-0,baseline_vector_search.cql + baseline_traversal.cql,measured,two_call_baseline,0,1.851083,10,TRUE,TRUE
paper-110594-topk-10-depth-1,baseline_vector_search.cql + baseline_traversal.cql,measured,two_call_baseline,0,7.660875,389,TRUE,TRUE
paper-110594-topk-10-depth-2,baseline_vector_search.cql + baseline_traversal.cql,measured,two_call_baseline,0,583.601875,34697,TRUE,TRUE
paper-129404-topk-1-depth-0,baseline_vector_search.cql + baseline_traversal.cql,measured,two_call_baseline,0,1.196625,1,TRUE,TRUE
paper-129404-topk-1-depth-1,baseline_vector_search.cql + baseline_traversal.cql,measured,two_call_baseline,0,1.622292,29,TRUE,TRUE
paper-129404-topk-1-depth-2,baseline_vector_search.cql + baseline_traversal.cql,measured,two_call_baseline,0,473.021917,28846,TRUE,TRUE
paper-129404-topk-3-depth-0,baseline_vector_search.cql + baseline_traversal.cql,measured,two_call_baseline,0,1.395875,3,TRUE,TRUE
paper-129404-topk-3-depth-1,baseline_vector_search.cql + baseline_traversal.cql,measured,two_call_baseline,0,2.869375,101,TRUE,TRUE
paper-129404-topk-3-depth-2,baseline_vector_search.cql + baseline_traversal.cql,measured,two_call_baseline,0,14331.920000,32181,TRUE,TRUE
paper-129404-topk-5-depth-0,baseline_vector_search.cql + baseline_traversal.cql,measured,two_call_baseline,0,2.043083,5,TRUE,TRUE
paper-129404-topk-5-depth-1,baseline_vector_search.cql + baseline_traversal.cql,measured,two_call_baseline,0,3.750250,130,TRUE,TRUE
paper-129404-topk-5-depth-2,baseline_vector_search.cql + baseline_traversal.cql,measured,two_call_baseline,0,576.565125,34560,TRUE,TRUE
paper-129404-topk-10-depth-0,baseline_vector_search.cql + baseline_traversal.cql,measured,two_call_baseline,0,2.057417,10,TRUE,TRUE
paper-129404-topk-10-depth-1,baseline_vector_search.cql + baseline_traversal.cql,measured,two_call_baseline,0,4.902666,195,TRUE,TRUE
paper-129404-topk-10-depth-2,baseline_vector_search.cql + baseline_traversal.cql,measured,two_call_baseline,0,644.584167,38149,TRUE,TRUE
paper-59728-topk-1-depth-0,baseline_vector_search.cql + baseline_traversal.cql,measured,two_call_baseline,0,1.245416,1,TRUE,TRUE
paper-59728-topk-1-depth-1,baseline_vector_search.cql + baseline_traversal.cql,measured,two_call_baseline,0,1.304792,6,TRUE,TRUE
paper-59728-topk-1-depth-2,baseline_vector_search.cql + baseline_traversal.cql,measured,two_call_baseline,0,7.681208,421,TRUE,TRUE
paper-59728-topk-3-depth-0,baseline_vector_search.cql + baseline_traversal.cql,measured,two_call_baseline,0,1.389084,3,TRUE,TRUE
paper-59728-topk-3-depth-1,baseline_vector_search.cql + baseline_traversal.cql,measured,two_call_baseline,0,1.786000,34,TRUE,TRUE
paper-59728-topk-3-depth-2,baseline_vector_search.cql + baseline_traversal.cql,measured,two_call_baseline,0,63.797334,3951,TRUE,TRUE
paper-59728-topk-5-depth-0,baseline_vector_search.cql + baseline_traversal.cql,measured,two_call_baseline,0,1.490417,5,TRUE,TRUE
paper-59728-topk-5-depth-1,baseline_vector_search.cql + baseline_traversal.cql,measured,two_call_baseline,0,2.325250,60,TRUE,TRUE
paper-59728-topk-5-depth-2,baseline_vector_search.cql + baseline_traversal.cql,measured,two_call_baseline,0,72.477125,4514,TRUE,TRUE
paper-59728-topk-10-depth-0,baseline_vector_search.cql + baseline_traversal.cql,measured,two_call_baseline,0,1.753833,10,TRUE,TRUE
paper-59728-topk-10-depth-1,baseline_vector_search.cql + baseline_traversal.cql,measured,two_call_baseline,0,3.568041,131,TRUE,TRUE
paper-59728-topk-10-depth-2,baseline_vector_search.cql + baseline_traversal.cql,measured,two_call_baseline,0,139.631791,8782,TRUE,TRUE
paper-101062-topk-1-depth-0,baseline_vector_search.cql + baseline_traversal.cql,measured,two_call_baseline,0,1.230250,1,TRUE,TRUE
paper-101062-topk-1-depth-1,baseline_vector_search.cql + baseline_traversal.cql,measured,two_call_baseline,0,1.847583,37,TRUE,TRUE
paper-101062-topk-1-depth-2,baseline_vector_search.cql + baseline_traversal.cql,measured,two_call_baseline,0,377.829292,23657,TRUE,TRUE
paper-101062-topk-3-depth-0,baseline_vector_search.cql + baseline_traversal.cql,measured,two_call_baseline,0,1.506958,3,TRUE,TRUE
paper-101062-topk-3-depth-1,baseline_vector_search.cql + baseline_traversal.cql,measured,two_call_baseline,0,3.304833,125,TRUE,TRUE
paper-101062-topk-3-depth-2,baseline_vector_search.cql + baseline_traversal.cql,measured,two_call_baseline,0,552.181083,33938,TRUE,TRUE
paper-101062-topk-5-depth-0,baseline_vector_search.cql + baseline_traversal.cql,measured,two_call_baseline,0,1.600709,5,TRUE,TRUE
paper-101062-topk-5-depth-1,baseline_vector_search.cql + baseline_traversal.cql,measured,two_call_baseline,0,3.860708,154,TRUE,TRUE
paper-101062-topk-5-depth-2,baseline_vector_search.cql + baseline_traversal.cql,measured,two_call_baseline,0,604.030458,36488,TRUE,TRUE
paper-101062-topk-10-depth-0,baseline_vector_search.cql + baseline_traversal.cql,measured,two_call_baseline,0,1.967000,10,TRUE,TRUE
paper-101062-topk-10-depth-1,baseline_vector_search.cql + baseline_traversal.cql,measured,two_call_baseline,0,5.844292,261,TRUE,TRUE
paper-101062-topk-10-depth-2,baseline_vector_search.cql + baseline_traversal.cql,measured,two_call_baseline,0,691.235042,41280,TRUE,TRUE
paper-135613-topk-1-depth-0,baseline_vector_search.cql + baseline_traversal.cql,measured,two_call_baseline,0,1.304417,1,TRUE,TRUE
paper-135613-topk-1-depth-1,baseline_vector_search.cql + baseline_traversal.cql,measured,two_call_baseline,0,1.225250,2,TRUE,TRUE
paper-135613-topk-1-depth-2,baseline_vector_search.cql + baseline_traversal.cql,measured,two_call_baseline,0,1.259166,9,TRUE,TRUE
paper-135613-topk-3-depth-0,baseline_vector_search.cql + baseline_traversal.cql,measured,two_call_baseline,0,1.312541,3,TRUE,TRUE
paper-135613-topk-3-depth-1,baseline_vector_search.cql + baseline_traversal.cql,measured,two_call_baseline,0,2.158292,47,TRUE,TRUE
paper-135613-topk-3-depth-2,baseline_vector_search.cql + baseline_traversal.cql,measured,two_call_baseline,0,16.240041,968,TRUE,TRUE
paper-135613-topk-5-depth-0,baseline_vector_search.cql + baseline_traversal.cql,measured,two_call_baseline,0,1.560209,5,TRUE,TRUE
paper-135613-topk-5-depth-1,baseline_vector_search.cql + baseline_traversal.cql,measured,two_call_baseline,0,2.376083,66,TRUE,TRUE
paper-135613-topk-5-depth-2,baseline_vector_search.cql + baseline_traversal.cql,measured,two_call_baseline,0,23.519083,1414,TRUE,TRUE
paper-135613-topk-10-depth-0,baseline_vector_search.cql + baseline_traversal.cql,measured,two_call_baseline,0,1.702500,10,TRUE,TRUE
paper-135613-topk-10-depth-1,baseline_vector_search.cql + baseline_traversal.cql,measured,two_call_baseline,0,3.221458,103,TRUE,TRUE
paper-135613-topk-10-depth-2,baseline_vector_search.cql + baseline_traversal.cql,measured,two_call_baseline,0,90.465250,5662,TRUE,TRUE
paper-11628-topk-1-depth-0,baseline_vector_search.cql + baseline_traversal.cql,measured,two_call_baseline,0,1.215708,1,TRUE,TRUE
paper-11628-topk-1-depth-1,baseline_vector_search.cql + baseline_traversal.cql,measured,two_call_baseline,0,1.389167,16,TRUE,TRUE
paper-11628-topk-1-depth-2,baseline_vector_search.cql + baseline_traversal.cql,measured,two_call_baseline,0,138.625917,8688,TRUE,TRUE
paper-11628-topk-3-depth-0,baseline_vector_search.cql + baseline_traversal.cql,measured,two_call_baseline,0,1.297250,3,TRUE,TRUE
paper-11628-topk-3-depth-1,baseline_vector_search.cql + baseline_traversal.cql,measured,two_call_baseline,0,1.730333,31,TRUE,TRUE
paper-11628-topk-3-depth-2,baseline_vector_search.cql + baseline_traversal.cql,measured,two_call_baseline,0,311.286583,19435,TRUE,TRUE
paper-11628-topk-5-depth-0,baseline_vector_search.cql + baseline_traversal.cql,measured,two_call_baseline,0,1.546625,5,TRUE,TRUE
paper-11628-topk-5-depth-1,baseline_vector_search.cql + baseline_traversal.cql,measured,two_call_baseline,0,2.235541,54,TRUE,TRUE
paper-11628-topk-5-depth-2,baseline_vector_search.cql + baseline_traversal.cql,measured,two_call_baseline,0,324.229250,19843,TRUE,TRUE
paper-11628-topk-10-depth-0,baseline_vector_search.cql + baseline_traversal.cql,measured,two_call_baseline,0,1.777625,10,TRUE,TRUE
paper-11628-topk-10-depth-1,baseline_vector_search.cql + baseline_traversal.cql,measured,two_call_baseline,0,2.961583,89,TRUE,TRUE
paper-11628-topk-10-depth-2,baseline_vector_search.cql + baseline_traversal.cql,measured,two_call_baseline,0,344.041042,20615,TRUE,TRUE
paper-20466-topk-1-depth-0,baseline_vector_search.cql + baseline_traversal.cql,measured,two_call_baseline,0,1.300625,1,TRUE,TRUE
paper-20466-topk-1-depth-1,baseline_vector_search.cql + baseline_traversal.cql,measured,two_call_baseline,0,1.293917,6,TRUE,TRUE
paper-20466-topk-1-depth-2,baseline_vector_search.cql + baseline_traversal.cql,measured,two_call_baseline,0,240.655792,15196,TRUE,TRUE
paper-20466-topk-3-depth-0,baseline_vector_search.cql + baseline_traversal.cql,measured,two_call_baseline,0,5.790208,3,TRUE,TRUE
paper-20466-topk-3-depth-1,baseline_vector_search.cql + baseline_traversal.cql,measured,two_call_baseline,0,1.492208,21,TRUE,TRUE
paper-20466-topk-3-depth-2,baseline_vector_search.cql + baseline_traversal.cql,measured,two_call_baseline,0,290.188291,18049,TRUE,TRUE
paper-20466-topk-5-depth-0,baseline_vector_search.cql + baseline_traversal.cql,measured,two_call_baseline,0,1.452208,5,TRUE,TRUE
paper-20466-topk-5-depth-1,baseline_vector_search.cql + baseline_traversal.cql,measured,two_call_baseline,0,2.294833,64,TRUE,TRUE
paper-20466-topk-5-depth-2,baseline_vector_search.cql + baseline_traversal.cql,measured,two_call_baseline,0,402.671708,24664,TRUE,TRUE
paper-20466-topk-10-depth-0,baseline_vector_search.cql + baseline_traversal.cql,measured,two_call_baseline,0,1.905375,10,TRUE,TRUE
paper-20466-topk-10-depth-1,baseline_vector_search.cql + baseline_traversal.cql,measured,two_call_baseline,0,3.958833,134,TRUE,TRUE
paper-20466-topk-10-depth-2,baseline_vector_search.cql + baseline_traversal.cql,measured,two_call_baseline,0,551.265875,32502,TRUE,TRUE
paper-81501-topk-1-depth-0,baseline_vector_search.cql + baseline_traversal.cql,measured,two_call_baseline,0,1.231500,1,TRUE,TRUE
paper-81501-topk-1-depth-1,baseline_vector_search.cql + baseline_traversal.cql,measured,two_call_baseline,0,1.243542,7,TRUE,TRUE
paper-81501-topk-1-depth-2,baseline_vector_search.cql + baseline_traversal.cql,measured,two_call_baseline,0,10.591209,619,TRUE,TRUE
paper-81501-topk-3-depth-0,baseline_vector_search.cql + baseline_traversal.cql,measured,two_call_baseline,0,1.306083,3,TRUE,TRUE
paper-81501-topk-3-depth-1,baseline_vector_search.cql + baseline_traversal.cql,measured,two_call_baseline,0,1.985625,49,TRUE,TRUE
paper-81501-topk-3-depth-2,baseline_vector_search.cql + baseline_traversal.cql,measured,two_call_baseline,0,28.997708,1790,TRUE,TRUE
paper-81501-topk-5-depth-0,baseline_vector_search.cql + baseline_traversal.cql,measured,two_call_baseline,0,1.536333,5,TRUE,TRUE
paper-81501-topk-5-depth-1,baseline_vector_search.cql + baseline_traversal.cql,measured,two_call_baseline,0,2.743500,88,TRUE,TRUE
paper-81501-topk-5-depth-2,baseline_vector_search.cql + baseline_traversal.cql,measured,two_call_baseline,0,278.419625,17289,TRUE,TRUE
paper-81501-topk-10-depth-0,baseline_vector_search.cql + baseline_traversal.cql,measured,two_call_baseline,0,1.813625,10,TRUE,TRUE
paper-81501-topk-10-depth-1,baseline_vector_search.cql + baseline_traversal.cql,measured,two_call_baseline,0,4.014375,156,TRUE,TRUE
paper-81501-topk-10-depth-2,baseline_vector_search.cql + baseline_traversal.cql,measured,two_call_baseline,0,490.075250,29765,TRUE,TRUE
paper-34318-topk-1-depth-0,baseline_vector_search.cql + baseline_traversal.cql,measured,two_call_baseline,0,1.216750,1,TRUE,TRUE
paper-34318-topk-1-depth-1,baseline_vector_search.cql + baseline_traversal.cql,measured,two_call_baseline,0,1.328458,8,TRUE,TRUE
paper-34318-topk-1-depth-2,baseline_vector_search.cql + baseline_traversal.cql,measured,two_call_baseline,0,33.046000,2052,TRUE,TRUE
paper-34318-topk-3-depth-0,baseline_vector_search.cql + baseline_traversal.cql,measured,two_call_baseline,0,1.209792,3,TRUE,TRUE
paper-34318-topk-3-depth-1,baseline_vector_search.cql + baseline_traversal.cql,measured,two_call_baseline,0,1.562458,25,TRUE,TRUE
paper-34318-topk-3-depth-2,baseline_vector_search.cql + baseline_traversal.cql,measured,two_call_baseline,0,48.228542,3013,TRUE,TRUE
paper-34318-topk-5-depth-0,baseline_vector_search.cql + baseline_traversal.cql,measured,two_call_baseline,0,1.348917,5,TRUE,TRUE
paper-34318-topk-5-depth-1,baseline_vector_search.cql + baseline_traversal.cql,measured,two_call_baseline,0,2.008292,51,TRUE,TRUE
paper-34318-topk-5-depth-2,baseline_vector_search.cql + baseline_traversal.cql,measured,two_call_baseline,0,278.500916,17323,TRUE,TRUE
paper-34318-topk-10-depth-0,baseline_vector_search.cql + baseline_traversal.cql,measured,two_call_baseline,0,1.616667,10,TRUE,TRUE
paper-34318-topk-10-depth-1,baseline_vector_search.cql + baseline_traversal.cql,measured,two_call_baseline,0,2.670458,82,TRUE,TRUE
paper-34318-topk-10-depth-2,baseline_vector_search.cql + baseline_traversal.cql,measured,two_call_baseline,0,293.703875,18318,TRUE,TRUE
paper-168013-topk-1-depth-0,baseline_vector_search.cql + baseline_traversal.cql,measured,two_call_baseline,0,1.247375,1,TRUE,TRUE
paper-168013-topk-1-depth-1,baseline_vector_search.cql + baseline_traversal.cql,measured,two_call_baseline,0,1.154500,4,TRUE,TRUE
paper-168013-topk-1-depth-2,baseline_vector_search.cql + baseline_traversal.cql,measured,two_call_baseline,0,3.282917,134,TRUE,TRUE
paper-168013-topk-3-depth-0,baseline_vector_search.cql + baseline_traversal.cql,measured,two_call_baseline,0,1.366875,3,TRUE,TRUE
paper-168013-topk-3-depth-1,baseline_vector_search.cql + baseline_traversal.cql,measured,two_call_baseline,0,2.316792,24,TRUE,TRUE
paper-168013-topk-3-depth-2,baseline_vector_search.cql + baseline_traversal.cql,measured,two_call_baseline,0,5.018417,241,TRUE,TRUE
paper-168013-topk-5-depth-0,baseline_vector_search.cql + baseline_traversal.cql,measured,two_call_baseline,0,1.545458,5,TRUE,TRUE
paper-168013-topk-5-depth-1,baseline_vector_search.cql + baseline_traversal.cql,measured,two_call_baseline,0,1.965000,35,TRUE,TRUE
paper-168013-topk-5-depth-2,baseline_vector_search.cql + baseline_traversal.cql,measured,two_call_baseline,0,5.736875,281,TRUE,TRUE
paper-168013-topk-10-depth-0,baseline_vector_search.cql + baseline_traversal.cql,measured,two_call_baseline,0,1.926500,10,TRUE,TRUE
paper-168013-topk-10-depth-1,baseline_vector_search.cql + baseline_traversal.cql,measured,two_call_baseline,0,2.607750,60,TRUE,TRUE
paper-168013-topk-10-depth-2,baseline_vector_search.cql + baseline_traversal.cql,measured,two_call_baseline,0,253.968584,14800,TRUE,TRUE
paper-154080-topk-1-depth-0,baseline_vector_search.cql + baseline_traversal.cql,measured,two_call_baseline,0,1.284333,1,TRUE,TRUE
paper-154080-topk-1-depth-1,baseline_vector_search.cql + baseline_traversal.cql,measured,two_call_baseline,0,1.151584,5,TRUE,TRUE
paper-154080-topk-1-depth-2,baseline_vector_search.cql + baseline_traversal.cql,measured,two_call_baseline,0,1.652083,32,TRUE,TRUE
paper-154080-topk-3-depth-0,baseline_vector_search.cql + baseline_traversal.cql,measured,two_call_baseline,0,1.246541,3,TRUE,TRUE
paper-154080-topk-3-depth-1,baseline_vector_search.cql + baseline_traversal.cql,measured,two_call_baseline,0,1.353250,12,TRUE,TRUE
paper-154080-topk-3-depth-2,baseline_vector_search.cql + baseline_traversal.cql,measured,two_call_baseline,0,44.571292,2804,TRUE,TRUE
paper-154080-topk-5-depth-0,baseline_vector_search.cql + baseline_traversal.cql,measured,two_call_baseline,0,1.345750,5,TRUE,TRUE
paper-154080-topk-5-depth-1,baseline_vector_search.cql + baseline_traversal.cql,measured,two_call_baseline,0,1.535917,19,TRUE,TRUE
paper-154080-topk-5-depth-2,baseline_vector_search.cql + baseline_traversal.cql,measured,two_call_baseline,0,45.579875,2834,TRUE,TRUE
paper-154080-topk-10-depth-0,baseline_vector_search.cql + baseline_traversal.cql,measured,two_call_baseline,0,1.685666,10,TRUE,TRUE
paper-154080-topk-10-depth-1,baseline_vector_search.cql + baseline_traversal.cql,measured,two_call_baseline,0,2.430459,61,TRUE,TRUE
paper-154080-topk-10-depth-2,baseline_vector_search.cql + baseline_traversal.cql,measured,two_call_baseline,0,53.118834,3307,TRUE,TRUE
paper-60990-topk-1-depth-0,baseline_vector_search.cql + baseline_traversal.cql,measured,two_call_baseline,0,1.167834,1,TRUE,TRUE
paper-60990-topk-1-depth-1,baseline_vector_search.cql + baseline_traversal.cql,measured,two_call_baseline,0,1.506584,25,TRUE,TRUE
paper-60990-topk-1-depth-2,baseline_vector_search.cql + baseline_traversal.cql,measured,two_call_baseline,0,244.834000,15231,TRUE,TRUE
paper-60990-topk-3-depth-0,baseline_vector_search.cql + baseline_traversal.cql,measured,two_call_baseline,0,1.409625,3,TRUE,TRUE
paper-60990-topk-3-depth-1,baseline_vector_search.cql + baseline_traversal.cql,measured,two_call_baseline,0,2.045750,49,TRUE,TRUE
paper-60990-topk-3-depth-2,baseline_vector_search.cql + baseline_traversal.cql,measured,two_call_baseline,0,497.103125,30368,TRUE,TRUE
paper-60990-topk-5-depth-0,baseline_vector_search.cql + baseline_traversal.cql,measured,two_call_baseline,0,1.540083,5,TRUE,TRUE
paper-60990-topk-5-depth-1,baseline_vector_search.cql + baseline_traversal.cql,measured,two_call_baseline,0,2.612167,56,TRUE,TRUE
paper-60990-topk-5-depth-2,baseline_vector_search.cql + baseline_traversal.cql,measured,two_call_baseline,0,496.580166,30416,TRUE,TRUE
paper-60990-topk-10-depth-0,baseline_vector_search.cql + baseline_traversal.cql,measured,two_call_baseline,0,1.893500,10,TRUE,TRUE
paper-60990-topk-10-depth-1,baseline_vector_search.cql + baseline_traversal.cql,measured,two_call_baseline,0,3.269500,100,TRUE,TRUE
paper-60990-topk-10-depth-2,baseline_vector_search.cql + baseline_traversal.cql,measured,two_call_baseline,0,547.927958,32611,TRUE,TRUE
paper-84581-topk-1-depth-0,baseline_vector_search.cql + baseline_traversal.cql,measured,two_call_baseline,0,1.810875,1,TRUE,TRUE
paper-84581-topk-1-depth-1,baseline_vector_search.cql + baseline_traversal.cql,measured,two_call_baseline,0,1.328917,10,TRUE,TRUE
paper-84581-topk-1-depth-2,baseline_vector_search.cql + baseline_traversal.cql,measured,two_call_baseline,0,25.909083,1597,TRUE,TRUE
paper-84581-topk-3-depth-0,baseline_vector_search.cql + baseline_traversal.cql,measured,two_call_baseline,0,1.307875,3,TRUE,TRUE
paper-84581-topk-3-depth-1,baseline_vector_search.cql + baseline_traversal.cql,measured,two_call_baseline,0,1.579917,22,TRUE,TRUE
paper-84581-topk-3-depth-2,baseline_vector_search.cql + baseline_traversal.cql,measured,two_call_baseline,0,31.622417,1904,TRUE,TRUE
paper-84581-topk-5-depth-0,baseline_vector_search.cql + baseline_traversal.cql,measured,two_call_baseline,0,1.493041,5,TRUE,TRUE
paper-84581-topk-5-depth-1,baseline_vector_search.cql + baseline_traversal.cql,measured,two_call_baseline,0,2.120625,27,TRUE,TRUE
paper-84581-topk-5-depth-2,baseline_vector_search.cql + baseline_traversal.cql,measured,two_call_baseline,0,30.885916,1912,TRUE,TRUE
paper-84581-topk-10-depth-0,baseline_vector_search.cql + baseline_traversal.cql,measured,two_call_baseline,0,1.653209,10,TRUE,TRUE
paper-84581-topk-10-depth-1,baseline_vector_search.cql + baseline_traversal.cql,measured,two_call_baseline,0,2.471708,52,TRUE,TRUE
paper-84581-topk-10-depth-2,baseline_vector_search.cql + baseline_traversal.cql,measured,two_call_baseline,0,38.669458,2389,TRUE,TRUE
paper-75264-topk-1-depth-0,baseline_vector_search.cql + baseline_traversal.cql,measured,two_call_baseline,0,1.201042,1,TRUE,TRUE
paper-75264-topk-1-depth-1,baseline_vector_search.cql + baseline_traversal.cql,measured,two_call_baseline,0,1.288459,15,TRUE,TRUE
paper-75264-topk-1-depth-2,baseline_vector_search.cql + baseline_traversal.cql,measured,two_call_baseline,0,335.105875,20720,TRUE,TRUE
paper-75264-topk-3-depth-0,baseline_vector_search.cql + baseline_traversal.cql,measured,two_call_baseline,0,5.259958,3,TRUE,TRUE
paper-75264-topk-3-depth-1,baseline_vector_search.cql + baseline_traversal.cql,measured,two_call_baseline,0,2.607917,82,TRUE,TRUE
paper-75264-topk-3-depth-2,baseline_vector_search.cql + baseline_traversal.cql,measured,two_call_baseline,0,363.928708,22503,TRUE,TRUE
paper-75264-topk-5-depth-0,baseline_vector_search.cql + baseline_traversal.cql,measured,two_call_baseline,0,1.626291,5,TRUE,TRUE
paper-75264-topk-5-depth-1,baseline_vector_search.cql + baseline_traversal.cql,measured,two_call_baseline,0,2.915334,95,TRUE,TRUE
paper-75264-topk-5-depth-2,baseline_vector_search.cql + baseline_traversal.cql,measured,two_call_baseline,0,367.028750,22636,TRUE,TRUE
paper-75264-topk-10-depth-0,baseline_vector_search.cql + baseline_traversal.cql,measured,two_call_baseline,0,1.901375,10,TRUE,TRUE
paper-75264-topk-10-depth-1,baseline_vector_search.cql + baseline_traversal.cql,measured,two_call_baseline,0,5.362667,248,TRUE,TRUE
paper-75264-topk-10-depth-2,baseline_vector_search.cql + baseline_traversal.cql,measured,two_call_baseline,0,589.169542,35173,TRUE,TRUE
paper-134323-topk-1-depth-0,baseline_vector_search.cql + baseline_traversal.cql,measured,two_call_baseline,0,1.245083,1,TRUE,TRUE
paper-134323-topk-1-depth-1,baseline_vector_search.cql + baseline_traversal.cql,measured,two_call_baseline,0,1.405917,10,TRUE,TRUE
paper-134323-topk-1-depth-2,baseline_vector_search.cql + baseline_traversal.cql,measured,two_call_baseline,0,47.313375,2969,TRUE,TRUE
paper-134323-topk-3-depth-0,baseline_vector_search.cql + baseline_traversal.cql,measured,two_call_baseline,0,1.376709,3,TRUE,TRUE
paper-134323-topk-3-depth-1,baseline_vector_search.cql + baseline_traversal.cql,measured,two_call_baseline,0,2.488583,73,TRUE,TRUE
paper-134323-topk-3-depth-2,baseline_vector_search.cql + baseline_traversal.cql,measured,two_call_baseline,0,323.693125,19798,TRUE,TRUE
paper-134323-topk-5-depth-0,baseline_vector_search.cql + baseline_traversal.cql,measured,two_call_baseline,0,1.523209,5,TRUE,TRUE
paper-134323-topk-5-depth-1,baseline_vector_search.cql + baseline_traversal.cql,measured,two_call_baseline,0,3.078583,103,TRUE,TRUE
paper-134323-topk-5-depth-2,baseline_vector_search.cql + baseline_traversal.cql,measured,two_call_baseline,0,336.195958,20515,TRUE,TRUE
paper-134323-topk-10-depth-0,baseline_vector_search.cql + baseline_traversal.cql,measured,two_call_baseline,0,2.043125,10,TRUE,TRUE
paper-134323-topk-10-depth-1,baseline_vector_search.cql + baseline_traversal.cql,measured,two_call_baseline,0,4.202375,159,TRUE,TRUE
paper-134323-topk-10-depth-2,baseline_vector_search.cql + baseline_traversal.cql,measured,two_call_baseline,0,551.913000,32920,TRUE,TRUE
paper-11107-topk-1-depth-0,baseline_vector_search.cql + baseline_traversal.cql,measured,two_call_baseline,0,1.311000,1,TRUE,TRUE
paper-11107-topk-1-depth-1,baseline_vector_search.cql + baseline_traversal.cql,measured,two_call_baseline,0,1.394500,3,TRUE,TRUE
paper-11107-topk-1-depth-2,baseline_vector_search.cql + baseline_traversal.cql,measured,two_call_baseline,0,1.392500,12,TRUE,TRUE
paper-11107-topk-3-depth-0,baseline_vector_search.cql + baseline_traversal.cql,measured,two_call_baseline,0,1.312208,3,TRUE,TRUE
paper-11107-topk-3-depth-1,baseline_vector_search.cql + baseline_traversal.cql,measured,two_call_baseline,0,1.438542,16,TRUE,TRUE
paper-11107-topk-3-depth-2,baseline_vector_search.cql + baseline_traversal.cql,measured,two_call_baseline,0,5.062583,242,TRUE,TRUE
paper-11107-topk-5-depth-0,baseline_vector_search.cql + baseline_traversal.cql,measured,two_call_baseline,0,1.546375,5,TRUE,TRUE
paper-11107-topk-5-depth-1,baseline_vector_search.cql + baseline_traversal.cql,measured,two_call_baseline,0,1.992250,30,TRUE,TRUE
paper-11107-topk-5-depth-2,baseline_vector_search.cql + baseline_traversal.cql,measured,two_call_baseline,0,9.342917,500,TRUE,TRUE
paper-11107-topk-10-depth-0,baseline_vector_search.cql + baseline_traversal.cql,measured,two_call_baseline,0,1.777709,10,TRUE,TRUE
paper-11107-topk-10-depth-1,baseline_vector_search.cql + baseline_traversal.cql,measured,two_call_baseline,0,2.463333,57,TRUE,TRUE
paper-11107-topk-10-depth-2,baseline_vector_search.cql + baseline_traversal.cql,measured,two_call_baseline,0,17.396833,1019,TRUE,TRUE
paper-1809-topk-1-depth-0,baseline_vector_search.cql + baseline_traversal.cql,measured,two_call_baseline,0,1.176917,1,TRUE,TRUE
paper-1809-topk-1-depth-1,baseline_vector_search.cql + baseline_traversal.cql,measured,two_call_baseline,0,1.234083,5,TRUE,TRUE
paper-1809-topk-1-depth-2,baseline_vector_search.cql + baseline_traversal.cql,measured,two_call_baseline,0,3.145916,133,TRUE,TRUE
paper-1809-topk-3-depth-0,baseline_vector_search.cql + baseline_traversal.cql,measured,two_call_baseline,0,1.237666,3,TRUE,TRUE
paper-1809-topk-3-depth-1,baseline_vector_search.cql + baseline_traversal.cql,measured,two_call_baseline,0,2.007583,49,TRUE,TRUE
paper-1809-topk-3-depth-2,baseline_vector_search.cql + baseline_traversal.cql,measured,two_call_baseline,0,10.538458,608,TRUE,TRUE
paper-1809-topk-5-depth-0,baseline_vector_search.cql + baseline_traversal.cql,measured,two_call_baseline,0,1.430625,5,TRUE,TRUE
paper-1809-topk-5-depth-1,baseline_vector_search.cql + baseline_traversal.cql,measured,two_call_baseline,0,2.286750,61,TRUE,TRUE
paper-1809-topk-5-depth-2,baseline_vector_search.cql + baseline_traversal.cql,measured,two_call_baseline,0,11.438250,648,TRUE,TRUE
paper-1809-topk-10-depth-0,baseline_vector_search.cql + baseline_traversal.cql,measured,two_call_baseline,0,1.756042,10,TRUE,TRUE
paper-1809-topk-10-depth-1,baseline_vector_search.cql + baseline_traversal.cql,measured,two_call_baseline,0,2.864625,83,TRUE,TRUE
paper-1809-topk-10-depth-2,baseline_vector_search.cql + baseline_traversal.cql,measured,two_call_baseline,0,14.333334,820,TRUE,TRUE
paper-107098-topk-1-depth-0,baseline_vector_search.cql + baseline_traversal.cql,measured,two_call_baseline,0,1.233166,1,TRUE,TRUE
paper-107098-topk-1-depth-1,baseline_vector_search.cql + baseline_traversal.cql,measured,two_call_baseline,0,1.573208,25,TRUE,TRUE
paper-107098-topk-1-depth-2,baseline_vector_search.cql + baseline_traversal.cql,measured,two_call_baseline,0,344.687583,21505,TRUE,TRUE
paper-107098-topk-3-depth-0,baseline_vector_search.cql + baseline_traversal.cql,measured,two_call_baseline,0,1.498333,3,TRUE,TRUE
paper-107098-topk-3-depth-1,baseline_vector_search.cql + baseline_traversal.cql,measured,two_call_baseline,0,2.026542,45,TRUE,TRUE
paper-107098-topk-3-depth-2,baseline_vector_search.cql + baseline_traversal.cql,measured,two_call_baseline,0,369.454584,22972,TRUE,TRUE
paper-107098-topk-5-depth-0,baseline_vector_search.cql + baseline_traversal.cql,measured,two_call_baseline,0,1.587834,5,TRUE,TRUE
paper-107098-topk-5-depth-1,baseline_vector_search.cql + baseline_traversal.cql,measured,two_call_baseline,0,2.531167,65,TRUE,TRUE
paper-107098-topk-5-depth-2,baseline_vector_search.cql + baseline_traversal.cql,measured,two_call_baseline,0,499.064958,30424,TRUE,TRUE
paper-107098-topk-10-depth-0,baseline_vector_search.cql + baseline_traversal.cql,measured,two_call_baseline,0,1.946625,10,TRUE,TRUE
paper-107098-topk-10-depth-1,baseline_vector_search.cql + baseline_traversal.cql,measured,two_call_baseline,0,4.307708,167,TRUE,TRUE
paper-107098-topk-10-depth-2,baseline_vector_search.cql + baseline_traversal.cql,measured,two_call_baseline,0,620.065667,37131,TRUE,TRUE
paper-70223-topk-1-depth-0,baseline_vector_search.cql + baseline_traversal.cql,measured,two_call_baseline,0,1.292375,1,TRUE,TRUE
paper-70223-topk-1-depth-1,baseline_vector_search.cql + baseline_traversal.cql,measured,two_call_baseline,0,1.252500,5,TRUE,TRUE
paper-70223-topk-1-depth-2,baseline_vector_search.cql + baseline_traversal.cql,measured,two_call_baseline,0,46.101750,2888,TRUE,TRUE
paper-70223-topk-3-depth-0,baseline_vector_search.cql + baseline_traversal.cql,measured,two_call_baseline,0,1.307500,3,TRUE,TRUE
paper-70223-topk-3-depth-1,baseline_vector_search.cql + baseline_traversal.cql,measured,two_call_baseline,0,1.569875,22,TRUE,TRUE
paper-70223-topk-3-depth-2,baseline_vector_search.cql + baseline_traversal.cql,measured,two_call_baseline,0,151.495833,9323,TRUE,TRUE
paper-70223-topk-5-depth-0,baseline_vector_search.cql + baseline_traversal.cql,measured,two_call_baseline,0,1.577542,5,TRUE,TRUE
paper-70223-topk-5-depth-1,baseline_vector_search.cql + baseline_traversal.cql,measured,two_call_baseline,0,2.538542,69,TRUE,TRUE
paper-70223-topk-5-depth-2,baseline_vector_search.cql + baseline_traversal.cql,measured,two_call_baseline,0,273.386917,16923,TRUE,TRUE
paper-70223-topk-10-depth-0,baseline_vector_search.cql + baseline_traversal.cql,measured,two_call_baseline,0,1.809958,10,TRUE,TRUE
paper-70223-topk-10-depth-1,baseline_vector_search.cql + baseline_traversal.cql,measured,two_call_baseline,0,3.830500,137,TRUE,TRUE
paper-70223-topk-10-depth-2,baseline_vector_search.cql + baseline_traversal.cql,measured,two_call_baseline,0,480.635084,29484,TRUE,TRUE
paper-8341-topk-1-depth-0,baseline_vector_search.cql + baseline_traversal.cql,measured,two_call_baseline,0,1.293000,1,TRUE,TRUE
paper-8341-topk-1-depth-1,baseline_vector_search.cql + baseline_traversal.cql,measured,two_call_baseline,0,1.515666,27,TRUE,TRUE
paper-8341-topk-1-depth-2,baseline_vector_search.cql + baseline_traversal.cql,measured,two_call_baseline,0,246.739208,15491,TRUE,TRUE
paper-8341-topk-3-depth-0,baseline_vector_search.cql + baseline_traversal.cql,measured,two_call_baseline,0,1.401209,3,TRUE,TRUE
paper-8341-topk-3-depth-1,baseline_vector_search.cql + baseline_traversal.cql,measured,two_call_baseline,0,1.820042,38,TRUE,TRUE
paper-8341-topk-3-depth-2,baseline_vector_search.cql + baseline_traversal.cql,measured,two_call_baseline,0,260.537916,16083,TRUE,TRUE
paper-8341-topk-5-depth-0,baseline_vector_search.cql + baseline_traversal.cql,measured,two_call_baseline,0,1.491750,5,TRUE,TRUE
paper-8341-topk-5-depth-1,baseline_vector_search.cql + baseline_traversal.cql,measured,two_call_baseline,0,2.239708,55,TRUE,TRUE
paper-8341-topk-5-depth-2,baseline_vector_search.cql + baseline_traversal.cql,measured,two_call_baseline,0,272.593333,16841,TRUE,TRUE
paper-8341-topk-10-depth-0,baseline_vector_search.cql + baseline_traversal.cql,measured,two_call_baseline,0,1.861250,10,TRUE,TRUE
paper-8341-topk-10-depth-1,baseline_vector_search.cql + baseline_traversal.cql,measured,two_call_baseline,0,3.737667,130,TRUE,TRUE
paper-8341-topk-10-depth-2,baseline_vector_search.cql + baseline_traversal.cql,measured,two_call_baseline,0,302.583333,18332,TRUE,TRUE
paper-69946-topk-1-depth-0,baseline_vector_search.cql + baseline_traversal.cql,measured,two_call_baseline,0,1.251000,1,TRUE,TRUE
paper-69946-topk-1-depth-1,baseline_vector_search.cql + baseline_traversal.cql,measured,two_call_baseline,0,3.948125,171,TRUE,TRUE
paper-69946-topk-1-depth-2,baseline_vector_search.cql + baseline_traversal.cql,measured,two_call_baseline,0,242.571250,15287,TRUE,TRUE
paper-69946-topk-3-depth-0,baseline_vector_search.cql + baseline_traversal.cql,measured,two_call_baseline,0,2.581083,3,TRUE,TRUE
paper-69946-topk-3-depth-1,baseline_vector_search.cql + baseline_traversal.cql,measured,two_call_baseline,0,4.936500,227,TRUE,TRUE
paper-69946-topk-3-depth-2,baseline_vector_search.cql + baseline_traversal.cql,measured,two_call_baseline,0,410.179459,25453,TRUE,TRUE
paper-69946-topk-5-depth-0,baseline_vector_search.cql + baseline_traversal.cql,measured,two_call_baseline,0,1.564792,5,TRUE,TRUE
paper-69946-topk-5-depth-1,baseline_vector_search.cql + baseline_traversal.cql,measured,two_call_baseline,0,3.363958,122,TRUE,TRUE
paper-69946-topk-5-depth-2,baseline_vector_search.cql + baseline_traversal.cql,measured,two_call_baseline,0,248.097166,15417,TRUE,TRUE
paper-69946-topk-10-depth-0,baseline_vector_search.cql + baseline_traversal.cql,measured,two_call_baseline,0,2.004541,10,TRUE,TRUE
paper-69946-topk-10-depth-1,baseline_vector_search.cql + baseline_traversal.cql,measured,two_call_baseline,0,7.686083,367,TRUE,TRUE
paper-69946-topk-10-depth-2,baseline_vector_search.cql + baseline_traversal.cql,measured,two_call_baseline,0,617.017375,36759,TRUE,TRUE
paper-17149-topk-1-depth-0,baseline_vector_search.cql + baseline_traversal.cql,measured,two_call_baseline,0,1.374250,1,TRUE,TRUE
paper-17149-topk-1-depth-1,baseline_vector_search.cql + baseline_traversal.cql,measured,two_call_baseline,0,1.271083,6,TRUE,TRUE
paper-17149-topk-1-depth-2,baseline_vector_search.cql + baseline_traversal.cql,measured,two_call_baseline,0,2.534625,88,TRUE,TRUE
paper-17149-topk-3-depth-0,baseline_vector_search.cql + baseline_traversal.cql,measured,two_call_baseline,0,1.306459,3,TRUE,TRUE
paper-17149-topk-3-depth-1,baseline_vector_search.cql + baseline_traversal.cql,measured,two_call_baseline,0,1.618750,24,TRUE,TRUE
paper-17149-topk-3-depth-2,baseline_vector_search.cql + baseline_traversal.cql,measured,two_call_baseline,0,308.610500,19456,TRUE,TRUE
paper-17149-topk-5-depth-0,baseline_vector_search.cql + baseline_traversal.cql,measured,two_call_baseline,0,1.522875,5,TRUE,TRUE
paper-17149-topk-5-depth-1,baseline_vector_search.cql + baseline_traversal.cql,measured,two_call_baseline,0,2.159584,53,TRUE,TRUE
paper-17149-topk-5-depth-2,baseline_vector_search.cql + baseline_traversal.cql,measured,two_call_baseline,0,366.555167,22437,TRUE,TRUE
paper-17149-topk-10-depth-0,baseline_vector_search.cql + baseline_traversal.cql,measured,two_call_baseline,0,1.688542,10,TRUE,TRUE
paper-17149-topk-10-depth-1,baseline_vector_search.cql + baseline_traversal.cql,measured,two_call_baseline,0,3.309041,117,TRUE,TRUE
paper-17149-topk-10-depth-2,baseline_vector_search.cql + baseline_traversal.cql,measured,two_call_baseline,0,643.766375,39279,TRUE,TRUE
paper-1279-topk-1-depth-0,baseline_vector_search.cql + baseline_traversal.cql,measured,two_call_baseline,0,1.365667,1,TRUE,TRUE
paper-1279-topk-1-depth-1,baseline_vector_search.cql + baseline_traversal.cql,measured,two_call_baseline,0,1.182916,6,TRUE,TRUE
paper-1279-topk-1-depth-2,baseline_vector_search.cql + baseline_traversal.cql,measured,two_call_baseline,0,2.024042,16,TRUE,TRUE
paper-1279-topk-3-depth-0,baseline_vector_search.cql + baseline_traversal.cql,measured,two_call_baseline,0,1.240625,3,TRUE,TRUE
paper-1279-topk-3-depth-1,baseline_vector_search.cql + baseline_traversal.cql,measured,two_call_baseline,0,1.420500,17,TRUE,TRUE
paper-1279-topk-3-depth-2,baseline_vector_search.cql + baseline_traversal.cql,measured,two_call_baseline,0,3.761042,166,TRUE,TRUE
paper-1279-topk-5-depth-0,baseline_vector_search.cql + baseline_traversal.cql,measured,two_call_baseline,0,1.379583,5,TRUE,TRUE
paper-1279-topk-5-depth-1,baseline_vector_search.cql + baseline_traversal.cql,measured,two_call_baseline,0,1.988042,29,TRUE,TRUE
paper-1279-topk-5-depth-2,baseline_vector_search.cql + baseline_traversal.cql,measured,two_call_baseline,0,4.289458,194,TRUE,TRUE
paper-1279-topk-10-depth-0,baseline_vector_search.cql + baseline_traversal.cql,measured,two_call_baseline,0,1.646875,10,TRUE,TRUE
paper-1279-topk-10-depth-1,baseline_vector_search.cql + baseline_traversal.cql,measured,two_call_baseline,0,2.449083,64,TRUE,TRUE
paper-1279-topk-10-depth-2,baseline_vector_search.cql + baseline_traversal.cql,measured,two_call_baseline,0,17.977125,1079,TRUE,TRUE
paper-106981-topk-1-depth-0,baseline_vector_search.cql + baseline_traversal.cql,measured,two_call_baseline,0,1.196125,1,TRUE,TRUE
paper-106981-topk-1-depth-1,baseline_vector_search.cql + baseline_traversal.cql,measured,two_call_baseline,0,1.325291,11,TRUE,TRUE
paper-106981-topk-1-depth-2,baseline_vector_search.cql + baseline_traversal.cql,measured,two_call_baseline,0,269.295583,16924,TRUE,TRUE
paper-106981-topk-3-depth-0,baseline_vector_search.cql + baseline_traversal.cql,measured,two_call_baseline,0,1.375333,3,TRUE,TRUE
paper-106981-topk-3-depth-1,baseline_vector_search.cql + baseline_traversal.cql,measured,two_call_baseline,0,1.896833,35,TRUE,TRUE
paper-106981-topk-3-depth-2,baseline_vector_search.cql + baseline_traversal.cql,measured,two_call_baseline,0,430.063333,26504,TRUE,TRUE
paper-106981-topk-5-depth-0,baseline_vector_search.cql + baseline_traversal.cql,measured,two_call_baseline,0,1.482333,5,TRUE,TRUE
paper-106981-topk-5-depth-1,baseline_vector_search.cql + baseline_traversal.cql,measured,two_call_baseline,0,2.120125,48,TRUE,TRUE
paper-106981-topk-5-depth-2,baseline_vector_search.cql + baseline_traversal.cql,measured,two_call_baseline,0,443.649625,27307,TRUE,TRUE
paper-106981-topk-10-depth-0,baseline_vector_search.cql + baseline_traversal.cql,measured,two_call_baseline,0,1.776417,10,TRUE,TRUE
paper-106981-topk-10-depth-1,baseline_vector_search.cql + baseline_traversal.cql,measured,two_call_baseline,0,7.361667,383,TRUE,TRUE
paper-106981-topk-10-depth-2,baseline_vector_search.cql + baseline_traversal.cql,measured,two_call_baseline,0,560.247541,33323,TRUE,TRUE
paper-45804-topk-1-depth-0,baseline_vector_search.cql + baseline_traversal.cql,measured,two_call_baseline,0,1.364000,1,TRUE,TRUE
paper-45804-topk-1-depth-1,baseline_vector_search.cql + baseline_traversal.cql,measured,two_call_baseline,0,2.797792,100,TRUE,TRUE
paper-45804-topk-1-depth-2,baseline_vector_search.cql + baseline_traversal.cql,measured,two_call_baseline,0,504.354459,31271,TRUE,TRUE
paper-45804-topk-3-depth-0,baseline_vector_search.cql + baseline_traversal.cql,measured,two_call_baseline,0,1.367625,3,TRUE,TRUE
paper-45804-topk-3-depth-1,baseline_vector_search.cql + baseline_traversal.cql,measured,two_call_baseline,0,3.557375,143,TRUE,TRUE
paper-45804-topk-3-depth-2,baseline_vector_search.cql + baseline_traversal.cql,measured,two_call_baseline,0,523.266791,32305,TRUE,TRUE
paper-45804-topk-5-depth-0,baseline_vector_search.cql + baseline_traversal.cql,measured,two_call_baseline,0,1.511250,5,TRUE,TRUE
paper-45804-topk-5-depth-1,baseline_vector_search.cql + baseline_traversal.cql,measured,two_call_baseline,0,4.051667,166,TRUE,TRUE
paper-45804-topk-5-depth-2,baseline_vector_search.cql + baseline_traversal.cql,measured,two_call_baseline,0,604.197042,37113,TRUE,TRUE
paper-45804-topk-10-depth-0,baseline_vector_search.cql + baseline_traversal.cql,measured,two_call_baseline,0,2.085833,10,TRUE,TRUE
paper-45804-topk-10-depth-1,baseline_vector_search.cql + baseline_traversal.cql,measured,two_call_baseline,0,6.133250,284,TRUE,TRUE
paper-45804-topk-10-depth-2,baseline_vector_search.cql + baseline_traversal.cql,measured,two_call_baseline,0,761.343250,45888,TRUE,TRUE
paper-1125-topk-1-depth-0,baseline_vector_search.cql + baseline_traversal.cql,measured,two_call_baseline,0,1.208958,1,TRUE,TRUE
paper-1125-topk-1-depth-1,baseline_vector_search.cql + baseline_traversal.cql,measured,two_call_baseline,0,1.581083,25,TRUE,TRUE
paper-1125-topk-1-depth-2,baseline_vector_search.cql + baseline_traversal.cql,measured,two_call_baseline,0,316.291833,19915,TRUE,TRUE
paper-1125-topk-3-depth-0,baseline_vector_search.cql + baseline_traversal.cql,measured,two_call_baseline,0,1.388917,3,TRUE,TRUE
paper-1125-topk-3-depth-1,baseline_vector_search.cql + baseline_traversal.cql,measured,two_call_baseline,0,1.903625,41,TRUE,TRUE
paper-1125-topk-3-depth-2,baseline_vector_search.cql + baseline_traversal.cql,measured,two_call_baseline,0,324.830208,20218,TRUE,TRUE
paper-1125-topk-5-depth-0,baseline_vector_search.cql + baseline_traversal.cql,measured,two_call_baseline,0,1.467291,5,TRUE,TRUE
paper-1125-topk-5-depth-1,baseline_vector_search.cql + baseline_traversal.cql,measured,two_call_baseline,0,2.169667,51,TRUE,TRUE
paper-1125-topk-5-depth-2,baseline_vector_search.cql + baseline_traversal.cql,measured,two_call_baseline,0,345.059458,21459,TRUE,TRUE
paper-1125-topk-10-depth-0,baseline_vector_search.cql + baseline_traversal.cql,measured,two_call_baseline,0,1.921917,10,TRUE,TRUE
paper-1125-topk-10-depth-1,baseline_vector_search.cql + baseline_traversal.cql,measured,two_call_baseline,0,3.301958,94,TRUE,TRUE
paper-1125-topk-10-depth-2,baseline_vector_search.cql + baseline_traversal.cql,measured,two_call_baseline,0,363.313916,22516,TRUE,TRUE
paper-7404-topk-1-depth-0,baseline_vector_search.cql + baseline_traversal.cql,measured,two_call_baseline,0,1.238250,1,TRUE,TRUE
paper-7404-topk-1-depth-1,baseline_vector_search.cql + baseline_traversal.cql,measured,two_call_baseline,0,2.199500,67,TRUE,TRUE
paper-7404-topk-1-depth-2,baseline_vector_search.cql + baseline_traversal.cql,measured,two_call_baseline,0,240.686500,15193,TRUE,TRUE
paper-7404-topk-3-depth-0,baseline_vector_search.cql + baseline_traversal.cql,measured,two_call_baseline,0,1.245500,3,TRUE,TRUE
paper-7404-topk-3-depth-1,baseline_vector_search.cql + baseline_traversal.cql,measured,two_call_baseline,0,4.472166,200,TRUE,TRUE
paper-7404-topk-3-depth-2,baseline_vector_search.cql + baseline_traversal.cql,measured,two_call_baseline,0,333.543042,20523,TRUE,TRUE
paper-7404-topk-5-depth-0,baseline_vector_search.cql + baseline_traversal.cql,measured,two_call_baseline,0,1.975166,5,TRUE,TRUE
paper-7404-topk-5-depth-1,baseline_vector_search.cql + baseline_traversal.cql,measured,two_call_baseline,0,5.286833,259,TRUE,TRUE
paper-7404-topk-5-depth-2,baseline_vector_search.cql + baseline_traversal.cql,measured,two_call_baseline,0,353.523750,21548,TRUE,TRUE
paper-7404-topk-10-depth-0,baseline_vector_search.cql + baseline_traversal.cql,measured,two_call_baseline,0,1.681167,10,TRUE,TRUE
paper-7404-topk-10-depth-1,baseline_vector_search.cql + baseline_traversal.cql,measured,two_call_baseline,0,9.440792,527,TRUE,TRUE
paper-7404-topk-10-depth-2,baseline_vector_search.cql + baseline_traversal.cql,measured,two_call_baseline,0,595.161416,35448,TRUE,TRUE
paper-104271-topk-1-depth-0,baseline_vector_search.cql + baseline_traversal.cql,measured,two_call_baseline,0,1.220750,1,TRUE,TRUE
paper-104271-topk-1-depth-1,baseline_vector_search.cql + baseline_traversal.cql,measured,two_call_baseline,0,1.444375,19,TRUE,TRUE
paper-104271-topk-1-depth-2,baseline_vector_search.cql + baseline_traversal.cql,measured,two_call_baseline,0,273.982875,17071,TRUE,TRUE
paper-104271-topk-3-depth-0,baseline_vector_search.cql + baseline_traversal.cql,measured,two_call_baseline,0,1.376750,3,TRUE,TRUE
paper-104271-topk-3-depth-1,baseline_vector_search.cql + baseline_traversal.cql,measured,two_call_baseline,0,18.474708,1116,TRUE,TRUE
paper-104271-topk-3-depth-2,baseline_vector_search.cql + baseline_traversal.cql,measured,two_call_baseline,0,519.869291,32057,TRUE,TRUE
paper-104271-topk-5-depth-0,baseline_vector_search.cql + baseline_traversal.cql,measured,two_call_baseline,0,1.559708,5,TRUE,TRUE
paper-104271-topk-5-depth-1,baseline_vector_search.cql + baseline_traversal.cql,measured,two_call_baseline,0,24.891500,1134,TRUE,TRUE
paper-104271-topk-5-depth-2,baseline_vector_search.cql + baseline_traversal.cql,measured,two_call_baseline,0,534.172583,32769,TRUE,TRUE
paper-104271-topk-10-depth-0,baseline_vector_search.cql + baseline_traversal.cql,measured,two_call_baseline,0,1.813667,10,TRUE,TRUE
paper-104271-topk-10-depth-1,baseline_vector_search.cql + baseline_traversal.cql,measured,two_call_baseline,0,20.292792,1215,TRUE,TRUE
paper-104271-topk-10-depth-2,baseline_vector_search.cql + baseline_traversal.cql,measured,two_call_baseline,0,608.962208,35806,TRUE,TRUE
paper-109230-topk-1-depth-0,baseline_vector_search.cql + baseline_traversal.cql,measured,two_call_baseline,0,1.215417,1,TRUE,TRUE
paper-109230-topk-1-depth-1,baseline_vector_search.cql + baseline_traversal.cql,measured,two_call_baseline,0,1.892292,21,TRUE,TRUE
paper-109230-topk-1-depth-2,baseline_vector_search.cql + baseline_traversal.cql,measured,two_call_baseline,0,235.527916,14344,TRUE,TRUE
paper-109230-topk-3-depth-0,baseline_vector_search.cql + baseline_traversal.cql,measured,two_call_baseline,0,1.382000,3,TRUE,TRUE
paper-109230-topk-3-depth-1,baseline_vector_search.cql + baseline_traversal.cql,measured,two_call_baseline,0,1.816000,33,TRUE,TRUE
paper-109230-topk-3-depth-2,baseline_vector_search.cql + baseline_traversal.cql,measured,two_call_baseline,0,234.529500,14639,TRUE,TRUE
paper-109230-topk-5-depth-0,baseline_vector_search.cql + baseline_traversal.cql,measured,two_call_baseline,0,1.507875,5,TRUE,TRUE
paper-109230-topk-5-depth-1,baseline_vector_search.cql + baseline_traversal.cql,measured,two_call_baseline,0,2.303875,58,TRUE,TRUE
paper-109230-topk-5-depth-2,baseline_vector_search.cql + baseline_traversal.cql,measured,two_call_baseline,0,257.324334,15690,TRUE,TRUE
paper-109230-topk-10-depth-0,baseline_vector_search.cql + baseline_traversal.cql,measured,two_call_baseline,0,1.819292,10,TRUE,TRUE
paper-109230-topk-10-depth-1,baseline_vector_search.cql + baseline_traversal.cql,measured,two_call_baseline,0,4.029125,154,TRUE,TRUE
paper-109230-topk-10-depth-2,baseline_vector_search.cql + baseline_traversal.cql,measured,two_call_baseline,0,335.433792,20558,TRUE,TRUE
paper-116345-topk-1-depth-0,baseline_vector_search.cql + baseline_traversal.cql,measured,two_call_baseline,0,1.346333,1,TRUE,TRUE
paper-116345-topk-1-depth-1,baseline_vector_search.cql + baseline_traversal.cql,measured,two_call_baseline,0,1.373542,12,TRUE,TRUE
paper-116345-topk-1-depth-2,baseline_vector_search.cql + baseline_traversal.cql,measured,two_call_baseline,0,2.804500,108,TRUE,TRUE
paper-116345-topk-3-depth-0,baseline_vector_search.cql + baseline_traversal.cql,measured,two_call_baseline,0,1.270416,3,TRUE,TRUE
paper-116345-topk-3-depth-1,baseline_vector_search.cql + baseline_traversal.cql,measured,two_call_baseline,0,1.892500,44,TRUE,TRUE
paper-116345-topk-3-depth-2,baseline_vector_search.cql + baseline_traversal.cql,measured,two_call_baseline,0,12.183125,717,TRUE,TRUE
paper-116345-topk-5-depth-0,baseline_vector_search.cql + baseline_traversal.cql,measured,two_call_baseline,0,1.492875,5,TRUE,TRUE
paper-116345-topk-5-depth-1,baseline_vector_search.cql + baseline_traversal.cql,measured,two_call_baseline,0,2.226500,56,TRUE,TRUE
paper-116345-topk-5-depth-2,baseline_vector_search.cql + baseline_traversal.cql,measured,two_call_baseline,0,101.609542,6416,TRUE,TRUE
paper-116345-topk-10-depth-0,baseline_vector_search.cql + baseline_traversal.cql,measured,two_call_baseline,0,1.762542,10,TRUE,TRUE
paper-116345-topk-10-depth-1,baseline_vector_search.cql + baseline_traversal.cql,measured,two_call_baseline,0,3.207125,105,TRUE,TRUE
paper-116345-topk-10-depth-2,baseline_vector_search.cql + baseline_traversal.cql,measured,two_call_baseline,0,311.155542,19003,TRUE,TRUE
paper-90744-topk-1-depth-0,baseline_vector_search.cql + baseline_traversal.cql,measured,two_call_baseline,0,1.245000,1,TRUE,TRUE
paper-90744-topk-1-depth-1,baseline_vector_search.cql + baseline_traversal.cql,measured,two_call_baseline,0,1.392458,13,TRUE,TRUE
paper-90744-topk-1-depth-2,baseline_vector_search.cql + baseline_traversal.cql,measured,two_call_baseline,0,60.642375,3829,TRUE,TRUE
paper-90744-topk-3-depth-0,baseline_vector_search.cql + baseline_traversal.cql,measured,two_call_baseline,0,1.761125,3,TRUE,TRUE
paper-90744-topk-3-depth-1,baseline_vector_search.cql + baseline_traversal.cql,measured,two_call_baseline,0,2.140375,55,TRUE,TRUE
paper-90744-topk-3-depth-2,baseline_vector_search.cql + baseline_traversal.cql,measured,two_call_baseline,0,281.109000,17359,TRUE,TRUE
paper-90744-topk-5-depth-0,baseline_vector_search.cql + baseline_traversal.cql,measured,two_call_baseline,0,1.658333,5,TRUE,TRUE
paper-90744-topk-5-depth-1,baseline_vector_search.cql + baseline_traversal.cql,measured,two_call_baseline,0,3.346459,110,TRUE,TRUE
paper-90744-topk-5-depth-2,baseline_vector_search.cql + baseline_traversal.cql,measured,two_call_baseline,0,304.413167,18492,TRUE,TRUE
paper-90744-topk-10-depth-0,baseline_vector_search.cql + baseline_traversal.cql,measured,two_call_baseline,0,1.921167,10,TRUE,TRUE
paper-90744-topk-10-depth-1,baseline_vector_search.cql + baseline_traversal.cql,measured,two_call_baseline,0,4.006291,145,TRUE,TRUE
paper-90744-topk-10-depth-2,baseline_vector_search.cql + baseline_traversal.cql,measured,two_call_baseline,0,316.023541,19048,TRUE,TRUE
paper-19745-topk-1-depth-0,baseline_vector_search.cql + baseline_traversal.cql,measured,two_call_baseline,0,1.210875,1,TRUE,TRUE
paper-19745-topk-1-depth-1,baseline_vector_search.cql + baseline_traversal.cql,measured,two_call_baseline,0,1.393375,17,TRUE,TRUE
paper-19745-topk-1-depth-2,baseline_vector_search.cql + baseline_traversal.cql,measured,two_call_baseline,0,369.129833,23097,TRUE,TRUE
paper-19745-topk-3-depth-0,baseline_vector_search.cql + baseline_traversal.cql,measured,two_call_baseline,0,1.464750,3,TRUE,TRUE
paper-19745-topk-3-depth-1,baseline_vector_search.cql + baseline_traversal.cql,measured,two_call_baseline,0,1.773833,31,TRUE,TRUE
paper-19745-topk-3-depth-2,baseline_vector_search.cql + baseline_traversal.cql,measured,two_call_baseline,0,370.493667,23314,TRUE,TRUE
paper-19745-topk-5-depth-0,baseline_vector_search.cql + baseline_traversal.cql,measured,two_call_baseline,0,1.392750,5,TRUE,TRUE
paper-19745-topk-5-depth-1,baseline_vector_search.cql + baseline_traversal.cql,measured,two_call_baseline,0,1.994459,42,TRUE,TRUE
paper-19745-topk-5-depth-2,baseline_vector_search.cql + baseline_traversal.cql,measured,two_call_baseline,0,376.429250,23663,TRUE,TRUE
paper-19745-topk-10-depth-0,baseline_vector_search.cql + baseline_traversal.cql,measured,two_call_baseline,0,1.838042,10,TRUE,TRUE
paper-19745-topk-10-depth-1,baseline_vector_search.cql + baseline_traversal.cql,measured,two_call_baseline,0,2.694292,60,TRUE,TRUE
paper-19745-topk-10-depth-2,baseline_vector_search.cql + baseline_traversal.cql,measured,two_call_baseline,0,377.960416,23880,TRUE,TRUE
paper-93366-topk-1-depth-0,baseline_vector_search.cql + baseline_traversal.cql,measured,two_call_baseline,0,1.270459,1,TRUE,TRUE
paper-93366-topk-1-depth-1,baseline_vector_search.cql + baseline_traversal.cql,measured,two_call_baseline,0,1.165916,2,TRUE,TRUE
paper-93366-topk-1-depth-2,baseline_vector_search.cql + baseline_traversal.cql,measured,two_call_baseline,0,1.153875,5,TRUE,TRUE
paper-93366-topk-3-depth-0,baseline_vector_search.cql + baseline_traversal.cql,measured,two_call_baseline,0,1.959334,3,TRUE,TRUE
paper-93366-topk-3-depth-1,baseline_vector_search.cql + baseline_traversal.cql,measured,two_call_baseline,0,5.233584,248,TRUE,TRUE
paper-93366-topk-3-depth-2,baseline_vector_search.cql + baseline_traversal.cql,measured,two_call_baseline,0,296.276791,18592,TRUE,TRUE
paper-93366-topk-5-depth-0,baseline_vector_search.cql + baseline_traversal.cql,measured,two_call_baseline,0,1.563209,5,TRUE,TRUE
paper-93366-topk-5-depth-1,baseline_vector_search.cql + baseline_traversal.cql,measured,two_call_baseline,0,5.650041,272,TRUE,TRUE
paper-93366-topk-5-depth-2,baseline_vector_search.cql + baseline_traversal.cql,measured,two_call_baseline,0,459.731000,28643,TRUE,TRUE
paper-93366-topk-10-depth-0,baseline_vector_search.cql + baseline_traversal.cql,measured,two_call_baseline,0,1.869875,10,TRUE,TRUE
paper-93366-topk-10-depth-1,baseline_vector_search.cql + baseline_traversal.cql,measured,two_call_baseline,0,6.525917,313,TRUE,TRUE
paper-93366-topk-10-depth-2,baseline_vector_search.cql + baseline_traversal.cql,measured,two_call_baseline,0,470.493792,28976,TRUE,TRUE
paper-23837-topk-1-depth-0,baseline_vector_search.cql + baseline_traversal.cql,measured,two_call_baseline,0,1.277000,1,TRUE,TRUE
paper-23837-topk-1-depth-1,baseline_vector_search.cql + baseline_traversal.cql,measured,two_call_baseline,0,1.330875,9,TRUE,TRUE
paper-23837-topk-1-depth-2,baseline_vector_search.cql + baseline_traversal.cql,measured,two_call_baseline,0,11.138500,637,TRUE,TRUE
paper-23837-topk-3-depth-0,baseline_vector_search.cql + baseline_traversal.cql,measured,two_call_baseline,0,1.349875,3,TRUE,TRUE
paper-23837-topk-3-depth-1,baseline_vector_search.cql + baseline_traversal.cql,measured,two_call_baseline,0,1.574125,19,TRUE,TRUE
paper-23837-topk-3-depth-2,baseline_vector_search.cql + baseline_traversal.cql,measured,two_call_baseline,0,29.309333,1755,TRUE,TRUE
paper-23837-topk-5-depth-0,baseline_vector_search.cql + baseline_traversal.cql,measured,two_call_baseline,0,1.494917,5,TRUE,TRUE
paper-23837-topk-5-depth-1,baseline_vector_search.cql + baseline_traversal.cql,measured,two_call_baseline,0,1.919459,33,TRUE,TRUE
paper-23837-topk-5-depth-2,baseline_vector_search.cql + baseline_traversal.cql,measured,two_call_baseline,0,18.965875,1147,TRUE,TRUE
paper-23837-topk-10-depth-0,baseline_vector_search.cql + baseline_traversal.cql,measured,two_call_baseline,0,1.747542,10,TRUE,TRUE
paper-23837-topk-10-depth-1,baseline_vector_search.cql + baseline_traversal.cql,measured,two_call_baseline,0,2.490083,59,TRUE,TRUE
paper-23837-topk-10-depth-2,baseline_vector_search.cql + baseline_traversal.cql,measured,two_call_baseline,0,102.748666,6479,TRUE,TRUE
paper-126378-topk-1-depth-0,baseline_vector_search.cql + baseline_traversal.cql,measured,two_call_baseline,0,1.181083,1,TRUE,TRUE
paper-126378-topk-1-depth-1,baseline_vector_search.cql + baseline_traversal.cql,measured,two_call_baseline,0,1.432584,22,TRUE,TRUE
paper-126378-topk-1-depth-2,baseline_vector_search.cql + baseline_traversal.cql,measured,two_call_baseline,0,33.298584,2069,TRUE,TRUE
paper-126378-topk-3-depth-0,baseline_vector_search.cql + baseline_traversal.cql,measured,two_call_baseline,0,1.345709,3,TRUE,TRUE
paper-126378-topk-3-depth-1,baseline_vector_search.cql + baseline_traversal.cql,measured,two_call_baseline,0,1.816875,40,TRUE,TRUE
paper-126378-topk-3-depth-2,baseline_vector_search.cql + baseline_traversal.cql,measured,two_call_baseline,0,36.138208,2270,TRUE,TRUE
paper-126378-topk-5-depth-0,baseline_vector_search.cql + baseline_traversal.cql,measured,two_call_baseline,0,1.513375,5,TRUE,TRUE
paper-126378-topk-5-depth-1,baseline_vector_search.cql + baseline_traversal.cql,measured,two_call_baseline,0,2.662333,45,TRUE,TRUE
paper-126378-topk-5-depth-2,baseline_vector_search.cql + baseline_traversal.cql,measured,two_call_baseline,0,37.085250,2280,TRUE,TRUE
paper-126378-topk-10-depth-0,baseline_vector_search.cql + baseline_traversal.cql,measured,two_call_baseline,0,1.863208,10,TRUE,TRUE
paper-126378-topk-10-depth-1,baseline_vector_search.cql + baseline_traversal.cql,measured,two_call_baseline,0,3.689542,137,TRUE,TRUE
paper-126378-topk-10-depth-2,baseline_vector_search.cql + baseline_traversal.cql,measured,two_call_baseline,0,56.632666,3473,TRUE,TRUE
paper-21927-topk-1-depth-0,baseline_vector_search.cql + baseline_traversal.cql,measured,two_call_baseline,0,1.281791,1,TRUE,TRUE
paper-21927-topk-1-depth-1,baseline_vector_search.cql + baseline_traversal.cql,measured,two_call_baseline,0,1.284250,6,TRUE,TRUE
paper-21927-topk-1-depth-2,baseline_vector_search.cql + baseline_traversal.cql,measured,two_call_baseline,0,2.508709,79,TRUE,TRUE
paper-21927-topk-3-depth-0,baseline_vector_search.cql + baseline_traversal.cql,measured,two_call_baseline,0,1.307458,3,TRUE,TRUE
paper-21927-topk-3-depth-1,baseline_vector_search.cql + baseline_traversal.cql,measured,two_call_baseline,0,1.361041,10,TRUE,TRUE
paper-21927-topk-3-depth-2,baseline_vector_search.cql + baseline_traversal.cql,measured,two_call_baseline,0,3.007875,95,TRUE,TRUE
paper-21927-topk-5-depth-0,baseline_vector_search.cql + baseline_traversal.cql,measured,two_call_baseline,0,1.522875,5,TRUE,TRUE
paper-21927-topk-5-depth-1,baseline_vector_search.cql + baseline_traversal.cql,measured,two_call_baseline,0,1.944709,32,TRUE,TRUE
paper-21927-topk-5-depth-2,baseline_vector_search.cql + baseline_traversal.cql,measured,two_call_baseline,0,8.407541,440,TRUE,TRUE
paper-21927-topk-10-depth-0,baseline_vector_search.cql + baseline_traversal.cql,measured,two_call_baseline,0,1.842209,10,TRUE,TRUE
paper-21927-topk-10-depth-1,baseline_vector_search.cql + baseline_traversal.cql,measured,two_call_baseline,0,2.753958,64,TRUE,TRUE
paper-21927-topk-10-depth-2,baseline_vector_search.cql + baseline_traversal.cql,measured,two_call_baseline,0,17.353333,1001,TRUE,TRUE
paper-122128-topk-1-depth-0,baseline_vector_search.cql + baseline_traversal.cql,measured,two_call_baseline,0,1.208209,1,TRUE,TRUE
paper-122128-topk-1-depth-1,baseline_vector_search.cql + baseline_traversal.cql,measured,two_call_baseline,0,1.215917,8,TRUE,TRUE
paper-122128-topk-1-depth-2,baseline_vector_search.cql + baseline_traversal.cql,measured,two_call_baseline,0,10.254958,595,TRUE,TRUE
paper-122128-topk-3-depth-0,baseline_vector_search.cql + baseline_traversal.cql,measured,two_call_baseline,0,1.343250,3,TRUE,TRUE
paper-122128-topk-3-depth-1,baseline_vector_search.cql + baseline_traversal.cql,measured,two_call_baseline,0,1.738542,29,TRUE,TRUE
paper-122128-topk-3-depth-2,baseline_vector_search.cql + baseline_traversal.cql,measured,two_call_baseline,0,16.494791,969,TRUE,TRUE
paper-122128-topk-5-depth-0,baseline_vector_search.cql + baseline_traversal.cql,measured,two_call_baseline,0,1.446375,5,TRUE,TRUE
paper-122128-topk-5-depth-1,baseline_vector_search.cql + baseline_traversal.cql,measured,two_call_baseline,0,2.068042,42,TRUE,TRUE
paper-122128-topk-5-depth-2,baseline_vector_search.cql + baseline_traversal.cql,measured,two_call_baseline,0,18.595666,1034,TRUE,TRUE
paper-122128-topk-10-depth-0,baseline_vector_search.cql + baseline_traversal.cql,measured,two_call_baseline,0,1.722125,10,TRUE,TRUE
paper-122128-topk-10-depth-1,baseline_vector_search.cql + baseline_traversal.cql,measured,two_call_baseline,0,2.820166,77,TRUE,TRUE
paper-122128-topk-10-depth-2,baseline_vector_search.cql + baseline_traversal.cql,measured,two_call_baseline,0,26.026416,1510,TRUE,TRUE
paper-27124-topk-1-depth-0,baseline_vector_search.cql + baseline_traversal.cql,measured,two_call_baseline,0,1.276792,1,TRUE,TRUE
paper-27124-topk-1-depth-1,baseline_vector_search.cql + baseline_traversal.cql,measured,two_call_baseline,0,1.732041,23,TRUE,TRUE
paper-27124-topk-1-depth-2,baseline_vector_search.cql + baseline_traversal.cql,measured,two_call_baseline,0,43.999125,2789,TRUE,TRUE
paper-27124-topk-3-depth-0,baseline_vector_search.cql + baseline_traversal.cql,measured,two_call_baseline,0,1.377583,3,TRUE,TRUE
paper-27124-topk-3-depth-1,baseline_vector_search.cql + baseline_traversal.cql,measured,two_call_baseline,0,4.740750,216,TRUE,TRUE
paper-27124-topk-3-depth-2,baseline_vector_search.cql + baseline_traversal.cql,measured,two_call_baseline,0,426.322875,26280,TRUE,TRUE
paper-27124-topk-5-depth-0,baseline_vector_search.cql + baseline_traversal.cql,measured,two_call_baseline,0,1.531500,5,TRUE,TRUE
paper-27124-topk-5-depth-1,baseline_vector_search.cql + baseline_traversal.cql,measured,two_call_baseline,0,5.930125,284,TRUE,TRUE
paper-27124-topk-5-depth-2,baseline_vector_search.cql + baseline_traversal.cql,measured,two_call_baseline,0,493.553834,30612,TRUE,TRUE
paper-27124-topk-10-depth-0,baseline_vector_search.cql + baseline_traversal.cql,measured,two_call_baseline,0,1.857875,10,TRUE,TRUE
paper-27124-topk-10-depth-1,baseline_vector_search.cql + baseline_traversal.cql,measured,two_call_baseline,0,7.886750,406,TRUE,TRUE
paper-27124-topk-10-depth-2,baseline_vector_search.cql + baseline_traversal.cql,measured,two_call_baseline,0,668.556250,39940,TRUE,TRUE
paper-25803-topk-1-depth-0,baseline_vector_search.cql + baseline_traversal.cql,measured,two_call_baseline,0,1.181375,1,TRUE,TRUE
paper-25803-topk-1-depth-1,baseline_vector_search.cql + baseline_traversal.cql,measured,two_call_baseline,0,3.683708,157,TRUE,TRUE
paper-25803-topk-1-depth-2,baseline_vector_search.cql + baseline_traversal.cql,measured,two_call_baseline,0,345.402375,21344,TRUE,TRUE
paper-25803-topk-3-depth-0,baseline_vector_search.cql + baseline_traversal.cql,measured,two_call_baseline,0,1.406250,3,TRUE,TRUE
paper-25803-topk-3-depth-1,baseline_vector_search.cql + baseline_traversal.cql,measured,two_call_baseline,0,4.504250,206,TRUE,TRUE
paper-25803-topk-3-depth-2,baseline_vector_search.cql + baseline_traversal.cql,measured,two_call_baseline,0,420.953750,25438,TRUE,TRUE
paper-25803-topk-5-depth-0,baseline_vector_search.cql + baseline_traversal.cql,measured,two_call_baseline,0,1.550625,5,TRUE,TRUE
paper-25803-topk-5-depth-1,baseline_vector_search.cql + baseline_traversal.cql,measured,two_call_baseline,0,5.366167,257,TRUE,TRUE
paper-25803-topk-5-depth-2,baseline_vector_search.cql + baseline_traversal.cql,measured,two_call_baseline,0,599.937250,35898,TRUE,TRUE
paper-25803-topk-10-depth-0,baseline_vector_search.cql + baseline_traversal.cql,measured,two_call_baseline,0,1.833792,10,TRUE,TRUE
paper-25803-topk-10-depth-1,baseline_vector_search.cql + baseline_traversal.cql,measured,two_call_baseline,0,7.043917,352,TRUE,TRUE
paper-25803-topk-10-depth-2,baseline_vector_search.cql + baseline_traversal.cql,measured,two_call_baseline,0,654.586041,38219,TRUE,TRUE
paper-78856-topk-1-depth-0,baseline_vector_search.cql + baseline_traversal.cql,measured,two_call_baseline,0,1.261459,1,TRUE,TRUE
paper-78856-topk-1-depth-1,baseline_vector_search.cql + baseline_traversal.cql,measured,two_call_baseline,0,1.407583,18,TRUE,TRUE
paper-78856-topk-1-depth-2,baseline_vector_search.cql + baseline_traversal.cql,measured,two_call_baseline,0,285.958834,17749,TRUE,TRUE
paper-78856-topk-3-depth-0,baseline_vector_search.cql + baseline_traversal.cql,measured,two_call_baseline,0,1.313250,3,TRUE,TRUE
paper-78856-topk-3-depth-1,baseline_vector_search.cql + baseline_traversal.cql,measured,two_call_baseline,0,2.542458,78,TRUE,TRUE
paper-78856-topk-3-depth-2,baseline_vector_search.cql + baseline_traversal.cql,measured,two_call_baseline,0,389.474417,23443,TRUE,TRUE
paper-78856-topk-5-depth-0,baseline_vector_search.cql + baseline_traversal.cql,measured,two_call_baseline,0,1.490458,5,TRUE,TRUE
paper-78856-topk-5-depth-1,baseline_vector_search.cql + baseline_traversal.cql,measured,two_call_baseline,0,13.875750,823,TRUE,TRUE
paper-78856-topk-5-depth-2,baseline_vector_search.cql + baseline_traversal.cql,measured,two_call_baseline,0,495.179917,29271,TRUE,TRUE
paper-78856-topk-10-depth-0,baseline_vector_search.cql + baseline_traversal.cql,measured,two_call_baseline,0,1.694792,10,TRUE,TRUE
paper-78856-topk-10-depth-1,baseline_vector_search.cql + baseline_traversal.cql,measured,two_call_baseline,0,15.760667,906,TRUE,TRUE
paper-78856-topk-10-depth-2,baseline_vector_search.cql + baseline_traversal.cql,measured,two_call_baseline,0,636.793958,36850,TRUE,TRUE
paper-93917-topk-1-depth-0,baseline_vector_search.cql + baseline_traversal.cql,measured,two_call_baseline,0,1.311167,1,TRUE,TRUE
paper-93917-topk-1-depth-1,baseline_vector_search.cql + baseline_traversal.cql,measured,two_call_baseline,0,1.312958,8,TRUE,TRUE
paper-93917-topk-1-depth-2,baseline_vector_search.cql + baseline_traversal.cql,measured,two_call_baseline,0,2.200208,65,TRUE,TRUE
paper-93917-topk-3-depth-0,baseline_vector_search.cql + baseline_traversal.cql,measured,two_call_baseline,0,1.273209,3,TRUE,TRUE
paper-93917-topk-3-depth-1,baseline_vector_search.cql + baseline_traversal.cql,measured,two_call_baseline,0,1.992209,52,TRUE,TRUE
paper-93917-topk-3-depth-2,baseline_vector_search.cql + baseline_traversal.cql,measured,two_call_baseline,0,10.945750,638,TRUE,TRUE
paper-93917-topk-5-depth-0,baseline_vector_search.cql + baseline_traversal.cql,measured,two_call_baseline,0,1.469333,5,TRUE,TRUE
paper-93917-topk-5-depth-1,baseline_vector_search.cql + baseline_traversal.cql,measured,two_call_baseline,0,1.680416,21,TRUE,TRUE
paper-93917-topk-5-depth-2,baseline_vector_search.cql + baseline_traversal.cql,measured,two_call_baseline,0,5.635916,277,TRUE,TRUE
paper-93917-topk-10-depth-0,baseline_vector_search.cql + baseline_traversal.cql,measured,two_call_baseline,0,1.807750,10,TRUE,TRUE
paper-93917-topk-10-depth-1,baseline_vector_search.cql + baseline_traversal.cql,measured,two_call_baseline,0,3.618083,114,TRUE,TRUE
paper-93917-topk-10-depth-2,baseline_vector_search.cql + baseline_traversal.cql,measured,two_call_baseline,0,31.117625,1916,TRUE,TRUE
paper-169218-topk-1-depth-0,baseline_vector_search.cql + baseline_traversal.cql,measured,two_call_baseline,0,1.211750,1,TRUE,TRUE
paper-169218-topk-1-depth-1,baseline_vector_search.cql + baseline_traversal.cql,measured,two_call_baseline,0,1.625500,34,TRUE,TRUE
paper-169218-topk-1-depth-2,baseline_vector_search.cql + baseline_traversal.cql,measured,two_call_baseline,0,92.381167,5810,TRUE,TRUE
paper-169218-topk-3-depth-0,baseline_vector_search.cql + baseline_traversal.cql,measured,two_call_baseline,0,1.284709,3,TRUE,TRUE
paper-169218-topk-3-depth-1,baseline_vector_search.cql + baseline_traversal.cql,measured,two_call_baseline,0,2.161584,60,TRUE,TRUE
paper-169218-topk-3-depth-2,baseline_vector_search.cql + baseline_traversal.cql,measured,two_call_baseline,0,334.785417,20827,TRUE,TRUE
paper-169218-topk-5-depth-0,baseline_vector_search.cql + baseline_traversal.cql,measured,two_call_baseline,0,1.459125,5,TRUE,TRUE
paper-169218-topk-5-depth-1,baseline_vector_search.cql + baseline_traversal.cql,measured,two_call_baseline,0,2.624166,80,TRUE,TRUE
paper-169218-topk-5-depth-2,baseline_vector_search.cql + baseline_traversal.cql,measured,two_call_baseline,0,336.926041,20911,TRUE,TRUE
paper-169218-topk-10-depth-0,baseline_vector_search.cql + baseline_traversal.cql,measured,two_call_baseline,0,1.775583,10,TRUE,TRUE
paper-169218-topk-10-depth-1,baseline_vector_search.cql + baseline_traversal.cql,measured,two_call_baseline,0,3.847041,139,TRUE,TRUE
paper-169218-topk-10-depth-2,baseline_vector_search.cql + baseline_traversal.cql,measured,two_call_baseline,0,426.379167,25913,TRUE,TRUE
paper-17172-topk-1-depth-0,baseline_vector_search.cql + baseline_traversal.cql,measured,two_call_baseline,0,1.253000,1,TRUE,TRUE
paper-17172-topk-1-depth-1,baseline_vector_search.cql + baseline_traversal.cql,measured,two_call_baseline,0,1.190584,2,TRUE,TRUE
paper-17172-topk-1-depth-2,baseline_vector_search.cql + baseline_traversal.cql,measured,two_call_baseline,0,1.170167,4,TRUE,TRUE
paper-17172-topk-3-depth-0,baseline_vector_search.cql + baseline_traversal.cql,measured,two_call_baseline,0,1.291208,3,TRUE,TRUE
paper-17172-topk-3-depth-1,baseline_vector_search.cql + baseline_traversal.cql,measured,two_call_baseline,0,1.499417,13,TRUE,TRUE
paper-17172-topk-3-depth-2,baseline_vector_search.cql + baseline_traversal.cql,measured,two_call_baseline,0,36.851542,2303,TRUE,TRUE
paper-17172-topk-5-depth-0,baseline_vector_search.cql + baseline_traversal.cql,measured,two_call_baseline,0,1.559667,5,TRUE,TRUE
paper-17172-topk-5-depth-1,baseline_vector_search.cql + baseline_traversal.cql,measured,two_call_baseline,0,2.497667,69,TRUE,TRUE
paper-17172-topk-5-depth-2,baseline_vector_search.cql + baseline_traversal.cql,measured,two_call_baseline,0,436.188750,26904,TRUE,TRUE
paper-17172-topk-10-depth-0,baseline_vector_search.cql + baseline_traversal.cql,measured,two_call_baseline,0,1.933958,10,TRUE,TRUE
paper-17172-topk-10-depth-1,baseline_vector_search.cql + baseline_traversal.cql,measured,two_call_baseline,0,3.726917,120,TRUE,TRUE
paper-17172-topk-10-depth-2,baseline_vector_search.cql + baseline_traversal.cql,measured,two_call_baseline,0,548.891458,32787,TRUE,TRUE
paper-130663-topk-1-depth-0,baseline_vector_search.cql + baseline_traversal.cql,measured,two_call_baseline,0,1.260500,1,TRUE,TRUE
paper-130663-topk-1-depth-1,baseline_vector_search.cql + baseline_traversal.cql,measured,two_call_baseline,0,1.436209,17,TRUE,TRUE
paper-130663-topk-1-depth-2,baseline_vector_search.cql + baseline_traversal.cql,measured,two_call_baseline,0,297.873292,18570,TRUE,TRUE
paper-130663-topk-3-depth-0,baseline_vector_search.cql + baseline_traversal.cql,measured,two_call_baseline,0,1.587500,3,TRUE,TRUE
paper-130663-topk-3-depth-1,baseline_vector_search.cql + baseline_traversal.cql,measured,two_call_baseline,0,2.390167,65,TRUE,TRUE
paper-130663-topk-3-depth-2,baseline_vector_search.cql + baseline_traversal.cql,measured,two_call_baseline,0,485.365625,30088,TRUE,TRUE
paper-130663-topk-5-depth-0,baseline_vector_search.cql + baseline_traversal.cql,measured,two_call_baseline,0,1.465584,5,TRUE,TRUE
paper-130663-topk-5-depth-1,baseline_vector_search.cql + baseline_traversal.cql,measured,two_call_baseline,0,3.071375,113,TRUE,TRUE
paper-130663-topk-5-depth-2,baseline_vector_search.cql + baseline_traversal.cql,measured,two_call_baseline,0,505.168417,30817,TRUE,TRUE
paper-130663-topk-10-depth-0,baseline_vector_search.cql + baseline_traversal.cql,measured,two_call_baseline,0,1.743541,10,TRUE,TRUE
paper-130663-topk-10-depth-1,baseline_vector_search.cql + baseline_traversal.cql,measured,two_call_baseline,0,5.354458,238,TRUE,TRUE
paper-130663-topk-10-depth-2,baseline_vector_search.cql + baseline_traversal.cql,measured,two_call_baseline,0,626.836625,37755,TRUE,TRUE
paper-155988-topk-1-depth-0,baseline_vector_search.cql + baseline_traversal.cql,measured,two_call_baseline,0,1.255500,1,TRUE,TRUE
paper-155988-topk-1-depth-1,baseline_vector_search.cql + baseline_traversal.cql,measured,two_call_baseline,0,1.304583,3,TRUE,TRUE
paper-155988-topk-1-depth-2,baseline_vector_search.cql + baseline_traversal.cql,measured,two_call_baseline,0,1.349542,13,TRUE,TRUE
paper-155988-topk-3-depth-0,baseline_vector_search.cql + baseline_traversal.cql,measured,two_call_baseline,0,1.334084,3,TRUE,TRUE
paper-155988-topk-3-depth-1,baseline_vector_search.cql + baseline_traversal.cql,measured,two_call_baseline,0,1.376375,9,TRUE,TRUE
paper-155988-topk-3-depth-2,baseline_vector_search.cql + baseline_traversal.cql,measured,two_call_baseline,0,2.550208,85,TRUE,TRUE
paper-155988-topk-5-depth-0,baseline_vector_search.cql + baseline_traversal.cql,measured,two_call_baseline,0,1.651125,5,TRUE,TRUE
paper-155988-topk-5-depth-1,baseline_vector_search.cql + baseline_traversal.cql,measured,two_call_baseline,0,2.222833,18,TRUE,TRUE
paper-155988-topk-5-depth-2,baseline_vector_search.cql + baseline_traversal.cql,measured,two_call_baseline,0,3.013333,102,TRUE,TRUE
paper-155988-topk-10-depth-0,baseline_vector_search.cql + baseline_traversal.cql,measured,two_call_baseline,0,1.890042,10,TRUE,TRUE
paper-155988-topk-10-depth-1,baseline_vector_search.cql + baseline_traversal.cql,measured,two_call_baseline,0,2.462042,42,TRUE,TRUE
paper-155988-topk-10-depth-2,baseline_vector_search.cql + baseline_traversal.cql,measured,two_call_baseline,0,4.659375,183,TRUE,TRUE
paper-130205-topk-1-depth-0,baseline_vector_search.cql + baseline_traversal.cql,measured,two_call_baseline,0,1.209417,1,TRUE,TRUE
paper-130205-topk-1-depth-1,baseline_vector_search.cql + baseline_traversal.cql,measured,two_call_baseline,0,1.522625,26,TRUE,TRUE
paper-130205-topk-1-depth-2,baseline_vector_search.cql + baseline_traversal.cql,measured,two_call_baseline,0,352.711167,22092,TRUE,TRUE
paper-130205-topk-3-depth-0,baseline_vector_search.cql + baseline_traversal.cql,measured,two_call_baseline,0,1.993417,3,TRUE,TRUE
paper-130205-topk-3-depth-1,baseline_vector_search.cql + baseline_traversal.cql,measured,two_call_baseline,0,2.130583,53,TRUE,TRUE
paper-130205-topk-3-depth-2,baseline_vector_search.cql + baseline_traversal.cql,measured,two_call_baseline,0,435.760459,27021,TRUE,TRUE
paper-130205-topk-5-depth-0,baseline_vector_search.cql + baseline_traversal.cql,measured,two_call_baseline,0,1.534458,5,TRUE,TRUE
paper-130205-topk-5-depth-1,baseline_vector_search.cql + baseline_traversal.cql,measured,two_call_baseline,0,3.454875,100,TRUE,TRUE
paper-130205-topk-5-depth-2,baseline_vector_search.cql + baseline_traversal.cql,measured,two_call_baseline,0,463.000792,28478,TRUE,TRUE
paper-130205-topk-10-depth-0,baseline_vector_search.cql + baseline_traversal.cql,measured,two_call_baseline,0,1.895584,10,TRUE,TRUE
paper-130205-topk-10-depth-1,baseline_vector_search.cql + baseline_traversal.cql,measured,two_call_baseline,0,4.898292,205,TRUE,TRUE
paper-130205-topk-10-depth-2,baseline_vector_search.cql + baseline_traversal.cql,measured,two_call_baseline,0,622.409625,37192,TRUE,TRUE
paper-52449-topk-1-depth-0,baseline_vector_search.cql + baseline_traversal.cql,measured,two_call_baseline,0,1.186500,1,TRUE,TRUE
paper-52449-topk-1-depth-1,baseline_vector_search.cql + baseline_traversal.cql,measured,two_call_baseline,0,1.457625,18,TRUE,TRUE
paper-52449-topk-1-depth-2,baseline_vector_search.cql + baseline_traversal.cql,measured,two_call_baseline,0,10.982500,647,TRUE,TRUE
paper-52449-topk-3-depth-0,baseline_vector_search.cql + baseline_traversal.cql,measured,two_call_baseline,0,1.389833,3,TRUE,TRUE
paper-52449-topk-3-depth-1,baseline_vector_search.cql + baseline_traversal.cql,measured,two_call_baseline,0,1.941750,44,TRUE,TRUE
paper-52449-topk-3-depth-2,baseline_vector_search.cql + baseline_traversal.cql,measured,two_call_baseline,0,16.899625,993,TRUE,TRUE
paper-52449-topk-5-depth-0,baseline_vector_search.cql + baseline_traversal.cql,measured,two_call_baseline,0,1.538750,5,TRUE,TRUE
paper-52449-topk-5-depth-1,baseline_vector_search.cql + baseline_traversal.cql,measured,two_call_baseline,0,2.247958,55,TRUE,TRUE
paper-52449-topk-5-depth-2,baseline_vector_search.cql + baseline_traversal.cql,measured,two_call_baseline,0,18.171792,1048,TRUE,TRUE
paper-52449-topk-10-depth-0,baseline_vector_search.cql + baseline_traversal.cql,measured,two_call_baseline,0,1.803625,10,TRUE,TRUE
paper-52449-topk-10-depth-1,baseline_vector_search.cql + baseline_traversal.cql,measured,two_call_baseline,0,3.198542,97,TRUE,TRUE
paper-52449-topk-10-depth-2,baseline_vector_search.cql + baseline_traversal.cql,measured,two_call_baseline,0,26.735000,1543,TRUE,TRUE
paper-69405-topk-1-depth-0,baseline_vector_search.cql + baseline_traversal.cql,measured,two_call_baseline,0,1.187375,1,TRUE,TRUE
paper-69405-topk-1-depth-1,baseline_vector_search.cql + baseline_traversal.cql,measured,two_call_baseline,0,1.138625,3,TRUE,TRUE
paper-69405-topk-1-depth-2,baseline_vector_search.cql + baseline_traversal.cql,measured,two_call_baseline,0,1.397208,20,TRUE,TRUE
paper-69405-topk-3-depth-0,baseline_vector_search.cql + baseline_traversal.cql,measured,two_call_baseline,0,1.258916,3,TRUE,TRUE
paper-69405-topk-3-depth-1,baseline_vector_search.cql + baseline_traversal.cql,measured,two_call_baseline,0,1.707084,12,TRUE,TRUE
paper-69405-topk-3-depth-2,baseline_vector_search.cql + baseline_traversal.cql,measured,two_call_baseline,0,18.543709,1120,TRUE,TRUE
paper-69405-topk-5-depth-0,baseline_vector_search.cql + baseline_traversal.cql,measured,two_call_baseline,0,1.504167,5,TRUE,TRUE
paper-69405-topk-5-depth-1,baseline_vector_search.cql + baseline_traversal.cql,measured,two_call_baseline,0,2.018417,42,TRUE,TRUE
paper-69405-topk-5-depth-2,baseline_vector_search.cql + baseline_traversal.cql,measured,two_call_baseline,0,268.580083,16828,TRUE,TRUE
paper-69405-topk-10-depth-0,baseline_vector_search.cql + baseline_traversal.cql,measured,two_call_baseline,0,1.794291,10,TRUE,TRUE
paper-69405-topk-10-depth-1,baseline_vector_search.cql + baseline_traversal.cql,measured,two_call_baseline,0,3.002375,93,TRUE,TRUE
paper-69405-topk-10-depth-2,baseline_vector_search.cql + baseline_traversal.cql,measured,two_call_baseline,0,461.465417,28541,TRUE,TRUE
paper-87065-topk-1-depth-0,baseline_vector_search.cql + baseline_traversal.cql,measured,two_call_baseline,0,1.284958,1,TRUE,TRUE
paper-87065-topk-1-depth-1,baseline_vector_search.cql + baseline_traversal.cql,measured,two_call_baseline,0,2.292916,5,TRUE,TRUE
paper-87065-topk-1-depth-2,baseline_vector_search.cql + baseline_traversal.cql,measured,two_call_baseline,0,1.585833,31,TRUE,TRUE
paper-87065-topk-3-depth-0,baseline_vector_search.cql + baseline_traversal.cql,measured,two_call_baseline,0,1.331291,3,TRUE,TRUE
paper-87065-topk-3-depth-1,baseline_vector_search.cql + baseline_traversal.cql,measured,two_call_baseline,0,1.524583,19,TRUE,TRUE
paper-87065-topk-3-depth-2,baseline_vector_search.cql + baseline_traversal.cql,measured,two_call_baseline,0,2.672041,85,TRUE,TRUE
paper-87065-topk-5-depth-0,baseline_vector_search.cql + baseline_traversal.cql,measured,two_call_baseline,0,1.413917,5,TRUE,TRUE
paper-87065-topk-5-depth-1,baseline_vector_search.cql + baseline_traversal.cql,measured,two_call_baseline,0,2.030250,39,TRUE,TRUE
paper-87065-topk-5-depth-2,baseline_vector_search.cql + baseline_traversal.cql,measured,two_call_baseline,0,4.395625,191,TRUE,TRUE
paper-87065-topk-10-depth-0,baseline_vector_search.cql + baseline_traversal.cql,measured,two_call_baseline,0,1.763542,10,TRUE,TRUE
paper-87065-topk-10-depth-1,baseline_vector_search.cql + baseline_traversal.cql,measured,two_call_baseline,0,3.171125,95,TRUE,TRUE
paper-87065-topk-10-depth-2,baseline_vector_search.cql + baseline_traversal.cql,measured,two_call_baseline,0,11.566042,582,TRUE,TRUE
paper-114998-topk-1-depth-0,baseline_vector_search.cql + baseline_traversal.cql,measured,two_call_baseline,0,1.389792,1,TRUE,TRUE
paper-114998-topk-1-depth-1,baseline_vector_search.cql + baseline_traversal.cql,measured,two_call_baseline,0,1.709333,4,TRUE,TRUE
paper-114998-topk-1-depth-2,baseline_vector_search.cql + baseline_traversal.cql,measured,two_call_baseline,0,1.545708,23,TRUE,TRUE
paper-114998-topk-3-depth-0,baseline_vector_search.cql + baseline_traversal.cql,measured,two_call_baseline,0,1.230209,3,TRUE,TRUE
paper-114998-topk-3-depth-1,baseline_vector_search.cql + baseline_traversal.cql,measured,two_call_baseline,0,1.947208,27,TRUE,TRUE
paper-114998-topk-3-depth-2,baseline_vector_search.cql + baseline_traversal.cql,measured,two_call_baseline,0,12.880292,737,TRUE,TRUE
paper-114998-topk-5-depth-0,baseline_vector_search.cql + baseline_traversal.cql,measured,two_call_baseline,0,1.585583,5,TRUE,TRUE
paper-114998-topk-5-depth-1,baseline_vector_search.cql + baseline_traversal.cql,measured,two_call_baseline,0,2.453500,35,TRUE,TRUE
paper-114998-topk-5-depth-2,baseline_vector_search.cql + baseline_traversal.cql,measured,two_call_baseline,0,30.146208,1874,TRUE,TRUE
paper-114998-topk-10-depth-0,baseline_vector_search.cql + baseline_traversal.cql,measured,two_call_baseline,0,1.867250,10,TRUE,TRUE
paper-114998-topk-10-depth-1,baseline_vector_search.cql + baseline_traversal.cql,measured,two_call_baseline,0,3.226833,98,TRUE,TRUE
paper-114998-topk-10-depth-2,baseline_vector_search.cql + baseline_traversal.cql,measured,two_call_baseline,0,494.655167,30408,TRUE,TRUE
paper-24877-topk-1-depth-0,baseline_vector_search.cql + baseline_traversal.cql,measured,two_call_baseline,0,1.213083,1,TRUE,TRUE
paper-24877-topk-1-depth-1,baseline_vector_search.cql + baseline_traversal.cql,measured,two_call_baseline,0,1.455708,22,TRUE,TRUE
paper-24877-topk-1-depth-2,baseline_vector_search.cql + baseline_traversal.cql,measured,two_call_baseline,0,5.468500,283,TRUE,TRUE
paper-24877-topk-3-depth-0,baseline_vector_search.cql + baseline_traversal.cql,measured,two_call_baseline,0,1.308209,3,TRUE,TRUE
paper-24877-topk-3-depth-1,baseline_vector_search.cql + baseline_traversal.cql,measured,two_call_baseline,0,1.770584,35,TRUE,TRUE
paper-24877-topk-3-depth-2,baseline_vector_search.cql + baseline_traversal.cql,measured,two_call_baseline,0,6.531417,340,TRUE,TRUE
paper-24877-topk-5-depth-0,baseline_vector_search.cql + baseline_traversal.cql,measured,two_call_baseline,0,1.547042,5,TRUE,TRUE
paper-24877-topk-5-depth-1,baseline_vector_search.cql + baseline_traversal.cql,measured,two_call_baseline,0,2.124500,51,TRUE,TRUE
paper-24877-topk-5-depth-2,baseline_vector_search.cql + baseline_traversal.cql,measured,two_call_baseline,0,9.696334,545,TRUE,TRUE
paper-24877-topk-10-depth-0,baseline_vector_search.cql + baseline_traversal.cql,measured,two_call_baseline,0,1.868500,10,TRUE,TRUE
paper-24877-topk-10-depth-1,baseline_vector_search.cql + baseline_traversal.cql,measured,two_call_baseline,0,3.113166,93,TRUE,TRUE
paper-24877-topk-10-depth-2,baseline_vector_search.cql + baseline_traversal.cql,measured,two_call_baseline,0,24.573125,1502,TRUE,TRUE
paper-60491-topk-1-depth-0,baseline_vector_search.cql + baseline_traversal.cql,measured,two_call_baseline,0,1.210375,1,TRUE,TRUE
paper-60491-topk-1-depth-1,baseline_vector_search.cql + baseline_traversal.cql,measured,two_call_baseline,0,1.439084,20,TRUE,TRUE
paper-60491-topk-1-depth-2,baseline_vector_search.cql + baseline_traversal.cql,measured,two_call_baseline,0,181.106417,11501,TRUE,TRUE
paper-60491-topk-3-depth-0,baseline_vector_search.cql + baseline_traversal.cql,measured,two_call_baseline,0,1.521125,3,TRUE,TRUE
paper-60491-topk-3-depth-1,baseline_vector_search.cql + baseline_traversal.cql,measured,two_call_baseline,0,1.768000,32,TRUE,TRUE
paper-60491-topk-3-depth-2,baseline_vector_search.cql + baseline_traversal.cql,measured,two_call_baseline,0,237.866791,14988,TRUE,TRUE
paper-60491-topk-5-depth-0,baseline_vector_search.cql + baseline_traversal.cql,measured,two_call_baseline,0,1.960375,5,TRUE,TRUE
paper-60491-topk-5-depth-1,baseline_vector_search.cql + baseline_traversal.cql,measured,two_call_baseline,0,2.170583,50,TRUE,TRUE
paper-60491-topk-5-depth-2,baseline_vector_search.cql + baseline_traversal.cql,measured,two_call_baseline,0,394.434125,24676,TRUE,TRUE
paper-60491-topk-10-depth-0,baseline_vector_search.cql + baseline_traversal.cql,measured,two_call_baseline,0,1.951750,10,TRUE,TRUE
paper-60491-topk-10-depth-1,baseline_vector_search.cql + baseline_traversal.cql,measured,two_call_baseline,0,3.816625,124,TRUE,TRUE
paper-60491-topk-10-depth-2,baseline_vector_search.cql + baseline_traversal.cql,measured,two_call_baseline,0,587.935375,35601,TRUE,TRUE
paper-19665-topk-1-depth-0,baseline_vector_search.cql + baseline_traversal.cql,measured,two_call_baseline,0,1.142791,1,TRUE,TRUE
paper-19665-topk-1-depth-1,baseline_vector_search.cql + baseline_traversal.cql,measured,two_call_baseline,0,1.366584,12,TRUE,TRUE
paper-19665-topk-1-depth-2,baseline_vector_search.cql + baseline_traversal.cql,measured,two_call_baseline,0,2.297500,73,TRUE,TRUE
paper-19665-topk-3-depth-0,baseline_vector_search.cql + baseline_traversal.cql,measured,two_call_baseline,0,1.331791,3,TRUE,TRUE
paper-19665-topk-3-depth-1,baseline_vector_search.cql + baseline_traversal.cql,measured,two_call_baseline,0,1.571417,16,TRUE,TRUE
paper-19665-topk-3-depth-2,baseline_vector_search.cql + baseline_traversal.cql,measured,two_call_baseline,0,213.672375,13561,TRUE,TRUE
paper-19665-topk-5-depth-0,baseline_vector_search.cql + baseline_traversal.cql,measured,two_call_baseline,0,1.563000,5,TRUE,TRUE
paper-19665-topk-5-depth-1,baseline_vector_search.cql + baseline_traversal.cql,measured,two_call_baseline,0,2.496250,40,TRUE,TRUE
paper-19665-topk-5-depth-2,baseline_vector_search.cql + baseline_traversal.cql,measured,two_call_baseline,0,216.856917,13777,TRUE,TRUE
paper-19665-topk-10-depth-0,baseline_vector_search.cql + baseline_traversal.cql,measured,two_call_baseline,0,1.802250,10,TRUE,TRUE
paper-19665-topk-10-depth-1,baseline_vector_search.cql + baseline_traversal.cql,measured,two_call_baseline,0,2.991792,90,TRUE,TRUE
paper-19665-topk-10-depth-2,baseline_vector_search.cql + baseline_traversal.cql,measured,two_call_baseline,0,251.610625,15827,TRUE,TRUE
paper-95095-topk-1-depth-0,baseline_vector_search.cql + baseline_traversal.cql,measured,two_call_baseline,0,1.235250,1,TRUE,TRUE
paper-95095-topk-1-depth-1,baseline_vector_search.cql + baseline_traversal.cql,measured,two_call_baseline,0,1.377292,15,TRUE,TRUE
paper-95095-topk-1-depth-2,baseline_vector_search.cql + baseline_traversal.cql,measured,two_call_baseline,0,120.930791,7655,TRUE,TRUE
paper-95095-topk-3-depth-0,baseline_vector_search.cql + baseline_traversal.cql,measured,two_call_baseline,0,1.411000,3,TRUE,TRUE
paper-95095-topk-3-depth-1,baseline_vector_search.cql + baseline_traversal.cql,measured,two_call_baseline,0,2.025958,48,TRUE,TRUE
paper-95095-topk-3-depth-2,baseline_vector_search.cql + baseline_traversal.cql,measured,two_call_baseline,0,438.369292,27378,TRUE,TRUE
paper-95095-topk-5-depth-0,baseline_vector_search.cql + baseline_traversal.cql,measured,two_call_baseline,0,1.517583,5,TRUE,TRUE
paper-95095-topk-5-depth-1,baseline_vector_search.cql + baseline_traversal.cql,measured,two_call_baseline,0,2.414708,68,TRUE,TRUE
paper-95095-topk-5-depth-2,baseline_vector_search.cql + baseline_traversal.cql,measured,two_call_baseline,0,462.090791,28635,TRUE,TRUE
paper-95095-topk-10-depth-0,baseline_vector_search.cql + baseline_traversal.cql,measured,two_call_baseline,0,1.843833,10,TRUE,TRUE
paper-95095-topk-10-depth-1,baseline_vector_search.cql + baseline_traversal.cql,measured,two_call_baseline,0,3.344125,111,TRUE,TRUE
paper-95095-topk-10-depth-2,baseline_vector_search.cql + baseline_traversal.cql,measured,two_call_baseline,0,582.303917,34992,TRUE,TRUE
paper-76770-topk-1-depth-0,baseline_vector_search.cql + baseline_traversal.cql,measured,two_call_baseline,0,1.441625,1,TRUE,TRUE
paper-76770-topk-1-depth-1,baseline_vector_search.cql + baseline_traversal.cql,measured,two_call_baseline,0,2.124167,21,TRUE,TRUE
paper-76770-topk-1-depth-2,baseline_vector_search.cql + baseline_traversal.cql,measured,two_call_baseline,0,172.121500,10808,TRUE,TRUE
paper-76770-topk-3-depth-0,baseline_vector_search.cql + baseline_traversal.cql,measured,two_call_baseline,0,1.464708,3,TRUE,TRUE
paper-76770-topk-3-depth-1,baseline_vector_search.cql + baseline_traversal.cql,measured,two_call_baseline,0,2.136792,50,TRUE,TRUE
paper-76770-topk-3-depth-2,baseline_vector_search.cql + baseline_traversal.cql,measured,two_call_baseline,0,354.323833,22133,TRUE,TRUE
paper-76770-topk-5-depth-0,baseline_vector_search.cql + baseline_traversal.cql,measured,two_call_baseline,0,1.523166,5,TRUE,TRUE
paper-76770-topk-5-depth-1,baseline_vector_search.cql + baseline_traversal.cql,measured,two_call_baseline,0,2.569750,80,TRUE,TRUE
paper-76770-topk-5-depth-2,baseline_vector_search.cql + baseline_traversal.cql,measured,two_call_baseline,0,378.512166,23059,TRUE,TRUE
paper-76770-topk-10-depth-0,baseline_vector_search.cql + baseline_traversal.cql,measured,two_call_baseline,0,1.921333,10,TRUE,TRUE
paper-76770-topk-10-depth-1,baseline_vector_search.cql + baseline_traversal.cql,measured,two_call_baseline,0,6.141708,286,TRUE,TRUE
paper-76770-topk-10-depth-2,baseline_vector_search.cql + baseline_traversal.cql,measured,two_call_baseline,0,522.502083,31059,TRUE,TRUE
paper-19664-topk-1-depth-0,baseline_vector_search.cql + baseline_traversal.cql,measured,two_call_baseline,0,1.253084,1,TRUE,TRUE
paper-19664-topk-1-depth-1,baseline_vector_search.cql + baseline_traversal.cql,measured,two_call_baseline,0,1.327334,14,TRUE,TRUE
paper-19664-topk-1-depth-2,baseline_vector_search.cql + baseline_traversal.cql,measured,two_call_baseline,0,12.453458,747,TRUE,TRUE
paper-19664-topk-3-depth-0,baseline_vector_search.cql + baseline_traversal.cql,measured,two_call_baseline,0,1.377792,3,TRUE,TRUE
paper-19664-topk-3-depth-1,baseline_vector_search.cql + baseline_traversal.cql,measured,two_call_baseline,0,1.672750,27,TRUE,TRUE
paper-19664-topk-3-depth-2,baseline_vector_search.cql + baseline_traversal.cql,measured,two_call_baseline,0,38.556834,2388,TRUE,TRUE
paper-19664-topk-5-depth-0,baseline_vector_search.cql + baseline_traversal.cql,measured,two_call_baseline,0,1.593458,5,TRUE,TRUE
paper-19664-topk-5-depth-1,baseline_vector_search.cql + baseline_traversal.cql,measured,two_call_baseline,0,2.944875,97,TRUE,TRUE
paper-19664-topk-5-depth-2,baseline_vector_search.cql + baseline_traversal.cql,measured,two_call_baseline,0,55.218542,3434,TRUE,TRUE
paper-19664-topk-10-depth-0,baseline_vector_search.cql + baseline_traversal.cql,measured,two_call_baseline,0,1.844625,10,TRUE,TRUE
paper-19664-topk-10-depth-1,baseline_vector_search.cql + baseline_traversal.cql,measured,two_call_baseline,0,3.871417,141,TRUE,TRUE
paper-19664-topk-10-depth-2,baseline_vector_search.cql + baseline_traversal.cql,measured,two_call_baseline,0,74.313958,4591,TRUE,TRUE
paper-47541-topk-1-depth-0,baseline_vector_search.cql + baseline_traversal.cql,measured,two_call_baseline,0,1.198292,1,TRUE,TRUE
paper-47541-topk-1-depth-1,baseline_vector_search.cql + baseline_traversal.cql,measured,two_call_baseline,0,1.324833,12,TRUE,TRUE
paper-47541-topk-1-depth-2,baseline_vector_search.cql + baseline_traversal.cql,measured,two_call_baseline,0,279.009208,17514,TRUE,TRUE
paper-47541-topk-3-depth-0,baseline_vector_search.cql + baseline_traversal.cql,measured,two_call_baseline,0,1.301000,3,TRUE,TRUE
paper-47541-topk-3-depth-1,baseline_vector_search.cql + baseline_traversal.cql,measured,two_call_baseline,0,1.837459,40,TRUE,TRUE
paper-47541-topk-3-depth-2,baseline_vector_search.cql + baseline_traversal.cql,measured,two_call_baseline,0,322.713666,20047,TRUE,TRUE
paper-47541-topk-5-depth-0,baseline_vector_search.cql + baseline_traversal.cql,measured,two_call_baseline,0,1.381417,5,TRUE,TRUE
paper-47541-topk-5-depth-1,baseline_vector_search.cql + baseline_traversal.cql,measured,two_call_baseline,0,2.438292,70,TRUE,TRUE
paper-47541-topk-5-depth-2,baseline_vector_search.cql + baseline_traversal.cql,measured,two_call_baseline,0,373.551958,23029,TRUE,TRUE
paper-47541-topk-10-depth-0,baseline_vector_search.cql + baseline_traversal.cql,measured,two_call_baseline,0,2.032000,10,TRUE,TRUE
paper-47541-topk-10-depth-1,baseline_vector_search.cql + baseline_traversal.cql,measured,two_call_baseline,0,3.760375,135,TRUE,TRUE
paper-47541-topk-10-depth-2,baseline_vector_search.cql + baseline_traversal.cql,measured,two_call_baseline,0,388.436834,23919,TRUE,TRUE
paper-159444-topk-1-depth-0,baseline_vector_search.cql + baseline_traversal.cql,measured,two_call_baseline,0,1.175083,1,TRUE,TRUE
paper-159444-topk-1-depth-1,baseline_vector_search.cql + baseline_traversal.cql,measured,two_call_baseline,0,1.211292,9,TRUE,TRUE
paper-159444-topk-1-depth-2,baseline_vector_search.cql + baseline_traversal.cql,measured,two_call_baseline,0,1.634708,35,TRUE,TRUE
paper-159444-topk-3-depth-0,baseline_vector_search.cql + baseline_traversal.cql,measured,two_call_baseline,0,1.308209,3,TRUE,TRUE
paper-159444-topk-3-depth-1,baseline_vector_search.cql + baseline_traversal.cql,measured,two_call_baseline,0,1.767792,31,TRUE,TRUE
paper-159444-topk-3-depth-2,baseline_vector_search.cql + baseline_traversal.cql,measured,two_call_baseline,0,6.756292,361,TRUE,TRUE
paper-159444-topk-5-depth-0,baseline_vector_search.cql + baseline_traversal.cql,measured,two_call_baseline,0,1.380458,5,TRUE,TRUE
paper-159444-topk-5-depth-1,baseline_vector_search.cql + baseline_traversal.cql,measured,two_call_baseline,0,2.103084,53,TRUE,TRUE
paper-159444-topk-5-depth-2,baseline_vector_search.cql + baseline_traversal.cql,measured,two_call_baseline,0,8.716208,482,TRUE,TRUE
paper-159444-topk-10-depth-0,baseline_vector_search.cql + baseline_traversal.cql,measured,two_call_baseline,0,2.656792,10,TRUE,TRUE
paper-159444-topk-10-depth-1,baseline_vector_search.cql + baseline_traversal.cql,measured,two_call_baseline,0,3.506458,119,TRUE,TRUE
paper-159444-topk-10-depth-2,baseline_vector_search.cql + baseline_traversal.cql,measured,two_call_baseline,0,387.633375,24095,TRUE,TRUE
paper-25746-topk-1-depth-0,baseline_vector_search.cql + baseline_traversal.cql,measured,two_call_baseline,0,1.294375,1,TRUE,TRUE
paper-25746-topk-1-depth-1,baseline_vector_search.cql + baseline_traversal.cql,measured,two_call_baseline,0,1.251500,4,TRUE,TRUE
paper-25746-topk-1-depth-2,baseline_vector_search.cql + baseline_traversal.cql,measured,two_call_baseline,0,6.376625,335,TRUE,TRUE
paper-25746-topk-3-depth-0,baseline_vector_search.cql + baseline_traversal.cql,measured,two_call_baseline,0,1.391708,3,TRUE,TRUE
paper-25746-topk-3-depth-1,baseline_vector_search.cql + baseline_traversal.cql,measured,two_call_baseline,0,1.979500,43,TRUE,TRUE
paper-25746-topk-3-depth-2,baseline_vector_search.cql + baseline_traversal.cql,measured,two_call_baseline,0,31.441417,1939,TRUE,TRUE
paper-25746-topk-5-depth-0,baseline_vector_search.cql + baseline_traversal.cql,measured,two_call_baseline,0,1.538792,5,TRUE,TRUE
paper-25746-topk-5-depth-1,baseline_vector_search.cql + baseline_traversal.cql,measured,two_call_baseline,0,2.641750,73,TRUE,TRUE
paper-25746-topk-5-depth-2,baseline_vector_search.cql + baseline_traversal.cql,measured,two_call_baseline,0,471.649417,29126,TRUE,TRUE
paper-25746-topk-10-depth-0,baseline_vector_search.cql + baseline_traversal.cql,measured,two_call_baseline,0,1.862500,10,TRUE,TRUE
paper-25746-topk-10-depth-1,baseline_vector_search.cql + baseline_traversal.cql,measured,two_call_baseline,0,5.013792,214,TRUE,TRUE
paper-25746-topk-10-depth-2,baseline_vector_search.cql + baseline_traversal.cql,measured,two_call_baseline,0,608.240208,35591,TRUE,TRUE
paper-130378-topk-1-depth-0,baseline_vector_search.cql + baseline_traversal.cql,measured,two_call_baseline,0,1.240958,1,TRUE,TRUE
paper-130378-topk-1-depth-1,baseline_vector_search.cql + baseline_traversal.cql,measured,two_call_baseline,0,1.504375,20,TRUE,TRUE
paper-130378-topk-1-depth-2,baseline_vector_search.cql + baseline_traversal.cql,measured,two_call_baseline,0,420.687375,26303,TRUE,TRUE
paper-130378-topk-3-depth-0,baseline_vector_search.cql + baseline_traversal.cql,measured,two_call_baseline,0,1.470459,3,TRUE,TRUE
paper-130378-topk-3-depth-1,baseline_vector_search.cql + baseline_traversal.cql,measured,two_call_baseline,0,3.375416,120,TRUE,TRUE
paper-130378-topk-3-depth-2,baseline_vector_search.cql + baseline_traversal.cql,measured,two_call_baseline,0,462.311292,28273,TRUE,TRUE
paper-130378-topk-5-depth-0,baseline_vector_search.cql + baseline_traversal.cql,measured,two_call_baseline,0,1.518042,5,TRUE,TRUE
paper-130378-topk-5-depth-1,baseline_vector_search.cql + baseline_traversal.cql,measured,two_call_baseline,0,4.554208,185,TRUE,TRUE
paper-130378-topk-5-depth-2,baseline_vector_search.cql + baseline_traversal.cql,measured,two_call_baseline,0,511.447375,30947,TRUE,TRUE
paper-130378-topk-10-depth-0,baseline_vector_search.cql + baseline_traversal.cql,measured,two_call_baseline,0,1.751208,10,TRUE,TRUE
paper-130378-topk-10-depth-1,baseline_vector_search.cql + baseline_traversal.cql,measured,two_call_baseline,0,6.869834,312,TRUE,TRUE
paper-130378-topk-10-depth-2,baseline_vector_search.cql + baseline_traversal.cql,measured,two_call_baseline,0,643.603958,36779,TRUE,TRUE
paper-92462-topk-1-depth-0,baseline_vector_search.cql + baseline_traversal.cql,measured,two_call_baseline,0,1.270542,1,TRUE,TRUE
paper-92462-topk-1-depth-1,baseline_vector_search.cql + baseline_traversal.cql,measured,two_call_baseline,0,1.387208,14,TRUE,TRUE
paper-92462-topk-1-depth-2,baseline_vector_search.cql + baseline_traversal.cql,measured,two_call_baseline,0,7.478750,341,TRUE,TRUE
paper-92462-topk-3-depth-0,baseline_vector_search.cql + baseline_traversal.cql,measured,two_call_baseline,0,1.395292,3,TRUE,TRUE
paper-92462-topk-3-depth-1,baseline_vector_search.cql + baseline_traversal.cql,measured,two_call_baseline,0,1.698333,25,TRUE,TRUE
paper-92462-topk-3-depth-2,baseline_vector_search.cql + baseline_traversal.cql,measured,two_call_baseline,0,11.575041,622,TRUE,TRUE
paper-92462-topk-5-depth-0,baseline_vector_search.cql + baseline_traversal.cql,measured,two_call_baseline,0,1.678541,5,TRUE,TRUE
paper-92462-topk-5-depth-1,baseline_vector_search.cql + baseline_traversal.cql,measured,two_call_baseline,0,2.484292,37,TRUE,TRUE
paper-92462-topk-5-depth-2,baseline_vector_search.cql + baseline_traversal.cql,measured,two_call_baseline,0,30.500541,1710,TRUE,TRUE
paper-92462-topk-10-depth-0,baseline_vector_search.cql + baseline_traversal.cql,measured,two_call_baseline,0,1.971000,10,TRUE,TRUE
paper-92462-topk-10-depth-1,baseline_vector_search.cql + baseline_traversal.cql,measured,two_call_baseline,0,4.094167,136,TRUE,TRUE
paper-92462-topk-10-depth-2,baseline_vector_search.cql + baseline_traversal.cql,measured,two_call_baseline,0,100.034708,6230,TRUE,TRUE
paper-15620-topk-1-depth-0,baseline_vector_search.cql + baseline_traversal.cql,measured,two_call_baseline,0,1.193167,1,TRUE,TRUE
paper-15620-topk-1-depth-1,baseline_vector_search.cql + baseline_traversal.cql,measured,two_call_baseline,0,3.388667,29,TRUE,TRUE
paper-15620-topk-1-depth-2,baseline_vector_search.cql + baseline_traversal.cql,measured,two_call_baseline,0,329.419792,20795,TRUE,TRUE
paper-15620-topk-3-depth-0,baseline_vector_search.cql + baseline_traversal.cql,measured,two_call_baseline,0,1.305041,3,TRUE,TRUE
paper-15620-topk-3-depth-1,baseline_vector_search.cql + baseline_traversal.cql,measured,two_call_baseline,0,2.552000,87,TRUE,TRUE
paper-15620-topk-3-depth-2,baseline_vector_search.cql + baseline_traversal.cql,measured,two_call_baseline,0,355.118083,21931,TRUE,TRUE
paper-15620-topk-5-depth-0,baseline_vector_search.cql + baseline_traversal.cql,measured,two_call_baseline,0,1.652625,5,TRUE,TRUE
paper-15620-topk-5-depth-1,baseline_vector_search.cql + baseline_traversal.cql,measured,two_call_baseline,0,3.271708,112,TRUE,TRUE
paper-15620-topk-5-depth-2,baseline_vector_search.cql + baseline_traversal.cql,measured,two_call_baseline,0,363.132959,22237,TRUE,TRUE
paper-15620-topk-10-depth-0,baseline_vector_search.cql + baseline_traversal.cql,measured,two_call_baseline,0,1.633416,10,TRUE,TRUE
paper-15620-topk-10-depth-1,baseline_vector_search.cql + baseline_traversal.cql,measured,two_call_baseline,0,4.923375,172,TRUE,TRUE
paper-15620-topk-10-depth-2,baseline_vector_search.cql + baseline_traversal.cql,measured,two_call_baseline,0,386.334666,23556,TRUE,TRUE
paper-71369-topk-1-depth-0,baseline_vector_search.cql + baseline_traversal.cql,measured,two_call_baseline,0,1.219000,1,TRUE,TRUE
paper-71369-topk-1-depth-1,baseline_vector_search.cql + baseline_traversal.cql,measured,two_call_baseline,0,1.779125,38,TRUE,TRUE
paper-71369-topk-1-depth-2,baseline_vector_search.cql + baseline_traversal.cql,measured,two_call_baseline,0,88.191458,5567,TRUE,TRUE
paper-71369-topk-3-depth-0,baseline_vector_search.cql + baseline_traversal.cql,measured,two_call_baseline,0,1.327750,3,TRUE,TRUE
paper-71369-topk-3-depth-1,baseline_vector_search.cql + baseline_traversal.cql,measured,two_call_baseline,0,2.317709,68,TRUE,TRUE
paper-71369-topk-3-depth-2,baseline_vector_search.cql + baseline_traversal.cql,measured,two_call_baseline,0,99.555791,6284,TRUE,TRUE
paper-71369-topk-5-depth-0,baseline_vector_search.cql + baseline_traversal.cql,measured,two_call_baseline,0,1.474250,5,TRUE,TRUE
paper-71369-topk-5-depth-1,baseline_vector_search.cql + baseline_traversal.cql,measured,two_call_baseline,0,2.543250,72,TRUE,TRUE
paper-71369-topk-5-depth-2,baseline_vector_search.cql + baseline_traversal.cql,measured,two_call_baseline,0,100.333292,6328,TRUE,TRUE
paper-71369-topk-10-depth-0,baseline_vector_search.cql + baseline_traversal.cql,measured,two_call_baseline,0,1.825667,10,TRUE,TRUE
paper-71369-topk-10-depth-1,baseline_vector_search.cql + baseline_traversal.cql,measured,two_call_baseline,0,4.238875,147,TRUE,TRUE
paper-71369-topk-10-depth-2,baseline_vector_search.cql + baseline_traversal.cql,measured,two_call_baseline,0,527.056666,32213,TRUE,TRUE
paper-12327-topk-1-depth-0,baseline_vector_search.cql + baseline_traversal.cql,measured,two_call_baseline,0,1.253791,1,TRUE,TRUE
paper-12327-topk-1-depth-1,baseline_vector_search.cql + baseline_traversal.cql,measured,two_call_baseline,0,1.484000,23,TRUE,TRUE
paper-12327-topk-1-depth-2,baseline_vector_search.cql + baseline_traversal.cql,measured,two_call_baseline,0,259.914042,16349,TRUE,TRUE
paper-12327-topk-3-depth-0,baseline_vector_search.cql + baseline_traversal.cql,measured,two_call_baseline,0,1.406208,3,TRUE,TRUE
paper-12327-topk-3-depth-1,baseline_vector_search.cql + baseline_traversal.cql,measured,two_call_baseline,0,1.948584,36,TRUE,TRUE
paper-12327-topk-3-depth-2,baseline_vector_search.cql + baseline_traversal.cql,measured,two_call_baseline,0,265.230375,16574,TRUE,TRUE
paper-12327-topk-5-depth-0,baseline_vector_search.cql + baseline_traversal.cql,measured,two_call_baseline,0,1.693291,5,TRUE,TRUE
paper-12327-topk-5-depth-1,baseline_vector_search.cql + baseline_traversal.cql,measured,two_call_baseline,0,2.570500,43,TRUE,TRUE
paper-12327-topk-5-depth-2,baseline_vector_search.cql + baseline_traversal.cql,measured,two_call_baseline,0,275.779625,17206,TRUE,TRUE
paper-12327-topk-10-depth-0,baseline_vector_search.cql + baseline_traversal.cql,measured,two_call_baseline,0,1.831916,10,TRUE,TRUE
paper-12327-topk-10-depth-1,baseline_vector_search.cql + baseline_traversal.cql,measured,two_call_baseline,0,2.675709,66,TRUE,TRUE
paper-12327-topk-10-depth-2,baseline_vector_search.cql + baseline_traversal.cql,measured,two_call_baseline,0,287.205875,17706,TRUE,TRUE
paper-155956-topk-1-depth-0,baseline_vector_search.cql + baseline_traversal.cql,measured,two_call_baseline,0,1.254291,1,TRUE,TRUE
paper-155956-topk-1-depth-1,baseline_vector_search.cql + baseline_traversal.cql,measured,two_call_baseline,0,1.262000,3,TRUE,TRUE
paper-155956-topk-1-depth-2,baseline_vector_search.cql + baseline_traversal.cql,measured,two_call_baseline,0,1.588625,27,TRUE,TRUE
paper-155956-topk-3-depth-0,baseline_vector_search.cql + baseline_traversal.cql,measured,two_call_baseline,0,1.377708,3,TRUE,TRUE
paper-155956-topk-3-depth-1,baseline_vector_search.cql + baseline_traversal.cql,measured,two_call_baseline,0,1.388459,9,TRUE,TRUE
paper-155956-topk-3-depth-2,baseline_vector_search.cql + baseline_traversal.cql,measured,two_call_baseline,0,2.021791,50,TRUE,TRUE
paper-155956-topk-5-depth-0,baseline_vector_search.cql + baseline_traversal.cql,measured,two_call_baseline,0,1.448500,5,TRUE,TRUE
paper-155956-topk-5-depth-1,baseline_vector_search.cql + baseline_traversal.cql,measured,two_call_baseline,0,2.271583,19,TRUE,TRUE
paper-155956-topk-5-depth-2,baseline_vector_search.cql + baseline_traversal.cql,measured,two_call_baseline,0,3.318042,122,TRUE,TRUE
paper-155956-topk-10-depth-0,baseline_vector_search.cql + baseline_traversal.cql,measured,two_call_baseline,0,1.769500,10,TRUE,TRUE
paper-155956-topk-10-depth-1,baseline_vector_search.cql + baseline_traversal.cql,measured,two_call_baseline,0,2.545292,58,TRUE,TRUE
paper-155956-topk-10-depth-2,baseline_vector_search.cql + baseline_traversal.cql,measured,two_call_baseline,0,30.063792,1834,TRUE,TRUE
paper-96061-topk-1-depth-0,baseline_vector_search.cql + baseline_traversal.cql,measured,two_call_baseline,0,1.194084,1,TRUE,TRUE
paper-96061-topk-1-depth-1,baseline_vector_search.cql + baseline_traversal.cql,measured,two_call_baseline,0,1.253584,9,TRUE,TRUE
paper-96061-topk-1-depth-2,baseline_vector_search.cql + baseline_traversal.cql,measured,two_call_baseline,0,35.832458,2232,TRUE,TRUE
paper-96061-topk-3-depth-0,baseline_vector_search.cql + baseline_traversal.cql,measured,two_call_baseline,0,1.365833,3,TRUE,TRUE
paper-96061-topk-3-depth-1,baseline_vector_search.cql + baseline_traversal.cql,measured,two_call_baseline,0,1.979500,45,TRUE,TRUE
paper-96061-topk-3-depth-2,baseline_vector_search.cql + baseline_traversal.cql,measured,two_call_baseline,0,251.827458,15687,TRUE,TRUE
paper-96061-topk-5-depth-0,baseline_vector_search.cql + baseline_traversal.cql,measured,two_call_baseline,0,1.497708,5,TRUE,TRUE
paper-96061-topk-5-depth-1,baseline_vector_search.cql + baseline_traversal.cql,measured,two_call_baseline,0,2.526041,69,TRUE,TRUE
paper-96061-topk-5-depth-2,baseline_vector_search.cql + baseline_traversal.cql,measured,two_call_baseline,0,263.857666,16373,TRUE,TRUE
paper-96061-topk-10-depth-0,baseline_vector_search.cql + baseline_traversal.cql,measured,two_call_baseline,0,1.932291,10,TRUE,TRUE
paper-96061-topk-10-depth-1,baseline_vector_search.cql + baseline_traversal.cql,measured,two_call_baseline,0,4.366625,172,TRUE,TRUE
paper-96061-topk-10-depth-2,baseline_vector_search.cql + baseline_traversal.cql,measured,two_call_baseline,0,526.297750,32055,TRUE,TRUE
paper-84534-topk-1-depth-0,baseline_vector_search.cql + baseline_traversal.cql,measured,two_call_baseline,0,1.250208,1,TRUE,TRUE
paper-84534-topk-1-depth-1,baseline_vector_search.cql + baseline_traversal.cql,measured,two_call_baseline,0,2.418708,63,TRUE,TRUE
paper-84534-topk-1-depth-2,baseline_vector_search.cql + baseline_traversal.cql,measured,two_call_baseline,0,323.741292,19989,TRUE,TRUE
paper-84534-topk-3-depth-0,baseline_vector_search.cql + baseline_traversal.cql,measured,two_call_baseline,0,1.574084,3,TRUE,TRUE
paper-84534-topk-3-depth-1,baseline_vector_search.cql + baseline_traversal.cql,measured,two_call_baseline,0,4.473500,161,TRUE,TRUE
paper-84534-topk-3-depth-2,baseline_vector_search.cql + baseline_traversal.cql,measured,two_call_baseline,0,439.153084,26904,TRUE,TRUE
paper-84534-topk-5-depth-0,baseline_vector_search.cql + baseline_traversal.cql,measured,two_call_baseline,0,1.726958,5,TRUE,TRUE
paper-84534-topk-5-depth-1,baseline_vector_search.cql + baseline_traversal.cql,measured,two_call_baseline,0,4.867875,205,TRUE,TRUE
paper-84534-topk-5-depth-2,baseline_vector_search.cql + baseline_traversal.cql,measured,two_call_baseline,0,495.027833,30330,TRUE,TRUE
paper-84534-topk-10-depth-0,baseline_vector_search.cql + baseline_traversal.cql,measured,two_call_baseline,0,1.971542,10,TRUE,TRUE
paper-84534-topk-10-depth-1,baseline_vector_search.cql + baseline_traversal.cql,measured,two_call_baseline,0,5.693916,254,TRUE,TRUE
paper-84534-topk-10-depth-2,baseline_vector_search.cql + baseline_traversal.cql,measured,two_call_baseline,0,578.952250,34252,TRUE,TRUE
paper-146375-topk-1-depth-0,baseline_vector_search.cql + baseline_traversal.cql,measured,two_call_baseline,0,1.291083,1,TRUE,TRUE
paper-146375-topk-1-depth-1,baseline_vector_search.cql + baseline_traversal.cql,measured,two_call_baseline,0,1.556208,25,TRUE,TRUE
paper-146375-topk-1-depth-2,baseline_vector_search.cql + baseline_traversal.cql,measured,two_call_baseline,0,305.958292,19145,TRUE,TRUE
paper-146375-topk-3-depth-0,baseline_vector_search.cql + baseline_traversal.cql,measured,two_call_baseline,0,1.345791,3,TRUE,TRUE
paper-146375-topk-3-depth-1,baseline_vector_search.cql + baseline_traversal.cql,measured,two_call_baseline,0,2.025125,51,TRUE,TRUE
paper-146375-topk-3-depth-2,baseline_vector_search.cql + baseline_traversal.cql,measured,two_call_baseline,0,326.770750,20066,TRUE,TRUE
paper-146375-topk-5-depth-0,baseline_vector_search.cql + baseline_traversal.cql,measured,two_call_baseline,0,1.615959,5,TRUE,TRUE
paper-146375-topk-5-depth-1,baseline_vector_search.cql + baseline_traversal.cql,measured,two_call_baseline,0,2.446583,59,TRUE,TRUE
paper-146375-topk-5-depth-2,baseline_vector_search.cql + baseline_traversal.cql,measured,two_call_baseline,0,336.955042,20640,TRUE,TRUE
paper-146375-topk-10-depth-0,baseline_vector_search.cql + baseline_traversal.cql,measured,two_call_baseline,0,2.090000,10,TRUE,TRUE
paper-146375-topk-10-depth-1,baseline_vector_search.cql + baseline_traversal.cql,measured,two_call_baseline,0,4.079041,148,TRUE,TRUE
paper-146375-topk-10-depth-2,baseline_vector_search.cql + baseline_traversal.cql,measured,two_call_baseline,0,543.460709,32971,TRUE,TRUE
paper-55780-topk-1-depth-0,baseline_vector_search.cql + baseline_traversal.cql,measured,two_call_baseline,0,1.220375,1,TRUE,TRUE
paper-55780-topk-1-depth-1,baseline_vector_search.cql + baseline_traversal.cql,measured,two_call_baseline,0,1.449542,22,TRUE,TRUE
paper-55780-topk-1-depth-2,baseline_vector_search.cql + baseline_traversal.cql,measured,two_call_baseline,0,241.197583,15382,TRUE,TRUE
paper-55780-topk-3-depth-0,baseline_vector_search.cql + baseline_traversal.cql,measured,two_call_baseline,0,1.461417,3,TRUE,TRUE
paper-55780-topk-3-depth-1,baseline_vector_search.cql + baseline_traversal.cql,measured,two_call_baseline,0,2.428083,70,TRUE,TRUE
paper-55780-topk-3-depth-2,baseline_vector_search.cql + baseline_traversal.cql,measured,two_call_baseline,0,521.798875,31649,TRUE,TRUE
paper-55780-topk-5-depth-0,baseline_vector_search.cql + baseline_traversal.cql,measured,two_call_baseline,0,1.586000,5,TRUE,TRUE
paper-55780-topk-5-depth-1,baseline_vector_search.cql + baseline_traversal.cql,measured,two_call_baseline,0,2.826916,87,TRUE,TRUE
paper-55780-topk-5-depth-2,baseline_vector_search.cql + baseline_traversal.cql,measured,two_call_baseline,0,571.522084,34544,TRUE,TRUE
paper-55780-topk-10-depth-0,baseline_vector_search.cql + baseline_traversal.cql,measured,two_call_baseline,0,1.888000,10,TRUE,TRUE
paper-55780-topk-10-depth-1,baseline_vector_search.cql + baseline_traversal.cql,measured,two_call_baseline,0,4.069250,157,TRUE,TRUE
paper-55780-topk-10-depth-2,baseline_vector_search.cql + baseline_traversal.cql,measured,two_call_baseline,0,647.388000,38002,TRUE,TRUE
paper-126514-topk-1-depth-0,baseline_vector_search.cql + baseline_traversal.cql,measured,two_call_baseline,0,1.273459,1,TRUE,TRUE
paper-126514-topk-1-depth-1,baseline_vector_search.cql + baseline_traversal.cql,measured,two_call_baseline,0,1.266959,7,TRUE,TRUE
paper-126514-topk-1-depth-2,baseline_vector_search.cql + baseline_traversal.cql,measured,two_call_baseline,0,17.920125,1100,TRUE,TRUE
paper-126514-topk-3-depth-0,baseline_vector_search.cql + baseline_traversal.cql,measured,two_call_baseline,0,1.378125,3,TRUE,TRUE
paper-126514-topk-3-depth-1,baseline_vector_search.cql + baseline_traversal.cql,measured,two_call_baseline,0,1.616541,24,TRUE,TRUE
paper-126514-topk-3-depth-2,baseline_vector_search.cql + baseline_traversal.cql,measured,two_call_baseline,0,23.703791,1408,TRUE,TRUE
paper-126514-topk-5-depth-0,baseline_vector_search.cql + baseline_traversal.cql,measured,two_call_baseline,0,1.990708,5,TRUE,TRUE
paper-126514-topk-5-depth-1,baseline_vector_search.cql + baseline_traversal.cql,measured,two_call_baseline,0,2.348750,42,TRUE,TRUE
paper-126514-topk-5-depth-2,baseline_vector_search.cql + baseline_traversal.cql,measured,two_call_baseline,0,38.074583,2361,TRUE,TRUE
paper-126514-topk-10-depth-0,baseline_vector_search.cql + baseline_traversal.cql,measured,two_call_baseline,0,1.791250,10,TRUE,TRUE
paper-126514-topk-10-depth-1,baseline_vector_search.cql + baseline_traversal.cql,measured,two_call_baseline,0,3.231250,102,TRUE,TRUE
paper-126514-topk-10-depth-2,baseline_vector_search.cql + baseline_traversal.cql,measured,two_call_baseline,0,477.625000,29414,TRUE,TRUE
paper-47630-topk-1-depth-0,baseline_vector_search.cql + baseline_traversal.cql,measured,two_call_baseline,0,1.681791,1,TRUE,TRUE
paper-47630-topk-1-depth-1,baseline_vector_search.cql + baseline_traversal.cql,measured,two_call_baseline,0,1.311916,8,TRUE,TRUE
paper-47630-topk-1-depth-2,baseline_vector_search.cql + baseline_traversal.cql,measured,two_call_baseline,0,291.324041,17233,TRUE,TRUE
paper-47630-topk-3-depth-0,baseline_vector_search.cql + baseline_traversal.cql,measured,two_call_baseline,0,1.509500,3,TRUE,TRUE
paper-47630-topk-3-depth-1,baseline_vector_search.cql + baseline_traversal.cql,measured,two_call_baseline,0,2.052583,20,TRUE,TRUE
paper-47630-topk-3-depth-2,baseline_vector_search.cql + baseline_traversal.cql,measured,two_call_baseline,0,273.997792,17290,TRUE,TRUE
paper-47630-topk-5-depth-0,baseline_vector_search.cql + baseline_traversal.cql,measured,two_call_baseline,0,1.870125,5,TRUE,TRUE
paper-47630-topk-5-depth-1,baseline_vector_search.cql + baseline_traversal.cql,measured,two_call_baseline,0,2.105417,42,TRUE,TRUE
paper-47630-topk-5-depth-2,baseline_vector_search.cql + baseline_traversal.cql,measured,two_call_baseline,0,399.411208,24838,TRUE,TRUE
paper-47630-topk-10-depth-0,baseline_vector_search.cql + baseline_traversal.cql,measured,two_call_baseline,0,1.936792,10,TRUE,TRUE
paper-47630-topk-10-depth-1,baseline_vector_search.cql + baseline_traversal.cql,measured,two_call_baseline,0,3.068291,80,TRUE,TRUE
paper-47630-topk-10-depth-2,baseline_vector_search.cql + baseline_traversal.cql,measured,two_call_baseline,0,465.807041,28639,TRUE,TRUE
paper-143452-topk-1-depth-0,baseline_vector_search.cql + baseline_traversal.cql,measured,two_call_baseline,0,1.280541,1,TRUE,TRUE
paper-143452-topk-1-depth-1,baseline_vector_search.cql + baseline_traversal.cql,measured,two_call_baseline,0,1.825459,42,TRUE,TRUE
paper-143452-topk-1-depth-2,baseline_vector_search.cql + baseline_traversal.cql,measured,two_call_baseline,0,388.090125,24221,TRUE,TRUE
paper-143452-topk-3-depth-0,baseline_vector_search.cql + baseline_traversal.cql,measured,two_call_baseline,0,1.425958,3,TRUE,TRUE
paper-143452-topk-3-depth-1,baseline_vector_search.cql + baseline_traversal.cql,measured,two_call_baseline,0,3.270583,127,TRUE,TRUE
paper-143452-topk-3-depth-2,baseline_vector_search.cql + baseline_traversal.cql,measured,two_call_baseline,0,469.644167,28842,TRUE,TRUE
paper-143452-topk-5-depth-0,baseline_vector_search.cql + baseline_traversal.cql,measured,two_call_baseline,0,1.498708,5,TRUE,TRUE
paper-143452-topk-5-depth-1,baseline_vector_search.cql + baseline_traversal.cql,measured,two_call_baseline,0,4.379875,191,TRUE,TRUE
paper-143452-topk-5-depth-2,baseline_vector_search.cql + baseline_traversal.cql,measured,two_call_baseline,0,537.681958,32875,TRUE,TRUE
paper-143452-topk-10-depth-0,baseline_vector_search.cql + baseline_traversal.cql,measured,two_call_baseline,0,1.840125,10,TRUE,TRUE
paper-143452-topk-10-depth-1,baseline_vector_search.cql + baseline_traversal.cql,measured,two_call_baseline,0,7.148000,345,TRUE,TRUE
paper-143452-topk-10-depth-2,baseline_vector_search.cql + baseline_traversal.cql,measured,two_call_baseline,0,618.123166,37138,TRUE,TRUE
paper-167945-topk-1-depth-0,baseline_vector_search.cql + baseline_traversal.cql,measured,two_call_baseline,0,1.498917,1,TRUE,TRUE
paper-167945-topk-1-depth-1,baseline_vector_search.cql + baseline_traversal.cql,measured,two_call_baseline,0,1.488333,21,TRUE,TRUE
paper-167945-topk-1-depth-2,baseline_vector_search.cql + baseline_traversal.cql,measured,two_call_baseline,0,223.576500,13991,TRUE,TRUE
paper-167945-topk-3-depth-0,baseline_vector_search.cql + baseline_traversal.cql,measured,two_call_baseline,0,1.365084,3,TRUE,TRUE
paper-167945-topk-3-depth-1,baseline_vector_search.cql + baseline_traversal.cql,measured,two_call_baseline,0,2.558500,46,TRUE,TRUE
paper-167945-topk-3-depth-2,baseline_vector_search.cql + baseline_traversal.cql,measured,two_call_baseline,0,232.976916,14541,TRUE,TRUE
paper-167945-topk-5-depth-0,baseline_vector_search.cql + baseline_traversal.cql,measured,two_call_baseline,0,1.621417,5,TRUE,TRUE
paper-167945-topk-5-depth-1,baseline_vector_search.cql + baseline_traversal.cql,measured,two_call_baseline,0,3.360542,121,TRUE,TRUE
paper-167945-topk-5-depth-2,baseline_vector_search.cql + baseline_traversal.cql,measured,two_call_baseline,0,341.158708,20956,TRUE,TRUE
paper-167945-topk-10-depth-0,baseline_vector_search.cql + baseline_traversal.cql,measured,two_call_baseline,0,2.008584,10,TRUE,TRUE
paper-167945-topk-10-depth-1,baseline_vector_search.cql + baseline_traversal.cql,measured,two_call_baseline,0,4.857459,193,TRUE,TRUE
paper-167945-topk-10-depth-2,baseline_vector_search.cql + baseline_traversal.cql,measured,two_call_baseline,0,548.162250,32930,TRUE,TRUE
paper-158696-topk-1-depth-0,baseline_vector_search.cql + baseline_traversal.cql,measured,two_call_baseline,0,1.399458,1,TRUE,TRUE
paper-158696-topk-1-depth-1,baseline_vector_search.cql + baseline_traversal.cql,measured,two_call_baseline,0,1.370083,7,TRUE,TRUE
paper-158696-topk-1-depth-2,baseline_vector_search.cql + baseline_traversal.cql,measured,two_call_baseline,0,14.151875,858,TRUE,TRUE
paper-158696-topk-3-depth-0,baseline_vector_search.cql + baseline_traversal.cql,measured,two_call_baseline,0,1.355500,3,TRUE,TRUE
paper-158696-topk-3-depth-1,baseline_vector_search.cql + baseline_traversal.cql,measured,two_call_baseline,0,1.561583,15,TRUE,TRUE
paper-158696-topk-3-depth-2,baseline_vector_search.cql + baseline_traversal.cql,measured,two_call_baseline,0,14.787208,888,TRUE,TRUE
paper-158696-topk-5-depth-0,baseline_vector_search.cql + baseline_traversal.cql,measured,two_call_baseline,0,1.480334,5,TRUE,TRUE
paper-158696-topk-5-depth-1,baseline_vector_search.cql + baseline_traversal.cql,measured,two_call_baseline,0,1.971375,42,TRUE,TRUE
paper-158696-topk-5-depth-2,baseline_vector_search.cql + baseline_traversal.cql,measured,two_call_baseline,0,47.091375,2959,TRUE,TRUE
paper-158696-topk-10-depth-0,baseline_vector_search.cql + baseline_traversal.cql,measured,two_call_baseline,0,1.742000,10,TRUE,TRUE
paper-158696-topk-10-depth-1,baseline_vector_search.cql + baseline_traversal.cql,measured,two_call_baseline,0,2.594417,63,TRUE,TRUE
paper-158696-topk-10-depth-2,baseline_vector_search.cql + baseline_traversal.cql,measured,two_call_baseline,0,63.511208,3965,TRUE,TRUE
paper-122231-topk-1-depth-0,baseline_vector_search.cql + baseline_traversal.cql,measured,two_call_baseline,0,1.261541,1,TRUE,TRUE
paper-122231-topk-1-depth-1,baseline_vector_search.cql + baseline_traversal.cql,measured,two_call_baseline,0,1.455292,20,TRUE,TRUE
paper-122231-topk-1-depth-2,baseline_vector_search.cql + baseline_traversal.cql,measured,two_call_baseline,0,293.247583,18186,TRUE,TRUE
paper-122231-topk-3-depth-0,baseline_vector_search.cql + baseline_traversal.cql,measured,two_call_baseline,0,1.414625,3,TRUE,TRUE
paper-122231-topk-3-depth-1,baseline_vector_search.cql + baseline_traversal.cql,measured,two_call_baseline,0,2.269708,65,TRUE,TRUE
paper-122231-topk-3-depth-2,baseline_vector_search.cql + baseline_traversal.cql,measured,two_call_baseline,0,321.170708,19502,TRUE,TRUE
paper-122231-topk-5-depth-0,baseline_vector_search.cql + baseline_traversal.cql,measured,two_call_baseline,0,1.555833,5,TRUE,TRUE
paper-122231-topk-5-depth-1,baseline_vector_search.cql + baseline_traversal.cql,measured,two_call_baseline,0,2.979000,104,TRUE,TRUE
paper-122231-topk-5-depth-2,baseline_vector_search.cql + baseline_traversal.cql,measured,two_call_baseline,0,496.068208,29695,TRUE,TRUE
paper-122231-topk-10-depth-0,baseline_vector_search.cql + baseline_traversal.cql,measured,two_call_baseline,0,1.717000,10,TRUE,TRUE
paper-122231-topk-10-depth-1,baseline_vector_search.cql + baseline_traversal.cql,measured,two_call_baseline,0,7.513584,389,TRUE,TRUE
paper-122231-topk-10-depth-2,baseline_vector_search.cql + baseline_traversal.cql,measured,two_call_baseline,0,572.304542,33825,TRUE,TRUE
paper-138710-topk-1-depth-0,baseline_vector_search.cql + baseline_traversal.cql,measured,two_call_baseline,0,1.174958,1,TRUE,TRUE
paper-138710-topk-1-depth-1,baseline_vector_search.cql + baseline_traversal.cql,measured,two_call_baseline,0,1.339583,10,TRUE,TRUE
paper-138710-topk-1-depth-2,baseline_vector_search.cql + baseline_traversal.cql,measured,two_call_baseline,0,258.783916,16238,TRUE,TRUE
paper-138710-topk-3-depth-0,baseline_vector_search.cql + baseline_traversal.cql,measured,two_call_baseline,0,1.472333,3,TRUE,TRUE
paper-138710-topk-3-depth-1,baseline_vector_search.cql + baseline_traversal.cql,measured,two_call_baseline,0,1.606791,20,TRUE,TRUE
paper-138710-topk-3-depth-2,baseline_vector_search.cql + baseline_traversal.cql,measured,two_call_baseline,0,284.975084,17228,TRUE,TRUE
paper-138710-topk-5-depth-0,baseline_vector_search.cql + baseline_traversal.cql,measured,two_call_baseline,0,1.511667,5,TRUE,TRUE
paper-138710-topk-5-depth-1,baseline_vector_search.cql + baseline_traversal.cql,measured,two_call_baseline,0,2.038375,40,TRUE,TRUE
paper-138710-topk-5-depth-2,baseline_vector_search.cql + baseline_traversal.cql,measured,two_call_baseline,0,307.055417,18251,TRUE,TRUE
paper-138710-topk-10-depth-0,baseline_vector_search.cql + baseline_traversal.cql,measured,two_call_baseline,0,1.732125,10,TRUE,TRUE
paper-138710-topk-10-depth-1,baseline_vector_search.cql + baseline_traversal.cql,measured,two_call_baseline,0,2.871500,80,TRUE,TRUE
paper-138710-topk-10-depth-2,baseline_vector_search.cql + baseline_traversal.cql,measured,two_call_baseline,0,524.539167,31006,TRUE,TRUE
paper-74871-topk-1-depth-0,baseline_vector_search.cql + baseline_traversal.cql,measured,two_call_baseline,0,1.195959,1,TRUE,TRUE
paper-74871-topk-1-depth-1,baseline_vector_search.cql + baseline_traversal.cql,measured,two_call_baseline,0,1.278500,4,TRUE,TRUE
paper-74871-topk-1-depth-2,baseline_vector_search.cql + baseline_traversal.cql,measured,two_call_baseline,0,1.332458,9,TRUE,TRUE
paper-74871-topk-3-depth-0,baseline_vector_search.cql + baseline_traversal.cql,measured,two_call_baseline,0,1.339042,3,TRUE,TRUE
paper-74871-topk-3-depth-1,baseline_vector_search.cql + baseline_traversal.cql,measured,two_call_baseline,0,1.490750,17,TRUE,TRUE
paper-74871-topk-3-depth-2,baseline_vector_search.cql + baseline_traversal.cql,measured,two_call_baseline,0,58.019000,3499,TRUE,TRUE
paper-74871-topk-5-depth-0,baseline_vector_search.cql + baseline_traversal.cql,measured,two_call_baseline,0,1.926208,5,TRUE,TRUE
paper-74871-topk-5-depth-1,baseline_vector_search.cql + baseline_traversal.cql,measured,two_call_baseline,0,1.726333,29,TRUE,TRUE
paper-74871-topk-5-depth-2,baseline_vector_search.cql + baseline_traversal.cql,measured,two_call_baseline,0,57.531458,3626,TRUE,TRUE
paper-74871-topk-10-depth-0,baseline_vector_search.cql + baseline_traversal.cql,measured,two_call_baseline,0,1.839625,10,TRUE,TRUE
paper-74871-topk-10-depth-1,baseline_vector_search.cql + baseline_traversal.cql,measured,two_call_baseline,0,3.061000,95,TRUE,TRUE
paper-74871-topk-10-depth-2,baseline_vector_search.cql + baseline_traversal.cql,measured,two_call_baseline,0,69.803167,4293,TRUE,TRUE
paper-67631-topk-1-depth-0,baseline_vector_search.cql + baseline_traversal.cql,measured,two_call_baseline,0,1.273167,1,TRUE,TRUE
paper-67631-topk-1-depth-1,baseline_vector_search.cql + baseline_traversal.cql,measured,two_call_baseline,0,1.241792,4,TRUE,TRUE
paper-67631-topk-1-depth-2,baseline_vector_search.cql + baseline_traversal.cql,measured,two_call_baseline,0,2.133083,64,TRUE,TRUE
paper-67631-topk-3-depth-0,baseline_vector_search.cql + baseline_traversal.cql,measured,two_call_baseline,0,1.382042,3,TRUE,TRUE
paper-67631-topk-3-depth-1,baseline_vector_search.cql + baseline_traversal.cql,measured,two_call_baseline,0,1.848833,37,TRUE,TRUE
paper-67631-topk-3-depth-2,baseline_vector_search.cql + baseline_traversal.cql,measured,two_call_baseline,0,221.983250,13692,TRUE,TRUE
paper-67631-topk-5-depth-0,baseline_vector_search.cql + baseline_traversal.cql,measured,two_call_baseline,0,1.718917,5,TRUE,TRUE
paper-67631-topk-5-depth-1,baseline_vector_search.cql + baseline_traversal.cql,measured,two_call_baseline,0,2.751792,63,TRUE,TRUE
paper-67631-topk-5-depth-2,baseline_vector_search.cql + baseline_traversal.cql,measured,two_call_baseline,0,471.347125,28408,TRUE,TRUE
paper-67631-topk-10-depth-0,baseline_vector_search.cql + baseline_traversal.cql,measured,two_call_baseline,0,1.948041,10,TRUE,TRUE
paper-67631-topk-10-depth-1,baseline_vector_search.cql + baseline_traversal.cql,measured,two_call_baseline,0,3.311625,101,TRUE,TRUE
paper-67631-topk-10-depth-2,baseline_vector_search.cql + baseline_traversal.cql,measured,two_call_baseline,0,494.971500,29698,TRUE,TRUE
paper-78086-topk-1-depth-0,baseline_vector_search.cql + baseline_traversal.cql,measured,two_call_baseline,0,1.471583,1,TRUE,TRUE
paper-78086-topk-1-depth-1,baseline_vector_search.cql + baseline_traversal.cql,measured,two_call_baseline,0,1.187375,4,TRUE,TRUE
paper-78086-topk-1-depth-2,baseline_vector_search.cql + baseline_traversal.cql,measured,two_call_baseline,0,1.471917,24,TRUE,TRUE
paper-78086-topk-3-depth-0,baseline_vector_search.cql + baseline_traversal.cql,measured,two_call_baseline,0,1.305834,3,TRUE,TRUE
paper-78086-topk-3-depth-1,baseline_vector_search.cql + baseline_traversal.cql,measured,two_call_baseline,0,2.318542,13,TRUE,TRUE
paper-78086-topk-3-depth-2,baseline_vector_search.cql + baseline_traversal.cql,measured,two_call_baseline,0,10.736167,621,TRUE,TRUE
paper-78086-topk-5-depth-0,baseline_vector_search.cql + baseline_traversal.cql,measured,two_call_baseline,0,1.554042,5,TRUE,TRUE
paper-78086-topk-5-depth-1,baseline_vector_search.cql + baseline_traversal.cql,measured,two_call_baseline,0,2.395209,41,TRUE,TRUE
paper-78086-topk-5-depth-2,baseline_vector_search.cql + baseline_traversal.cql,measured,two_call_baseline,0,230.728333,14305,TRUE,TRUE
paper-78086-topk-10-depth-0,baseline_vector_search.cql + baseline_traversal.cql,measured,two_call_baseline,0,1.978541,10,TRUE,TRUE
paper-78086-topk-10-depth-1,baseline_vector_search.cql + baseline_traversal.cql,measured,two_call_baseline,0,2.657250,67,TRUE,TRUE
paper-78086-topk-10-depth-2,baseline_vector_search.cql + baseline_traversal.cql,measured,two_call_baseline,0,233.416541,14509,TRUE,TRUE
paper-86789-topk-1-depth-0,baseline_vector_search.cql + baseline_traversal.cql,measured,two_call_baseline,0,1.319333,1,TRUE,TRUE
paper-86789-topk-1-depth-1,baseline_vector_search.cql + baseline_traversal.cql,measured,two_call_baseline,0,1.269583,4,TRUE,TRUE
paper-86789-topk-1-depth-2,baseline_vector_search.cql + baseline_traversal.cql,measured,two_call_baseline,0,1.318375,10,TRUE,TRUE
paper-86789-topk-3-depth-0,baseline_vector_search.cql + baseline_traversal.cql,measured,two_call_baseline,0,1.364334,3,TRUE,TRUE
paper-86789-topk-3-depth-1,baseline_vector_search.cql + baseline_traversal.cql,measured,two_call_baseline,0,4.073750,122,TRUE,TRUE
paper-86789-topk-3-depth-2,baseline_vector_search.cql + baseline_traversal.cql,measured,two_call_baseline,0,191.674166,11880,TRUE,TRUE
paper-86789-topk-5-depth-0,baseline_vector_search.cql + baseline_traversal.cql,measured,two_call_baseline,0,1.644208,5,TRUE,TRUE
paper-86789-topk-5-depth-1,baseline_vector_search.cql + baseline_traversal.cql,measured,two_call_baseline,0,3.554000,130,TRUE,TRUE
paper-86789-topk-5-depth-2,baseline_vector_search.cql + baseline_traversal.cql,measured,two_call_baseline,0,194.810500,11926,TRUE,TRUE
paper-86789-topk-10-depth-0,baseline_vector_search.cql + baseline_traversal.cql,measured,two_call_baseline,0,1.867417,10,TRUE,TRUE
paper-86789-topk-10-depth-1,baseline_vector_search.cql + baseline_traversal.cql,measured,two_call_baseline,0,4.784625,202,TRUE,TRUE
paper-86789-topk-10-depth-2,baseline_vector_search.cql + baseline_traversal.cql,measured,two_call_baseline,0,388.836916,23836,TRUE,TRUE
paper-68901-topk-1-depth-0,baseline_vector_search.cql + baseline_traversal.cql,measured,two_call_baseline,0,1.329959,1,TRUE,TRUE
paper-68901-topk-1-depth-1,baseline_vector_search.cql + baseline_traversal.cql,measured,two_call_baseline,0,1.282833,7,TRUE,TRUE
paper-68901-topk-1-depth-2,baseline_vector_search.cql + baseline_traversal.cql,measured,two_call_baseline,0,1.505500,22,TRUE,TRUE
paper-68901-topk-3-depth-0,baseline_vector_search.cql + baseline_traversal.cql,measured,two_call_baseline,0,1.307167,3,TRUE,TRUE
paper-68901-topk-3-depth-1,baseline_vector_search.cql + baseline_traversal.cql,measured,two_call_baseline,0,1.715167,21,TRUE,TRUE
paper-68901-topk-3-depth-2,baseline_vector_search.cql + baseline_traversal.cql,measured,two_call_baseline,0,136.697500,8537,TRUE,TRUE
paper-68901-topk-5-depth-0,baseline_vector_search.cql + baseline_traversal.cql,measured,two_call_baseline,0,1.501250,5,TRUE,TRUE
paper-68901-topk-5-depth-1,baseline_vector_search.cql + baseline_traversal.cql,measured,two_call_baseline,0,1.849625,31,TRUE,TRUE
paper-68901-topk-5-depth-2,baseline_vector_search.cql + baseline_traversal.cql,measured,two_call_baseline,0,140.149291,8570,TRUE,TRUE
paper-68901-topk-10-depth-0,baseline_vector_search.cql + baseline_traversal.cql,measured,two_call_baseline,0,1.928709,10,TRUE,TRUE
paper-68901-topk-10-depth-1,baseline_vector_search.cql + baseline_traversal.cql,measured,two_call_baseline,0,3.062417,86,TRUE,TRUE
paper-68901-topk-10-depth-2,baseline_vector_search.cql + baseline_traversal.cql,measured,two_call_baseline,0,419.588875,25417,TRUE,TRUE
paper-133413-topk-1-depth-0,baseline_vector_search.cql + baseline_traversal.cql,measured,two_call_baseline,0,1.357000,1,TRUE,TRUE
paper-133413-topk-1-depth-1,baseline_vector_search.cql + baseline_traversal.cql,measured,two_call_baseline,0,1.735000,7,TRUE,TRUE
paper-133413-topk-1-depth-2,baseline_vector_search.cql + baseline_traversal.cql,measured,two_call_baseline,0,2.922166,115,TRUE,TRUE
paper-133413-topk-3-depth-0,baseline_vector_search.cql + baseline_traversal.cql,measured,two_call_baseline,0,1.358416,3,TRUE,TRUE
paper-133413-topk-3-depth-1,baseline_vector_search.cql + baseline_traversal.cql,measured,two_call_baseline,0,1.575833,14,TRUE,TRUE
paper-133413-topk-3-depth-2,baseline_vector_search.cql + baseline_traversal.cql,measured,two_call_baseline,0,4.483083,189,TRUE,TRUE
paper-133413-topk-5-depth-0,baseline_vector_search.cql + baseline_traversal.cql,measured,two_call_baseline,0,1.548292,5,TRUE,TRUE
paper-133413-topk-5-depth-1,baseline_vector_search.cql + baseline_traversal.cql,measured,two_call_baseline,0,4.250000,137,TRUE,TRUE
paper-133413-topk-5-depth-2,baseline_vector_search.cql + baseline_traversal.cql,measured,two_call_baseline,0,224.895250,14127,TRUE,TRUE
paper-133413-topk-10-depth-0,baseline_vector_search.cql + baseline_traversal.cql,measured,two_call_baseline,0,2.013459,10,TRUE,TRUE
paper-133413-topk-10-depth-1,baseline_vector_search.cql + baseline_traversal.cql,measured,two_call_baseline,0,4.390125,155,TRUE,TRUE
paper-133413-topk-10-depth-2,baseline_vector_search.cql + baseline_traversal.cql,measured,two_call_baseline,0,228.470791,14310,TRUE,TRUE
paper-37767-topk-1-depth-0,baseline_vector_search.cql + baseline_traversal.cql,measured,two_call_baseline,0,1.193875,1,TRUE,TRUE
paper-37767-topk-1-depth-1,baseline_vector_search.cql + baseline_traversal.cql,measured,two_call_baseline,0,1.443417,23,TRUE,TRUE
paper-37767-topk-1-depth-2,baseline_vector_search.cql + baseline_traversal.cql,measured,two_call_baseline,0,57.911875,3676,TRUE,TRUE
paper-37767-topk-3-depth-0,baseline_vector_search.cql + baseline_traversal.cql,measured,two_call_baseline,0,1.361125,3,TRUE,TRUE
paper-37767-topk-3-depth-1,baseline_vector_search.cql + baseline_traversal.cql,measured,two_call_baseline,0,1.736458,32,TRUE,TRUE
paper-37767-topk-3-depth-2,baseline_vector_search.cql + baseline_traversal.cql,measured,two_call_baseline,0,60.445625,3740,TRUE,TRUE
paper-37767-topk-5-depth-0,baseline_vector_search.cql + baseline_traversal.cql,measured,two_call_baseline,0,1.677792,5,TRUE,TRUE
paper-37767-topk-5-depth-1,baseline_vector_search.cql + baseline_traversal.cql,measured,two_call_baseline,0,2.503542,71,TRUE,TRUE
paper-37767-topk-5-depth-2,baseline_vector_search.cql + baseline_traversal.cql,measured,two_call_baseline,0,347.101292,21732,TRUE,TRUE
paper-37767-topk-10-depth-0,baseline_vector_search.cql + baseline_traversal.cql,measured,two_call_baseline,0,1.788375,10,TRUE,TRUE
paper-37767-topk-10-depth-1,baseline_vector_search.cql + baseline_traversal.cql,measured,two_call_baseline,0,3.440750,116,TRUE,TRUE
paper-37767-topk-10-depth-2,baseline_vector_search.cql + baseline_traversal.cql,measured,two_call_baseline,0,431.356250,26275,TRUE,TRUE
paper-13806-topk-1-depth-0,baseline_vector_search.cql + baseline_traversal.cql,measured,two_call_baseline,0,1.354125,1,TRUE,TRUE
paper-13806-topk-1-depth-1,baseline_vector_search.cql + baseline_traversal.cql,measured,two_call_baseline,0,1.516250,21,TRUE,TRUE
paper-13806-topk-1-depth-2,baseline_vector_search.cql + baseline_traversal.cql,measured,two_call_baseline,0,8.964542,501,TRUE,TRUE
paper-13806-topk-3-depth-0,baseline_vector_search.cql + baseline_traversal.cql,measured,two_call_baseline,0,1.433791,3,TRUE,TRUE
paper-13806-topk-3-depth-1,baseline_vector_search.cql + baseline_traversal.cql,measured,two_call_baseline,0,2.528958,34,TRUE,TRUE
paper-13806-topk-3-depth-2,baseline_vector_search.cql + baseline_traversal.cql,measured,two_call_baseline,0,18.680417,1119,TRUE,TRUE
paper-13806-topk-5-depth-0,baseline_vector_search.cql + baseline_traversal.cql,measured,two_call_baseline,0,1.420375,5,TRUE,TRUE
paper-13806-topk-5-depth-1,baseline_vector_search.cql + baseline_traversal.cql,measured,two_call_baseline,0,3.422292,127,TRUE,TRUE
paper-13806-topk-5-depth-2,baseline_vector_search.cql + baseline_traversal.cql,measured,two_call_baseline,0,260.720125,16487,TRUE,TRUE
paper-13806-topk-10-depth-0,baseline_vector_search.cql + baseline_traversal.cql,measured,two_call_baseline,0,1.803125,10,TRUE,TRUE
paper-13806-topk-10-depth-1,baseline_vector_search.cql + baseline_traversal.cql,measured,two_call_baseline,0,4.465709,183,TRUE,TRUE
paper-13806-topk-10-depth-2,baseline_vector_search.cql + baseline_traversal.cql,measured,two_call_baseline,0,266.953292,16735,TRUE,TRUE
paper-48331-topk-1-depth-0,baseline_vector_search.cql + baseline_traversal.cql,measured,two_call_baseline,0,1.259958,1,TRUE,TRUE
paper-48331-topk-1-depth-1,baseline_vector_search.cql + baseline_traversal.cql,measured,two_call_baseline,0,1.294250,7,TRUE,TRUE
paper-48331-topk-1-depth-2,baseline_vector_search.cql + baseline_traversal.cql,measured,two_call_baseline,0,2.637000,93,TRUE,TRUE
paper-48331-topk-3-depth-0,baseline_vector_search.cql + baseline_traversal.cql,measured,two_call_baseline,0,1.323625,3,TRUE,TRUE
paper-48331-topk-3-depth-1,baseline_vector_search.cql + baseline_traversal.cql,measured,two_call_baseline,0,1.957875,15,TRUE,TRUE
paper-48331-topk-3-depth-2,baseline_vector_search.cql + baseline_traversal.cql,measured,two_call_baseline,0,4.257333,194,TRUE,TRUE
paper-48331-topk-5-depth-0,baseline_vector_search.cql + baseline_traversal.cql,measured,two_call_baseline,0,1.350042,5,TRUE,TRUE
paper-48331-topk-5-depth-1,baseline_vector_search.cql + baseline_traversal.cql,measured,two_call_baseline,0,2.298625,59,TRUE,TRUE
paper-48331-topk-5-depth-2,baseline_vector_search.cql + baseline_traversal.cql,measured,two_call_baseline,0,10.966167,606,TRUE,TRUE
paper-48331-topk-10-depth-0,baseline_vector_search.cql + baseline_traversal.cql,measured,two_call_baseline,0,1.661875,10,TRUE,TRUE
paper-48331-topk-10-depth-1,baseline_vector_search.cql + baseline_traversal.cql,measured,two_call_baseline,0,4.373500,157,TRUE,TRUE
paper-48331-topk-10-depth-2,baseline_vector_search.cql + baseline_traversal.cql,measured,two_call_baseline,0,15.297000,888,TRUE,TRUE
paper-58384-topk-1-depth-0,baseline_vector_search.cql + baseline_traversal.cql,measured,two_call_baseline,0,1.204959,1,TRUE,TRUE
paper-58384-topk-1-depth-1,baseline_vector_search.cql + baseline_traversal.cql,measured,two_call_baseline,0,1.245042,6,TRUE,TRUE
paper-58384-topk-1-depth-2,baseline_vector_search.cql + baseline_traversal.cql,measured,two_call_baseline,0,73.767500,4642,TRUE,TRUE
paper-58384-topk-3-depth-0,baseline_vector_search.cql + baseline_traversal.cql,measured,two_call_baseline,0,1.460750,3,TRUE,TRUE
paper-58384-topk-3-depth-1,baseline_vector_search.cql + baseline_traversal.cql,measured,two_call_baseline,0,3.965792,128,TRUE,TRUE
paper-58384-topk-3-depth-2,baseline_vector_search.cql + baseline_traversal.cql,measured,two_call_baseline,0,463.037875,28388,TRUE,TRUE
paper-58384-topk-5-depth-0,baseline_vector_search.cql + baseline_traversal.cql,measured,two_call_baseline,0,1.546125,5,TRUE,TRUE
paper-58384-topk-5-depth-1,baseline_vector_search.cql + baseline_traversal.cql,measured,two_call_baseline,0,3.781666,150,TRUE,TRUE
paper-58384-topk-5-depth-2,baseline_vector_search.cql + baseline_traversal.cql,measured,two_call_baseline,0,480.736125,29085,TRUE,TRUE
paper-58384-topk-10-depth-0,baseline_vector_search.cql + baseline_traversal.cql,measured,two_call_baseline,0,1.945417,10,TRUE,TRUE
paper-58384-topk-10-depth-1,baseline_vector_search.cql + baseline_traversal.cql,measured,two_call_baseline,0,4.920458,203,TRUE,TRUE
paper-58384-topk-10-depth-2,baseline_vector_search.cql + baseline_traversal.cql,measured,two_call_baseline,0,550.236041,31669,TRUE,TRUE
paper-93358-topk-1-depth-0,baseline_vector_search.cql + baseline_traversal.cql,measured,two_call_baseline,0,1.344167,1,TRUE,TRUE
paper-93358-topk-1-depth-1,baseline_vector_search.cql + baseline_traversal.cql,measured,two_call_baseline,0,1.181500,2,TRUE,TRUE
paper-93358-topk-1-depth-2,baseline_vector_search.cql + baseline_traversal.cql,measured,two_call_baseline,0,1.418042,14,TRUE,TRUE
paper-93358-topk-3-depth-0,baseline_vector_search.cql + baseline_traversal.cql,measured,two_call_baseline,0,1.192958,3,TRUE,TRUE
paper-93358-topk-3-depth-1,baseline_vector_search.cql + baseline_traversal.cql,measured,two_call_baseline,0,1.754417,33,TRUE,TRUE
paper-93358-topk-3-depth-2,baseline_vector_search.cql + baseline_traversal.cql,measured,two_call_baseline,0,382.155209,23921,TRUE,TRUE
paper-93358-topk-5-depth-0,baseline_vector_search.cql + baseline_traversal.cql,measured,two_call_baseline,0,1.642542,5,TRUE,TRUE
paper-93358-topk-5-depth-1,baseline_vector_search.cql + baseline_traversal.cql,measured,two_call_baseline,0,2.299000,65,TRUE,TRUE
paper-93358-topk-5-depth-2,baseline_vector_search.cql + baseline_traversal.cql,measured,two_call_baseline,0,406.966417,24960,TRUE,TRUE
paper-93358-topk-10-depth-0,baseline_vector_search.cql + baseline_traversal.cql,measured,two_call_baseline,0,1.856542,10,TRUE,TRUE
paper-93358-topk-10-depth-1,baseline_vector_search.cql + baseline_traversal.cql,measured,two_call_baseline,0,3.978208,145,TRUE,TRUE
paper-93358-topk-10-depth-2,baseline_vector_search.cql + baseline_traversal.cql,measured,two_call_baseline,0,507.997458,31235,TRUE,TRUE
paper-56950-topk-1-depth-0,baseline_vector_search.cql + baseline_traversal.cql,measured,two_call_baseline,0,1.271000,1,TRUE,TRUE
paper-56950-topk-1-depth-1,baseline_vector_search.cql + baseline_traversal.cql,measured,two_call_baseline,0,1.552583,25,TRUE,TRUE
paper-56950-topk-1-depth-2,baseline_vector_search.cql + baseline_traversal.cql,measured,two_call_baseline,0,282.756500,17783,TRUE,TRUE
paper-56950-topk-3-depth-0,baseline_vector_search.cql + baseline_traversal.cql,measured,two_call_baseline,0,1.458708,3,TRUE,TRUE
paper-56950-topk-3-depth-1,baseline_vector_search.cql + baseline_traversal.cql,measured,two_call_baseline,0,16.295625,984,TRUE,TRUE
paper-56950-topk-3-depth-2,baseline_vector_search.cql + baseline_traversal.cql,measured,two_call_baseline,0,555.774459,33730,TRUE,TRUE
paper-56950-topk-5-depth-0,baseline_vector_search.cql + baseline_traversal.cql,measured,two_call_baseline,0,1.531792,5,TRUE,TRUE
paper-56950-topk-5-depth-1,baseline_vector_search.cql + baseline_traversal.cql,measured,two_call_baseline,0,16.820250,1009,TRUE,TRUE
paper-56950-topk-5-depth-2,baseline_vector_search.cql + baseline_traversal.cql,measured,two_call_baseline,0,566.508917,34138,TRUE,TRUE
paper-56950-topk-10-depth-0,baseline_vector_search.cql + baseline_traversal.cql,measured,two_call_baseline,0,1.897792,10,TRUE,TRUE
paper-56950-topk-10-depth-1,baseline_vector_search.cql + baseline_traversal.cql,measured,two_call_baseline,0,19.554250,1159,TRUE,TRUE
paper-56950-topk-10-depth-2,baseline_vector_search.cql + baseline_traversal.cql,measured,two_call_baseline,0,698.986875,41072,TRUE,TRUE
paper-145398-topk-1-depth-0,baseline_vector_search.cql + baseline_traversal.cql,measured,two_call_baseline,0,1.285667,1,TRUE,TRUE
paper-145398-topk-1-depth-1,baseline_vector_search.cql + baseline_traversal.cql,measured,two_call_baseline,0,1.787083,35,TRUE,TRUE
paper-145398-topk-1-depth-2,baseline_vector_search.cql + baseline_traversal.cql,measured,two_call_baseline,0,416.324375,25992,TRUE,TRUE
paper-145398-topk-3-depth-0,baseline_vector_search.cql + baseline_traversal.cql,measured,two_call_baseline,0,1.351667,3,TRUE,TRUE
paper-145398-topk-3-depth-1,baseline_vector_search.cql + baseline_traversal.cql,measured,two_call_baseline,0,2.393208,71,TRUE,TRUE
paper-145398-topk-3-depth-2,baseline_vector_search.cql + baseline_traversal.cql,measured,two_call_baseline,0,451.099708,27770,TRUE,TRUE
paper-145398-topk-5-depth-0,baseline_vector_search.cql + baseline_traversal.cql,measured,two_call_baseline,0,1.559209,5,TRUE,TRUE
paper-145398-topk-5-depth-1,baseline_vector_search.cql + baseline_traversal.cql,measured,two_call_baseline,0,3.068042,108,TRUE,TRUE
paper-145398-topk-5-depth-2,baseline_vector_search.cql + baseline_traversal.cql,measured,two_call_baseline,0,585.343042,35179,TRUE,TRUE
paper-145398-topk-10-depth-0,baseline_vector_search.cql + baseline_traversal.cql,measured,two_call_baseline,0,1.745666,10,TRUE,TRUE
paper-145398-topk-10-depth-1,baseline_vector_search.cql + baseline_traversal.cql,measured,two_call_baseline,0,4.921583,210,TRUE,TRUE
paper-145398-topk-10-depth-2,baseline_vector_search.cql + baseline_traversal.cql,measured,two_call_baseline,0,672.914250,38934,TRUE,TRUE
paper-167285-topk-1-depth-0,baseline_vector_search.cql + baseline_traversal.cql,measured,two_call_baseline,0,1.363250,1,TRUE,TRUE
paper-167285-topk-1-depth-1,baseline_vector_search.cql + baseline_traversal.cql,measured,two_call_baseline,0,1.279541,2,TRUE,TRUE
paper-167285-topk-1-depth-2,baseline_vector_search.cql + baseline_traversal.cql,measured,two_call_baseline,0,1.726792,13,TRUE,TRUE
paper-167285-topk-3-depth-0,baseline_vector_search.cql + baseline_traversal.cql,measured,two_call_baseline,0,1.513375,3,TRUE,TRUE
paper-167285-topk-3-depth-1,baseline_vector_search.cql + baseline_traversal.cql,measured,two_call_baseline,0,1.487500,12,TRUE,TRUE
paper-167285-topk-3-depth-2,baseline_vector_search.cql + baseline_traversal.cql,measured,two_call_baseline,0,78.145375,4925,TRUE,TRUE
paper-167285-topk-5-depth-0,baseline_vector_search.cql + baseline_traversal.cql,measured,two_call_baseline,0,1.924583,5,TRUE,TRUE
paper-167285-topk-5-depth-1,baseline_vector_search.cql + baseline_traversal.cql,measured,two_call_baseline,0,2.376291,31,TRUE,TRUE
paper-167285-topk-5-depth-2,baseline_vector_search.cql + baseline_traversal.cql,measured,two_call_baseline,0,239.687625,14900,TRUE,TRUE
paper-167285-topk-10-depth-0,baseline_vector_search.cql + baseline_traversal.cql,measured,two_call_baseline,0,1.883292,10,TRUE,TRUE
paper-167285-topk-10-depth-1,baseline_vector_search.cql + baseline_traversal.cql,measured,two_call_baseline,0,3.101208,86,TRUE,TRUE
paper-167285-topk-10-depth-2,baseline_vector_search.cql + baseline_traversal.cql,measured,two_call_baseline,0,538.620250,31687,TRUE,TRUE
paper-13711-topk-1-depth-0,baseline_vector_search.cql + baseline_traversal.cql,measured,two_call_baseline,0,1.259500,1,TRUE,TRUE
paper-13711-topk-1-depth-1,baseline_vector_search.cql + baseline_traversal.cql,measured,two_call_baseline,0,1.645750,28,TRUE,TRUE
paper-13711-topk-1-depth-2,baseline_vector_search.cql + baseline_traversal.cql,measured,two_call_baseline,0,292.513833,17605,TRUE,TRUE
paper-13711-topk-3-depth-0,baseline_vector_search.cql + baseline_traversal.cql,measured,two_call_baseline,0,1.351792,3,TRUE,TRUE
paper-13711-topk-3-depth-1,baseline_vector_search.cql + baseline_traversal.cql,measured,two_call_baseline,0,2.149958,49,TRUE,TRUE
paper-13711-topk-3-depth-2,baseline_vector_search.cql + baseline_traversal.cql,measured,two_call_baseline,0,293.076125,18028,TRUE,TRUE
paper-13711-topk-5-depth-0,baseline_vector_search.cql + baseline_traversal.cql,measured,two_call_baseline,0,1.415667,5,TRUE,TRUE
paper-13711-topk-5-depth-1,baseline_vector_search.cql + baseline_traversal.cql,measured,two_call_baseline,0,2.651042,80,TRUE,TRUE
paper-13711-topk-5-depth-2,baseline_vector_search.cql + baseline_traversal.cql,measured,two_call_baseline,0,352.633375,21338,TRUE,TRUE
paper-13711-topk-10-depth-0,baseline_vector_search.cql + baseline_traversal.cql,measured,two_call_baseline,0,1.756875,10,TRUE,TRUE
paper-13711-topk-10-depth-1,baseline_vector_search.cql + baseline_traversal.cql,measured,two_call_baseline,0,3.902708,155,TRUE,TRUE
paper-13711-topk-10-depth-2,baseline_vector_search.cql + baseline_traversal.cql,measured,two_call_baseline,0,566.997667,34165,TRUE,TRUE
paper-121199-topk-1-depth-0,baseline_vector_search.cql + baseline_traversal.cql,measured,two_call_baseline,0,1.347292,1,TRUE,TRUE
paper-121199-topk-1-depth-1,baseline_vector_search.cql + baseline_traversal.cql,measured,two_call_baseline,0,1.609750,29,TRUE,TRUE
paper-121199-topk-1-depth-2,baseline_vector_search.cql + baseline_traversal.cql,measured,two_call_baseline,0,41.650459,2603,TRUE,TRUE
paper-121199-topk-3-depth-0,baseline_vector_search.cql + baseline_traversal.cql,measured,two_call_baseline,0,1.542041,3,TRUE,TRUE
paper-121199-topk-3-depth-1,baseline_vector_search.cql + baseline_traversal.cql,measured,two_call_baseline,0,2.728125,88,TRUE,TRUE
paper-121199-topk-3-depth-2,baseline_vector_search.cql + baseline_traversal.cql,measured,two_call_baseline,0,62.700791,3903,TRUE,TRUE
paper-121199-topk-5-depth-0,baseline_vector_search.cql + baseline_traversal.cql,measured,two_call_baseline,0,1.597042,5,TRUE,TRUE
paper-121199-topk-5-depth-1,baseline_vector_search.cql + baseline_traversal.cql,measured,two_call_baseline,0,4.773875,121,TRUE,TRUE
paper-121199-topk-5-depth-2,baseline_vector_search.cql + baseline_traversal.cql,measured,two_call_baseline,0,67.161500,4159,TRUE,TRUE
paper-121199-topk-10-depth-0,baseline_vector_search.cql + baseline_traversal.cql,measured,two_call_baseline,0,1.811333,10,TRUE,TRUE
paper-121199-topk-10-depth-1,baseline_vector_search.cql + baseline_traversal.cql,measured,two_call_baseline,0,4.295709,160,TRUE,TRUE
paper-121199-topk-10-depth-2,baseline_vector_search.cql + baseline_traversal.cql,measured,two_call_baseline,0,99.458209,6141,TRUE,TRUE
paper-139673-topk-1-depth-0,baseline_vector_search.cql + baseline_traversal.cql,measured,two_call_baseline,0,1.231500,1,TRUE,TRUE
paper-139673-topk-1-depth-1,baseline_vector_search.cql + baseline_traversal.cql,measured,two_call_baseline,0,1.383625,17,TRUE,TRUE
paper-139673-topk-1-depth-2,baseline_vector_search.cql + baseline_traversal.cql,measured,two_call_baseline,0,253.818042,15686,TRUE,TRUE
paper-139673-topk-3-depth-0,baseline_vector_search.cql + baseline_traversal.cql,measured,two_call_baseline,0,1.389709,3,TRUE,TRUE
paper-139673-topk-3-depth-1,baseline_vector_search.cql + baseline_traversal.cql,measured,two_call_baseline,0,1.983542,45,TRUE,TRUE
paper-139673-topk-3-depth-2,baseline_vector_search.cql + baseline_traversal.cql,measured,two_call_baseline,0,204.578875,12542,TRUE,TRUE
paper-139673-topk-5-depth-0,baseline_vector_search.cql + baseline_traversal.cql,measured,two_call_baseline,0,1.505958,5,TRUE,TRUE
paper-139673-topk-5-depth-1,baseline_vector_search.cql + baseline_traversal.cql,measured,two_call_baseline,0,2.179000,53,TRUE,TRUE
paper-139673-topk-5-depth-2,baseline_vector_search.cql + baseline_traversal.cql,measured,two_call_baseline,0,202.172458,12582,TRUE,TRUE
paper-139673-topk-10-depth-0,baseline_vector_search.cql + baseline_traversal.cql,measured,two_call_baseline,0,1.898834,10,TRUE,TRUE
paper-139673-topk-10-depth-1,baseline_vector_search.cql + baseline_traversal.cql,measured,two_call_baseline,0,3.882625,136,TRUE,TRUE
paper-139673-topk-10-depth-2,baseline_vector_search.cql + baseline_traversal.cql,measured,two_call_baseline,0,443.987584,26733,TRUE,TRUE
paper-77739-topk-1-depth-0,baseline_vector_search.cql + baseline_traversal.cql,measured,two_call_baseline,0,1.047666,1,TRUE,TRUE
paper-77739-topk-1-depth-1,baseline_vector_search.cql + baseline_traversal.cql,measured,two_call_baseline,0,1.065542,8,TRUE,TRUE
paper-77739-topk-1-depth-2,baseline_vector_search.cql + baseline_traversal.cql,measured,two_call_baseline,0,420.290958,25637,TRUE,TRUE
paper-77739-topk-3-depth-0,baseline_vector_search.cql + baseline_traversal.cql,measured,two_call_baseline,0,1.676292,3,TRUE,TRUE
paper-77739-topk-3-depth-1,baseline_vector_search.cql + baseline_traversal.cql,measured,two_call_baseline,0,1.556916,15,TRUE,TRUE
paper-77739-topk-3-depth-2,baseline_vector_search.cql + baseline_traversal.cql,measured,two_call_baseline,0,426.954334,26699,TRUE,TRUE
paper-77739-topk-5-depth-0,baseline_vector_search.cql + baseline_traversal.cql,measured,two_call_baseline,0,1.780250,5,TRUE,TRUE
paper-77739-topk-5-depth-1,baseline_vector_search.cql + baseline_traversal.cql,measured,two_call_baseline,0,2.018292,24,TRUE,TRUE
paper-77739-topk-5-depth-2,baseline_vector_search.cql + baseline_traversal.cql,measured,two_call_baseline,0,431.425042,26958,TRUE,TRUE
paper-77739-topk-10-depth-0,baseline_vector_search.cql + baseline_traversal.cql,measured,two_call_baseline,0,1.912375,10,TRUE,TRUE
paper-77739-topk-10-depth-1,baseline_vector_search.cql + baseline_traversal.cql,measured,two_call_baseline,0,2.903125,70,TRUE,TRUE
paper-77739-topk-10-depth-2,baseline_vector_search.cql + baseline_traversal.cql,measured,two_call_baseline,0,489.447166,30362,TRUE,TRUE
paper-20961-topk-1-depth-0,baseline_vector_search.cql + baseline_traversal.cql,measured,two_call_baseline,0,1.173208,1,TRUE,TRUE
paper-20961-topk-1-depth-1,baseline_vector_search.cql + baseline_traversal.cql,measured,two_call_baseline,0,1.250625,12,TRUE,TRUE
paper-20961-topk-1-depth-2,baseline_vector_search.cql + baseline_traversal.cql,measured,two_call_baseline,0,2.939625,119,TRUE,TRUE
paper-20961-topk-3-depth-0,baseline_vector_search.cql + baseline_traversal.cql,measured,two_call_baseline,0,1.237792,3,TRUE,TRUE
paper-20961-topk-3-depth-1,baseline_vector_search.cql + baseline_traversal.cql,measured,two_call_baseline,0,1.478083,19,TRUE,TRUE
paper-20961-topk-3-depth-2,baseline_vector_search.cql + baseline_traversal.cql,measured,two_call_baseline,0,4.278958,194,TRUE,TRUE
paper-20961-topk-5-depth-0,baseline_vector_search.cql + baseline_traversal.cql,measured,two_call_baseline,0,1.374958,5,TRUE,TRUE
paper-20961-topk-5-depth-1,baseline_vector_search.cql + baseline_traversal.cql,measured,two_call_baseline,0,2.186541,61,TRUE,TRUE
paper-20961-topk-5-depth-2,baseline_vector_search.cql + baseline_traversal.cql,measured,two_call_baseline,0,6.776167,348,TRUE,TRUE
paper-20961-topk-10-depth-0,baseline_vector_search.cql + baseline_traversal.cql,measured,two_call_baseline,0,1.726583,10,TRUE,TRUE
paper-20961-topk-10-depth-1,baseline_vector_search.cql + baseline_traversal.cql,measured,two_call_baseline,0,3.932125,157,TRUE,TRUE
paper-20961-topk-10-depth-2,baseline_vector_search.cql + baseline_traversal.cql,measured,two_call_baseline,0,215.185375,13463,TRUE,TRUE
paper-33706-topk-1-depth-0,baseline_vector_search.cql + baseline_traversal.cql,measured,two_call_baseline,0,1.176916,1,TRUE,TRUE
paper-33706-topk-1-depth-1,baseline_vector_search.cql + baseline_traversal.cql,measured,two_call_baseline,0,2.071292,59,TRUE,TRUE
paper-33706-topk-1-depth-2,baseline_vector_search.cql + baseline_traversal.cql,measured,two_call_baseline,0,127.895583,8067,TRUE,TRUE
paper-33706-topk-3-depth-0,baseline_vector_search.cql + baseline_traversal.cql,measured,two_call_baseline,0,1.386500,3,TRUE,TRUE
paper-33706-topk-3-depth-1,baseline_vector_search.cql + baseline_traversal.cql,measured,two_call_baseline,0,2.355958,63,TRUE,TRUE
paper-33706-topk-3-depth-2,baseline_vector_search.cql + baseline_traversal.cql,measured,two_call_baseline,0,129.415959,8079,TRUE,TRUE
paper-33706-topk-5-depth-0,baseline_vector_search.cql + baseline_traversal.cql,measured,two_call_baseline,0,1.537709,5,TRUE,TRUE
paper-33706-topk-5-depth-1,baseline_vector_search.cql + baseline_traversal.cql,measured,two_call_baseline,0,3.008291,85,TRUE,TRUE
paper-33706-topk-5-depth-2,baseline_vector_search.cql + baseline_traversal.cql,measured,two_call_baseline,0,209.435125,13087,TRUE,TRUE
paper-33706-topk-10-depth-0,baseline_vector_search.cql + baseline_traversal.cql,measured,two_call_baseline,0,1.777167,10,TRUE,TRUE
paper-33706-topk-10-depth-1,baseline_vector_search.cql + baseline_traversal.cql,measured,two_call_baseline,0,4.497917,178,TRUE,TRUE
paper-33706-topk-10-depth-2,baseline_vector_search.cql + baseline_traversal.cql,measured,two_call_baseline,0,600.460708,36949,TRUE,TRUE
paper-147763-topk-1-depth-0,baseline_vector_search.cql + baseline_traversal.cql,measured,two_call_baseline,0,1.127709,1,TRUE,TRUE
paper-147763-topk-1-depth-1,baseline_vector_search.cql + baseline_traversal.cql,measured,two_call_baseline,0,1.550958,26,TRUE,TRUE
paper-147763-topk-1-depth-2,baseline_vector_search.cql + baseline_traversal.cql,measured,two_call_baseline,0,197.221000,12421,TRUE,TRUE
paper-147763-topk-3-depth-0,baseline_vector_search.cql + baseline_traversal.cql,measured,two_call_baseline,0,1.425083,3,TRUE,TRUE
paper-147763-topk-3-depth-1,baseline_vector_search.cql + baseline_traversal.cql,measured,two_call_baseline,0,2.545500,78,TRUE,TRUE
paper-147763-topk-3-depth-2,baseline_vector_search.cql + baseline_traversal.cql,measured,two_call_baseline,0,342.285375,21167,TRUE,TRUE
paper-147763-topk-5-depth-0,baseline_vector_search.cql + baseline_traversal.cql,measured,two_call_baseline,0,1.558208,5,TRUE,TRUE
paper-147763-topk-5-depth-1,baseline_vector_search.cql + baseline_traversal.cql,measured,two_call_baseline,0,3.013333,101,TRUE,TRUE
paper-147763-topk-5-depth-2,baseline_vector_search.cql + baseline_traversal.cql,measured,two_call_baseline,0,487.321584,29242,TRUE,TRUE
paper-147763-topk-10-depth-0,baseline_vector_search.cql + baseline_traversal.cql,measured,two_call_baseline,0,1.923209,10,TRUE,TRUE
paper-147763-topk-10-depth-1,baseline_vector_search.cql + baseline_traversal.cql,measured,two_call_baseline,0,5.125083,212,TRUE,TRUE
paper-147763-topk-10-depth-2,baseline_vector_search.cql + baseline_traversal.cql,measured,two_call_baseline,0,535.523125,31378,TRUE,TRUE
paper-29845-topk-1-depth-0,baseline_vector_search.cql + baseline_traversal.cql,measured,two_call_baseline,0,1.185208,1,TRUE,TRUE
paper-29845-topk-1-depth-1,baseline_vector_search.cql + baseline_traversal.cql,measured,two_call_baseline,0,1.508792,27,TRUE,TRUE
paper-29845-topk-1-depth-2,baseline_vector_search.cql + baseline_traversal.cql,measured,two_call_baseline,0,382.467542,23957,TRUE,TRUE
paper-29845-topk-3-depth-0,baseline_vector_search.cql + baseline_traversal.cql,measured,two_call_baseline,0,1.362500,3,TRUE,TRUE
paper-29845-topk-3-depth-1,baseline_vector_search.cql + baseline_traversal.cql,measured,two_call_baseline,0,2.390709,42,TRUE,TRUE
paper-29845-topk-3-depth-2,baseline_vector_search.cql + baseline_traversal.cql,measured,two_call_baseline,0,477.741791,29274,TRUE,TRUE
paper-29845-topk-5-depth-0,baseline_vector_search.cql + baseline_traversal.cql,measured,two_call_baseline,0,1.782333,5,TRUE,TRUE
paper-29845-topk-5-depth-1,baseline_vector_search.cql + baseline_traversal.cql,measured,two_call_baseline,0,2.517792,71,TRUE,TRUE
paper-29845-topk-5-depth-2,baseline_vector_search.cql + baseline_traversal.cql,measured,two_call_baseline,0,465.424792,28716,TRUE,TRUE
paper-29845-topk-10-depth-0,baseline_vector_search.cql + baseline_traversal.cql,measured,two_call_baseline,0,1.907792,10,TRUE,TRUE
paper-29845-topk-10-depth-1,baseline_vector_search.cql + baseline_traversal.cql,measured,two_call_baseline,0,3.421625,113,TRUE,TRUE
paper-29845-topk-10-depth-2,baseline_vector_search.cql + baseline_traversal.cql,measured,two_call_baseline,0,540.407584,33213,TRUE,TRUE
paper-106573-topk-1-depth-0,baseline_vector_search.cql + baseline_traversal.cql,measured,two_call_baseline,0,1.183625,1,TRUE,TRUE
paper-106573-topk-1-depth-1,baseline_vector_search.cql + baseline_traversal.cql,measured,two_call_baseline,0,2.210416,66,TRUE,TRUE
paper-106573-topk-1-depth-2,baseline_vector_search.cql + baseline_traversal.cql,measured,two_call_baseline,0,23.082542,1420,TRUE,TRUE
paper-106573-topk-3-depth-0,baseline_vector_search.cql + baseline_traversal.cql,measured,two_call_baseline,0,1.340000,3,TRUE,TRUE
paper-106573-topk-3-depth-1,baseline_vector_search.cql + baseline_traversal.cql,measured,two_call_baseline,0,4.781792,218,TRUE,TRUE
paper-106573-topk-3-depth-2,baseline_vector_search.cql + baseline_traversal.cql,measured,two_call_baseline,0,50.218375,3136,TRUE,TRUE
paper-106573-topk-5-depth-0,baseline_vector_search.cql + baseline_traversal.cql,measured,two_call_baseline,0,1.417709,5,TRUE,TRUE
paper-106573-topk-5-depth-1,baseline_vector_search.cql + baseline_traversal.cql,measured,two_call_baseline,0,4.907833,226,TRUE,TRUE
paper-106573-topk-5-depth-2,baseline_vector_search.cql + baseline_traversal.cql,measured,two_call_baseline,0,52.637125,3192,TRUE,TRUE
paper-106573-topk-10-depth-0,baseline_vector_search.cql + baseline_traversal.cql,measured,two_call_baseline,0,1.770083,10,TRUE,TRUE
paper-106573-topk-10-depth-1,baseline_vector_search.cql + baseline_traversal.cql,measured,two_call_baseline,0,9.000541,476,TRUE,TRUE
paper-106573-topk-10-depth-2,baseline_vector_search.cql + baseline_traversal.cql,measured,two_call_baseline,0,259.397209,16185,TRUE,TRUE
paper-42951-topk-1-depth-0,baseline_vector_search.cql + baseline_traversal.cql,measured,two_call_baseline,0,1.159250,1,TRUE,TRUE
paper-42951-topk-1-depth-1,baseline_vector_search.cql + baseline_traversal.cql,measured,two_call_baseline,0,1.222416,5,TRUE,TRUE
paper-42951-topk-1-depth-2,baseline_vector_search.cql + baseline_traversal.cql,measured,two_call_baseline,0,1.269417,11,TRUE,TRUE
paper-42951-topk-3-depth-0,baseline_vector_search.cql + baseline_traversal.cql,measured,two_call_baseline,0,1.256791,3,TRUE,TRUE
paper-42951-topk-3-depth-1,baseline_vector_search.cql + baseline_traversal.cql,measured,two_call_baseline,0,1.389959,15,TRUE,TRUE
paper-42951-topk-3-depth-2,baseline_vector_search.cql + baseline_traversal.cql,measured,two_call_baseline,0,4.538792,211,TRUE,TRUE
paper-42951-topk-5-depth-0,baseline_vector_search.cql + baseline_traversal.cql,measured,two_call_baseline,0,2.685958,5,TRUE,TRUE
paper-42951-topk-5-depth-1,baseline_vector_search.cql + baseline_traversal.cql,measured,two_call_baseline,0,1.513250,17,TRUE,TRUE
paper-42951-topk-5-depth-2,baseline_vector_search.cql + baseline_traversal.cql,measured,two_call_baseline,0,4.743791,219,TRUE,TRUE
paper-42951-topk-10-depth-0,baseline_vector_search.cql + baseline_traversal.cql,measured,two_call_baseline,0,1.740041,10,TRUE,TRUE
paper-42951-topk-10-depth-1,baseline_vector_search.cql + baseline_traversal.cql,measured,two_call_baseline,0,2.409875,54,TRUE,TRUE
paper-42951-topk-10-depth-2,baseline_vector_search.cql + baseline_traversal.cql,measured,two_call_baseline,0,8.283375,430,TRUE,TRUE
paper-60267-topk-1-depth-0,baseline_vector_search.cql + baseline_traversal.cql,measured,two_call_baseline,0,1.199667,1,TRUE,TRUE
paper-60267-topk-1-depth-1,baseline_vector_search.cql + baseline_traversal.cql,measured,two_call_baseline,0,1.222625,5,TRUE,TRUE
paper-60267-topk-1-depth-2,baseline_vector_search.cql + baseline_traversal.cql,measured,two_call_baseline,0,3.520542,55,TRUE,TRUE
paper-60267-topk-3-depth-0,baseline_vector_search.cql + baseline_traversal.cql,measured,two_call_baseline,0,1.239250,3,TRUE,TRUE
paper-60267-topk-3-depth-1,baseline_vector_search.cql + baseline_traversal.cql,measured,two_call_baseline,0,1.408916,17,TRUE,TRUE
paper-60267-topk-3-depth-2,baseline_vector_search.cql + baseline_traversal.cql,measured,two_call_baseline,0,3.945125,139,TRUE,TRUE
paper-60267-topk-5-depth-0,baseline_vector_search.cql + baseline_traversal.cql,measured,two_call_baseline,0,1.590083,5,TRUE,TRUE
paper-60267-topk-5-depth-1,baseline_vector_search.cql + baseline_traversal.cql,measured,two_call_baseline,0,1.816334,28,TRUE,TRUE
paper-60267-topk-5-depth-2,baseline_vector_search.cql + baseline_traversal.cql,measured,two_call_baseline,0,6.910542,363,TRUE,TRUE
paper-60267-topk-10-depth-0,baseline_vector_search.cql + baseline_traversal.cql,measured,two_call_baseline,0,1.657583,10,TRUE,TRUE
paper-60267-topk-10-depth-1,baseline_vector_search.cql + baseline_traversal.cql,measured,two_call_baseline,0,2.454458,61,TRUE,TRUE
paper-60267-topk-10-depth-2,baseline_vector_search.cql + baseline_traversal.cql,measured,two_call_baseline,0,15.642000,933,TRUE,TRUE